FREQ,Frequency,REF_AREA,Territory,DATA_TYPE_AGGR,Aggregate,EXPEND_PURPOSE_COICOPCOFOG,Expenditure by purpose,VALUATION,Valuation (DESC),ADJUSTMENT,Adjustment (DESC),EDITION,Edition (DESC),TIME_PERIOD,Observation
A,Annual,IT,Italy,P31_D_W2_S14,Final consumption expenditure of resident and non-resident households on the economic  territory,CP01_13,Total,L_2020,Chain linked - reference year 2020,N,Raw data,2025M12,Dec-25,2010,1097482.4
A,Annual,IT,Italy,P31_D_W2_S14,Final consumption expenditure of resident and non-resident households on the economic  territory,CP01_13,Total,L_2020,Chain linked - reference year 2020,N,Raw data,2025M12,Dec-25,2011,1100748.2
A,Annual,IT,Italy,P31_D_W2_S14,Final consumption expenditure of resident and non-resident households on the economic  territory,CP01_13,Total,L_2020,Chain linked - reference year 2020,N,Raw data,2025M12,Dec-25,2012,1062987.3
A,Annual,IT,Italy,P31_D_W2_S14,Final consumption expenditure of resident and non-resident households on the economic  territory,CP01_13,Total,L_2020,Chain linked - reference year 2020,N,Raw data,2025M12,Dec-25,2013,1039927.8
A,Annual,IT,Italy,P31_D_W2_S14,Final consumption expenditure of resident and non-resident households on the economic  territory,CP01_13,Total,L_2020,Chain linked - reference year 2020,N,Raw data,2025M12,Dec-25,2014,1042633.2
A,Annual,IT,Italy,P31_D_W2_S14,Final consumption expenditure of resident and non-resident households on the economic  territory,CP01_13,Total,L_2020,Chain linked - reference year 2020,N,Raw data,2025M12,Dec-25,2015,1063893.6
A,Annual,IT,Italy,P31_D_W2_S14,Final consumption expenditure of resident and non-resident households on the economic  territory,CP01_13,Total,L_2020,Chain linked - reference year 2020,N,Raw data,2025M12,Dec-25,2016,1072282.3
A,Annual,IT,Italy,P31_D_W2_S14,Final consumption expenditure of resident and non-resident households on the economic  territory,CP01_13,Total,L_2020,Chain linked - reference year 2020,N,Raw data,2025M12,Dec-25,2017,1085494.9
A,Annual,IT,Italy,P31_D_W2_S14,Final consumption expenditure of resident and non-resident households on the economic  territory,CP01_13,Total,L_2020,Chain linked - reference year 2020,N,Raw data,2025M12,Dec-25,2018,1092007.6
A,Annual,IT,Italy,P31_D_W2_S14,Final consumption expenditure of resident and non-resident households on the economic  territory,CP01_13,Total,L_2020,Chain linked - reference year 2020,N,Raw data,2025M12,Dec-25,2019,1093409.6
A,Annual,IT,Italy,P31_D_W2_S14,Final consumption expenditure of resident and non-resident households on the economic  territory,CP01_13,Total,L_2020,Chain linked - reference year 2020,N,Raw data,2025M12,Dec-25,2020,967821.3
A,Annual,IT,Italy,P31_D_W2_S14,Final consumption expenditure of resident and non-resident households on the economic  territory,CP01_13,Total,L_2020,Chain linked - reference year 2020,N,Raw data,2025M12,Dec-25,2021,1025086.3
A,Annual,IT,Italy,P31_D_W2_S14,Final consumption expenditure of resident and non-resident households on the economic  territory,CP01_13,Total,L_2020,Chain linked - reference year 2020,N,Raw data,2025M12,Dec-25,2022,1088843.4
A,Annual,IT,Italy,P31_D_W2_S14,Final consumption expenditure of resident and non-resident households on the economic  territory,CP01_13,Total,L_2020,Chain linked - reference year 2020,N,Raw data,2025M12,Dec-25,2023,1095343.8
A,Annual,IT,Italy,P31_D_W2_S14,Final consumption expenditure of resident and non-resident households on the economic  territory,CP01_13,Total,L_2020,Chain linked - reference year 2020,N,Raw data,2025M12,Dec-25,2024,1102561.8
A,Annual,IT,Italy,P31_D_W2_S14,Final consumption expenditure of resident and non-resident households on the economic  territory,CP02,Alcoholic beverages tobacco narcotics,L_2020,Chain linked - reference year 2020,N,Raw data,2025M12,Dec-25,2010,47006.5
A,Annual,IT,Italy,P31_D_W2_S14,Final consumption expenditure of resident and non-resident households on the economic  territory,CP02,Alcoholic beverages tobacco narcotics,L_2020,Chain linked - reference year 2020,N,Raw data,2025M12,Dec-25,2011,47289
A,Annual,IT,Italy,P31_D_W2_S14,Final consumption expenditure of resident and non-resident households on the economic  territory,CP02,Alcoholic beverages tobacco narcotics,L_2020,Chain linked - reference year 2020,N,Raw data,2025M12,Dec-25,2012,47412.8
A,Annual,IT,Italy,P31_D_W2_S14,Final consumption expenditure of resident and non-resident households on the economic  territory,CP02,Alcoholic beverages tobacco narcotics,L_2020,Chain linked - reference year 2020,N,Raw data,2025M12,Dec-25,2013,46045.3
A,Annual,IT,Italy,P31_D_W2_S14,Final consumption expenditure of resident and non-resident households on the economic  territory,CP02,Alcoholic beverages tobacco narcotics,L_2020,Chain linked - reference year 2020,N,Raw data,2025M12,Dec-25,2014,44126.7
A,Annual,IT,Italy,P31_D_W2_S14,Final consumption expenditure of resident and non-resident households on the economic  territory,CP02,Alcoholic beverages tobacco narcotics,L_2020,Chain linked - reference year 2020,N,Raw data,2025M12,Dec-25,2015,45003
A,Annual,IT,Italy,P31_D_W2_S14,Final consumption expenditure of resident and non-resident households on the economic  territory,CP02,Alcoholic beverages tobacco narcotics,L_2020,Chain linked - reference year 2020,N,Raw data,2025M12,Dec-25,2016,46044.1
A,Annual,IT,Italy,P31_D_W2_S14,Final consumption expenditure of resident and non-resident households on the economic  territory,CP02,Alcoholic beverages tobacco narcotics,L_2020,Chain linked - reference year 2020,N,Raw data,2025M12,Dec-25,2017,46730
A,Annual,IT,Italy,P31_D_W2_S14,Final consumption expenditure of resident and non-resident households on the economic  territory,CP02,Alcoholic beverages tobacco narcotics,L_2020,Chain linked - reference year 2020,N,Raw data,2025M12,Dec-25,2018,46767.1
A,Annual,IT,Italy,P31_D_W2_S14,Final consumption expenditure of resident and non-resident households on the economic  territory,CP02,Alcoholic beverages tobacco narcotics,L_2020,Chain linked - reference year 2020,N,Raw data,2025M12,Dec-25,2019,47107.5
A,Annual,IT,Italy,P31_D_W2_S14,Final consumption expenditure of resident and non-resident households on the economic  territory,CP02,Alcoholic beverages tobacco narcotics,L_2020,Chain linked - reference year 2020,N,Raw data,2025M12,Dec-25,2020,44866.6
A,Annual,IT,Italy,P31_D_W2_S14,Final consumption expenditure of resident and non-resident households on the economic  territory,CP02,Alcoholic beverages tobacco narcotics,L_2020,Chain linked - reference year 2020,N,Raw data,2025M12,Dec-25,2021,46695.2
A,Annual,IT,Italy,P31_D_W2_S14,Final consumption expenditure of resident and non-resident households on the economic  territory,CP02,Alcoholic beverages tobacco narcotics,L_2020,Chain linked - reference year 2020,N,Raw data,2025M12,Dec-25,2022,48262.8
A,Annual,IT,Italy,P31_D_W2_S14,Final consumption expenditure of resident and non-resident households on the economic  territory,CP02,Alcoholic beverages tobacco narcotics,L_2020,Chain linked - reference year 2020,N,Raw data,2025M12,Dec-25,2023,48367.9
A,Annual,ITC1,Piemonte,P31_D_W2_S14,Final consumption expenditure of resident and non-resident households on the economic  territory,CP01_13,Total,L_2020,Chain linked - reference year 2020,N,Raw data,2025M12,Dec-25,2010,88745.8
A,Annual,ITC1,Piemonte,P31_D_W2_S14,Final consumption expenditure of resident and non-resident households on the economic  territory,CP01_13,Total,L_2020,Chain linked - reference year 2020,N,Raw data,2025M12,Dec-25,2011,89213.3
A,Annual,ITC1,Piemonte,P31_D_W2_S14,Final consumption expenditure of resident and non-resident households on the economic  territory,CP01_13,Total,L_2020,Chain linked - reference year 2020,N,Raw data,2025M12,Dec-25,2012,86352.9
A,Annual,ITC1,Piemonte,P31_D_W2_S14,Final consumption expenditure of resident and non-resident households on the economic  territory,CP01_13,Total,L_2020,Chain linked - reference year 2020,N,Raw data,2025M12,Dec-25,2013,85103.4
A,Annual,ITC1,Piemonte,P31_D_W2_S14,Final consumption expenditure of resident and non-resident households on the economic  territory,CP01_13,Total,L_2020,Chain linked - reference year 2020,N,Raw data,2025M12,Dec-25,2014,85109.4
A,Annual,ITC1,Piemonte,P31_D_W2_S14,Final consumption expenditure of resident and non-resident households on the economic  territory,CP01_13,Total,L_2020,Chain linked - reference year 2020,N,Raw data,2025M12,Dec-25,2015,87283.7
A,Annual,ITC1,Piemonte,P31_D_W2_S14,Final consumption expenditure of resident and non-resident households on the economic  territory,CP01_13,Total,L_2020,Chain linked - reference year 2020,N,Raw data,2025M12,Dec-25,2016,88049.5
A,Annual,ITC1,Piemonte,P31_D_W2_S14,Final consumption expenditure of resident and non-resident households on the economic  territory,CP01_13,Total,L_2020,Chain linked - reference year 2020,N,Raw data,2025M12,Dec-25,2017,89132.1
A,Annual,ITC1,Piemonte,P31_D_W2_S14,Final consumption expenditure of resident and non-resident households on the economic  territory,CP01_13,Total,L_2020,Chain linked - reference year 2020,N,Raw data,2025M12,Dec-25,2018,89555.9
A,Annual,ITC1,Piemonte,P31_D_W2_S14,Final consumption expenditure of resident and non-resident households on the economic  territory,CP01_13,Total,L_2020,Chain linked - reference year 2020,N,Raw data,2025M12,Dec-25,2019,89637.9
A,Annual,ITC1,Piemonte,P31_D_W2_S14,Final consumption expenditure of resident and non-resident households on the economic  territory,CP01_13,Total,L_2020,Chain linked - reference year 2020,N,Raw data,2025M12,Dec-25,2020,79323.8
A,Annual,ITC1,Piemonte,P31_D_W2_S14,Final consumption expenditure of resident and non-resident households on the economic  territory,CP01_13,Total,L_2020,Chain linked - reference year 2020,N,Raw data,2025M12,Dec-25,2021,83746.2
A,Annual,ITC1,Piemonte,P31_D_W2_S14,Final consumption expenditure of resident and non-resident households on the economic  territory,CP01_13,Total,L_2020,Chain linked - reference year 2020,N,Raw data,2025M12,Dec-25,2022,89249.4
A,Annual,ITC1,Piemonte,P31_D_W2_S14,Final consumption expenditure of resident and non-resident households on the economic  territory,CP01_13,Total,L_2020,Chain linked - reference year 2020,N,Raw data,2025M12,Dec-25,2023,89614.3
A,Annual,ITC1,Piemonte,P31_D_W2_S14,Final consumption expenditure of resident and non-resident households on the economic  territory,CP01_13,Total,L_2020,Chain linked - reference year 2020,N,Raw data,2025M12,Dec-25,2024,90417.7
A,Annual,ITC1,Piemonte,P31_D_W2_S14,Final consumption expenditure of resident and non-resident households on the economic  territory,CP02,Alcoholic beverages tobacco narcotics,L_2020,Chain linked - reference year 2020,N,Raw data,2025M12,Dec-25,2010,3614.3
A,Annual,ITC1,Piemonte,P31_D_W2_S14,Final consumption expenditure of resident and non-resident households on the economic  territory,CP02,Alcoholic beverages tobacco narcotics,L_2020,Chain linked - reference year 2020,N,Raw data,2025M12,Dec-25,2011,3741.2
A,Annual,ITC1,Piemonte,P31_D_W2_S14,Final consumption expenditure of resident and non-resident households on the economic  territory,CP02,Alcoholic beverages tobacco narcotics,L_2020,Chain linked - reference year 2020,N,Raw data,2025M12,Dec-25,2012,3732.2
A,Annual,ITC1,Piemonte,P31_D_W2_S14,Final consumption expenditure of resident and non-resident households on the economic  territory,CP02,Alcoholic beverages tobacco narcotics,L_2020,Chain linked - reference year 2020,N,Raw data,2025M12,Dec-25,2013,3568.2
A,Annual,ITC1,Piemonte,P31_D_W2_S14,Final consumption expenditure of resident and non-resident households on the economic  territory,CP02,Alcoholic beverages tobacco narcotics,L_2020,Chain linked - reference year 2020,N,Raw data,2025M12,Dec-25,2014,3442
A,Annual,ITC1,Piemonte,P31_D_W2_S14,Final consumption expenditure of resident and non-resident households on the economic  territory,CP02,Alcoholic beverages tobacco narcotics,L_2020,Chain linked - reference year 2020,N,Raw data,2025M12,Dec-25,2015,3511.9
A,Annual,ITC1,Piemonte,P31_D_W2_S14,Final consumption expenditure of resident and non-resident households on the economic  territory,CP02,Alcoholic beverages tobacco narcotics,L_2020,Chain linked - reference year 2020,N,Raw data,2025M12,Dec-25,2016,3562.2
A,Annual,ITC1,Piemonte,P31_D_W2_S14,Final consumption expenditure of resident and non-resident households on the economic  territory,CP02,Alcoholic beverages tobacco narcotics,L_2020,Chain linked - reference year 2020,N,Raw data,2025M12,Dec-25,2017,3578.9
A,Annual,ITC1,Piemonte,P31_D_W2_S14,Final consumption expenditure of resident and non-resident households on the economic  territory,CP02,Alcoholic beverages tobacco narcotics,L_2020,Chain linked - reference year 2020,N,Raw data,2025M12,Dec-25,2018,3539.5
A,Annual,ITC1,Piemonte,P31_D_W2_S14,Final consumption expenditure of resident and non-resident households on the economic  territory,CP02,Alcoholic beverages tobacco narcotics,L_2020,Chain linked - reference year 2020,N,Raw data,2025M12,Dec-25,2019,3554.2
A,Annual,ITC1,Piemonte,P31_D_W2_S14,Final consumption expenditure of resident and non-resident households on the economic  territory,CP02,Alcoholic beverages tobacco narcotics,L_2020,Chain linked - reference year 2020,N,Raw data,2025M12,Dec-25,2020,3406.6
A,Annual,ITC1,Piemonte,P31_D_W2_S14,Final consumption expenditure of resident and non-resident households on the economic  territory,CP02,Alcoholic beverages tobacco narcotics,L_2020,Chain linked - reference year 2020,N,Raw data,2025M12,Dec-25,2021,3518.1
A,Annual,ITC1,Piemonte,P31_D_W2_S14,Final consumption expenditure of resident and non-resident households on the economic  territory,CP02,Alcoholic beverages tobacco narcotics,L_2020,Chain linked - reference year 2020,N,Raw data,2025M12,Dec-25,2022,3619.1
A,Annual,ITC1,Piemonte,P31_D_W2_S14,Final consumption expenditure of resident and non-resident households on the economic  territory,CP02,Alcoholic beverages tobacco narcotics,L_2020,Chain linked - reference year 2020,N,Raw data,2025M12,Dec-25,2023,3593.9
A,Annual,ITC2,"'Valle d""'Aosta / Vallée d""'Aoste'",P31_D_W2_S14,Final consumption expenditure of resident and non-resident households on the economic  territory,CP01_13,Total,L_2020,Chain linked - reference year 2020,N,Raw data,2025M12,Dec-25,2010,3146.3
A,Annual,ITC2,"'Valle d""'Aosta / Vallée d""'Aoste'",P31_D_W2_S14,Final consumption expenditure of resident and non-resident households on the economic  territory,CP01_13,Total,L_2020,Chain linked - reference year 2020,N,Raw data,2025M12,Dec-25,2011,3242.4
A,Annual,ITC2,"'Valle d""'Aosta / Vallée d""'Aoste'",P31_D_W2_S14,Final consumption expenditure of resident and non-resident households on the economic  territory,CP01_13,Total,L_2020,Chain linked - reference year 2020,N,Raw data,2025M12,Dec-25,2012,3156.8
A,Annual,ITC2,"'Valle d""'Aosta / Vallée d""'Aoste'",P31_D_W2_S14,Final consumption expenditure of resident and non-resident households on the economic  territory,CP01_13,Total,L_2020,Chain linked - reference year 2020,N,Raw data,2025M12,Dec-25,2013,3072.4
A,Annual,ITC2,"'Valle d""'Aosta / Vallée d""'Aoste'",P31_D_W2_S14,Final consumption expenditure of resident and non-resident households on the economic  territory,CP01_13,Total,L_2020,Chain linked - reference year 2020,N,Raw data,2025M12,Dec-25,2014,3114.4
A,Annual,ITC2,"'Valle d""'Aosta / Vallée d""'Aoste'",P31_D_W2_S14,Final consumption expenditure of resident and non-resident households on the economic  territory,CP01_13,Total,L_2020,Chain linked - reference year 2020,N,Raw data,2025M12,Dec-25,2015,3191.9
A,Annual,ITC2,"'Valle d""'Aosta / Vallée d""'Aoste'",P31_D_W2_S14,Final consumption expenditure of resident and non-resident households on the economic  territory,CP01_13,Total,L_2020,Chain linked - reference year 2020,N,Raw data,2025M12,Dec-25,2016,3210.3
A,Annual,ITC2,"'Valle d""'Aosta / Vallée d""'Aoste'",P31_D_W2_S14,Final consumption expenditure of resident and non-resident households on the economic  territory,CP01_13,Total,L_2020,Chain linked - reference year 2020,N,Raw data,2025M12,Dec-25,2017,3253
A,Annual,ITC2,"'Valle d""'Aosta / Vallée d""'Aoste'",P31_D_W2_S14,Final consumption expenditure of resident and non-resident households on the economic  territory,CP01_13,Total,L_2020,Chain linked - reference year 2020,N,Raw data,2025M12,Dec-25,2018,3279.1
A,Annual,ITC2,"'Valle d""'Aosta / Vallée d""'Aoste'",P31_D_W2_S14,Final consumption expenditure of resident and non-resident households on the economic  territory,CP01_13,Total,L_2020,Chain linked - reference year 2020,N,Raw data,2025M12,Dec-25,2019,3282.2
A,Annual,ITC2,"'Valle d""'Aosta / Vallée d""'Aoste'",P31_D_W2_S14,Final consumption expenditure of resident and non-resident households on the economic  territory,CP01_13,Total,L_2020,Chain linked - reference year 2020,N,Raw data,2025M12,Dec-25,2020,2889.4
A,Annual,ITC2,"'Valle d""'Aosta / Vallée d""'Aoste'",P31_D_W2_S14,Final consumption expenditure of resident and non-resident households on the economic  territory,CP01_13,Total,L_2020,Chain linked - reference year 2020,N,Raw data,2025M12,Dec-25,2021,3098.5
A,Annual,ITC2,"'Valle d""'Aosta / Vallée d""'Aoste'",P31_D_W2_S14,Final consumption expenditure of resident and non-resident households on the economic  territory,CP01_13,Total,L_2020,Chain linked - reference year 2020,N,Raw data,2025M12,Dec-25,2022,3328.6
A,Annual,ITC2,"'Valle d""'Aosta / Vallée d""'Aoste'",P31_D_W2_S14,Final consumption expenditure of resident and non-resident households on the economic  territory,CP01_13,Total,L_2020,Chain linked - reference year 2020,N,Raw data,2025M12,Dec-25,2023,3370.5
A,Annual,ITC2,"'Valle d""'Aosta / Vallée d""'Aoste'",P31_D_W2_S14,Final consumption expenditure of resident and non-resident households on the economic  territory,CP01_13,Total,L_2020,Chain linked - reference year 2020,N,Raw data,2025M12,Dec-25,2024,3420
A,Annual,ITC2,"'Valle d""'Aosta / Vallée d""'Aoste'",P31_D_W2_S14,Final consumption expenditure of resident and non-resident households on the economic  territory,CP02,Alcoholic beverages tobacco narcotics,L_2020,Chain linked - reference year 2020,N,Raw data,2025M12,Dec-25,2010,86.7
A,Annual,ITC2,"'Valle d""'Aosta / Vallée d""'Aoste'",P31_D_W2_S14,Final consumption expenditure of resident and non-resident households on the economic  territory,CP02,Alcoholic beverages tobacco narcotics,L_2020,Chain linked - reference year 2020,N,Raw data,2025M12,Dec-25,2011,93.5
A,Annual,ITC2,"'Valle d""'Aosta / Vallée d""'Aoste'",P31_D_W2_S14,Final consumption expenditure of resident and non-resident households on the economic  territory,CP02,Alcoholic beverages tobacco narcotics,L_2020,Chain linked - reference year 2020,N,Raw data,2025M12,Dec-25,2012,93.7
A,Annual,ITC2,"'Valle d""'Aosta / Vallée d""'Aoste'",P31_D_W2_S14,Final consumption expenditure of resident and non-resident households on the economic  territory,CP02,Alcoholic beverages tobacco narcotics,L_2020,Chain linked - reference year 2020,N,Raw data,2025M12,Dec-25,2013,85.6
A,Annual,ITC2,"'Valle d""'Aosta / Vallée d""'Aoste'",P31_D_W2_S14,Final consumption expenditure of resident and non-resident households on the economic  territory,CP02,Alcoholic beverages tobacco narcotics,L_2020,Chain linked - reference year 2020,N,Raw data,2025M12,Dec-25,2014,82.2
A,Annual,ITC2,"'Valle d""'Aosta / Vallée d""'Aoste'",P31_D_W2_S14,Final consumption expenditure of resident and non-resident households on the economic  territory,CP02,Alcoholic beverages tobacco narcotics,L_2020,Chain linked - reference year 2020,N,Raw data,2025M12,Dec-25,2015,84.2
A,Annual,ITC2,"'Valle d""'Aosta / Vallée d""'Aoste'",P31_D_W2_S14,Final consumption expenditure of resident and non-resident households on the economic  territory,CP02,Alcoholic beverages tobacco narcotics,L_2020,Chain linked - reference year 2020,N,Raw data,2025M12,Dec-25,2016,85.2
A,Annual,ITC2,"'Valle d""'Aosta / Vallée d""'Aoste'",P31_D_W2_S14,Final consumption expenditure of resident and non-resident households on the economic  territory,CP02,Alcoholic beverages tobacco narcotics,L_2020,Chain linked - reference year 2020,N,Raw data,2025M12,Dec-25,2017,85.6
A,Annual,ITC2,"'Valle d""'Aosta / Vallée d""'Aoste'",P31_D_W2_S14,Final consumption expenditure of resident and non-resident households on the economic  territory,CP02,Alcoholic beverages tobacco narcotics,L_2020,Chain linked - reference year 2020,N,Raw data,2025M12,Dec-25,2018,85.1
A,Annual,ITC2,"'Valle d""'Aosta / Vallée d""'Aoste'",P31_D_W2_S14,Final consumption expenditure of resident and non-resident households on the economic  territory,CP02,Alcoholic beverages tobacco narcotics,L_2020,Chain linked - reference year 2020,N,Raw data,2025M12,Dec-25,2019,85.7
A,Annual,ITC2,"'Valle d""'Aosta / Vallée d""'Aoste'",P31_D_W2_S14,Final consumption expenditure of resident and non-resident households on the economic  territory,CP02,Alcoholic beverages tobacco narcotics,L_2020,Chain linked - reference year 2020,N,Raw data,2025M12,Dec-25,2020,83.2
A,Annual,ITC2,"'Valle d""'Aosta / Vallée d""'Aoste'",P31_D_W2_S14,Final consumption expenditure of resident and non-resident households on the economic  territory,CP02,Alcoholic beverages tobacco narcotics,L_2020,Chain linked - reference year 2020,N,Raw data,2025M12,Dec-25,2021,87.5
A,Annual,ITC2,"'Valle d""'Aosta / Vallée d""'Aoste'",P31_D_W2_S14,Final consumption expenditure of resident and non-resident households on the economic  territory,CP02,Alcoholic beverages tobacco narcotics,L_2020,Chain linked - reference year 2020,N,Raw data,2025M12,Dec-25,2022,90
A,Annual,ITC2,"'Valle d""'Aosta / Vallée d""'Aoste'",P31_D_W2_S14,Final consumption expenditure of resident and non-resident households on the economic  territory,CP02,Alcoholic beverages tobacco narcotics,L_2020,Chain linked - reference year 2020,N,Raw data,2025M12,Dec-25,2023,89.3
A,Annual,ITC3,Liguria,P31_D_W2_S14,Final consumption expenditure of resident and non-resident households on the economic  territory,CP01_13,Total,L_2020,Chain linked - reference year 2020,N,Raw data,2025M12,Dec-25,2010,32993.2
A,Annual,ITC3,Liguria,P31_D_W2_S14,Final consumption expenditure of resident and non-resident households on the economic  territory,CP01_13,Total,L_2020,Chain linked - reference year 2020,N,Raw data,2025M12,Dec-25,2011,32324.1
A,Annual,ITC3,Liguria,P31_D_W2_S14,Final consumption expenditure of resident and non-resident households on the economic  territory,CP01_13,Total,L_2020,Chain linked - reference year 2020,N,Raw data,2025M12,Dec-25,2012,31247.3
A,Annual,ITC3,Liguria,P31_D_W2_S14,Final consumption expenditure of resident and non-resident households on the economic  territory,CP01_13,Total,L_2020,Chain linked - reference year 2020,N,Raw data,2025M12,Dec-25,2013,30688.8
A,Annual,ITC3,Liguria,P31_D_W2_S14,Final consumption expenditure of resident and non-resident households on the economic  territory,CP01_13,Total,L_2020,Chain linked - reference year 2020,N,Raw data,2025M12,Dec-25,2014,30522.9
A,Annual,ITC3,Liguria,P31_D_W2_S14,Final consumption expenditure of resident and non-resident households on the economic  territory,CP01_13,Total,L_2020,Chain linked - reference year 2020,N,Raw data,2025M12,Dec-25,2015,31100.7
A,Annual,ITC3,Liguria,P31_D_W2_S14,Final consumption expenditure of resident and non-resident households on the economic  territory,CP01_13,Total,L_2020,Chain linked - reference year 2020,N,Raw data,2025M12,Dec-25,2016,31148.3
A,Annual,ITC3,Liguria,P31_D_W2_S14,Final consumption expenditure of resident and non-resident households on the economic  territory,CP01_13,Total,L_2020,Chain linked - reference year 2020,N,Raw data,2025M12,Dec-25,2017,31458.7
A,Annual,ITC3,Liguria,P31_D_W2_S14,Final consumption expenditure of resident and non-resident households on the economic  territory,CP01_13,Total,L_2020,Chain linked - reference year 2020,N,Raw data,2025M12,Dec-25,2018,31689.3
A,Annual,ITC3,Liguria,P31_D_W2_S14,Final consumption expenditure of resident and non-resident households on the economic  territory,CP01_13,Total,L_2020,Chain linked - reference year 2020,N,Raw data,2025M12,Dec-25,2019,31733.7
A,Annual,ITC3,Liguria,P31_D_W2_S14,Final consumption expenditure of resident and non-resident households on the economic  territory,CP01_13,Total,L_2020,Chain linked - reference year 2020,N,Raw data,2025M12,Dec-25,2020,28489.9
A,Annual,ITC3,Liguria,P31_D_W2_S14,Final consumption expenditure of resident and non-resident households on the economic  territory,CP01_13,Total,L_2020,Chain linked - reference year 2020,N,Raw data,2025M12,Dec-25,2021,30060.1
A,Annual,ITC3,Liguria,P31_D_W2_S14,Final consumption expenditure of resident and non-resident households on the economic  territory,CP01_13,Total,L_2020,Chain linked - reference year 2020,N,Raw data,2025M12,Dec-25,2022,31920.7
A,Annual,ITC3,Liguria,P31_D_W2_S14,Final consumption expenditure of resident and non-resident households on the economic  territory,CP01_13,Total,L_2020,Chain linked - reference year 2020,N,Raw data,2025M12,Dec-25,2023,31994.1
A,Annual,ITC3,Liguria,P31_D_W2_S14,Final consumption expenditure of resident and non-resident households on the economic  territory,CP01_13,Total,L_2020,Chain linked - reference year 2020,N,Raw data,2025M12,Dec-25,2024,32268
A,Annual,ITC3,Liguria,P31_D_W2_S14,Final consumption expenditure of resident and non-resident households on the economic  territory,CP02,Alcoholic beverages tobacco narcotics,L_2020,Chain linked - reference year 2020,N,Raw data,2025M12,Dec-25,2010,1406.8
A,Annual,ITC3,Liguria,P31_D_W2_S14,Final consumption expenditure of resident and non-resident households on the economic  territory,CP02,Alcoholic beverages tobacco narcotics,L_2020,Chain linked - reference year 2020,N,Raw data,2025M12,Dec-25,2011,1408.9
A,Annual,ITC3,Liguria,P31_D_W2_S14,Final consumption expenditure of resident and non-resident households on the economic  territory,CP02,Alcoholic beverages tobacco narcotics,L_2020,Chain linked - reference year 2020,N,Raw data,2025M12,Dec-25,2012,1404.9
A,Annual,ITC3,Liguria,P31_D_W2_S14,Final consumption expenditure of resident and non-resident households on the economic  territory,CP02,Alcoholic beverages tobacco narcotics,L_2020,Chain linked - reference year 2020,N,Raw data,2025M12,Dec-25,2013,1399.2
A,Annual,ITC3,Liguria,P31_D_W2_S14,Final consumption expenditure of resident and non-resident households on the economic  territory,CP02,Alcoholic beverages tobacco narcotics,L_2020,Chain linked - reference year 2020,N,Raw data,2025M12,Dec-25,2014,1314.1
A,Annual,ITC3,Liguria,P31_D_W2_S14,Final consumption expenditure of resident and non-resident households on the economic  territory,CP02,Alcoholic beverages tobacco narcotics,L_2020,Chain linked - reference year 2020,N,Raw data,2025M12,Dec-25,2015,1329.5
A,Annual,ITC3,Liguria,P31_D_W2_S14,Final consumption expenditure of resident and non-resident households on the economic  territory,CP02,Alcoholic beverages tobacco narcotics,L_2020,Chain linked - reference year 2020,N,Raw data,2025M12,Dec-25,2016,1354.3
A,Annual,ITC3,Liguria,P31_D_W2_S14,Final consumption expenditure of resident and non-resident households on the economic  territory,CP02,Alcoholic beverages tobacco narcotics,L_2020,Chain linked - reference year 2020,N,Raw data,2025M12,Dec-25,2017,1369.8
A,Annual,ITC3,Liguria,P31_D_W2_S14,Final consumption expenditure of resident and non-resident households on the economic  territory,CP02,Alcoholic beverages tobacco narcotics,L_2020,Chain linked - reference year 2020,N,Raw data,2025M12,Dec-25,2018,1377
A,Annual,ITC3,Liguria,P31_D_W2_S14,Final consumption expenditure of resident and non-resident households on the economic  territory,CP02,Alcoholic beverages tobacco narcotics,L_2020,Chain linked - reference year 2020,N,Raw data,2025M12,Dec-25,2019,1381
A,Annual,ITC3,Liguria,P31_D_W2_S14,Final consumption expenditure of resident and non-resident households on the economic  territory,CP02,Alcoholic beverages tobacco narcotics,L_2020,Chain linked - reference year 2020,N,Raw data,2025M12,Dec-25,2020,1310.7
A,Annual,ITC3,Liguria,P31_D_W2_S14,Final consumption expenditure of resident and non-resident households on the economic  territory,CP02,Alcoholic beverages tobacco narcotics,L_2020,Chain linked - reference year 2020,N,Raw data,2025M12,Dec-25,2021,1366.9
A,Annual,ITC3,Liguria,P31_D_W2_S14,Final consumption expenditure of resident and non-resident households on the economic  territory,CP02,Alcoholic beverages tobacco narcotics,L_2020,Chain linked - reference year 2020,N,Raw data,2025M12,Dec-25,2022,1408.7
A,Annual,ITC3,Liguria,P31_D_W2_S14,Final consumption expenditure of resident and non-resident households on the economic  territory,CP02,Alcoholic beverages tobacco narcotics,L_2020,Chain linked - reference year 2020,N,Raw data,2025M12,Dec-25,2023,1406.2
A,Annual,ITC4,Lombardia,P31_D_W2_S14,Final consumption expenditure of resident and non-resident households on the economic  territory,CP01_13,Total,L_2020,Chain linked - reference year 2020,N,Raw data,2025M12,Dec-25,2010,203079.5
A,Annual,ITC4,Lombardia,P31_D_W2_S14,Final consumption expenditure of resident and non-resident households on the economic  territory,CP01_13,Total,L_2020,Chain linked - reference year 2020,N,Raw data,2025M12,Dec-25,2011,207676.4
A,Annual,ITC4,Lombardia,P31_D_W2_S14,Final consumption expenditure of resident and non-resident households on the economic  territory,CP01_13,Total,L_2020,Chain linked - reference year 2020,N,Raw data,2025M12,Dec-25,2012,202424
A,Annual,ITC4,Lombardia,P31_D_W2_S14,Final consumption expenditure of resident and non-resident households on the economic  territory,CP01_13,Total,L_2020,Chain linked - reference year 2020,N,Raw data,2025M12,Dec-25,2013,198196.7
A,Annual,ITC4,Lombardia,P31_D_W2_S14,Final consumption expenditure of resident and non-resident households on the economic  territory,CP01_13,Total,L_2020,Chain linked - reference year 2020,N,Raw data,2025M12,Dec-25,2014,201100.9
A,Annual,ITC4,Lombardia,P31_D_W2_S14,Final consumption expenditure of resident and non-resident households on the economic  territory,CP01_13,Total,L_2020,Chain linked - reference year 2020,N,Raw data,2025M12,Dec-25,2015,205040.1
A,Annual,ITC4,Lombardia,P31_D_W2_S14,Final consumption expenditure of resident and non-resident households on the economic  territory,CP01_13,Total,L_2020,Chain linked - reference year 2020,N,Raw data,2025M12,Dec-25,2016,207738.3
A,Annual,ITC4,Lombardia,P31_D_W2_S14,Final consumption expenditure of resident and non-resident households on the economic  territory,CP01_13,Total,L_2020,Chain linked - reference year 2020,N,Raw data,2025M12,Dec-25,2017,209862.2
A,Annual,ITC4,Lombardia,P31_D_W2_S14,Final consumption expenditure of resident and non-resident households on the economic  territory,CP01_13,Total,L_2020,Chain linked - reference year 2020,N,Raw data,2025M12,Dec-25,2018,210800.8
A,Annual,ITC4,Lombardia,P31_D_W2_S14,Final consumption expenditure of resident and non-resident households on the economic  territory,CP01_13,Total,L_2020,Chain linked - reference year 2020,N,Raw data,2025M12,Dec-25,2019,211193.1
A,Annual,ITC4,Lombardia,P31_D_W2_S14,Final consumption expenditure of resident and non-resident households on the economic  territory,CP01_13,Total,L_2020,Chain linked - reference year 2020,N,Raw data,2025M12,Dec-25,2020,186536.1
A,Annual,ITC4,Lombardia,P31_D_W2_S14,Final consumption expenditure of resident and non-resident households on the economic  territory,CP01_13,Total,L_2020,Chain linked - reference year 2020,N,Raw data,2025M12,Dec-25,2021,199786.1
A,Annual,ITC4,Lombardia,P31_D_W2_S14,Final consumption expenditure of resident and non-resident households on the economic  territory,CP01_13,Total,L_2020,Chain linked - reference year 2020,N,Raw data,2025M12,Dec-25,2022,212723.1
A,Annual,ITC4,Lombardia,P31_D_W2_S14,Final consumption expenditure of resident and non-resident households on the economic  territory,CP01_13,Total,L_2020,Chain linked - reference year 2020,N,Raw data,2025M12,Dec-25,2023,214185.3
A,Annual,ITC4,Lombardia,P31_D_W2_S14,Final consumption expenditure of resident and non-resident households on the economic  territory,CP01_13,Total,L_2020,Chain linked - reference year 2020,N,Raw data,2025M12,Dec-25,2024,216179.9
A,Annual,ITC4,Lombardia,P31_D_W2_S14,Final consumption expenditure of resident and non-resident households on the economic  territory,CP02,Alcoholic beverages tobacco narcotics,L_2020,Chain linked - reference year 2020,N,Raw data,2025M12,Dec-25,2010,7950.6
A,Annual,ITC4,Lombardia,P31_D_W2_S14,Final consumption expenditure of resident and non-resident households on the economic  territory,CP02,Alcoholic beverages tobacco narcotics,L_2020,Chain linked - reference year 2020,N,Raw data,2025M12,Dec-25,2011,7779
A,Annual,ITC4,Lombardia,P31_D_W2_S14,Final consumption expenditure of resident and non-resident households on the economic  territory,CP02,Alcoholic beverages tobacco narcotics,L_2020,Chain linked - reference year 2020,N,Raw data,2025M12,Dec-25,2012,7898.8
A,Annual,ITC4,Lombardia,P31_D_W2_S14,Final consumption expenditure of resident and non-resident households on the economic  territory,CP02,Alcoholic beverages tobacco narcotics,L_2020,Chain linked - reference year 2020,N,Raw data,2025M12,Dec-25,2013,7547.9
A,Annual,ITC4,Lombardia,P31_D_W2_S14,Final consumption expenditure of resident and non-resident households on the economic  territory,CP02,Alcoholic beverages tobacco narcotics,L_2020,Chain linked - reference year 2020,N,Raw data,2025M12,Dec-25,2014,7274.2
A,Annual,ITC4,Lombardia,P31_D_W2_S14,Final consumption expenditure of resident and non-resident households on the economic  territory,CP02,Alcoholic beverages tobacco narcotics,L_2020,Chain linked - reference year 2020,N,Raw data,2025M12,Dec-25,2015,7373.8
A,Annual,ITC4,Lombardia,P31_D_W2_S14,Final consumption expenditure of resident and non-resident households on the economic  territory,CP02,Alcoholic beverages tobacco narcotics,L_2020,Chain linked - reference year 2020,N,Raw data,2025M12,Dec-25,2016,7557.8
A,Annual,ITC4,Lombardia,P31_D_W2_S14,Final consumption expenditure of resident and non-resident households on the economic  territory,CP02,Alcoholic beverages tobacco narcotics,L_2020,Chain linked - reference year 2020,N,Raw data,2025M12,Dec-25,2017,7725.2
A,Annual,ITC4,Lombardia,P31_D_W2_S14,Final consumption expenditure of resident and non-resident households on the economic  territory,CP02,Alcoholic beverages tobacco narcotics,L_2020,Chain linked - reference year 2020,N,Raw data,2025M12,Dec-25,2018,7688.8
A,Annual,ITC4,Lombardia,P31_D_W2_S14,Final consumption expenditure of resident and non-resident households on the economic  territory,CP02,Alcoholic beverages tobacco narcotics,L_2020,Chain linked - reference year 2020,N,Raw data,2025M12,Dec-25,2019,7751.1
A,Annual,ITC4,Lombardia,P31_D_W2_S14,Final consumption expenditure of resident and non-resident households on the economic  territory,CP02,Alcoholic beverages tobacco narcotics,L_2020,Chain linked - reference year 2020,N,Raw data,2025M12,Dec-25,2020,7513
A,Annual,ITC4,Lombardia,P31_D_W2_S14,Final consumption expenditure of resident and non-resident households on the economic  territory,CP02,Alcoholic beverages tobacco narcotics,L_2020,Chain linked - reference year 2020,N,Raw data,2025M12,Dec-25,2021,7796.8
A,Annual,ITC4,Lombardia,P31_D_W2_S14,Final consumption expenditure of resident and non-resident households on the economic  territory,CP02,Alcoholic beverages tobacco narcotics,L_2020,Chain linked - reference year 2020,N,Raw data,2025M12,Dec-25,2022,8065.4
A,Annual,ITC4,Lombardia,P31_D_W2_S14,Final consumption expenditure of resident and non-resident households on the economic  territory,CP02,Alcoholic beverages tobacco narcotics,L_2020,Chain linked - reference year 2020,N,Raw data,2025M12,Dec-25,2023,8161.2
A,Annual,ITDA,Trentino Alto Adige / Südtirol,P31_D_W2_S14,Final consumption expenditure of resident and non-resident households on the economic  territory,CP01_13,Total,L_2020,Chain linked - reference year 2020,N,Raw data,2025M12,Dec-25,2010,24869.2
A,Annual,ITDA,Trentino Alto Adige / Südtirol,P31_D_W2_S14,Final consumption expenditure of resident and non-resident households on the economic  territory,CP01_13,Total,L_2020,Chain linked - reference year 2020,N,Raw data,2025M12,Dec-25,2011,25302.3
A,Annual,ITDA,Trentino Alto Adige / Südtirol,P31_D_W2_S14,Final consumption expenditure of resident and non-resident households on the economic  territory,CP01_13,Total,L_2020,Chain linked - reference year 2020,N,Raw data,2025M12,Dec-25,2012,24794.2
A,Annual,ITDA,Trentino Alto Adige / Südtirol,P31_D_W2_S14,Final consumption expenditure of resident and non-resident households on the economic  territory,CP01_13,Total,L_2020,Chain linked - reference year 2020,N,Raw data,2025M12,Dec-25,2013,24391.1
A,Annual,ITDA,Trentino Alto Adige / Südtirol,P31_D_W2_S14,Final consumption expenditure of resident and non-resident households on the economic  territory,CP01_13,Total,L_2020,Chain linked - reference year 2020,N,Raw data,2025M12,Dec-25,2014,24383.2
A,Annual,ITDA,Trentino Alto Adige / Südtirol,P31_D_W2_S14,Final consumption expenditure of resident and non-resident households on the economic  territory,CP01_13,Total,L_2020,Chain linked - reference year 2020,N,Raw data,2025M12,Dec-25,2015,24941.8
A,Annual,ITDA,Trentino Alto Adige / Südtirol,P31_D_W2_S14,Final consumption expenditure of resident and non-resident households on the economic  territory,CP01_13,Total,L_2020,Chain linked - reference year 2020,N,Raw data,2025M12,Dec-25,2016,25245.3
A,Annual,ITDA,Trentino Alto Adige / Südtirol,P31_D_W2_S14,Final consumption expenditure of resident and non-resident households on the economic  territory,CP01_13,Total,L_2020,Chain linked - reference year 2020,N,Raw data,2025M12,Dec-25,2017,25504.2
A,Annual,ITDA,Trentino Alto Adige / Südtirol,P31_D_W2_S14,Final consumption expenditure of resident and non-resident households on the economic  territory,CP01_13,Total,L_2020,Chain linked - reference year 2020,N,Raw data,2025M12,Dec-25,2018,25656.2
A,Annual,ITDA,Trentino Alto Adige / Südtirol,P31_D_W2_S14,Final consumption expenditure of resident and non-resident households on the economic  territory,CP01_13,Total,L_2020,Chain linked - reference year 2020,N,Raw data,2025M12,Dec-25,2019,25769.5
A,Annual,ITDA,Trentino Alto Adige / Südtirol,P31_D_W2_S14,Final consumption expenditure of resident and non-resident households on the economic  territory,CP01_13,Total,L_2020,Chain linked - reference year 2020,N,Raw data,2025M12,Dec-25,2020,21667.6
A,Annual,ITDA,Trentino Alto Adige / Südtirol,P31_D_W2_S14,Final consumption expenditure of resident and non-resident households on the economic  territory,CP01_13,Total,L_2020,Chain linked - reference year 2020,N,Raw data,2025M12,Dec-25,2021,23056.7
A,Annual,ITDA,Trentino Alto Adige / Südtirol,P31_D_W2_S14,Final consumption expenditure of resident and non-resident households on the economic  territory,CP01_13,Total,L_2020,Chain linked - reference year 2020,N,Raw data,2025M12,Dec-25,2022,25014.6
A,Annual,ITDA,Trentino Alto Adige / Südtirol,P31_D_W2_S14,Final consumption expenditure of resident and non-resident households on the economic  territory,CP01_13,Total,L_2020,Chain linked - reference year 2020,N,Raw data,2025M12,Dec-25,2023,25369.1
A,Annual,ITDA,Trentino Alto Adige / Südtirol,P31_D_W2_S14,Final consumption expenditure of resident and non-resident households on the economic  territory,CP01_13,Total,L_2020,Chain linked - reference year 2020,N,Raw data,2025M12,Dec-25,2024,25557.3
A,Annual,ITDA,Trentino Alto Adige / Südtirol,P31_D_W2_S14,Final consumption expenditure of resident and non-resident households on the economic  territory,CP02,Alcoholic beverages tobacco narcotics,L_2020,Chain linked - reference year 2020,N,Raw data,2025M12,Dec-25,2010,647.7
A,Annual,ITDA,Trentino Alto Adige / Südtirol,P31_D_W2_S14,Final consumption expenditure of resident and non-resident households on the economic  territory,CP02,Alcoholic beverages tobacco narcotics,L_2020,Chain linked - reference year 2020,N,Raw data,2025M12,Dec-25,2011,712.9
A,Annual,ITDA,Trentino Alto Adige / Südtirol,P31_D_W2_S14,Final consumption expenditure of resident and non-resident households on the economic  territory,CP02,Alcoholic beverages tobacco narcotics,L_2020,Chain linked - reference year 2020,N,Raw data,2025M12,Dec-25,2012,718
A,Annual,ITDA,Trentino Alto Adige / Südtirol,P31_D_W2_S14,Final consumption expenditure of resident and non-resident households on the economic  territory,CP02,Alcoholic beverages tobacco narcotics,L_2020,Chain linked - reference year 2020,N,Raw data,2025M12,Dec-25,2013,702.4
A,Annual,ITDA,Trentino Alto Adige / Südtirol,P31_D_W2_S14,Final consumption expenditure of resident and non-resident households on the economic  territory,CP02,Alcoholic beverages tobacco narcotics,L_2020,Chain linked - reference year 2020,N,Raw data,2025M12,Dec-25,2014,667.8
A,Annual,ITDA,Trentino Alto Adige / Südtirol,P31_D_W2_S14,Final consumption expenditure of resident and non-resident households on the economic  territory,CP02,Alcoholic beverages tobacco narcotics,L_2020,Chain linked - reference year 2020,N,Raw data,2025M12,Dec-25,2015,685.9
A,Annual,ITDA,Trentino Alto Adige / Südtirol,P31_D_W2_S14,Final consumption expenditure of resident and non-resident households on the economic  territory,CP02,Alcoholic beverages tobacco narcotics,L_2020,Chain linked - reference year 2020,N,Raw data,2025M12,Dec-25,2016,702.2
A,Annual,ITDA,Trentino Alto Adige / Südtirol,P31_D_W2_S14,Final consumption expenditure of resident and non-resident households on the economic  territory,CP02,Alcoholic beverages tobacco narcotics,L_2020,Chain linked - reference year 2020,N,Raw data,2025M12,Dec-25,2017,712.4
A,Annual,ITDA,Trentino Alto Adige / Südtirol,P31_D_W2_S14,Final consumption expenditure of resident and non-resident households on the economic  territory,CP02,Alcoholic beverages tobacco narcotics,L_2020,Chain linked - reference year 2020,N,Raw data,2025M12,Dec-25,2018,719.7
A,Annual,ITDA,Trentino Alto Adige / Südtirol,P31_D_W2_S14,Final consumption expenditure of resident and non-resident households on the economic  territory,CP02,Alcoholic beverages tobacco narcotics,L_2020,Chain linked - reference year 2020,N,Raw data,2025M12,Dec-25,2019,725.3
A,Annual,ITDA,Trentino Alto Adige / Südtirol,P31_D_W2_S14,Final consumption expenditure of resident and non-resident households on the economic  territory,CP02,Alcoholic beverages tobacco narcotics,L_2020,Chain linked - reference year 2020,N,Raw data,2025M12,Dec-25,2020,688.9
A,Annual,ITDA,Trentino Alto Adige / Südtirol,P31_D_W2_S14,Final consumption expenditure of resident and non-resident households on the economic  territory,CP02,Alcoholic beverages tobacco narcotics,L_2020,Chain linked - reference year 2020,N,Raw data,2025M12,Dec-25,2021,717.4
A,Annual,ITDA,Trentino Alto Adige / Südtirol,P31_D_W2_S14,Final consumption expenditure of resident and non-resident households on the economic  territory,CP02,Alcoholic beverages tobacco narcotics,L_2020,Chain linked - reference year 2020,N,Raw data,2025M12,Dec-25,2022,736.4
A,Annual,ITDA,Trentino Alto Adige / Südtirol,P31_D_W2_S14,Final consumption expenditure of resident and non-resident households on the economic  territory,CP02,Alcoholic beverages tobacco narcotics,L_2020,Chain linked - reference year 2020,N,Raw data,2025M12,Dec-25,2023,733.8
A,Annual,ITD1,Provincia Autonoma Bolzano / Bozen,P31_D_W2_S14,Final consumption expenditure of resident and non-resident households on the economic  territory,CP01_13,Total,L_2020,Chain linked - reference year 2020,N,Raw data,2025M12,Dec-25,2010,12809.5
A,Annual,ITD1,Provincia Autonoma Bolzano / Bozen,P31_D_W2_S14,Final consumption expenditure of resident and non-resident households on the economic  territory,CP01_13,Total,L_2020,Chain linked - reference year 2020,N,Raw data,2025M12,Dec-25,2011,13272.1
A,Annual,ITD1,Provincia Autonoma Bolzano / Bozen,P31_D_W2_S14,Final consumption expenditure of resident and non-resident households on the economic  territory,CP01_13,Total,L_2020,Chain linked - reference year 2020,N,Raw data,2025M12,Dec-25,2012,12979.7
A,Annual,ITD1,Provincia Autonoma Bolzano / Bozen,P31_D_W2_S14,Final consumption expenditure of resident and non-resident households on the economic  territory,CP01_13,Total,L_2020,Chain linked - reference year 2020,N,Raw data,2025M12,Dec-25,2013,12753.6
A,Annual,ITD1,Provincia Autonoma Bolzano / Bozen,P31_D_W2_S14,Final consumption expenditure of resident and non-resident households on the economic  territory,CP01_13,Total,L_2020,Chain linked - reference year 2020,N,Raw data,2025M12,Dec-25,2014,12664.1
A,Annual,ITD1,Provincia Autonoma Bolzano / Bozen,P31_D_W2_S14,Final consumption expenditure of resident and non-resident households on the economic  territory,CP01_13,Total,L_2020,Chain linked - reference year 2020,N,Raw data,2025M12,Dec-25,2015,12974.9
A,Annual,ITD1,Provincia Autonoma Bolzano / Bozen,P31_D_W2_S14,Final consumption expenditure of resident and non-resident households on the economic  territory,CP01_13,Total,L_2020,Chain linked - reference year 2020,N,Raw data,2025M12,Dec-25,2016,13156
A,Annual,ITD1,Provincia Autonoma Bolzano / Bozen,P31_D_W2_S14,Final consumption expenditure of resident and non-resident households on the economic  territory,CP01_13,Total,L_2020,Chain linked - reference year 2020,N,Raw data,2025M12,Dec-25,2017,13277.1
A,Annual,ITD1,Provincia Autonoma Bolzano / Bozen,P31_D_W2_S14,Final consumption expenditure of resident and non-resident households on the economic  territory,CP01_13,Total,L_2020,Chain linked - reference year 2020,N,Raw data,2025M12,Dec-25,2018,13374.3
A,Annual,ITD1,Provincia Autonoma Bolzano / Bozen,P31_D_W2_S14,Final consumption expenditure of resident and non-resident households on the economic  territory,CP01_13,Total,L_2020,Chain linked - reference year 2020,N,Raw data,2025M12,Dec-25,2019,13448.1
A,Annual,ITD1,Provincia Autonoma Bolzano / Bozen,P31_D_W2_S14,Final consumption expenditure of resident and non-resident households on the economic  territory,CP01_13,Total,L_2020,Chain linked - reference year 2020,N,Raw data,2025M12,Dec-25,2020,11222.7
A,Annual,ITD1,Provincia Autonoma Bolzano / Bozen,P31_D_W2_S14,Final consumption expenditure of resident and non-resident households on the economic  territory,CP01_13,Total,L_2020,Chain linked - reference year 2020,N,Raw data,2025M12,Dec-25,2021,12016.3
A,Annual,ITD1,Provincia Autonoma Bolzano / Bozen,P31_D_W2_S14,Final consumption expenditure of resident and non-resident households on the economic  territory,CP01_13,Total,L_2020,Chain linked - reference year 2020,N,Raw data,2025M12,Dec-25,2022,13059.3
A,Annual,ITD1,Provincia Autonoma Bolzano / Bozen,P31_D_W2_S14,Final consumption expenditure of resident and non-resident households on the economic  territory,CP01_13,Total,L_2020,Chain linked - reference year 2020,N,Raw data,2025M12,Dec-25,2023,13247.4
A,Annual,ITD1,Provincia Autonoma Bolzano / Bozen,P31_D_W2_S14,Final consumption expenditure of resident and non-resident households on the economic  territory,CP01_13,Total,L_2020,Chain linked - reference year 2020,N,Raw data,2025M12,Dec-25,2024,13307.8
A,Annual,ITD1,Provincia Autonoma Bolzano / Bozen,P31_D_W2_S14,Final consumption expenditure of resident and non-resident households on the economic  territory,CP02,Alcoholic beverages tobacco narcotics,L_2020,Chain linked - reference year 2020,N,Raw data,2025M12,Dec-25,2010,314.9
A,Annual,ITD1,Provincia Autonoma Bolzano / Bozen,P31_D_W2_S14,Final consumption expenditure of resident and non-resident households on the economic  territory,CP02,Alcoholic beverages tobacco narcotics,L_2020,Chain linked - reference year 2020,N,Raw data,2025M12,Dec-25,2011,350
A,Annual,ITD1,Provincia Autonoma Bolzano / Bozen,P31_D_W2_S14,Final consumption expenditure of resident and non-resident households on the economic  territory,CP02,Alcoholic beverages tobacco narcotics,L_2020,Chain linked - reference year 2020,N,Raw data,2025M12,Dec-25,2012,347.4
A,Annual,ITD1,Provincia Autonoma Bolzano / Bozen,P31_D_W2_S14,Final consumption expenditure of resident and non-resident households on the economic  territory,CP02,Alcoholic beverages tobacco narcotics,L_2020,Chain linked - reference year 2020,N,Raw data,2025M12,Dec-25,2013,341.9
A,Annual,ITD1,Provincia Autonoma Bolzano / Bozen,P31_D_W2_S14,Final consumption expenditure of resident and non-resident households on the economic  territory,CP02,Alcoholic beverages tobacco narcotics,L_2020,Chain linked - reference year 2020,N,Raw data,2025M12,Dec-25,2014,322.7
A,Annual,ITD1,Provincia Autonoma Bolzano / Bozen,P31_D_W2_S14,Final consumption expenditure of resident and non-resident households on the economic  territory,CP02,Alcoholic beverages tobacco narcotics,L_2020,Chain linked - reference year 2020,N,Raw data,2025M12,Dec-25,2015,331.2
A,Annual,ITD1,Provincia Autonoma Bolzano / Bozen,P31_D_W2_S14,Final consumption expenditure of resident and non-resident households on the economic  territory,CP02,Alcoholic beverages tobacco narcotics,L_2020,Chain linked - reference year 2020,N,Raw data,2025M12,Dec-25,2016,338.8
A,Annual,ITD1,Provincia Autonoma Bolzano / Bozen,P31_D_W2_S14,Final consumption expenditure of resident and non-resident households on the economic  territory,CP02,Alcoholic beverages tobacco narcotics,L_2020,Chain linked - reference year 2020,N,Raw data,2025M12,Dec-25,2017,340.1
A,Annual,ITD1,Provincia Autonoma Bolzano / Bozen,P31_D_W2_S14,Final consumption expenditure of resident and non-resident households on the economic  territory,CP02,Alcoholic beverages tobacco narcotics,L_2020,Chain linked - reference year 2020,N,Raw data,2025M12,Dec-25,2018,341.2
A,Annual,ITD1,Provincia Autonoma Bolzano / Bozen,P31_D_W2_S14,Final consumption expenditure of resident and non-resident households on the economic  territory,CP02,Alcoholic beverages tobacco narcotics,L_2020,Chain linked - reference year 2020,N,Raw data,2025M12,Dec-25,2019,344.8
A,Annual,ITD1,Provincia Autonoma Bolzano / Bozen,P31_D_W2_S14,Final consumption expenditure of resident and non-resident households on the economic  territory,CP02,Alcoholic beverages tobacco narcotics,L_2020,Chain linked - reference year 2020,N,Raw data,2025M12,Dec-25,2020,327.3
A,Annual,ITD1,Provincia Autonoma Bolzano / Bozen,P31_D_W2_S14,Final consumption expenditure of resident and non-resident households on the economic  territory,CP02,Alcoholic beverages tobacco narcotics,L_2020,Chain linked - reference year 2020,N,Raw data,2025M12,Dec-25,2021,337.6
A,Annual,ITD1,Provincia Autonoma Bolzano / Bozen,P31_D_W2_S14,Final consumption expenditure of resident and non-resident households on the economic  territory,CP02,Alcoholic beverages tobacco narcotics,L_2020,Chain linked - reference year 2020,N,Raw data,2025M12,Dec-25,2022,345.8
A,Annual,ITD1,Provincia Autonoma Bolzano / Bozen,P31_D_W2_S14,Final consumption expenditure of resident and non-resident households on the economic  territory,CP02,Alcoholic beverages tobacco narcotics,L_2020,Chain linked - reference year 2020,N,Raw data,2025M12,Dec-25,2023,345
A,Annual,ITD2,Provincia Autonoma Trento,P31_D_W2_S14,Final consumption expenditure of resident and non-resident households on the economic  territory,CP01_13,Total,L_2020,Chain linked - reference year 2020,N,Raw data,2025M12,Dec-25,2010,12052.4
A,Annual,ITD2,Provincia Autonoma Trento,P31_D_W2_S14,Final consumption expenditure of resident and non-resident households on the economic  territory,CP01_13,Total,L_2020,Chain linked - reference year 2020,N,Raw data,2025M12,Dec-25,2011,12034.4
A,Annual,ITD2,Provincia Autonoma Trento,P31_D_W2_S14,Final consumption expenditure of resident and non-resident households on the economic  territory,CP01_13,Total,L_2020,Chain linked - reference year 2020,N,Raw data,2025M12,Dec-25,2012,11817.3
A,Annual,ITD2,Provincia Autonoma Trento,P31_D_W2_S14,Final consumption expenditure of resident and non-resident households on the economic  territory,CP01_13,Total,L_2020,Chain linked - reference year 2020,N,Raw data,2025M12,Dec-25,2013,11639.7
A,Annual,ITD2,Provincia Autonoma Trento,P31_D_W2_S14,Final consumption expenditure of resident and non-resident households on the economic  territory,CP01_13,Total,L_2020,Chain linked - reference year 2020,N,Raw data,2025M12,Dec-25,2014,11718.6
A,Annual,ITD2,Provincia Autonoma Trento,P31_D_W2_S14,Final consumption expenditure of resident and non-resident households on the economic  territory,CP01_13,Total,L_2020,Chain linked - reference year 2020,N,Raw data,2025M12,Dec-25,2015,11966.7
A,Annual,ITD2,Provincia Autonoma Trento,P31_D_W2_S14,Final consumption expenditure of resident and non-resident households on the economic  territory,CP01_13,Total,L_2020,Chain linked - reference year 2020,N,Raw data,2025M12,Dec-25,2016,12089.4
A,Annual,ITD2,Provincia Autonoma Trento,P31_D_W2_S14,Final consumption expenditure of resident and non-resident households on the economic  territory,CP01_13,Total,L_2020,Chain linked - reference year 2020,N,Raw data,2025M12,Dec-25,2017,12227.1
A,Annual,ITD2,Provincia Autonoma Trento,P31_D_W2_S14,Final consumption expenditure of resident and non-resident households on the economic  territory,CP01_13,Total,L_2020,Chain linked - reference year 2020,N,Raw data,2025M12,Dec-25,2018,12281.9
A,Annual,ITD2,Provincia Autonoma Trento,P31_D_W2_S14,Final consumption expenditure of resident and non-resident households on the economic  territory,CP01_13,Total,L_2020,Chain linked - reference year 2020,N,Raw data,2025M12,Dec-25,2019,12321.4
A,Annual,ITD2,Provincia Autonoma Trento,P31_D_W2_S14,Final consumption expenditure of resident and non-resident households on the economic  territory,CP01_13,Total,L_2020,Chain linked - reference year 2020,N,Raw data,2025M12,Dec-25,2020,10444.9
A,Annual,ITD2,Provincia Autonoma Trento,P31_D_W2_S14,Final consumption expenditure of resident and non-resident households on the economic  territory,CP01_13,Total,L_2020,Chain linked - reference year 2020,N,Raw data,2025M12,Dec-25,2021,11040.4
A,Annual,ITD2,Provincia Autonoma Trento,P31_D_W2_S14,Final consumption expenditure of resident and non-resident households on the economic  territory,CP01_13,Total,L_2020,Chain linked - reference year 2020,N,Raw data,2025M12,Dec-25,2022,11955.6
A,Annual,ITD2,Provincia Autonoma Trento,P31_D_W2_S14,Final consumption expenditure of resident and non-resident households on the economic  territory,CP01_13,Total,L_2020,Chain linked - reference year 2020,N,Raw data,2025M12,Dec-25,2023,12122
A,Annual,ITD2,Provincia Autonoma Trento,P31_D_W2_S14,Final consumption expenditure of resident and non-resident households on the economic  territory,CP01_13,Total,L_2020,Chain linked - reference year 2020,N,Raw data,2025M12,Dec-25,2024,12249.6
A,Annual,ITD2,Provincia Autonoma Trento,P31_D_W2_S14,Final consumption expenditure of resident and non-resident households on the economic  territory,CP02,Alcoholic beverages tobacco narcotics,L_2020,Chain linked - reference year 2020,N,Raw data,2025M12,Dec-25,2010,332.9
A,Annual,ITD2,Provincia Autonoma Trento,P31_D_W2_S14,Final consumption expenditure of resident and non-resident households on the economic  territory,CP02,Alcoholic beverages tobacco narcotics,L_2020,Chain linked - reference year 2020,N,Raw data,2025M12,Dec-25,2011,363.1
A,Annual,ITD2,Provincia Autonoma Trento,P31_D_W2_S14,Final consumption expenditure of resident and non-resident households on the economic  territory,CP02,Alcoholic beverages tobacco narcotics,L_2020,Chain linked - reference year 2020,N,Raw data,2025M12,Dec-25,2012,370.6
A,Annual,ITD2,Provincia Autonoma Trento,P31_D_W2_S14,Final consumption expenditure of resident and non-resident households on the economic  territory,CP02,Alcoholic beverages tobacco narcotics,L_2020,Chain linked - reference year 2020,N,Raw data,2025M12,Dec-25,2013,360.5
A,Annual,ITD2,Provincia Autonoma Trento,P31_D_W2_S14,Final consumption expenditure of resident and non-resident households on the economic  territory,CP02,Alcoholic beverages tobacco narcotics,L_2020,Chain linked - reference year 2020,N,Raw data,2025M12,Dec-25,2014,345.1
A,Annual,ITD2,Provincia Autonoma Trento,P31_D_W2_S14,Final consumption expenditure of resident and non-resident households on the economic  territory,CP02,Alcoholic beverages tobacco narcotics,L_2020,Chain linked - reference year 2020,N,Raw data,2025M12,Dec-25,2015,354.8
A,Annual,ITD2,Provincia Autonoma Trento,P31_D_W2_S14,Final consumption expenditure of resident and non-resident households on the economic  territory,CP02,Alcoholic beverages tobacco narcotics,L_2020,Chain linked - reference year 2020,N,Raw data,2025M12,Dec-25,2016,363.4
A,Annual,ITD2,Provincia Autonoma Trento,P31_D_W2_S14,Final consumption expenditure of resident and non-resident households on the economic  territory,CP02,Alcoholic beverages tobacco narcotics,L_2020,Chain linked - reference year 2020,N,Raw data,2025M12,Dec-25,2017,372.3
A,Annual,ITD2,Provincia Autonoma Trento,P31_D_W2_S14,Final consumption expenditure of resident and non-resident households on the economic  territory,CP02,Alcoholic beverages tobacco narcotics,L_2020,Chain linked - reference year 2020,N,Raw data,2025M12,Dec-25,2018,378.5
A,Annual,ITD2,Provincia Autonoma Trento,P31_D_W2_S14,Final consumption expenditure of resident and non-resident households on the economic  territory,CP02,Alcoholic beverages tobacco narcotics,L_2020,Chain linked - reference year 2020,N,Raw data,2025M12,Dec-25,2019,380.4
A,Annual,ITD2,Provincia Autonoma Trento,P31_D_W2_S14,Final consumption expenditure of resident and non-resident households on the economic  territory,CP02,Alcoholic beverages tobacco narcotics,L_2020,Chain linked - reference year 2020,N,Raw data,2025M12,Dec-25,2020,361.6
A,Annual,ITD2,Provincia Autonoma Trento,P31_D_W2_S14,Final consumption expenditure of resident and non-resident households on the economic  territory,CP02,Alcoholic beverages tobacco narcotics,L_2020,Chain linked - reference year 2020,N,Raw data,2025M12,Dec-25,2021,379.8
A,Annual,ITD2,Provincia Autonoma Trento,P31_D_W2_S14,Final consumption expenditure of resident and non-resident households on the economic  territory,CP02,Alcoholic beverages tobacco narcotics,L_2020,Chain linked - reference year 2020,N,Raw data,2025M12,Dec-25,2022,390.6
A,Annual,ITD2,Provincia Autonoma Trento,P31_D_W2_S14,Final consumption expenditure of resident and non-resident households on the economic  territory,CP02,Alcoholic beverages tobacco narcotics,L_2020,Chain linked - reference year 2020,N,Raw data,2025M12,Dec-25,2023,388.9
A,Annual,ITD3,Veneto,P31_D_W2_S14,Final consumption expenditure of resident and non-resident households on the economic  territory,CP01_13,Total,L_2020,Chain linked - reference year 2020,N,Raw data,2025M12,Dec-25,2010,95507.2
A,Annual,ITD3,Veneto,P31_D_W2_S14,Final consumption expenditure of resident and non-resident households on the economic  territory,CP01_13,Total,L_2020,Chain linked - reference year 2020,N,Raw data,2025M12,Dec-25,2011,96193.4
A,Annual,ITD3,Veneto,P31_D_W2_S14,Final consumption expenditure of resident and non-resident households on the economic  territory,CP01_13,Total,L_2020,Chain linked - reference year 2020,N,Raw data,2025M12,Dec-25,2012,93079.4
A,Annual,ITD3,Veneto,P31_D_W2_S14,Final consumption expenditure of resident and non-resident households on the economic  territory,CP01_13,Total,L_2020,Chain linked - reference year 2020,N,Raw data,2025M12,Dec-25,2013,90955
A,Annual,ITD3,Veneto,P31_D_W2_S14,Final consumption expenditure of resident and non-resident households on the economic  territory,CP01_13,Total,L_2020,Chain linked - reference year 2020,N,Raw data,2025M12,Dec-25,2014,91371.5
A,Annual,ITD3,Veneto,P31_D_W2_S14,Final consumption expenditure of resident and non-resident households on the economic  territory,CP01_13,Total,L_2020,Chain linked - reference year 2020,N,Raw data,2025M12,Dec-25,2015,93650.6
A,Annual,ITD3,Veneto,P31_D_W2_S14,Final consumption expenditure of resident and non-resident households on the economic  territory,CP01_13,Total,L_2020,Chain linked - reference year 2020,N,Raw data,2025M12,Dec-25,2016,94529.4
A,Annual,ITD3,Veneto,P31_D_W2_S14,Final consumption expenditure of resident and non-resident households on the economic  territory,CP01_13,Total,L_2020,Chain linked - reference year 2020,N,Raw data,2025M12,Dec-25,2017,95646.5
A,Annual,ITD3,Veneto,P31_D_W2_S14,Final consumption expenditure of resident and non-resident households on the economic  territory,CP01_13,Total,L_2020,Chain linked - reference year 2020,N,Raw data,2025M12,Dec-25,2018,96228.5
A,Annual,ITD3,Veneto,P31_D_W2_S14,Final consumption expenditure of resident and non-resident households on the economic  territory,CP01_13,Total,L_2020,Chain linked - reference year 2020,N,Raw data,2025M12,Dec-25,2019,96436.1
A,Annual,ITD3,Veneto,P31_D_W2_S14,Final consumption expenditure of resident and non-resident households on the economic  territory,CP01_13,Total,L_2020,Chain linked - reference year 2020,N,Raw data,2025M12,Dec-25,2020,84286
A,Annual,ITD3,Veneto,P31_D_W2_S14,Final consumption expenditure of resident and non-resident households on the economic  territory,CP01_13,Total,L_2020,Chain linked - reference year 2020,N,Raw data,2025M12,Dec-25,2021,89936.9
A,Annual,ITD3,Veneto,P31_D_W2_S14,Final consumption expenditure of resident and non-resident households on the economic  territory,CP01_13,Total,L_2020,Chain linked - reference year 2020,N,Raw data,2025M12,Dec-25,2022,95374.8
A,Annual,ITD3,Veneto,P31_D_W2_S14,Final consumption expenditure of resident and non-resident households on the economic  territory,CP01_13,Total,L_2020,Chain linked - reference year 2020,N,Raw data,2025M12,Dec-25,2023,96032.6
A,Annual,ITD3,Veneto,P31_D_W2_S14,Final consumption expenditure of resident and non-resident households on the economic  territory,CP01_13,Total,L_2020,Chain linked - reference year 2020,N,Raw data,2025M12,Dec-25,2024,96531.9
A,Annual,ITD3,Veneto,P31_D_W2_S14,Final consumption expenditure of resident and non-resident households on the economic  territory,CP02,Alcoholic beverages tobacco narcotics,L_2020,Chain linked - reference year 2020,N,Raw data,2025M12,Dec-25,2010,3192
A,Annual,ITD3,Veneto,P31_D_W2_S14,Final consumption expenditure of resident and non-resident households on the economic  territory,CP02,Alcoholic beverages tobacco narcotics,L_2020,Chain linked - reference year 2020,N,Raw data,2025M12,Dec-25,2011,3138.3
A,Annual,ITD3,Veneto,P31_D_W2_S14,Final consumption expenditure of resident and non-resident households on the economic  territory,CP02,Alcoholic beverages tobacco narcotics,L_2020,Chain linked - reference year 2020,N,Raw data,2025M12,Dec-25,2012,3067.6
A,Annual,ITD3,Veneto,P31_D_W2_S14,Final consumption expenditure of resident and non-resident households on the economic  territory,CP02,Alcoholic beverages tobacco narcotics,L_2020,Chain linked - reference year 2020,N,Raw data,2025M12,Dec-25,2013,2905.9
A,Annual,ITD3,Veneto,P31_D_W2_S14,Final consumption expenditure of resident and non-resident households on the economic  territory,CP02,Alcoholic beverages tobacco narcotics,L_2020,Chain linked - reference year 2020,N,Raw data,2025M12,Dec-25,2014,2819.8
A,Annual,ITD3,Veneto,P31_D_W2_S14,Final consumption expenditure of resident and non-resident households on the economic  territory,CP02,Alcoholic beverages tobacco narcotics,L_2020,Chain linked - reference year 2020,N,Raw data,2025M12,Dec-25,2015,2887.5
A,Annual,ITD3,Veneto,P31_D_W2_S14,Final consumption expenditure of resident and non-resident households on the economic  territory,CP02,Alcoholic beverages tobacco narcotics,L_2020,Chain linked - reference year 2020,N,Raw data,2025M12,Dec-25,2016,2931.6
A,Annual,ITD3,Veneto,P31_D_W2_S14,Final consumption expenditure of resident and non-resident households on the economic  territory,CP02,Alcoholic beverages tobacco narcotics,L_2020,Chain linked - reference year 2020,N,Raw data,2025M12,Dec-25,2017,2948.5
A,Annual,ITD3,Veneto,P31_D_W2_S14,Final consumption expenditure of resident and non-resident households on the economic  territory,CP02,Alcoholic beverages tobacco narcotics,L_2020,Chain linked - reference year 2020,N,Raw data,2025M12,Dec-25,2018,2967.1
A,Annual,ITD3,Veneto,P31_D_W2_S14,Final consumption expenditure of resident and non-resident households on the economic  territory,CP02,Alcoholic beverages tobacco narcotics,L_2020,Chain linked - reference year 2020,N,Raw data,2025M12,Dec-25,2019,3006.6
A,Annual,ITD3,Veneto,P31_D_W2_S14,Final consumption expenditure of resident and non-resident households on the economic  territory,CP02,Alcoholic beverages tobacco narcotics,L_2020,Chain linked - reference year 2020,N,Raw data,2025M12,Dec-25,2020,2903.8
A,Annual,ITD3,Veneto,P31_D_W2_S14,Final consumption expenditure of resident and non-resident households on the economic  territory,CP02,Alcoholic beverages tobacco narcotics,L_2020,Chain linked - reference year 2020,N,Raw data,2025M12,Dec-25,2021,3002.7
A,Annual,ITD3,Veneto,P31_D_W2_S14,Final consumption expenditure of resident and non-resident households on the economic  territory,CP02,Alcoholic beverages tobacco narcotics,L_2020,Chain linked - reference year 2020,N,Raw data,2025M12,Dec-25,2022,3090.2
A,Annual,ITD3,Veneto,P31_D_W2_S14,Final consumption expenditure of resident and non-resident households on the economic  territory,CP02,Alcoholic beverages tobacco narcotics,L_2020,Chain linked - reference year 2020,N,Raw data,2025M12,Dec-25,2023,3131.9
A,Annual,ITD4,Friuli-Venezia Giulia,P31_D_W2_S14,Final consumption expenditure of resident and non-resident households on the economic  territory,CP01_13,Total,L_2020,Chain linked - reference year 2020,N,Raw data,2025M12,Dec-25,2010,24444
A,Annual,ITD4,Friuli-Venezia Giulia,P31_D_W2_S14,Final consumption expenditure of resident and non-resident households on the economic  territory,CP01_13,Total,L_2020,Chain linked - reference year 2020,N,Raw data,2025M12,Dec-25,2011,24318.3
A,Annual,ITD4,Friuli-Venezia Giulia,P31_D_W2_S14,Final consumption expenditure of resident and non-resident households on the economic  territory,CP01_13,Total,L_2020,Chain linked - reference year 2020,N,Raw data,2025M12,Dec-25,2012,23147.5
A,Annual,ITD4,Friuli-Venezia Giulia,P31_D_W2_S14,Final consumption expenditure of resident and non-resident households on the economic  territory,CP01_13,Total,L_2020,Chain linked - reference year 2020,N,Raw data,2025M12,Dec-25,2013,22532.4
A,Annual,ITD4,Friuli-Venezia Giulia,P31_D_W2_S14,Final consumption expenditure of resident and non-resident households on the economic  territory,CP01_13,Total,L_2020,Chain linked - reference year 2020,N,Raw data,2025M12,Dec-25,2014,22849.2
A,Annual,ITD4,Friuli-Venezia Giulia,P31_D_W2_S14,Final consumption expenditure of resident and non-resident households on the economic  territory,CP01_13,Total,L_2020,Chain linked - reference year 2020,N,Raw data,2025M12,Dec-25,2015,23302.2
A,Annual,ITD4,Friuli-Venezia Giulia,P31_D_W2_S14,Final consumption expenditure of resident and non-resident households on the economic  territory,CP01_13,Total,L_2020,Chain linked - reference year 2020,N,Raw data,2025M12,Dec-25,2016,23447.2
A,Annual,ITD4,Friuli-Venezia Giulia,P31_D_W2_S14,Final consumption expenditure of resident and non-resident households on the economic  territory,CP01_13,Total,L_2020,Chain linked - reference year 2020,N,Raw data,2025M12,Dec-25,2017,23679.6
A,Annual,ITD4,Friuli-Venezia Giulia,P31_D_W2_S14,Final consumption expenditure of resident and non-resident households on the economic  territory,CP01_13,Total,L_2020,Chain linked - reference year 2020,N,Raw data,2025M12,Dec-25,2018,23831.7
A,Annual,ITD4,Friuli-Venezia Giulia,P31_D_W2_S14,Final consumption expenditure of resident and non-resident households on the economic  territory,CP01_13,Total,L_2020,Chain linked - reference year 2020,N,Raw data,2025M12,Dec-25,2019,23799
A,Annual,ITD4,Friuli-Venezia Giulia,P31_D_W2_S14,Final consumption expenditure of resident and non-resident households on the economic  territory,CP01_13,Total,L_2020,Chain linked - reference year 2020,N,Raw data,2025M12,Dec-25,2020,21219.8
A,Annual,ITD4,Friuli-Venezia Giulia,P31_D_W2_S14,Final consumption expenditure of resident and non-resident households on the economic  territory,CP01_13,Total,L_2020,Chain linked - reference year 2020,N,Raw data,2025M12,Dec-25,2021,22245.7
A,Annual,ITD4,Friuli-Venezia Giulia,P31_D_W2_S14,Final consumption expenditure of resident and non-resident households on the economic  territory,CP01_13,Total,L_2020,Chain linked - reference year 2020,N,Raw data,2025M12,Dec-25,2022,23542
A,Annual,ITD4,Friuli-Venezia Giulia,P31_D_W2_S14,Final consumption expenditure of resident and non-resident households on the economic  territory,CP01_13,Total,L_2020,Chain linked - reference year 2020,N,Raw data,2025M12,Dec-25,2023,23621.7
A,Annual,ITD4,Friuli-Venezia Giulia,P31_D_W2_S14,Final consumption expenditure of resident and non-resident households on the economic  territory,CP01_13,Total,L_2020,Chain linked - reference year 2020,N,Raw data,2025M12,Dec-25,2024,23740.5
A,Annual,ITD4,Friuli-Venezia Giulia,P31_D_W2_S14,Final consumption expenditure of resident and non-resident households on the economic  territory,CP02,Alcoholic beverages tobacco narcotics,L_2020,Chain linked - reference year 2020,N,Raw data,2025M12,Dec-25,2010,802.8
A,Annual,ITD4,Friuli-Venezia Giulia,P31_D_W2_S14,Final consumption expenditure of resident and non-resident households on the economic  territory,CP02,Alcoholic beverages tobacco narcotics,L_2020,Chain linked - reference year 2020,N,Raw data,2025M12,Dec-25,2011,859.3
A,Annual,ITD4,Friuli-Venezia Giulia,P31_D_W2_S14,Final consumption expenditure of resident and non-resident households on the economic  territory,CP02,Alcoholic beverages tobacco narcotics,L_2020,Chain linked - reference year 2020,N,Raw data,2025M12,Dec-25,2012,873.3
A,Annual,ITD4,Friuli-Venezia Giulia,P31_D_W2_S14,Final consumption expenditure of resident and non-resident households on the economic  territory,CP02,Alcoholic beverages tobacco narcotics,L_2020,Chain linked - reference year 2020,N,Raw data,2025M12,Dec-25,2013,801.3
A,Annual,ITD4,Friuli-Venezia Giulia,P31_D_W2_S14,Final consumption expenditure of resident and non-resident households on the economic  territory,CP02,Alcoholic beverages tobacco narcotics,L_2020,Chain linked - reference year 2020,N,Raw data,2025M12,Dec-25,2014,768.1
A,Annual,ITD4,Friuli-Venezia Giulia,P31_D_W2_S14,Final consumption expenditure of resident and non-resident households on the economic  territory,CP02,Alcoholic beverages tobacco narcotics,L_2020,Chain linked - reference year 2020,N,Raw data,2025M12,Dec-25,2015,784
A,Annual,ITD4,Friuli-Venezia Giulia,P31_D_W2_S14,Final consumption expenditure of resident and non-resident households on the economic  territory,CP02,Alcoholic beverages tobacco narcotics,L_2020,Chain linked - reference year 2020,N,Raw data,2025M12,Dec-25,2016,800.8
A,Annual,ITD4,Friuli-Venezia Giulia,P31_D_W2_S14,Final consumption expenditure of resident and non-resident households on the economic  territory,CP02,Alcoholic beverages tobacco narcotics,L_2020,Chain linked - reference year 2020,N,Raw data,2025M12,Dec-25,2017,811.6
A,Annual,ITD4,Friuli-Venezia Giulia,P31_D_W2_S14,Final consumption expenditure of resident and non-resident households on the economic  territory,CP02,Alcoholic beverages tobacco narcotics,L_2020,Chain linked - reference year 2020,N,Raw data,2025M12,Dec-25,2018,810.1
A,Annual,ITD4,Friuli-Venezia Giulia,P31_D_W2_S14,Final consumption expenditure of resident and non-resident households on the economic  territory,CP02,Alcoholic beverages tobacco narcotics,L_2020,Chain linked - reference year 2020,N,Raw data,2025M12,Dec-25,2019,822.1
A,Annual,ITD4,Friuli-Venezia Giulia,P31_D_W2_S14,Final consumption expenditure of resident and non-resident households on the economic  territory,CP02,Alcoholic beverages tobacco narcotics,L_2020,Chain linked - reference year 2020,N,Raw data,2025M12,Dec-25,2020,796.2
A,Annual,ITD4,Friuli-Venezia Giulia,P31_D_W2_S14,Final consumption expenditure of resident and non-resident households on the economic  territory,CP02,Alcoholic beverages tobacco narcotics,L_2020,Chain linked - reference year 2020,N,Raw data,2025M12,Dec-25,2021,823.8
A,Annual,ITD4,Friuli-Venezia Giulia,P31_D_W2_S14,Final consumption expenditure of resident and non-resident households on the economic  territory,CP02,Alcoholic beverages tobacco narcotics,L_2020,Chain linked - reference year 2020,N,Raw data,2025M12,Dec-25,2022,849.3
A,Annual,ITD4,Friuli-Venezia Giulia,P31_D_W2_S14,Final consumption expenditure of resident and non-resident households on the economic  territory,CP02,Alcoholic beverages tobacco narcotics,L_2020,Chain linked - reference year 2020,N,Raw data,2025M12,Dec-25,2023,854.5
A,Annual,ITD5,Emilia-Romagna,P31_D_W2_S14,Final consumption expenditure of resident and non-resident households on the economic  territory,CP01_13,Total,L_2020,Chain linked - reference year 2020,N,Raw data,2025M12,Dec-25,2010,92919.5
A,Annual,ITD5,Emilia-Romagna,P31_D_W2_S14,Final consumption expenditure of resident and non-resident households on the economic  territory,CP01_13,Total,L_2020,Chain linked - reference year 2020,N,Raw data,2025M12,Dec-25,2011,93678.5
A,Annual,ITD5,Emilia-Romagna,P31_D_W2_S14,Final consumption expenditure of resident and non-resident households on the economic  territory,CP01_13,Total,L_2020,Chain linked - reference year 2020,N,Raw data,2025M12,Dec-25,2012,91461.5
A,Annual,ITD5,Emilia-Romagna,P31_D_W2_S14,Final consumption expenditure of resident and non-resident households on the economic  territory,CP01_13,Total,L_2020,Chain linked - reference year 2020,N,Raw data,2025M12,Dec-25,2013,90289.8
A,Annual,ITD5,Emilia-Romagna,P31_D_W2_S14,Final consumption expenditure of resident and non-resident households on the economic  territory,CP01_13,Total,L_2020,Chain linked - reference year 2020,N,Raw data,2025M12,Dec-25,2014,90678.6
A,Annual,ITD5,Emilia-Romagna,P31_D_W2_S14,Final consumption expenditure of resident and non-resident households on the economic  territory,CP01_13,Total,L_2020,Chain linked - reference year 2020,N,Raw data,2025M12,Dec-25,2015,92765.2
A,Annual,ITD5,Emilia-Romagna,P31_D_W2_S14,Final consumption expenditure of resident and non-resident households on the economic  territory,CP01_13,Total,L_2020,Chain linked - reference year 2020,N,Raw data,2025M12,Dec-25,2016,93513.6
A,Annual,ITD5,Emilia-Romagna,P31_D_W2_S14,Final consumption expenditure of resident and non-resident households on the economic  territory,CP01_13,Total,L_2020,Chain linked - reference year 2020,N,Raw data,2025M12,Dec-25,2017,94629.9
A,Annual,ITD5,Emilia-Romagna,P31_D_W2_S14,Final consumption expenditure of resident and non-resident households on the economic  territory,CP01_13,Total,L_2020,Chain linked - reference year 2020,N,Raw data,2025M12,Dec-25,2018,95171.8
A,Annual,ITD5,Emilia-Romagna,P31_D_W2_S14,Final consumption expenditure of resident and non-resident households on the economic  territory,CP01_13,Total,L_2020,Chain linked - reference year 2020,N,Raw data,2025M12,Dec-25,2019,95028.3
A,Annual,ITD5,Emilia-Romagna,P31_D_W2_S14,Final consumption expenditure of resident and non-resident households on the economic  territory,CP01_13,Total,L_2020,Chain linked - reference year 2020,N,Raw data,2025M12,Dec-25,2020,83952.6
A,Annual,ITD5,Emilia-Romagna,P31_D_W2_S14,Final consumption expenditure of resident and non-resident households on the economic  territory,CP01_13,Total,L_2020,Chain linked - reference year 2020,N,Raw data,2025M12,Dec-25,2021,88996.6
A,Annual,ITD5,Emilia-Romagna,P31_D_W2_S14,Final consumption expenditure of resident and non-resident households on the economic  territory,CP01_13,Total,L_2020,Chain linked - reference year 2020,N,Raw data,2025M12,Dec-25,2022,94735.5
A,Annual,ITD5,Emilia-Romagna,P31_D_W2_S14,Final consumption expenditure of resident and non-resident households on the economic  territory,CP01_13,Total,L_2020,Chain linked - reference year 2020,N,Raw data,2025M12,Dec-25,2023,95303.8
A,Annual,ITD5,Emilia-Romagna,P31_D_W2_S14,Final consumption expenditure of resident and non-resident households on the economic  territory,CP01_13,Total,L_2020,Chain linked - reference year 2020,N,Raw data,2025M12,Dec-25,2024,95947.3
A,Annual,ITD5,Emilia-Romagna,P31_D_W2_S14,Final consumption expenditure of resident and non-resident households on the economic  territory,CP02,Alcoholic beverages tobacco narcotics,L_2020,Chain linked - reference year 2020,N,Raw data,2025M12,Dec-25,2010,3407.5
A,Annual,ITD5,Emilia-Romagna,P31_D_W2_S14,Final consumption expenditure of resident and non-resident households on the economic  territory,CP02,Alcoholic beverages tobacco narcotics,L_2020,Chain linked - reference year 2020,N,Raw data,2025M12,Dec-25,2011,3423.4
A,Annual,ITD5,Emilia-Romagna,P31_D_W2_S14,Final consumption expenditure of resident and non-resident households on the economic  territory,CP02,Alcoholic beverages tobacco narcotics,L_2020,Chain linked - reference year 2020,N,Raw data,2025M12,Dec-25,2012,3504.8
A,Annual,ITD5,Emilia-Romagna,P31_D_W2_S14,Final consumption expenditure of resident and non-resident households on the economic  territory,CP02,Alcoholic beverages tobacco narcotics,L_2020,Chain linked - reference year 2020,N,Raw data,2025M12,Dec-25,2013,3442.3
A,Annual,ITD5,Emilia-Romagna,P31_D_W2_S14,Final consumption expenditure of resident and non-resident households on the economic  territory,CP02,Alcoholic beverages tobacco narcotics,L_2020,Chain linked - reference year 2020,N,Raw data,2025M12,Dec-25,2014,3315.8
A,Annual,ITD5,Emilia-Romagna,P31_D_W2_S14,Final consumption expenditure of resident and non-resident households on the economic  territory,CP02,Alcoholic beverages tobacco narcotics,L_2020,Chain linked - reference year 2020,N,Raw data,2025M12,Dec-25,2015,3377.8
A,Annual,ITD5,Emilia-Romagna,P31_D_W2_S14,Final consumption expenditure of resident and non-resident households on the economic  territory,CP02,Alcoholic beverages tobacco narcotics,L_2020,Chain linked - reference year 2020,N,Raw data,2025M12,Dec-25,2016,3447.1
A,Annual,ITD5,Emilia-Romagna,P31_D_W2_S14,Final consumption expenditure of resident and non-resident households on the economic  territory,CP02,Alcoholic beverages tobacco narcotics,L_2020,Chain linked - reference year 2020,N,Raw data,2025M12,Dec-25,2017,3505.1
A,Annual,ITD5,Emilia-Romagna,P31_D_W2_S14,Final consumption expenditure of resident and non-resident households on the economic  territory,CP02,Alcoholic beverages tobacco narcotics,L_2020,Chain linked - reference year 2020,N,Raw data,2025M12,Dec-25,2018,3526.2
A,Annual,ITD5,Emilia-Romagna,P31_D_W2_S14,Final consumption expenditure of resident and non-resident households on the economic  territory,CP02,Alcoholic beverages tobacco narcotics,L_2020,Chain linked - reference year 2020,N,Raw data,2025M12,Dec-25,2019,3547.4
A,Annual,ITD5,Emilia-Romagna,P31_D_W2_S14,Final consumption expenditure of resident and non-resident households on the economic  territory,CP02,Alcoholic beverages tobacco narcotics,L_2020,Chain linked - reference year 2020,N,Raw data,2025M12,Dec-25,2020,3410.4
A,Annual,ITD5,Emilia-Romagna,P31_D_W2_S14,Final consumption expenditure of resident and non-resident households on the economic  territory,CP02,Alcoholic beverages tobacco narcotics,L_2020,Chain linked - reference year 2020,N,Raw data,2025M12,Dec-25,2021,3545.3
A,Annual,ITD5,Emilia-Romagna,P31_D_W2_S14,Final consumption expenditure of resident and non-resident households on the economic  territory,CP02,Alcoholic beverages tobacco narcotics,L_2020,Chain linked - reference year 2020,N,Raw data,2025M12,Dec-25,2022,3652.8
A,Annual,ITD5,Emilia-Romagna,P31_D_W2_S14,Final consumption expenditure of resident and non-resident households on the economic  territory,CP02,Alcoholic beverages tobacco narcotics,L_2020,Chain linked - reference year 2020,N,Raw data,2025M12,Dec-25,2023,3664.1
A,Annual,ITE1,Toscana,P31_D_W2_S14,Final consumption expenditure of resident and non-resident households on the economic  territory,CP01_13,Total,L_2020,Chain linked - reference year 2020,N,Raw data,2025M12,Dec-25,2010,75783.3
A,Annual,ITE1,Toscana,P31_D_W2_S14,Final consumption expenditure of resident and non-resident households on the economic  territory,CP01_13,Total,L_2020,Chain linked - reference year 2020,N,Raw data,2025M12,Dec-25,2011,76134.5
A,Annual,ITE1,Toscana,P31_D_W2_S14,Final consumption expenditure of resident and non-resident households on the economic  territory,CP01_13,Total,L_2020,Chain linked - reference year 2020,N,Raw data,2025M12,Dec-25,2012,73305.5
A,Annual,ITE1,Toscana,P31_D_W2_S14,Final consumption expenditure of resident and non-resident households on the economic  territory,CP01_13,Total,L_2020,Chain linked - reference year 2020,N,Raw data,2025M12,Dec-25,2013,71751.8
A,Annual,ITE1,Toscana,P31_D_W2_S14,Final consumption expenditure of resident and non-resident households on the economic  territory,CP01_13,Total,L_2020,Chain linked - reference year 2020,N,Raw data,2025M12,Dec-25,2014,72228.8
A,Annual,ITE1,Toscana,P31_D_W2_S14,Final consumption expenditure of resident and non-resident households on the economic  territory,CP01_13,Total,L_2020,Chain linked - reference year 2020,N,Raw data,2025M12,Dec-25,2015,73845.9
A,Annual,ITE1,Toscana,P31_D_W2_S14,Final consumption expenditure of resident and non-resident households on the economic  territory,CP01_13,Total,L_2020,Chain linked - reference year 2020,N,Raw data,2025M12,Dec-25,2016,74216.3
A,Annual,ITE1,Toscana,P31_D_W2_S14,Final consumption expenditure of resident and non-resident households on the economic  territory,CP01_13,Total,L_2020,Chain linked - reference year 2020,N,Raw data,2025M12,Dec-25,2017,75179.7
A,Annual,ITE1,Toscana,P31_D_W2_S14,Final consumption expenditure of resident and non-resident households on the economic  territory,CP01_13,Total,L_2020,Chain linked - reference year 2020,N,Raw data,2025M12,Dec-25,2018,75623.8
A,Annual,ITE1,Toscana,P31_D_W2_S14,Final consumption expenditure of resident and non-resident households on the economic  territory,CP01_13,Total,L_2020,Chain linked - reference year 2020,N,Raw data,2025M12,Dec-25,2019,75580.4
A,Annual,ITE1,Toscana,P31_D_W2_S14,Final consumption expenditure of resident and non-resident households on the economic  territory,CP01_13,Total,L_2020,Chain linked - reference year 2020,N,Raw data,2025M12,Dec-25,2020,66325.3
A,Annual,ITE1,Toscana,P31_D_W2_S14,Final consumption expenditure of resident and non-resident households on the economic  territory,CP01_13,Total,L_2020,Chain linked - reference year 2020,N,Raw data,2025M12,Dec-25,2021,70057.8
A,Annual,ITE1,Toscana,P31_D_W2_S14,Final consumption expenditure of resident and non-resident households on the economic  territory,CP01_13,Total,L_2020,Chain linked - reference year 2020,N,Raw data,2025M12,Dec-25,2022,74737.1
A,Annual,ITE1,Toscana,P31_D_W2_S14,Final consumption expenditure of resident and non-resident households on the economic  territory,CP01_13,Total,L_2020,Chain linked - reference year 2020,N,Raw data,2025M12,Dec-25,2023,75535
A,Annual,ITE1,Toscana,P31_D_W2_S14,Final consumption expenditure of resident and non-resident households on the economic  territory,CP01_13,Total,L_2020,Chain linked - reference year 2020,N,Raw data,2025M12,Dec-25,2024,76151.6
A,Annual,ITE1,Toscana,P31_D_W2_S14,Final consumption expenditure of resident and non-resident households on the economic  territory,CP02,Alcoholic beverages tobacco narcotics,L_2020,Chain linked - reference year 2020,N,Raw data,2025M12,Dec-25,2010,3035
A,Annual,ITE1,Toscana,P31_D_W2_S14,Final consumption expenditure of resident and non-resident households on the economic  territory,CP02,Alcoholic beverages tobacco narcotics,L_2020,Chain linked - reference year 2020,N,Raw data,2025M12,Dec-25,2011,3017.4
A,Annual,ITE1,Toscana,P31_D_W2_S14,Final consumption expenditure of resident and non-resident households on the economic  territory,CP02,Alcoholic beverages tobacco narcotics,L_2020,Chain linked - reference year 2020,N,Raw data,2025M12,Dec-25,2012,3037.6
A,Annual,ITE1,Toscana,P31_D_W2_S14,Final consumption expenditure of resident and non-resident households on the economic  territory,CP02,Alcoholic beverages tobacco narcotics,L_2020,Chain linked - reference year 2020,N,Raw data,2025M12,Dec-25,2013,2937.7
A,Annual,ITE1,Toscana,P31_D_W2_S14,Final consumption expenditure of resident and non-resident households on the economic  territory,CP02,Alcoholic beverages tobacco narcotics,L_2020,Chain linked - reference year 2020,N,Raw data,2025M12,Dec-25,2014,2813.7
A,Annual,ITE1,Toscana,P31_D_W2_S14,Final consumption expenditure of resident and non-resident households on the economic  territory,CP02,Alcoholic beverages tobacco narcotics,L_2020,Chain linked - reference year 2020,N,Raw data,2025M12,Dec-25,2015,2872.5
A,Annual,ITE1,Toscana,P31_D_W2_S14,Final consumption expenditure of resident and non-resident households on the economic  territory,CP02,Alcoholic beverages tobacco narcotics,L_2020,Chain linked - reference year 2020,N,Raw data,2025M12,Dec-25,2016,2934.4
A,Annual,ITE1,Toscana,P31_D_W2_S14,Final consumption expenditure of resident and non-resident households on the economic  territory,CP02,Alcoholic beverages tobacco narcotics,L_2020,Chain linked - reference year 2020,N,Raw data,2025M12,Dec-25,2017,2965.6
A,Annual,ITE1,Toscana,P31_D_W2_S14,Final consumption expenditure of resident and non-resident households on the economic  territory,CP02,Alcoholic beverages tobacco narcotics,L_2020,Chain linked - reference year 2020,N,Raw data,2025M12,Dec-25,2018,2967.5
A,Annual,ITE1,Toscana,P31_D_W2_S14,Final consumption expenditure of resident and non-resident households on the economic  territory,CP02,Alcoholic beverages tobacco narcotics,L_2020,Chain linked - reference year 2020,N,Raw data,2025M12,Dec-25,2019,2982.1
A,Annual,ITE1,Toscana,P31_D_W2_S14,Final consumption expenditure of resident and non-resident households on the economic  territory,CP02,Alcoholic beverages tobacco narcotics,L_2020,Chain linked - reference year 2020,N,Raw data,2025M12,Dec-25,2020,2830.4
A,Annual,ITE1,Toscana,P31_D_W2_S14,Final consumption expenditure of resident and non-resident households on the economic  territory,CP02,Alcoholic beverages tobacco narcotics,L_2020,Chain linked - reference year 2020,N,Raw data,2025M12,Dec-25,2021,2907.3
A,Annual,ITE1,Toscana,P31_D_W2_S14,Final consumption expenditure of resident and non-resident households on the economic  territory,CP02,Alcoholic beverages tobacco narcotics,L_2020,Chain linked - reference year 2020,N,Raw data,2025M12,Dec-25,2022,3006
A,Annual,ITE1,Toscana,P31_D_W2_S14,Final consumption expenditure of resident and non-resident households on the economic  territory,CP02,Alcoholic beverages tobacco narcotics,L_2020,Chain linked - reference year 2020,N,Raw data,2025M12,Dec-25,2023,3006
A,Annual,ITE2,Umbria,P31_D_W2_S14,Final consumption expenditure of resident and non-resident households on the economic  territory,CP01_13,Total,L_2020,Chain linked - reference year 2020,N,Raw data,2025M12,Dec-25,2010,15641.1
A,Annual,ITE2,Umbria,P31_D_W2_S14,Final consumption expenditure of resident and non-resident households on the economic  territory,CP01_13,Total,L_2020,Chain linked - reference year 2020,N,Raw data,2025M12,Dec-25,2011,15298
A,Annual,ITE2,Umbria,P31_D_W2_S14,Final consumption expenditure of resident and non-resident households on the economic  territory,CP01_13,Total,L_2020,Chain linked - reference year 2020,N,Raw data,2025M12,Dec-25,2012,14756.4
A,Annual,ITE2,Umbria,P31_D_W2_S14,Final consumption expenditure of resident and non-resident households on the economic  territory,CP01_13,Total,L_2020,Chain linked - reference year 2020,N,Raw data,2025M12,Dec-25,2013,14401.6
A,Annual,ITE2,Umbria,P31_D_W2_S14,Final consumption expenditure of resident and non-resident households on the economic  territory,CP01_13,Total,L_2020,Chain linked - reference year 2020,N,Raw data,2025M12,Dec-25,2014,14372.2
A,Annual,ITE2,Umbria,P31_D_W2_S14,Final consumption expenditure of resident and non-resident households on the economic  territory,CP01_13,Total,L_2020,Chain linked - reference year 2020,N,Raw data,2025M12,Dec-25,2015,14733.6
A,Annual,ITE2,Umbria,P31_D_W2_S14,Final consumption expenditure of resident and non-resident households on the economic  territory,CP01_13,Total,L_2020,Chain linked - reference year 2020,N,Raw data,2025M12,Dec-25,2016,14823.9
A,Annual,ITE2,Umbria,P31_D_W2_S14,Final consumption expenditure of resident and non-resident households on the economic  territory,CP01_13,Total,L_2020,Chain linked - reference year 2020,N,Raw data,2025M12,Dec-25,2017,14958.7
A,Annual,ITE2,Umbria,P31_D_W2_S14,Final consumption expenditure of resident and non-resident households on the economic  territory,CP01_13,Total,L_2020,Chain linked - reference year 2020,N,Raw data,2025M12,Dec-25,2018,15133.4
A,Annual,ITE2,Umbria,P31_D_W2_S14,Final consumption expenditure of resident and non-resident households on the economic  territory,CP01_13,Total,L_2020,Chain linked - reference year 2020,N,Raw data,2025M12,Dec-25,2019,15177.1
A,Annual,ITE2,Umbria,P31_D_W2_S14,Final consumption expenditure of resident and non-resident households on the economic  territory,CP01_13,Total,L_2020,Chain linked - reference year 2020,N,Raw data,2025M12,Dec-25,2020,13595.2
A,Annual,ITE2,Umbria,P31_D_W2_S14,Final consumption expenditure of resident and non-resident households on the economic  territory,CP01_13,Total,L_2020,Chain linked - reference year 2020,N,Raw data,2025M12,Dec-25,2021,14288.9
A,Annual,ITE2,Umbria,P31_D_W2_S14,Final consumption expenditure of resident and non-resident households on the economic  territory,CP01_13,Total,L_2020,Chain linked - reference year 2020,N,Raw data,2025M12,Dec-25,2022,15012.6
A,Annual,ITE2,Umbria,P31_D_W2_S14,Final consumption expenditure of resident and non-resident households on the economic  territory,CP01_13,Total,L_2020,Chain linked - reference year 2020,N,Raw data,2025M12,Dec-25,2023,15014.1
A,Annual,ITE2,Umbria,P31_D_W2_S14,Final consumption expenditure of resident and non-resident households on the economic  territory,CP01_13,Total,L_2020,Chain linked - reference year 2020,N,Raw data,2025M12,Dec-25,2024,15064.2
A,Annual,ITE2,Umbria,P31_D_W2_S14,Final consumption expenditure of resident and non-resident households on the economic  territory,CP02,Alcoholic beverages tobacco narcotics,L_2020,Chain linked - reference year 2020,N,Raw data,2025M12,Dec-25,2010,703.7
A,Annual,ITE2,Umbria,P31_D_W2_S14,Final consumption expenditure of resident and non-resident households on the economic  territory,CP02,Alcoholic beverages tobacco narcotics,L_2020,Chain linked - reference year 2020,N,Raw data,2025M12,Dec-25,2011,681.8
A,Annual,ITE2,Umbria,P31_D_W2_S14,Final consumption expenditure of resident and non-resident households on the economic  territory,CP02,Alcoholic beverages tobacco narcotics,L_2020,Chain linked - reference year 2020,N,Raw data,2025M12,Dec-25,2012,683.8
A,Annual,ITE2,Umbria,P31_D_W2_S14,Final consumption expenditure of resident and non-resident households on the economic  territory,CP02,Alcoholic beverages tobacco narcotics,L_2020,Chain linked - reference year 2020,N,Raw data,2025M12,Dec-25,2013,670.6
A,Annual,ITE2,Umbria,P31_D_W2_S14,Final consumption expenditure of resident and non-resident households on the economic  territory,CP02,Alcoholic beverages tobacco narcotics,L_2020,Chain linked - reference year 2020,N,Raw data,2025M12,Dec-25,2014,635.4
A,Annual,ITE2,Umbria,P31_D_W2_S14,Final consumption expenditure of resident and non-resident households on the economic  territory,CP02,Alcoholic beverages tobacco narcotics,L_2020,Chain linked - reference year 2020,N,Raw data,2025M12,Dec-25,2015,651.4
A,Annual,ITE2,Umbria,P31_D_W2_S14,Final consumption expenditure of resident and non-resident households on the economic  territory,CP02,Alcoholic beverages tobacco narcotics,L_2020,Chain linked - reference year 2020,N,Raw data,2025M12,Dec-25,2016,670.7
A,Annual,ITE2,Umbria,P31_D_W2_S14,Final consumption expenditure of resident and non-resident households on the economic  territory,CP02,Alcoholic beverages tobacco narcotics,L_2020,Chain linked - reference year 2020,N,Raw data,2025M12,Dec-25,2017,674.8
A,Annual,ITE2,Umbria,P31_D_W2_S14,Final consumption expenditure of resident and non-resident households on the economic  territory,CP02,Alcoholic beverages tobacco narcotics,L_2020,Chain linked - reference year 2020,N,Raw data,2025M12,Dec-25,2018,670.5
A,Annual,ITE2,Umbria,P31_D_W2_S14,Final consumption expenditure of resident and non-resident households on the economic  territory,CP02,Alcoholic beverages tobacco narcotics,L_2020,Chain linked - reference year 2020,N,Raw data,2025M12,Dec-25,2019,674.9
A,Annual,ITE2,Umbria,P31_D_W2_S14,Final consumption expenditure of resident and non-resident households on the economic  territory,CP02,Alcoholic beverages tobacco narcotics,L_2020,Chain linked - reference year 2020,N,Raw data,2025M12,Dec-25,2020,645.6
A,Annual,ITE2,Umbria,P31_D_W2_S14,Final consumption expenditure of resident and non-resident households on the economic  territory,CP02,Alcoholic beverages tobacco narcotics,L_2020,Chain linked - reference year 2020,N,Raw data,2025M12,Dec-25,2021,674.8
A,Annual,ITE2,Umbria,P31_D_W2_S14,Final consumption expenditure of resident and non-resident households on the economic  territory,CP02,Alcoholic beverages tobacco narcotics,L_2020,Chain linked - reference year 2020,N,Raw data,2025M12,Dec-25,2022,696.3
A,Annual,ITE2,Umbria,P31_D_W2_S14,Final consumption expenditure of resident and non-resident households on the economic  territory,CP02,Alcoholic beverages tobacco narcotics,L_2020,Chain linked - reference year 2020,N,Raw data,2025M12,Dec-25,2023,700.9
A,Annual,ITE3,Marche,P31_D_W2_S14,Final consumption expenditure of resident and non-resident households on the economic  territory,CP01_13,Total,L_2020,Chain linked - reference year 2020,N,Raw data,2025M12,Dec-25,2010,27964.4
A,Annual,ITE3,Marche,P31_D_W2_S14,Final consumption expenditure of resident and non-resident households on the economic  territory,CP01_13,Total,L_2020,Chain linked - reference year 2020,N,Raw data,2025M12,Dec-25,2011,27545.1
A,Annual,ITE3,Marche,P31_D_W2_S14,Final consumption expenditure of resident and non-resident households on the economic  territory,CP01_13,Total,L_2020,Chain linked - reference year 2020,N,Raw data,2025M12,Dec-25,2012,26484.8
A,Annual,ITE3,Marche,P31_D_W2_S14,Final consumption expenditure of resident and non-resident households on the economic  territory,CP01_13,Total,L_2020,Chain linked - reference year 2020,N,Raw data,2025M12,Dec-25,2013,25818.1
A,Annual,ITE3,Marche,P31_D_W2_S14,Final consumption expenditure of resident and non-resident households on the economic  territory,CP01_13,Total,L_2020,Chain linked - reference year 2020,N,Raw data,2025M12,Dec-25,2014,25711
A,Annual,ITE3,Marche,P31_D_W2_S14,Final consumption expenditure of resident and non-resident households on the economic  territory,CP01_13,Total,L_2020,Chain linked - reference year 2020,N,Raw data,2025M12,Dec-25,2015,26077.9
A,Annual,ITE3,Marche,P31_D_W2_S14,Final consumption expenditure of resident and non-resident households on the economic  territory,CP01_13,Total,L_2020,Chain linked - reference year 2020,N,Raw data,2025M12,Dec-25,2016,26067.3
A,Annual,ITE3,Marche,P31_D_W2_S14,Final consumption expenditure of resident and non-resident households on the economic  territory,CP01_13,Total,L_2020,Chain linked - reference year 2020,N,Raw data,2025M12,Dec-25,2017,26325.6
A,Annual,ITE3,Marche,P31_D_W2_S14,Final consumption expenditure of resident and non-resident households on the economic  territory,CP01_13,Total,L_2020,Chain linked - reference year 2020,N,Raw data,2025M12,Dec-25,2018,26521.5
A,Annual,ITE3,Marche,P31_D_W2_S14,Final consumption expenditure of resident and non-resident households on the economic  territory,CP01_13,Total,L_2020,Chain linked - reference year 2020,N,Raw data,2025M12,Dec-25,2019,26558.8
A,Annual,ITE3,Marche,P31_D_W2_S14,Final consumption expenditure of resident and non-resident households on the economic  territory,CP01_13,Total,L_2020,Chain linked - reference year 2020,N,Raw data,2025M12,Dec-25,2020,23592
A,Annual,ITE3,Marche,P31_D_W2_S14,Final consumption expenditure of resident and non-resident households on the economic  territory,CP01_13,Total,L_2020,Chain linked - reference year 2020,N,Raw data,2025M12,Dec-25,2021,24953.5
A,Annual,ITE3,Marche,P31_D_W2_S14,Final consumption expenditure of resident and non-resident households on the economic  territory,CP01_13,Total,L_2020,Chain linked - reference year 2020,N,Raw data,2025M12,Dec-25,2022,26454.2
A,Annual,ITE3,Marche,P31_D_W2_S14,Final consumption expenditure of resident and non-resident households on the economic  territory,CP01_13,Total,L_2020,Chain linked - reference year 2020,N,Raw data,2025M12,Dec-25,2023,26638.8
A,Annual,ITE3,Marche,P31_D_W2_S14,Final consumption expenditure of resident and non-resident households on the economic  territory,CP01_13,Total,L_2020,Chain linked - reference year 2020,N,Raw data,2025M12,Dec-25,2024,26787.2
A,Annual,ITE3,Marche,P31_D_W2_S14,Final consumption expenditure of resident and non-resident households on the economic  territory,CP02,Alcoholic beverages tobacco narcotics,L_2020,Chain linked - reference year 2020,N,Raw data,2025M12,Dec-25,2010,1173.2
A,Annual,ITE3,Marche,P31_D_W2_S14,Final consumption expenditure of resident and non-resident households on the economic  territory,CP02,Alcoholic beverages tobacco narcotics,L_2020,Chain linked - reference year 2020,N,Raw data,2025M12,Dec-25,2011,1130.5
A,Annual,ITE3,Marche,P31_D_W2_S14,Final consumption expenditure of resident and non-resident households on the economic  territory,CP02,Alcoholic beverages tobacco narcotics,L_2020,Chain linked - reference year 2020,N,Raw data,2025M12,Dec-25,2012,1139
A,Annual,ITE3,Marche,P31_D_W2_S14,Final consumption expenditure of resident and non-resident households on the economic  territory,CP02,Alcoholic beverages tobacco narcotics,L_2020,Chain linked - reference year 2020,N,Raw data,2025M12,Dec-25,2013,1126.2
A,Annual,ITE3,Marche,P31_D_W2_S14,Final consumption expenditure of resident and non-resident households on the economic  territory,CP02,Alcoholic beverages tobacco narcotics,L_2020,Chain linked - reference year 2020,N,Raw data,2025M12,Dec-25,2014,1055.2
A,Annual,ITE3,Marche,P31_D_W2_S14,Final consumption expenditure of resident and non-resident households on the economic  territory,CP02,Alcoholic beverages tobacco narcotics,L_2020,Chain linked - reference year 2020,N,Raw data,2025M12,Dec-25,2015,1058.8
A,Annual,ITE3,Marche,P31_D_W2_S14,Final consumption expenditure of resident and non-resident households on the economic  territory,CP02,Alcoholic beverages tobacco narcotics,L_2020,Chain linked - reference year 2020,N,Raw data,2025M12,Dec-25,2016,1071.6
A,Annual,ITE3,Marche,P31_D_W2_S14,Final consumption expenditure of resident and non-resident households on the economic  territory,CP02,Alcoholic beverages tobacco narcotics,L_2020,Chain linked - reference year 2020,N,Raw data,2025M12,Dec-25,2017,1082.5
A,Annual,ITE3,Marche,P31_D_W2_S14,Final consumption expenditure of resident and non-resident households on the economic  territory,CP02,Alcoholic beverages tobacco narcotics,L_2020,Chain linked - reference year 2020,N,Raw data,2025M12,Dec-25,2018,1088.7
A,Annual,ITE3,Marche,P31_D_W2_S14,Final consumption expenditure of resident and non-resident households on the economic  territory,CP02,Alcoholic beverages tobacco narcotics,L_2020,Chain linked - reference year 2020,N,Raw data,2025M12,Dec-25,2019,1098.4
A,Annual,ITE3,Marche,P31_D_W2_S14,Final consumption expenditure of resident and non-resident households on the economic  territory,CP02,Alcoholic beverages tobacco narcotics,L_2020,Chain linked - reference year 2020,N,Raw data,2025M12,Dec-25,2020,1035.8
A,Annual,ITE3,Marche,P31_D_W2_S14,Final consumption expenditure of resident and non-resident households on the economic  territory,CP02,Alcoholic beverages tobacco narcotics,L_2020,Chain linked - reference year 2020,N,Raw data,2025M12,Dec-25,2021,1072.4
A,Annual,ITE3,Marche,P31_D_W2_S14,Final consumption expenditure of resident and non-resident households on the economic  territory,CP02,Alcoholic beverages tobacco narcotics,L_2020,Chain linked - reference year 2020,N,Raw data,2025M12,Dec-25,2022,1097.7
A,Annual,ITE3,Marche,P31_D_W2_S14,Final consumption expenditure of resident and non-resident households on the economic  territory,CP02,Alcoholic beverages tobacco narcotics,L_2020,Chain linked - reference year 2020,N,Raw data,2025M12,Dec-25,2023,1096.2
A,Annual,ITE4,Lazio,P31_D_W2_S14,Final consumption expenditure of resident and non-resident households on the economic  territory,CP01_13,Total,L_2020,Chain linked - reference year 2020,N,Raw data,2025M12,Dec-25,2010,106633.1
A,Annual,ITE4,Lazio,P31_D_W2_S14,Final consumption expenditure of resident and non-resident households on the economic  territory,CP01_13,Total,L_2020,Chain linked - reference year 2020,N,Raw data,2025M12,Dec-25,2011,106717.1
A,Annual,ITE4,Lazio,P31_D_W2_S14,Final consumption expenditure of resident and non-resident households on the economic  territory,CP01_13,Total,L_2020,Chain linked - reference year 2020,N,Raw data,2025M12,Dec-25,2012,103204.6
A,Annual,ITE4,Lazio,P31_D_W2_S14,Final consumption expenditure of resident and non-resident households on the economic  territory,CP01_13,Total,L_2020,Chain linked - reference year 2020,N,Raw data,2025M12,Dec-25,2013,101631.4
A,Annual,ITE4,Lazio,P31_D_W2_S14,Final consumption expenditure of resident and non-resident households on the economic  territory,CP01_13,Total,L_2020,Chain linked - reference year 2020,N,Raw data,2025M12,Dec-25,2014,102790.7
A,Annual,ITE4,Lazio,P31_D_W2_S14,Final consumption expenditure of resident and non-resident households on the economic  territory,CP01_13,Total,L_2020,Chain linked - reference year 2020,N,Raw data,2025M12,Dec-25,2015,104681.6
A,Annual,ITE4,Lazio,P31_D_W2_S14,Final consumption expenditure of resident and non-resident households on the economic  territory,CP01_13,Total,L_2020,Chain linked - reference year 2020,N,Raw data,2025M12,Dec-25,2016,105735.4
A,Annual,ITE4,Lazio,P31_D_W2_S14,Final consumption expenditure of resident and non-resident households on the economic  territory,CP01_13,Total,L_2020,Chain linked - reference year 2020,N,Raw data,2025M12,Dec-25,2017,108046.8
A,Annual,ITE4,Lazio,P31_D_W2_S14,Final consumption expenditure of resident and non-resident households on the economic  territory,CP01_13,Total,L_2020,Chain linked - reference year 2020,N,Raw data,2025M12,Dec-25,2018,109493
A,Annual,ITE4,Lazio,P31_D_W2_S14,Final consumption expenditure of resident and non-resident households on the economic  territory,CP01_13,Total,L_2020,Chain linked - reference year 2020,N,Raw data,2025M12,Dec-25,2019,109959.4
A,Annual,ITE4,Lazio,P31_D_W2_S14,Final consumption expenditure of resident and non-resident households on the economic  territory,CP01_13,Total,L_2020,Chain linked - reference year 2020,N,Raw data,2025M12,Dec-25,2020,97468.7
A,Annual,ITE4,Lazio,P31_D_W2_S14,Final consumption expenditure of resident and non-resident households on the economic  territory,CP01_13,Total,L_2020,Chain linked - reference year 2020,N,Raw data,2025M12,Dec-25,2021,104038.5
A,Annual,ITE4,Lazio,P31_D_W2_S14,Final consumption expenditure of resident and non-resident households on the economic  territory,CP01_13,Total,L_2020,Chain linked - reference year 2020,N,Raw data,2025M12,Dec-25,2022,111289.7
A,Annual,ITE4,Lazio,P31_D_W2_S14,Final consumption expenditure of resident and non-resident households on the economic  territory,CP01_13,Total,L_2020,Chain linked - reference year 2020,N,Raw data,2025M12,Dec-25,2023,111927.7
A,Annual,ITE4,Lazio,P31_D_W2_S14,Final consumption expenditure of resident and non-resident households on the economic  territory,CP01_13,Total,L_2020,Chain linked - reference year 2020,N,Raw data,2025M12,Dec-25,2024,112746.4
A,Annual,ITE4,Lazio,P31_D_W2_S14,Final consumption expenditure of resident and non-resident households on the economic  territory,CP02,Alcoholic beverages tobacco narcotics,L_2020,Chain linked - reference year 2020,N,Raw data,2025M12,Dec-25,2010,4904.3
A,Annual,ITE4,Lazio,P31_D_W2_S14,Final consumption expenditure of resident and non-resident households on the economic  territory,CP02,Alcoholic beverages tobacco narcotics,L_2020,Chain linked - reference year 2020,N,Raw data,2025M12,Dec-25,2011,4727.9
A,Annual,ITE4,Lazio,P31_D_W2_S14,Final consumption expenditure of resident and non-resident households on the economic  territory,CP02,Alcoholic beverages tobacco narcotics,L_2020,Chain linked - reference year 2020,N,Raw data,2025M12,Dec-25,2012,4795.8
A,Annual,ITE4,Lazio,P31_D_W2_S14,Final consumption expenditure of resident and non-resident households on the economic  territory,CP02,Alcoholic beverages tobacco narcotics,L_2020,Chain linked - reference year 2020,N,Raw data,2025M12,Dec-25,2013,4783.9
A,Annual,ITE4,Lazio,P31_D_W2_S14,Final consumption expenditure of resident and non-resident households on the economic  territory,CP02,Alcoholic beverages tobacco narcotics,L_2020,Chain linked - reference year 2020,N,Raw data,2025M12,Dec-25,2014,4658
A,Annual,ITE4,Lazio,P31_D_W2_S14,Final consumption expenditure of resident and non-resident households on the economic  territory,CP02,Alcoholic beverages tobacco narcotics,L_2020,Chain linked - reference year 2020,N,Raw data,2025M12,Dec-25,2015,4787.6
A,Annual,ITE4,Lazio,P31_D_W2_S14,Final consumption expenditure of resident and non-resident households on the economic  territory,CP02,Alcoholic beverages tobacco narcotics,L_2020,Chain linked - reference year 2020,N,Raw data,2025M12,Dec-25,2016,4906.7
A,Annual,ITE4,Lazio,P31_D_W2_S14,Final consumption expenditure of resident and non-resident households on the economic  territory,CP02,Alcoholic beverages tobacco narcotics,L_2020,Chain linked - reference year 2020,N,Raw data,2025M12,Dec-25,2017,5004.9
A,Annual,ITE4,Lazio,P31_D_W2_S14,Final consumption expenditure of resident and non-resident households on the economic  territory,CP02,Alcoholic beverages tobacco narcotics,L_2020,Chain linked - reference year 2020,N,Raw data,2025M12,Dec-25,2018,5042
A,Annual,ITE4,Lazio,P31_D_W2_S14,Final consumption expenditure of resident and non-resident households on the economic  territory,CP02,Alcoholic beverages tobacco narcotics,L_2020,Chain linked - reference year 2020,N,Raw data,2025M12,Dec-25,2019,5073.8
A,Annual,ITE4,Lazio,P31_D_W2_S14,Final consumption expenditure of resident and non-resident households on the economic  territory,CP02,Alcoholic beverages tobacco narcotics,L_2020,Chain linked - reference year 2020,N,Raw data,2025M12,Dec-25,2020,4796.7
A,Annual,ITE4,Lazio,P31_D_W2_S14,Final consumption expenditure of resident and non-resident households on the economic  territory,CP02,Alcoholic beverages tobacco narcotics,L_2020,Chain linked - reference year 2020,N,Raw data,2025M12,Dec-25,2021,5036.6
A,Annual,ITE4,Lazio,P31_D_W2_S14,Final consumption expenditure of resident and non-resident households on the economic  territory,CP02,Alcoholic beverages tobacco narcotics,L_2020,Chain linked - reference year 2020,N,Raw data,2025M12,Dec-25,2022,5212.4
A,Annual,ITE4,Lazio,P31_D_W2_S14,Final consumption expenditure of resident and non-resident households on the economic  territory,CP02,Alcoholic beverages tobacco narcotics,L_2020,Chain linked - reference year 2020,N,Raw data,2025M12,Dec-25,2023,5251.9
A,Annual,ITF1,Abruzzo,P31_D_W2_S14,Final consumption expenditure of resident and non-resident households on the economic  territory,CP01_13,Total,L_2020,Chain linked - reference year 2020,N,Raw data,2025M12,Dec-25,2010,22729
A,Annual,ITF1,Abruzzo,P31_D_W2_S14,Final consumption expenditure of resident and non-resident households on the economic  territory,CP01_13,Total,L_2020,Chain linked - reference year 2020,N,Raw data,2025M12,Dec-25,2011,22520.5
A,Annual,ITF1,Abruzzo,P31_D_W2_S14,Final consumption expenditure of resident and non-resident households on the economic  territory,CP01_13,Total,L_2020,Chain linked - reference year 2020,N,Raw data,2025M12,Dec-25,2012,21424.6
A,Annual,ITF1,Abruzzo,P31_D_W2_S14,Final consumption expenditure of resident and non-resident households on the economic  territory,CP01_13,Total,L_2020,Chain linked - reference year 2020,N,Raw data,2025M12,Dec-25,2013,20811.7
A,Annual,ITF1,Abruzzo,P31_D_W2_S14,Final consumption expenditure of resident and non-resident households on the economic  territory,CP01_13,Total,L_2020,Chain linked - reference year 2020,N,Raw data,2025M12,Dec-25,2014,20514.6
A,Annual,ITF1,Abruzzo,P31_D_W2_S14,Final consumption expenditure of resident and non-resident households on the economic  territory,CP01_13,Total,L_2020,Chain linked - reference year 2020,N,Raw data,2025M12,Dec-25,2015,20827.3
A,Annual,ITF1,Abruzzo,P31_D_W2_S14,Final consumption expenditure of resident and non-resident households on the economic  territory,CP01_13,Total,L_2020,Chain linked - reference year 2020,N,Raw data,2025M12,Dec-25,2016,20891.6
A,Annual,ITF1,Abruzzo,P31_D_W2_S14,Final consumption expenditure of resident and non-resident households on the economic  territory,CP01_13,Total,L_2020,Chain linked - reference year 2020,N,Raw data,2025M12,Dec-25,2017,21206.8
A,Annual,ITF1,Abruzzo,P31_D_W2_S14,Final consumption expenditure of resident and non-resident households on the economic  territory,CP01_13,Total,L_2020,Chain linked - reference year 2020,N,Raw data,2025M12,Dec-25,2018,21319
A,Annual,ITF1,Abruzzo,P31_D_W2_S14,Final consumption expenditure of resident and non-resident households on the economic  territory,CP01_13,Total,L_2020,Chain linked - reference year 2020,N,Raw data,2025M12,Dec-25,2019,21378.6
A,Annual,ITF1,Abruzzo,P31_D_W2_S14,Final consumption expenditure of resident and non-resident households on the economic  territory,CP01_13,Total,L_2020,Chain linked - reference year 2020,N,Raw data,2025M12,Dec-25,2020,19215
A,Annual,ITF1,Abruzzo,P31_D_W2_S14,Final consumption expenditure of resident and non-resident households on the economic  territory,CP01_13,Total,L_2020,Chain linked - reference year 2020,N,Raw data,2025M12,Dec-25,2021,20276.7
A,Annual,ITF1,Abruzzo,P31_D_W2_S14,Final consumption expenditure of resident and non-resident households on the economic  territory,CP01_13,Total,L_2020,Chain linked - reference year 2020,N,Raw data,2025M12,Dec-25,2022,21342.1
A,Annual,ITF1,Abruzzo,P31_D_W2_S14,Final consumption expenditure of resident and non-resident households on the economic  territory,CP01_13,Total,L_2020,Chain linked - reference year 2020,N,Raw data,2025M12,Dec-25,2023,21501.1
A,Annual,ITF1,Abruzzo,P31_D_W2_S14,Final consumption expenditure of resident and non-resident households on the economic  territory,CP01_13,Total,L_2020,Chain linked - reference year 2020,N,Raw data,2025M12,Dec-25,2024,21660.1
A,Annual,ITF1,Abruzzo,P31_D_W2_S14,Final consumption expenditure of resident and non-resident households on the economic  territory,CP02,Alcoholic beverages tobacco narcotics,L_2020,Chain linked - reference year 2020,N,Raw data,2025M12,Dec-25,2010,977.8
A,Annual,ITF1,Abruzzo,P31_D_W2_S14,Final consumption expenditure of resident and non-resident households on the economic  territory,CP02,Alcoholic beverages tobacco narcotics,L_2020,Chain linked - reference year 2020,N,Raw data,2025M12,Dec-25,2011,960
A,Annual,ITF1,Abruzzo,P31_D_W2_S14,Final consumption expenditure of resident and non-resident households on the economic  territory,CP02,Alcoholic beverages tobacco narcotics,L_2020,Chain linked - reference year 2020,N,Raw data,2025M12,Dec-25,2012,977.3
A,Annual,ITF1,Abruzzo,P31_D_W2_S14,Final consumption expenditure of resident and non-resident households on the economic  territory,CP02,Alcoholic beverages tobacco narcotics,L_2020,Chain linked - reference year 2020,N,Raw data,2025M12,Dec-25,2013,962.7
A,Annual,ITF1,Abruzzo,P31_D_W2_S14,Final consumption expenditure of resident and non-resident households on the economic  territory,CP02,Alcoholic beverages tobacco narcotics,L_2020,Chain linked - reference year 2020,N,Raw data,2025M12,Dec-25,2014,910.1
A,Annual,ITF1,Abruzzo,P31_D_W2_S14,Final consumption expenditure of resident and non-resident households on the economic  territory,CP02,Alcoholic beverages tobacco narcotics,L_2020,Chain linked - reference year 2020,N,Raw data,2025M12,Dec-25,2015,921
A,Annual,ITF1,Abruzzo,P31_D_W2_S14,Final consumption expenditure of resident and non-resident households on the economic  territory,CP02,Alcoholic beverages tobacco narcotics,L_2020,Chain linked - reference year 2020,N,Raw data,2025M12,Dec-25,2016,934
A,Annual,ITF1,Abruzzo,P31_D_W2_S14,Final consumption expenditure of resident and non-resident households on the economic  territory,CP02,Alcoholic beverages tobacco narcotics,L_2020,Chain linked - reference year 2020,N,Raw data,2025M12,Dec-25,2017,938.2
A,Annual,ITF1,Abruzzo,P31_D_W2_S14,Final consumption expenditure of resident and non-resident households on the economic  territory,CP02,Alcoholic beverages tobacco narcotics,L_2020,Chain linked - reference year 2020,N,Raw data,2025M12,Dec-25,2018,942.9
A,Annual,ITF1,Abruzzo,P31_D_W2_S14,Final consumption expenditure of resident and non-resident households on the economic  territory,CP02,Alcoholic beverages tobacco narcotics,L_2020,Chain linked - reference year 2020,N,Raw data,2025M12,Dec-25,2019,952.9
A,Annual,ITF1,Abruzzo,P31_D_W2_S14,Final consumption expenditure of resident and non-resident households on the economic  territory,CP02,Alcoholic beverages tobacco narcotics,L_2020,Chain linked - reference year 2020,N,Raw data,2025M12,Dec-25,2020,900.2
A,Annual,ITF1,Abruzzo,P31_D_W2_S14,Final consumption expenditure of resident and non-resident households on the economic  territory,CP02,Alcoholic beverages tobacco narcotics,L_2020,Chain linked - reference year 2020,N,Raw data,2025M12,Dec-25,2021,939.1
A,Annual,ITF1,Abruzzo,P31_D_W2_S14,Final consumption expenditure of resident and non-resident households on the economic  territory,CP02,Alcoholic beverages tobacco narcotics,L_2020,Chain linked - reference year 2020,N,Raw data,2025M12,Dec-25,2022,973.1
A,Annual,ITF1,Abruzzo,P31_D_W2_S14,Final consumption expenditure of resident and non-resident households on the economic  territory,CP02,Alcoholic beverages tobacco narcotics,L_2020,Chain linked - reference year 2020,N,Raw data,2025M12,Dec-25,2023,970.6
A,Annual,ITF2,Molise,P31_D_W2_S14,Final consumption expenditure of resident and non-resident households on the economic  territory,CP01_13,Total,L_2020,Chain linked - reference year 2020,N,Raw data,2025M12,Dec-25,2010,4821.9
A,Annual,ITF2,Molise,P31_D_W2_S14,Final consumption expenditure of resident and non-resident households on the economic  territory,CP01_13,Total,L_2020,Chain linked - reference year 2020,N,Raw data,2025M12,Dec-25,2011,4950.8
A,Annual,ITF2,Molise,P31_D_W2_S14,Final consumption expenditure of resident and non-resident households on the economic  territory,CP01_13,Total,L_2020,Chain linked - reference year 2020,N,Raw data,2025M12,Dec-25,2012,4765.6
A,Annual,ITF2,Molise,P31_D_W2_S14,Final consumption expenditure of resident and non-resident households on the economic  territory,CP01_13,Total,L_2020,Chain linked - reference year 2020,N,Raw data,2025M12,Dec-25,2013,4581.1
A,Annual,ITF2,Molise,P31_D_W2_S14,Final consumption expenditure of resident and non-resident households on the economic  territory,CP01_13,Total,L_2020,Chain linked - reference year 2020,N,Raw data,2025M12,Dec-25,2014,4580.4
A,Annual,ITF2,Molise,P31_D_W2_S14,Final consumption expenditure of resident and non-resident households on the economic  territory,CP01_13,Total,L_2020,Chain linked - reference year 2020,N,Raw data,2025M12,Dec-25,2015,4673.2
A,Annual,ITF2,Molise,P31_D_W2_S14,Final consumption expenditure of resident and non-resident households on the economic  territory,CP01_13,Total,L_2020,Chain linked - reference year 2020,N,Raw data,2025M12,Dec-25,2016,4689.1
A,Annual,ITF2,Molise,P31_D_W2_S14,Final consumption expenditure of resident and non-resident households on the economic  territory,CP01_13,Total,L_2020,Chain linked - reference year 2020,N,Raw data,2025M12,Dec-25,2017,4764.9
A,Annual,ITF2,Molise,P31_D_W2_S14,Final consumption expenditure of resident and non-resident households on the economic  territory,CP01_13,Total,L_2020,Chain linked - reference year 2020,N,Raw data,2025M12,Dec-25,2018,4793.6
A,Annual,ITF2,Molise,P31_D_W2_S14,Final consumption expenditure of resident and non-resident households on the economic  territory,CP01_13,Total,L_2020,Chain linked - reference year 2020,N,Raw data,2025M12,Dec-25,2019,4811.1
A,Annual,ITF2,Molise,P31_D_W2_S14,Final consumption expenditure of resident and non-resident households on the economic  territory,CP01_13,Total,L_2020,Chain linked - reference year 2020,N,Raw data,2025M12,Dec-25,2020,4400.3
A,Annual,ITF2,Molise,P31_D_W2_S14,Final consumption expenditure of resident and non-resident households on the economic  territory,CP01_13,Total,L_2020,Chain linked - reference year 2020,N,Raw data,2025M12,Dec-25,2021,4707
A,Annual,ITF2,Molise,P31_D_W2_S14,Final consumption expenditure of resident and non-resident households on the economic  territory,CP01_13,Total,L_2020,Chain linked - reference year 2020,N,Raw data,2025M12,Dec-25,2022,4981.8
A,Annual,ITF2,Molise,P31_D_W2_S14,Final consumption expenditure of resident and non-resident households on the economic  territory,CP01_13,Total,L_2020,Chain linked - reference year 2020,N,Raw data,2025M12,Dec-25,2023,5010
A,Annual,ITF2,Molise,P31_D_W2_S14,Final consumption expenditure of resident and non-resident households on the economic  territory,CP01_13,Total,L_2020,Chain linked - reference year 2020,N,Raw data,2025M12,Dec-25,2024,5056.3
A,Annual,ITF2,Molise,P31_D_W2_S14,Final consumption expenditure of resident and non-resident households on the economic  territory,CP02,Alcoholic beverages tobacco narcotics,L_2020,Chain linked - reference year 2020,N,Raw data,2025M12,Dec-25,2010,212.8
A,Annual,ITF2,Molise,P31_D_W2_S14,Final consumption expenditure of resident and non-resident households on the economic  territory,CP02,Alcoholic beverages tobacco narcotics,L_2020,Chain linked - reference year 2020,N,Raw data,2025M12,Dec-25,2011,258
A,Annual,ITF2,Molise,P31_D_W2_S14,Final consumption expenditure of resident and non-resident households on the economic  territory,CP02,Alcoholic beverages tobacco narcotics,L_2020,Chain linked - reference year 2020,N,Raw data,2025M12,Dec-25,2012,254.1
A,Annual,ITF2,Molise,P31_D_W2_S14,Final consumption expenditure of resident and non-resident households on the economic  territory,CP02,Alcoholic beverages tobacco narcotics,L_2020,Chain linked - reference year 2020,N,Raw data,2025M12,Dec-25,2013,248.3
A,Annual,ITF2,Molise,P31_D_W2_S14,Final consumption expenditure of resident and non-resident households on the economic  territory,CP02,Alcoholic beverages tobacco narcotics,L_2020,Chain linked - reference year 2020,N,Raw data,2025M12,Dec-25,2014,235.8
A,Annual,ITF2,Molise,P31_D_W2_S14,Final consumption expenditure of resident and non-resident households on the economic  territory,CP02,Alcoholic beverages tobacco narcotics,L_2020,Chain linked - reference year 2020,N,Raw data,2025M12,Dec-25,2015,240.2
A,Annual,ITF2,Molise,P31_D_W2_S14,Final consumption expenditure of resident and non-resident households on the economic  territory,CP02,Alcoholic beverages tobacco narcotics,L_2020,Chain linked - reference year 2020,N,Raw data,2025M12,Dec-25,2016,246.4
A,Annual,ITF2,Molise,P31_D_W2_S14,Final consumption expenditure of resident and non-resident households on the economic  territory,CP02,Alcoholic beverages tobacco narcotics,L_2020,Chain linked - reference year 2020,N,Raw data,2025M12,Dec-25,2017,250.1
A,Annual,ITF2,Molise,P31_D_W2_S14,Final consumption expenditure of resident and non-resident households on the economic  territory,CP02,Alcoholic beverages tobacco narcotics,L_2020,Chain linked - reference year 2020,N,Raw data,2025M12,Dec-25,2018,250.2
A,Annual,ITF2,Molise,P31_D_W2_S14,Final consumption expenditure of resident and non-resident households on the economic  territory,CP02,Alcoholic beverages tobacco narcotics,L_2020,Chain linked - reference year 2020,N,Raw data,2025M12,Dec-25,2019,253.2
A,Annual,ITF2,Molise,P31_D_W2_S14,Final consumption expenditure of resident and non-resident households on the economic  territory,CP02,Alcoholic beverages tobacco narcotics,L_2020,Chain linked - reference year 2020,N,Raw data,2025M12,Dec-25,2020,238.4
A,Annual,ITF2,Molise,P31_D_W2_S14,Final consumption expenditure of resident and non-resident households on the economic  territory,CP02,Alcoholic beverages tobacco narcotics,L_2020,Chain linked - reference year 2020,N,Raw data,2025M12,Dec-25,2021,249.4
A,Annual,ITF2,Molise,P31_D_W2_S14,Final consumption expenditure of resident and non-resident households on the economic  territory,CP02,Alcoholic beverages tobacco narcotics,L_2020,Chain linked - reference year 2020,N,Raw data,2025M12,Dec-25,2022,258
A,Annual,ITF2,Molise,P31_D_W2_S14,Final consumption expenditure of resident and non-resident households on the economic  territory,CP02,Alcoholic beverages tobacco narcotics,L_2020,Chain linked - reference year 2020,N,Raw data,2025M12,Dec-25,2023,258
A,Annual,ITF3,Campania,P31_D_W2_S14,Final consumption expenditure of resident and non-resident households on the economic  territory,CP01_13,Total,L_2020,Chain linked - reference year 2020,N,Raw data,2025M12,Dec-25,2010,78929.8
A,Annual,ITF3,Campania,P31_D_W2_S14,Final consumption expenditure of resident and non-resident households on the economic  territory,CP01_13,Total,L_2020,Chain linked - reference year 2020,N,Raw data,2025M12,Dec-25,2011,78004.1
A,Annual,ITF3,Campania,P31_D_W2_S14,Final consumption expenditure of resident and non-resident households on the economic  territory,CP01_13,Total,L_2020,Chain linked - reference year 2020,N,Raw data,2025M12,Dec-25,2012,74238.9
A,Annual,ITF3,Campania,P31_D_W2_S14,Final consumption expenditure of resident and non-resident households on the economic  territory,CP01_13,Total,L_2020,Chain linked - reference year 2020,N,Raw data,2025M12,Dec-25,2013,72364
A,Annual,ITF3,Campania,P31_D_W2_S14,Final consumption expenditure of resident and non-resident households on the economic  territory,CP01_13,Total,L_2020,Chain linked - reference year 2020,N,Raw data,2025M12,Dec-25,2014,72073.2
A,Annual,ITF3,Campania,P31_D_W2_S14,Final consumption expenditure of resident and non-resident households on the economic  territory,CP01_13,Total,L_2020,Chain linked - reference year 2020,N,Raw data,2025M12,Dec-25,2015,73052
A,Annual,ITF3,Campania,P31_D_W2_S14,Final consumption expenditure of resident and non-resident households on the economic  territory,CP01_13,Total,L_2020,Chain linked - reference year 2020,N,Raw data,2025M12,Dec-25,2016,73300
A,Annual,ITF3,Campania,P31_D_W2_S14,Final consumption expenditure of resident and non-resident households on the economic  territory,CP01_13,Total,L_2020,Chain linked - reference year 2020,N,Raw data,2025M12,Dec-25,2017,74281.9
A,Annual,ITF3,Campania,P31_D_W2_S14,Final consumption expenditure of resident and non-resident households on the economic  territory,CP01_13,Total,L_2020,Chain linked - reference year 2020,N,Raw data,2025M12,Dec-25,2018,74704.1
A,Annual,ITF3,Campania,P31_D_W2_S14,Final consumption expenditure of resident and non-resident households on the economic  territory,CP01_13,Total,L_2020,Chain linked - reference year 2020,N,Raw data,2025M12,Dec-25,2019,74692
A,Annual,ITF3,Campania,P31_D_W2_S14,Final consumption expenditure of resident and non-resident households on the economic  territory,CP01_13,Total,L_2020,Chain linked - reference year 2020,N,Raw data,2025M12,Dec-25,2020,67189
A,Annual,ITF3,Campania,P31_D_W2_S14,Final consumption expenditure of resident and non-resident households on the economic  territory,CP01_13,Total,L_2020,Chain linked - reference year 2020,N,Raw data,2025M12,Dec-25,2021,71131.1
A,Annual,ITF3,Campania,P31_D_W2_S14,Final consumption expenditure of resident and non-resident households on the economic  territory,CP01_13,Total,L_2020,Chain linked - reference year 2020,N,Raw data,2025M12,Dec-25,2022,75122.9
A,Annual,ITF3,Campania,P31_D_W2_S14,Final consumption expenditure of resident and non-resident households on the economic  territory,CP01_13,Total,L_2020,Chain linked - reference year 2020,N,Raw data,2025M12,Dec-25,2023,75176.8
A,Annual,ITF3,Campania,P31_D_W2_S14,Final consumption expenditure of resident and non-resident households on the economic  territory,CP01_13,Total,L_2020,Chain linked - reference year 2020,N,Raw data,2025M12,Dec-25,2024,75464.5
A,Annual,ITF3,Campania,P31_D_W2_S14,Final consumption expenditure of resident and non-resident households on the economic  territory,CP02,Alcoholic beverages tobacco narcotics,L_2020,Chain linked - reference year 2020,N,Raw data,2025M12,Dec-25,2010,4479.9
A,Annual,ITF3,Campania,P31_D_W2_S14,Final consumption expenditure of resident and non-resident households on the economic  territory,CP02,Alcoholic beverages tobacco narcotics,L_2020,Chain linked - reference year 2020,N,Raw data,2025M12,Dec-25,2011,4283.1
A,Annual,ITF3,Campania,P31_D_W2_S14,Final consumption expenditure of resident and non-resident households on the economic  territory,CP02,Alcoholic beverages tobacco narcotics,L_2020,Chain linked - reference year 2020,N,Raw data,2025M12,Dec-25,2012,4253.6
A,Annual,ITF3,Campania,P31_D_W2_S14,Final consumption expenditure of resident and non-resident households on the economic  territory,CP02,Alcoholic beverages tobacco narcotics,L_2020,Chain linked - reference year 2020,N,Raw data,2025M12,Dec-25,2013,4158.4
A,Annual,ITF3,Campania,P31_D_W2_S14,Final consumption expenditure of resident and non-resident households on the economic  territory,CP02,Alcoholic beverages tobacco narcotics,L_2020,Chain linked - reference year 2020,N,Raw data,2025M12,Dec-25,2014,3975.9
A,Annual,ITF3,Campania,P31_D_W2_S14,Final consumption expenditure of resident and non-resident households on the economic  territory,CP02,Alcoholic beverages tobacco narcotics,L_2020,Chain linked - reference year 2020,N,Raw data,2025M12,Dec-25,2015,4047
A,Annual,ITF3,Campania,P31_D_W2_S14,Final consumption expenditure of resident and non-resident households on the economic  territory,CP02,Alcoholic beverages tobacco narcotics,L_2020,Chain linked - reference year 2020,N,Raw data,2025M12,Dec-25,2016,4176.2
A,Annual,ITF3,Campania,P31_D_W2_S14,Final consumption expenditure of resident and non-resident households on the economic  territory,CP02,Alcoholic beverages tobacco narcotics,L_2020,Chain linked - reference year 2020,N,Raw data,2025M12,Dec-25,2017,4281.7
A,Annual,ITF3,Campania,P31_D_W2_S14,Final consumption expenditure of resident and non-resident households on the economic  territory,CP02,Alcoholic beverages tobacco narcotics,L_2020,Chain linked - reference year 2020,N,Raw data,2025M12,Dec-25,2018,4274.4
A,Annual,ITF3,Campania,P31_D_W2_S14,Final consumption expenditure of resident and non-resident households on the economic  territory,CP02,Alcoholic beverages tobacco narcotics,L_2020,Chain linked - reference year 2020,N,Raw data,2025M12,Dec-25,2019,4300.1
A,Annual,ITF3,Campania,P31_D_W2_S14,Final consumption expenditure of resident and non-resident households on the economic  territory,CP02,Alcoholic beverages tobacco narcotics,L_2020,Chain linked - reference year 2020,N,Raw data,2025M12,Dec-25,2020,4091.1
A,Annual,ITF3,Campania,P31_D_W2_S14,Final consumption expenditure of resident and non-resident households on the economic  territory,CP02,Alcoholic beverages tobacco narcotics,L_2020,Chain linked - reference year 2020,N,Raw data,2025M12,Dec-25,2021,4294.1
A,Annual,ITF3,Campania,P31_D_W2_S14,Final consumption expenditure of resident and non-resident households on the economic  territory,CP02,Alcoholic beverages tobacco narcotics,L_2020,Chain linked - reference year 2020,N,Raw data,2025M12,Dec-25,2022,4442.4
A,Annual,ITF3,Campania,P31_D_W2_S14,Final consumption expenditure of resident and non-resident households on the economic  territory,CP02,Alcoholic beverages tobacco narcotics,L_2020,Chain linked - reference year 2020,N,Raw data,2025M12,Dec-25,2023,4409.9
A,Annual,ITF4,Puglia,P31_D_W2_S14,Final consumption expenditure of resident and non-resident households on the economic  territory,CP01_13,Total,L_2020,Chain linked - reference year 2020,N,Raw data,2025M12,Dec-25,2010,58103.6
A,Annual,ITF4,Puglia,P31_D_W2_S14,Final consumption expenditure of resident and non-resident households on the economic  territory,CP01_13,Total,L_2020,Chain linked - reference year 2020,N,Raw data,2025M12,Dec-25,2011,57903.5
A,Annual,ITF4,Puglia,P31_D_W2_S14,Final consumption expenditure of resident and non-resident households on the economic  territory,CP01_13,Total,L_2020,Chain linked - reference year 2020,N,Raw data,2025M12,Dec-25,2012,54915.9
A,Annual,ITF4,Puglia,P31_D_W2_S14,Final consumption expenditure of resident and non-resident households on the economic  territory,CP01_13,Total,L_2020,Chain linked - reference year 2020,N,Raw data,2025M12,Dec-25,2013,53426.7
A,Annual,ITF4,Puglia,P31_D_W2_S14,Final consumption expenditure of resident and non-resident households on the economic  territory,CP01_13,Total,L_2020,Chain linked - reference year 2020,N,Raw data,2025M12,Dec-25,2014,53285.9
A,Annual,ITF4,Puglia,P31_D_W2_S14,Final consumption expenditure of resident and non-resident households on the economic  territory,CP01_13,Total,L_2020,Chain linked - reference year 2020,N,Raw data,2025M12,Dec-25,2015,54554
A,Annual,ITF4,Puglia,P31_D_W2_S14,Final consumption expenditure of resident and non-resident households on the economic  territory,CP01_13,Total,L_2020,Chain linked - reference year 2020,N,Raw data,2025M12,Dec-25,2016,54921.8
A,Annual,ITF4,Puglia,P31_D_W2_S14,Final consumption expenditure of resident and non-resident households on the economic  territory,CP01_13,Total,L_2020,Chain linked - reference year 2020,N,Raw data,2025M12,Dec-25,2017,55236.9
A,Annual,ITF4,Puglia,P31_D_W2_S14,Final consumption expenditure of resident and non-resident households on the economic  territory,CP01_13,Total,L_2020,Chain linked - reference year 2020,N,Raw data,2025M12,Dec-25,2018,55375.8
A,Annual,ITF4,Puglia,P31_D_W2_S14,Final consumption expenditure of resident and non-resident households on the economic  territory,CP01_13,Total,L_2020,Chain linked - reference year 2020,N,Raw data,2025M12,Dec-25,2019,55288.4
A,Annual,ITF4,Puglia,P31_D_W2_S14,Final consumption expenditure of resident and non-resident households on the economic  territory,CP01_13,Total,L_2020,Chain linked - reference year 2020,N,Raw data,2025M12,Dec-25,2020,49027.5
A,Annual,ITF4,Puglia,P31_D_W2_S14,Final consumption expenditure of resident and non-resident households on the economic  territory,CP01_13,Total,L_2020,Chain linked - reference year 2020,N,Raw data,2025M12,Dec-25,2021,51250.6
A,Annual,ITF4,Puglia,P31_D_W2_S14,Final consumption expenditure of resident and non-resident households on the economic  territory,CP01_13,Total,L_2020,Chain linked - reference year 2020,N,Raw data,2025M12,Dec-25,2022,54178.2
A,Annual,ITF4,Puglia,P31_D_W2_S14,Final consumption expenditure of resident and non-resident households on the economic  territory,CP01_13,Total,L_2020,Chain linked - reference year 2020,N,Raw data,2025M12,Dec-25,2023,54339.8
A,Annual,ITF4,Puglia,P31_D_W2_S14,Final consumption expenditure of resident and non-resident households on the economic  territory,CP01_13,Total,L_2020,Chain linked - reference year 2020,N,Raw data,2025M12,Dec-25,2024,54386.1
A,Annual,ITF4,Puglia,P31_D_W2_S14,Final consumption expenditure of resident and non-resident households on the economic  territory,CP02,Alcoholic beverages tobacco narcotics,L_2020,Chain linked - reference year 2020,N,Raw data,2025M12,Dec-25,2010,3111.7
A,Annual,ITF4,Puglia,P31_D_W2_S14,Final consumption expenditure of resident and non-resident households on the economic  territory,CP02,Alcoholic beverages tobacco narcotics,L_2020,Chain linked - reference year 2020,N,Raw data,2025M12,Dec-25,2011,3212.9
A,Annual,ITF4,Puglia,P31_D_W2_S14,Final consumption expenditure of resident and non-resident households on the economic  territory,CP02,Alcoholic beverages tobacco narcotics,L_2020,Chain linked - reference year 2020,N,Raw data,2025M12,Dec-25,2012,3150.5
A,Annual,ITF4,Puglia,P31_D_W2_S14,Final consumption expenditure of resident and non-resident households on the economic  territory,CP02,Alcoholic beverages tobacco narcotics,L_2020,Chain linked - reference year 2020,N,Raw data,2025M12,Dec-25,2013,3084.4
A,Annual,ITF4,Puglia,P31_D_W2_S14,Final consumption expenditure of resident and non-resident households on the economic  territory,CP02,Alcoholic beverages tobacco narcotics,L_2020,Chain linked - reference year 2020,N,Raw data,2025M12,Dec-25,2014,2916.6
A,Annual,ITF4,Puglia,P31_D_W2_S14,Final consumption expenditure of resident and non-resident households on the economic  territory,CP02,Alcoholic beverages tobacco narcotics,L_2020,Chain linked - reference year 2020,N,Raw data,2025M12,Dec-25,2015,2980.8
A,Annual,ITF4,Puglia,P31_D_W2_S14,Final consumption expenditure of resident and non-resident households on the economic  territory,CP02,Alcoholic beverages tobacco narcotics,L_2020,Chain linked - reference year 2020,N,Raw data,2025M12,Dec-25,2016,3050.4
A,Annual,ITF4,Puglia,P31_D_W2_S14,Final consumption expenditure of resident and non-resident households on the economic  territory,CP02,Alcoholic beverages tobacco narcotics,L_2020,Chain linked - reference year 2020,N,Raw data,2025M12,Dec-25,2017,3070
A,Annual,ITF4,Puglia,P31_D_W2_S14,Final consumption expenditure of resident and non-resident households on the economic  territory,CP02,Alcoholic beverages tobacco narcotics,L_2020,Chain linked - reference year 2020,N,Raw data,2025M12,Dec-25,2018,3076.8
A,Annual,ITF4,Puglia,P31_D_W2_S14,Final consumption expenditure of resident and non-resident households on the economic  territory,CP02,Alcoholic beverages tobacco narcotics,L_2020,Chain linked - reference year 2020,N,Raw data,2025M12,Dec-25,2019,3097.7
A,Annual,ITF4,Puglia,P31_D_W2_S14,Final consumption expenditure of resident and non-resident households on the economic  territory,CP02,Alcoholic beverages tobacco narcotics,L_2020,Chain linked - reference year 2020,N,Raw data,2025M12,Dec-25,2020,2903.6
A,Annual,ITF4,Puglia,P31_D_W2_S14,Final consumption expenditure of resident and non-resident households on the economic  territory,CP02,Alcoholic beverages tobacco narcotics,L_2020,Chain linked - reference year 2020,N,Raw data,2025M12,Dec-25,2021,3039.5
A,Annual,ITF4,Puglia,P31_D_W2_S14,Final consumption expenditure of resident and non-resident households on the economic  territory,CP02,Alcoholic beverages tobacco narcotics,L_2020,Chain linked - reference year 2020,N,Raw data,2025M12,Dec-25,2022,3165.4
A,Annual,ITF4,Puglia,P31_D_W2_S14,Final consumption expenditure of resident and non-resident households on the economic  territory,CP02,Alcoholic beverages tobacco narcotics,L_2020,Chain linked - reference year 2020,N,Raw data,2025M12,Dec-25,2023,3155.9
A,Annual,ITF5,Basilicata,P31_D_W2_S14,Final consumption expenditure of resident and non-resident households on the economic  territory,CP01_13,Total,L_2020,Chain linked - reference year 2020,N,Raw data,2025M12,Dec-25,2010,8194.4
A,Annual,ITF5,Basilicata,P31_D_W2_S14,Final consumption expenditure of resident and non-resident households on the economic  territory,CP01_13,Total,L_2020,Chain linked - reference year 2020,N,Raw data,2025M12,Dec-25,2011,8052.7
A,Annual,ITF5,Basilicata,P31_D_W2_S14,Final consumption expenditure of resident and non-resident households on the economic  territory,CP01_13,Total,L_2020,Chain linked - reference year 2020,N,Raw data,2025M12,Dec-25,2012,7661.7
A,Annual,ITF5,Basilicata,P31_D_W2_S14,Final consumption expenditure of resident and non-resident households on the economic  territory,CP01_13,Total,L_2020,Chain linked - reference year 2020,N,Raw data,2025M12,Dec-25,2013,7534.6
A,Annual,ITF5,Basilicata,P31_D_W2_S14,Final consumption expenditure of resident and non-resident households on the economic  territory,CP01_13,Total,L_2020,Chain linked - reference year 2020,N,Raw data,2025M12,Dec-25,2014,7491.5
A,Annual,ITF5,Basilicata,P31_D_W2_S14,Final consumption expenditure of resident and non-resident households on the economic  territory,CP01_13,Total,L_2020,Chain linked - reference year 2020,N,Raw data,2025M12,Dec-25,2015,7700.2
A,Annual,ITF5,Basilicata,P31_D_W2_S14,Final consumption expenditure of resident and non-resident households on the economic  territory,CP01_13,Total,L_2020,Chain linked - reference year 2020,N,Raw data,2025M12,Dec-25,2016,7789
A,Annual,ITF5,Basilicata,P31_D_W2_S14,Final consumption expenditure of resident and non-resident households on the economic  territory,CP01_13,Total,L_2020,Chain linked - reference year 2020,N,Raw data,2025M12,Dec-25,2017,7913.2
A,Annual,ITF5,Basilicata,P31_D_W2_S14,Final consumption expenditure of resident and non-resident households on the economic  territory,CP01_13,Total,L_2020,Chain linked - reference year 2020,N,Raw data,2025M12,Dec-25,2018,7964.7
A,Annual,ITF5,Basilicata,P31_D_W2_S14,Final consumption expenditure of resident and non-resident households on the economic  territory,CP01_13,Total,L_2020,Chain linked - reference year 2020,N,Raw data,2025M12,Dec-25,2019,7961.6
A,Annual,ITF5,Basilicata,P31_D_W2_S14,Final consumption expenditure of resident and non-resident households on the economic  territory,CP01_13,Total,L_2020,Chain linked - reference year 2020,N,Raw data,2025M12,Dec-25,2020,7109.2
A,Annual,ITF5,Basilicata,P31_D_W2_S14,Final consumption expenditure of resident and non-resident households on the economic  territory,CP01_13,Total,L_2020,Chain linked - reference year 2020,N,Raw data,2025M12,Dec-25,2021,7492.3
A,Annual,ITF5,Basilicata,P31_D_W2_S14,Final consumption expenditure of resident and non-resident households on the economic  territory,CP01_13,Total,L_2020,Chain linked - reference year 2020,N,Raw data,2025M12,Dec-25,2022,7929.8
A,Annual,ITF5,Basilicata,P31_D_W2_S14,Final consumption expenditure of resident and non-resident households on the economic  territory,CP01_13,Total,L_2020,Chain linked - reference year 2020,N,Raw data,2025M12,Dec-25,2023,7970.7
A,Annual,ITF5,Basilicata,P31_D_W2_S14,Final consumption expenditure of resident and non-resident households on the economic  territory,CP01_13,Total,L_2020,Chain linked - reference year 2020,N,Raw data,2025M12,Dec-25,2024,8013.6
A,Annual,ITF5,Basilicata,P31_D_W2_S14,Final consumption expenditure of resident and non-resident households on the economic  territory,CP02,Alcoholic beverages tobacco narcotics,L_2020,Chain linked - reference year 2020,N,Raw data,2025M12,Dec-25,2010,411.5
A,Annual,ITF5,Basilicata,P31_D_W2_S14,Final consumption expenditure of resident and non-resident households on the economic  territory,CP02,Alcoholic beverages tobacco narcotics,L_2020,Chain linked - reference year 2020,N,Raw data,2025M12,Dec-25,2011,489.6
A,Annual,ITF5,Basilicata,P31_D_W2_S14,Final consumption expenditure of resident and non-resident households on the economic  territory,CP02,Alcoholic beverages tobacco narcotics,L_2020,Chain linked - reference year 2020,N,Raw data,2025M12,Dec-25,2012,501.9
A,Annual,ITF5,Basilicata,P31_D_W2_S14,Final consumption expenditure of resident and non-resident households on the economic  territory,CP02,Alcoholic beverages tobacco narcotics,L_2020,Chain linked - reference year 2020,N,Raw data,2025M12,Dec-25,2013,490.4
A,Annual,ITF5,Basilicata,P31_D_W2_S14,Final consumption expenditure of resident and non-resident households on the economic  territory,CP02,Alcoholic beverages tobacco narcotics,L_2020,Chain linked - reference year 2020,N,Raw data,2025M12,Dec-25,2014,458.9
A,Annual,ITF5,Basilicata,P31_D_W2_S14,Final consumption expenditure of resident and non-resident households on the economic  territory,CP02,Alcoholic beverages tobacco narcotics,L_2020,Chain linked - reference year 2020,N,Raw data,2025M12,Dec-25,2015,468.2
A,Annual,ITF5,Basilicata,P31_D_W2_S14,Final consumption expenditure of resident and non-resident households on the economic  territory,CP02,Alcoholic beverages tobacco narcotics,L_2020,Chain linked - reference year 2020,N,Raw data,2025M12,Dec-25,2016,480.9
A,Annual,ITF5,Basilicata,P31_D_W2_S14,Final consumption expenditure of resident and non-resident households on the economic  territory,CP02,Alcoholic beverages tobacco narcotics,L_2020,Chain linked - reference year 2020,N,Raw data,2025M12,Dec-25,2017,486.6
A,Annual,ITF5,Basilicata,P31_D_W2_S14,Final consumption expenditure of resident and non-resident households on the economic  territory,CP02,Alcoholic beverages tobacco narcotics,L_2020,Chain linked - reference year 2020,N,Raw data,2025M12,Dec-25,2018,488
A,Annual,ITF5,Basilicata,P31_D_W2_S14,Final consumption expenditure of resident and non-resident households on the economic  territory,CP02,Alcoholic beverages tobacco narcotics,L_2020,Chain linked - reference year 2020,N,Raw data,2025M12,Dec-25,2019,495.7
A,Annual,ITF5,Basilicata,P31_D_W2_S14,Final consumption expenditure of resident and non-resident households on the economic  territory,CP02,Alcoholic beverages tobacco narcotics,L_2020,Chain linked - reference year 2020,N,Raw data,2025M12,Dec-25,2020,461.4
A,Annual,ITF5,Basilicata,P31_D_W2_S14,Final consumption expenditure of resident and non-resident households on the economic  territory,CP02,Alcoholic beverages tobacco narcotics,L_2020,Chain linked - reference year 2020,N,Raw data,2025M12,Dec-25,2021,482.6
A,Annual,ITF5,Basilicata,P31_D_W2_S14,Final consumption expenditure of resident and non-resident households on the economic  territory,CP02,Alcoholic beverages tobacco narcotics,L_2020,Chain linked - reference year 2020,N,Raw data,2025M12,Dec-25,2022,502
A,Annual,ITF5,Basilicata,P31_D_W2_S14,Final consumption expenditure of resident and non-resident households on the economic  territory,CP02,Alcoholic beverages tobacco narcotics,L_2020,Chain linked - reference year 2020,N,Raw data,2025M12,Dec-25,2023,503.4
A,Annual,ITF6,Calabria,P31_D_W2_S14,Final consumption expenditure of resident and non-resident households on the economic  territory,CP01_13,Total,L_2020,Chain linked - reference year 2020,N,Raw data,2025M12,Dec-25,2010,30159.2
A,Annual,ITF6,Calabria,P31_D_W2_S14,Final consumption expenditure of resident and non-resident households on the economic  territory,CP01_13,Total,L_2020,Chain linked - reference year 2020,N,Raw data,2025M12,Dec-25,2011,30155.7
A,Annual,ITF6,Calabria,P31_D_W2_S14,Final consumption expenditure of resident and non-resident households on the economic  territory,CP01_13,Total,L_2020,Chain linked - reference year 2020,N,Raw data,2025M12,Dec-25,2012,28924.6
A,Annual,ITF6,Calabria,P31_D_W2_S14,Final consumption expenditure of resident and non-resident households on the economic  territory,CP01_13,Total,L_2020,Chain linked - reference year 2020,N,Raw data,2025M12,Dec-25,2013,27808.2
A,Annual,ITF6,Calabria,P31_D_W2_S14,Final consumption expenditure of resident and non-resident households on the economic  territory,CP01_13,Total,L_2020,Chain linked - reference year 2020,N,Raw data,2025M12,Dec-25,2014,27423
A,Annual,ITF6,Calabria,P31_D_W2_S14,Final consumption expenditure of resident and non-resident households on the economic  territory,CP01_13,Total,L_2020,Chain linked - reference year 2020,N,Raw data,2025M12,Dec-25,2015,27917
A,Annual,ITF6,Calabria,P31_D_W2_S14,Final consumption expenditure of resident and non-resident households on the economic  territory,CP01_13,Total,L_2020,Chain linked - reference year 2020,N,Raw data,2025M12,Dec-25,2016,28020.2
A,Annual,ITF6,Calabria,P31_D_W2_S14,Final consumption expenditure of resident and non-resident households on the economic  territory,CP01_13,Total,L_2020,Chain linked - reference year 2020,N,Raw data,2025M12,Dec-25,2017,28403.7
A,Annual,ITF6,Calabria,P31_D_W2_S14,Final consumption expenditure of resident and non-resident households on the economic  territory,CP01_13,Total,L_2020,Chain linked - reference year 2020,N,Raw data,2025M12,Dec-25,2018,28480.6
A,Annual,ITF6,Calabria,P31_D_W2_S14,Final consumption expenditure of resident and non-resident households on the economic  territory,CP01_13,Total,L_2020,Chain linked - reference year 2020,N,Raw data,2025M12,Dec-25,2019,28511.8
A,Annual,ITF6,Calabria,P31_D_W2_S14,Final consumption expenditure of resident and non-resident households on the economic  territory,CP01_13,Total,L_2020,Chain linked - reference year 2020,N,Raw data,2025M12,Dec-25,2020,25441.8
A,Annual,ITF6,Calabria,P31_D_W2_S14,Final consumption expenditure of resident and non-resident households on the economic  territory,CP01_13,Total,L_2020,Chain linked - reference year 2020,N,Raw data,2025M12,Dec-25,2021,26912.9
A,Annual,ITF6,Calabria,P31_D_W2_S14,Final consumption expenditure of resident and non-resident households on the economic  territory,CP01_13,Total,L_2020,Chain linked - reference year 2020,N,Raw data,2025M12,Dec-25,2022,28054.8
A,Annual,ITF6,Calabria,P31_D_W2_S14,Final consumption expenditure of resident and non-resident households on the economic  territory,CP01_13,Total,L_2020,Chain linked - reference year 2020,N,Raw data,2025M12,Dec-25,2023,28125.7
A,Annual,ITF6,Calabria,P31_D_W2_S14,Final consumption expenditure of resident and non-resident households on the economic  territory,CP01_13,Total,L_2020,Chain linked - reference year 2020,N,Raw data,2025M12,Dec-25,2024,28266.2
A,Annual,ITF6,Calabria,P31_D_W2_S14,Final consumption expenditure of resident and non-resident households on the economic  territory,CP02,Alcoholic beverages tobacco narcotics,L_2020,Chain linked - reference year 2020,N,Raw data,2025M12,Dec-25,2010,1624.8
A,Annual,ITF6,Calabria,P31_D_W2_S14,Final consumption expenditure of resident and non-resident households on the economic  territory,CP02,Alcoholic beverages tobacco narcotics,L_2020,Chain linked - reference year 2020,N,Raw data,2025M12,Dec-25,2011,1606.3
A,Annual,ITF6,Calabria,P31_D_W2_S14,Final consumption expenditure of resident and non-resident households on the economic  territory,CP02,Alcoholic beverages tobacco narcotics,L_2020,Chain linked - reference year 2020,N,Raw data,2025M12,Dec-25,2012,1609
A,Annual,ITF6,Calabria,P31_D_W2_S14,Final consumption expenditure of resident and non-resident households on the economic  territory,CP02,Alcoholic beverages tobacco narcotics,L_2020,Chain linked - reference year 2020,N,Raw data,2025M12,Dec-25,2013,1545.2
A,Annual,ITF6,Calabria,P31_D_W2_S14,Final consumption expenditure of resident and non-resident households on the economic  territory,CP02,Alcoholic beverages tobacco narcotics,L_2020,Chain linked - reference year 2020,N,Raw data,2025M12,Dec-25,2014,1456.1
A,Annual,ITF6,Calabria,P31_D_W2_S14,Final consumption expenditure of resident and non-resident households on the economic  territory,CP02,Alcoholic beverages tobacco narcotics,L_2020,Chain linked - reference year 2020,N,Raw data,2025M12,Dec-25,2015,1476.3
A,Annual,ITF6,Calabria,P31_D_W2_S14,Final consumption expenditure of resident and non-resident households on the economic  territory,CP02,Alcoholic beverages tobacco narcotics,L_2020,Chain linked - reference year 2020,N,Raw data,2025M12,Dec-25,2016,1516.7
A,Annual,ITF6,Calabria,P31_D_W2_S14,Final consumption expenditure of resident and non-resident households on the economic  territory,CP02,Alcoholic beverages tobacco narcotics,L_2020,Chain linked - reference year 2020,N,Raw data,2025M12,Dec-25,2017,1555.3
A,Annual,ITF6,Calabria,P31_D_W2_S14,Final consumption expenditure of resident and non-resident households on the economic  territory,CP02,Alcoholic beverages tobacco narcotics,L_2020,Chain linked - reference year 2020,N,Raw data,2025M12,Dec-25,2018,1558.3
A,Annual,ITF6,Calabria,P31_D_W2_S14,Final consumption expenditure of resident and non-resident households on the economic  territory,CP02,Alcoholic beverages tobacco narcotics,L_2020,Chain linked - reference year 2020,N,Raw data,2025M12,Dec-25,2019,1576.3
A,Annual,ITF6,Calabria,P31_D_W2_S14,Final consumption expenditure of resident and non-resident households on the economic  territory,CP02,Alcoholic beverages tobacco narcotics,L_2020,Chain linked - reference year 2020,N,Raw data,2025M12,Dec-25,2020,1473.5
A,Annual,ITF6,Calabria,P31_D_W2_S14,Final consumption expenditure of resident and non-resident households on the economic  territory,CP02,Alcoholic beverages tobacco narcotics,L_2020,Chain linked - reference year 2020,N,Raw data,2025M12,Dec-25,2021,1531.9
A,Annual,ITF6,Calabria,P31_D_W2_S14,Final consumption expenditure of resident and non-resident households on the economic  territory,CP02,Alcoholic beverages tobacco narcotics,L_2020,Chain linked - reference year 2020,N,Raw data,2025M12,Dec-25,2022,1582.7
A,Annual,ITF6,Calabria,P31_D_W2_S14,Final consumption expenditure of resident and non-resident households on the economic  territory,CP02,Alcoholic beverages tobacco narcotics,L_2020,Chain linked - reference year 2020,N,Raw data,2025M12,Dec-25,2023,1582
A,Annual,ITG1,Sicilia,P31_D_W2_S14,Final consumption expenditure of resident and non-resident households on the economic  territory,CP01_13,Total,L_2020,Chain linked - reference year 2020,N,Raw data,2025M12,Dec-25,2010,76128.1
A,Annual,ITG1,Sicilia,P31_D_W2_S14,Final consumption expenditure of resident and non-resident households on the economic  territory,CP01_13,Total,L_2020,Chain linked - reference year 2020,N,Raw data,2025M12,Dec-25,2011,74891.2
A,Annual,ITG1,Sicilia,P31_D_W2_S14,Final consumption expenditure of resident and non-resident households on the economic  territory,CP01_13,Total,L_2020,Chain linked - reference year 2020,N,Raw data,2025M12,Dec-25,2012,72052.2
A,Annual,ITG1,Sicilia,P31_D_W2_S14,Final consumption expenditure of resident and non-resident households on the economic  territory,CP01_13,Total,L_2020,Chain linked - reference year 2020,N,Raw data,2025M12,Dec-25,2013,69813.2
A,Annual,ITG1,Sicilia,P31_D_W2_S14,Final consumption expenditure of resident and non-resident households on the economic  territory,CP01_13,Total,L_2020,Chain linked - reference year 2020,N,Raw data,2025M12,Dec-25,2014,68525
A,Annual,ITG1,Sicilia,P31_D_W2_S14,Final consumption expenditure of resident and non-resident households on the economic  territory,CP01_13,Total,L_2020,Chain linked - reference year 2020,N,Raw data,2025M12,Dec-25,2015,69500.2
A,Annual,ITG1,Sicilia,P31_D_W2_S14,Final consumption expenditure of resident and non-resident households on the economic  territory,CP01_13,Total,L_2020,Chain linked - reference year 2020,N,Raw data,2025M12,Dec-25,2016,69685.9
A,Annual,ITG1,Sicilia,P31_D_W2_S14,Final consumption expenditure of resident and non-resident households on the economic  territory,CP01_13,Total,L_2020,Chain linked - reference year 2020,N,Raw data,2025M12,Dec-25,2017,70521.8
A,Annual,ITG1,Sicilia,P31_D_W2_S14,Final consumption expenditure of resident and non-resident households on the economic  territory,CP01_13,Total,L_2020,Chain linked - reference year 2020,N,Raw data,2025M12,Dec-25,2018,70709.2
A,Annual,ITG1,Sicilia,P31_D_W2_S14,Final consumption expenditure of resident and non-resident households on the economic  territory,CP01_13,Total,L_2020,Chain linked - reference year 2020,N,Raw data,2025M12,Dec-25,2019,70768.9
A,Annual,ITG1,Sicilia,P31_D_W2_S14,Final consumption expenditure of resident and non-resident households on the economic  territory,CP01_13,Total,L_2020,Chain linked - reference year 2020,N,Raw data,2025M12,Dec-25,2020,63324.8
A,Annual,ITG1,Sicilia,P31_D_W2_S14,Final consumption expenditure of resident and non-resident households on the economic  territory,CP01_13,Total,L_2020,Chain linked - reference year 2020,N,Raw data,2025M12,Dec-25,2021,64775.5
A,Annual,ITG1,Sicilia,P31_D_W2_S14,Final consumption expenditure of resident and non-resident households on the economic  territory,CP01_13,Total,L_2020,Chain linked - reference year 2020,N,Raw data,2025M12,Dec-25,2022,68190
A,Annual,ITG1,Sicilia,P31_D_W2_S14,Final consumption expenditure of resident and non-resident households on the economic  territory,CP01_13,Total,L_2020,Chain linked - reference year 2020,N,Raw data,2025M12,Dec-25,2023,68901
A,Annual,ITG1,Sicilia,P31_D_W2_S14,Final consumption expenditure of resident and non-resident households on the economic  territory,CP01_13,Total,L_2020,Chain linked - reference year 2020,N,Raw data,2025M12,Dec-25,2024,69170.1
A,Annual,ITG1,Sicilia,P31_D_W2_S14,Final consumption expenditure of resident and non-resident households on the economic  territory,CP02,Alcoholic beverages tobacco narcotics,L_2020,Chain linked - reference year 2020,N,Raw data,2025M12,Dec-25,2010,4005.1
A,Annual,ITG1,Sicilia,P31_D_W2_S14,Final consumption expenditure of resident and non-resident households on the economic  territory,CP02,Alcoholic beverages tobacco narcotics,L_2020,Chain linked - reference year 2020,N,Raw data,2025M12,Dec-25,2011,4394.4
A,Annual,ITG1,Sicilia,P31_D_W2_S14,Final consumption expenditure of resident and non-resident households on the economic  territory,CP02,Alcoholic beverages tobacco narcotics,L_2020,Chain linked - reference year 2020,N,Raw data,2025M12,Dec-25,2012,4352.3
A,Annual,ITG1,Sicilia,P31_D_W2_S14,Final consumption expenditure of resident and non-resident households on the economic  territory,CP02,Alcoholic beverages tobacco narcotics,L_2020,Chain linked - reference year 2020,N,Raw data,2025M12,Dec-25,2013,4273
A,Annual,ITG1,Sicilia,P31_D_W2_S14,Final consumption expenditure of resident and non-resident households on the economic  territory,CP02,Alcoholic beverages tobacco narcotics,L_2020,Chain linked - reference year 2020,N,Raw data,2025M12,Dec-25,2014,4065.2
A,Annual,ITG1,Sicilia,P31_D_W2_S14,Final consumption expenditure of resident and non-resident households on the economic  territory,CP02,Alcoholic beverages tobacco narcotics,L_2020,Chain linked - reference year 2020,N,Raw data,2025M12,Dec-25,2015,4176.7
A,Annual,ITG1,Sicilia,P31_D_W2_S14,Final consumption expenditure of resident and non-resident households on the economic  territory,CP02,Alcoholic beverages tobacco narcotics,L_2020,Chain linked - reference year 2020,N,Raw data,2025M12,Dec-25,2016,4295.2
A,Annual,ITG1,Sicilia,P31_D_W2_S14,Final consumption expenditure of resident and non-resident households on the economic  territory,CP02,Alcoholic beverages tobacco narcotics,L_2020,Chain linked - reference year 2020,N,Raw data,2025M12,Dec-25,2017,4352.3
A,Annual,ITG1,Sicilia,P31_D_W2_S14,Final consumption expenditure of resident and non-resident households on the economic  territory,CP02,Alcoholic beverages tobacco narcotics,L_2020,Chain linked - reference year 2020,N,Raw data,2025M12,Dec-25,2018,4366
A,Annual,ITG1,Sicilia,P31_D_W2_S14,Final consumption expenditure of resident and non-resident households on the economic  territory,CP02,Alcoholic beverages tobacco narcotics,L_2020,Chain linked - reference year 2020,N,Raw data,2025M12,Dec-25,2019,4399.9
A,Annual,ITG1,Sicilia,P31_D_W2_S14,Final consumption expenditure of resident and non-resident households on the economic  territory,CP02,Alcoholic beverages tobacco narcotics,L_2020,Chain linked - reference year 2020,N,Raw data,2025M12,Dec-25,2020,4120.8
A,Annual,ITG1,Sicilia,P31_D_W2_S14,Final consumption expenditure of resident and non-resident households on the economic  territory,CP02,Alcoholic beverages tobacco narcotics,L_2020,Chain linked - reference year 2020,N,Raw data,2025M12,Dec-25,2021,4302.5
A,Annual,ITG1,Sicilia,P31_D_W2_S14,Final consumption expenditure of resident and non-resident households on the economic  territory,CP02,Alcoholic beverages tobacco narcotics,L_2020,Chain linked - reference year 2020,N,Raw data,2025M12,Dec-25,2022,4473.9
A,Annual,ITG1,Sicilia,P31_D_W2_S14,Final consumption expenditure of resident and non-resident households on the economic  territory,CP02,Alcoholic beverages tobacco narcotics,L_2020,Chain linked - reference year 2020,N,Raw data,2025M12,Dec-25,2023,4482.7
A,Annual,ITG2,Sardegna,P31_D_W2_S14,Final consumption expenditure of resident and non-resident households on the economic  territory,CP01_13,Total,L_2020,Chain linked - reference year 2020,N,Raw data,2025M12,Dec-25,2010,26942.9
A,Annual,ITG2,Sardegna,P31_D_W2_S14,Final consumption expenditure of resident and non-resident households on the economic  territory,CP01_13,Total,L_2020,Chain linked - reference year 2020,N,Raw data,2025M12,Dec-25,2011,26807.4
A,Annual,ITG2,Sardegna,P31_D_W2_S14,Final consumption expenditure of resident and non-resident households on the economic  territory,CP01_13,Total,L_2020,Chain linked - reference year 2020,N,Raw data,2025M12,Dec-25,2012,25724
A,Annual,ITG2,Sardegna,P31_D_W2_S14,Final consumption expenditure of resident and non-resident households on the economic  territory,CP01_13,Total,L_2020,Chain linked - reference year 2020,N,Raw data,2025M12,Dec-25,2013,24841.3
A,Annual,ITG2,Sardegna,P31_D_W2_S14,Final consumption expenditure of resident and non-resident households on the economic  territory,CP01_13,Total,L_2020,Chain linked - reference year 2020,N,Raw data,2025M12,Dec-25,2014,24535.2
A,Annual,ITG2,Sardegna,P31_D_W2_S14,Final consumption expenditure of resident and non-resident households on the economic  territory,CP01_13,Total,L_2020,Chain linked - reference year 2020,N,Raw data,2025M12,Dec-25,2015,25076.4
A,Annual,ITG2,Sardegna,P31_D_W2_S14,Final consumption expenditure of resident and non-resident households on the economic  territory,CP01_13,Total,L_2020,Chain linked - reference year 2020,N,Raw data,2025M12,Dec-25,2016,25269.9
A,Annual,ITG2,Sardegna,P31_D_W2_S14,Final consumption expenditure of resident and non-resident households on the economic  territory,CP01_13,Total,L_2020,Chain linked - reference year 2020,N,Raw data,2025M12,Dec-25,2017,25485.7
A,Annual,ITG2,Sardegna,P31_D_W2_S14,Final consumption expenditure of resident and non-resident households on the economic  territory,CP01_13,Total,L_2020,Chain linked - reference year 2020,N,Raw data,2025M12,Dec-25,2018,25665.2
A,Annual,ITG2,Sardegna,P31_D_W2_S14,Final consumption expenditure of resident and non-resident households on the economic  territory,CP01_13,Total,L_2020,Chain linked - reference year 2020,N,Raw data,2025M12,Dec-25,2019,25827.8
A,Annual,ITG2,Sardegna,P31_D_W2_S14,Final consumption expenditure of resident and non-resident households on the economic  territory,CP01_13,Total,L_2020,Chain linked - reference year 2020,N,Raw data,2025M12,Dec-25,2020,22767.3
A,Annual,ITG2,Sardegna,P31_D_W2_S14,Final consumption expenditure of resident and non-resident households on the economic  territory,CP01_13,Total,L_2020,Chain linked - reference year 2020,N,Raw data,2025M12,Dec-25,2021,24274.7
A,Annual,ITG2,Sardegna,P31_D_W2_S14,Final consumption expenditure of resident and non-resident households on the economic  territory,CP01_13,Total,L_2020,Chain linked - reference year 2020,N,Raw data,2025M12,Dec-25,2022,25684.7
A,Annual,ITG2,Sardegna,P31_D_W2_S14,Final consumption expenditure of resident and non-resident households on the economic  territory,CP01_13,Total,L_2020,Chain linked - reference year 2020,N,Raw data,2025M12,Dec-25,2023,25724.2
A,Annual,ITG2,Sardegna,P31_D_W2_S14,Final consumption expenditure of resident and non-resident households on the economic  territory,CP01_13,Total,L_2020,Chain linked - reference year 2020,N,Raw data,2025M12,Dec-25,2024,25764.4
A,Annual,ITG2,Sardegna,P31_D_W2_S14,Final consumption expenditure of resident and non-resident households on the economic  territory,CP02,Alcoholic beverages tobacco narcotics,L_2020,Chain linked - reference year 2020,N,Raw data,2025M12,Dec-25,2010,1266.7
A,Annual,ITG2,Sardegna,P31_D_W2_S14,Final consumption expenditure of resident and non-resident households on the economic  territory,CP02,Alcoholic beverages tobacco narcotics,L_2020,Chain linked - reference year 2020,N,Raw data,2025M12,Dec-25,2011,1373.9
A,Annual,ITG2,Sardegna,P31_D_W2_S14,Final consumption expenditure of resident and non-resident households on the economic  territory,CP02,Alcoholic beverages tobacco narcotics,L_2020,Chain linked - reference year 2020,N,Raw data,2025M12,Dec-25,2012,1367.7
A,Annual,ITG2,Sardegna,P31_D_W2_S14,Final consumption expenditure of resident and non-resident households on the economic  territory,CP02,Alcoholic beverages tobacco narcotics,L_2020,Chain linked - reference year 2020,N,Raw data,2025M12,Dec-25,2013,1316.2
A,Annual,ITG2,Sardegna,P31_D_W2_S14,Final consumption expenditure of resident and non-resident households on the economic  territory,CP02,Alcoholic beverages tobacco narcotics,L_2020,Chain linked - reference year 2020,N,Raw data,2025M12,Dec-25,2014,1263.8
A,Annual,ITG2,Sardegna,P31_D_W2_S14,Final consumption expenditure of resident and non-resident households on the economic  territory,CP02,Alcoholic beverages tobacco narcotics,L_2020,Chain linked - reference year 2020,N,Raw data,2025M12,Dec-25,2015,1290.5
A,Annual,ITG2,Sardegna,P31_D_W2_S14,Final consumption expenditure of resident and non-resident households on the economic  territory,CP02,Alcoholic beverages tobacco narcotics,L_2020,Chain linked - reference year 2020,N,Raw data,2025M12,Dec-25,2016,1322.9
A,Annual,ITG2,Sardegna,P31_D_W2_S14,Final consumption expenditure of resident and non-resident households on the economic  territory,CP02,Alcoholic beverages tobacco narcotics,L_2020,Chain linked - reference year 2020,N,Raw data,2025M12,Dec-25,2017,1334.4
A,Annual,ITG2,Sardegna,P31_D_W2_S14,Final consumption expenditure of resident and non-resident households on the economic  territory,CP02,Alcoholic beverages tobacco narcotics,L_2020,Chain linked - reference year 2020,N,Raw data,2025M12,Dec-25,2018,1331.8
A,Annual,ITG2,Sardegna,P31_D_W2_S14,Final consumption expenditure of resident and non-resident households on the economic  territory,CP02,Alcoholic beverages tobacco narcotics,L_2020,Chain linked - reference year 2020,N,Raw data,2025M12,Dec-25,2019,1332.7
A,Annual,ITG2,Sardegna,P31_D_W2_S14,Final consumption expenditure of resident and non-resident households on the economic  territory,CP02,Alcoholic beverages tobacco narcotics,L_2020,Chain linked - reference year 2020,N,Raw data,2025M12,Dec-25,2020,1256.3
A,Annual,ITG2,Sardegna,P31_D_W2_S14,Final consumption expenditure of resident and non-resident households on the economic  territory,CP02,Alcoholic beverages tobacco narcotics,L_2020,Chain linked - reference year 2020,N,Raw data,2025M12,Dec-25,2021,1306.5
A,Annual,ITG2,Sardegna,P31_D_W2_S14,Final consumption expenditure of resident and non-resident households on the economic  territory,CP02,Alcoholic beverages tobacco narcotics,L_2020,Chain linked - reference year 2020,N,Raw data,2025M12,Dec-25,2022,1341.4
A,Annual,ITG2,Sardegna,P31_D_W2_S14,Final consumption expenditure of resident and non-resident households on the economic  territory,CP02,Alcoholic beverages tobacco narcotics,L_2020,Chain linked - reference year 2020,N,Raw data,2025M12,Dec-25,2023,1316.2
