FREQ,Frequency,REF_AREA,Territory,DATA_TYPE_AGGR,Aggregate,EXPEND_PURPOSE_COICOPCOFOG,Expenditure by purpose,VALUATION,Valuation (DESC),ADJUSTMENT,Adjustment (DESC),EDITION,Edition (DESC),TIME_PERIOD,Observation
A,Annual,IT,Italy,P3_D_W0_S13,Consumption of general government,G,Total,L_2020,Chain linked - reference year 2020,N,Raw data,2025M12,Dec-25,2010,363989
A,Annual,IT,Italy,P3_D_W0_S13,Consumption of general government,G,Total,L_2020,Chain linked - reference year 2020,N,Raw data,2025M12,Dec-25,2011,355796
A,Annual,IT,Italy,P3_D_W0_S13,Consumption of general government,G,Total,L_2020,Chain linked - reference year 2020,N,Raw data,2025M12,Dec-25,2012,347497.4
A,Annual,IT,Italy,P3_D_W0_S13,Consumption of general government,G,Total,L_2020,Chain linked - reference year 2020,N,Raw data,2025M12,Dec-25,2013,343750.3
A,Annual,IT,Italy,P3_D_W0_S13,Consumption of general government,G,Total,L_2020,Chain linked - reference year 2020,N,Raw data,2025M12,Dec-25,2014,341687.4
A,Annual,IT,Italy,P3_D_W0_S13,Consumption of general government,G,Total,L_2020,Chain linked - reference year 2020,N,Raw data,2025M12,Dec-25,2015,341329.4
A,Annual,IT,Italy,P3_D_W0_S13,Consumption of general government,G,Total,L_2020,Chain linked - reference year 2020,N,Raw data,2025M12,Dec-25,2016,345645.5
A,Annual,IT,Italy,P3_D_W0_S13,Consumption of general government,G,Total,L_2020,Chain linked - reference year 2020,N,Raw data,2025M12,Dec-25,2017,346608.9
A,Annual,IT,Italy,P3_D_W0_S13,Consumption of general government,G,Total,L_2020,Chain linked - reference year 2020,N,Raw data,2025M12,Dec-25,2018,346541.6
A,Annual,IT,Italy,P3_D_W0_S13,Consumption of general government,G,Total,L_2020,Chain linked - reference year 2020,N,Raw data,2025M12,Dec-25,2019,345055.9
A,Annual,IT,Italy,P3_D_W0_S13,Consumption of general government,G,Total,L_2020,Chain linked - reference year 2020,N,Raw data,2025M12,Dec-25,2020,346227
A,Annual,IT,Italy,P3_D_W0_S13,Consumption of general government,G,Total,L_2020,Chain linked - reference year 2020,N,Raw data,2025M12,Dec-25,2021,354237.5
A,Annual,IT,Italy,P3_D_W0_S13,Consumption of general government,G,Total,L_2020,Chain linked - reference year 2020,N,Raw data,2025M12,Dec-25,2022,357141.3
A,Annual,IT,Italy,P3_D_W0_S13,Consumption of general government,G,Total,L_2020,Chain linked - reference year 2020,N,Raw data,2025M12,Dec-25,2023,360983.8
A,Annual,IT,Italy,P3_D_W0_S13,Consumption of general government,G030,Public order and safety,L_2020,Chain linked - reference year 2020,N,Raw data,2025M12,Dec-25,2010,33717.7
A,Annual,IT,Italy,P3_D_W0_S13,Consumption of general government,G030,Public order and safety,L_2020,Chain linked - reference year 2020,N,Raw data,2025M12,Dec-25,2011,34091.9
A,Annual,IT,Italy,P3_D_W0_S13,Consumption of general government,G030,Public order and safety,L_2020,Chain linked - reference year 2020,N,Raw data,2025M12,Dec-25,2012,32216.6
A,Annual,IT,Italy,P3_D_W0_S13,Consumption of general government,G030,Public order and safety,L_2020,Chain linked - reference year 2020,N,Raw data,2025M12,Dec-25,2013,32350.8
A,Annual,IT,Italy,P3_D_W0_S13,Consumption of general government,G030,Public order and safety,L_2020,Chain linked - reference year 2020,N,Raw data,2025M12,Dec-25,2014,32061.3
A,Annual,IT,Italy,P3_D_W0_S13,Consumption of general government,G030,Public order and safety,L_2020,Chain linked - reference year 2020,N,Raw data,2025M12,Dec-25,2015,32698.7
A,Annual,IT,Italy,P3_D_W0_S13,Consumption of general government,G030,Public order and safety,L_2020,Chain linked - reference year 2020,N,Raw data,2025M12,Dec-25,2016,32586.1
A,Annual,IT,Italy,P3_D_W0_S13,Consumption of general government,G030,Public order and safety,L_2020,Chain linked - reference year 2020,N,Raw data,2025M12,Dec-25,2017,32891.9
A,Annual,IT,Italy,P3_D_W0_S13,Consumption of general government,G030,Public order and safety,L_2020,Chain linked - reference year 2020,N,Raw data,2025M12,Dec-25,2018,33429.4
A,Annual,IT,Italy,P3_D_W0_S13,Consumption of general government,G030,Public order and safety,L_2020,Chain linked - reference year 2020,N,Raw data,2025M12,Dec-25,2019,33621.9
A,Annual,IT,Italy,P3_D_W0_S13,Consumption of general government,G030,Public order and safety,L_2020,Chain linked - reference year 2020,N,Raw data,2025M12,Dec-25,2020,32429
A,Annual,IT,Italy,P3_D_W0_S13,Consumption of general government,G030,Public order and safety,L_2020,Chain linked - reference year 2020,N,Raw data,2025M12,Dec-25,2021,32534.5
A,Annual,IT,Italy,P3_D_W0_S13,Consumption of general government,G030,Public order and safety,L_2020,Chain linked - reference year 2020,N,Raw data,2025M12,Dec-25,2022,32736.2
A,Annual,IT,Italy,P3_D_W0_S13,Consumption of general government,G030,Public order and safety,L_2020,Chain linked - reference year 2020,N,Raw data,2025M12,Dec-25,2023,33264.2
A,Annual,IT,Italy,P3_D_W0_S13,Consumption of general government,G040,Economic affairs,L_2020,Chain linked - reference year 2020,N,Raw data,2025M12,Dec-25,2010,27110.3
A,Annual,IT,Italy,P3_D_W0_S13,Consumption of general government,G040,Economic affairs,L_2020,Chain linked - reference year 2020,N,Raw data,2025M12,Dec-25,2011,27732.3
A,Annual,IT,Italy,P3_D_W0_S13,Consumption of general government,G040,Economic affairs,L_2020,Chain linked - reference year 2020,N,Raw data,2025M12,Dec-25,2012,26387.5
A,Annual,IT,Italy,P3_D_W0_S13,Consumption of general government,G040,Economic affairs,L_2020,Chain linked - reference year 2020,N,Raw data,2025M12,Dec-25,2013,25957.9
A,Annual,IT,Italy,P3_D_W0_S13,Consumption of general government,G040,Economic affairs,L_2020,Chain linked - reference year 2020,N,Raw data,2025M12,Dec-25,2014,25162.4
A,Annual,IT,Italy,P3_D_W0_S13,Consumption of general government,G040,Economic affairs,L_2020,Chain linked - reference year 2020,N,Raw data,2025M12,Dec-25,2015,25784.8
A,Annual,IT,Italy,P3_D_W0_S13,Consumption of general government,G040,Economic affairs,L_2020,Chain linked - reference year 2020,N,Raw data,2025M12,Dec-25,2016,26392.6
A,Annual,IT,Italy,P3_D_W0_S13,Consumption of general government,G040,Economic affairs,L_2020,Chain linked - reference year 2020,N,Raw data,2025M12,Dec-25,2017,26694.8
A,Annual,IT,Italy,P3_D_W0_S13,Consumption of general government,G040,Economic affairs,L_2020,Chain linked - reference year 2020,N,Raw data,2025M12,Dec-25,2018,26500.6
A,Annual,IT,Italy,P3_D_W0_S13,Consumption of general government,G040,Economic affairs,L_2020,Chain linked - reference year 2020,N,Raw data,2025M12,Dec-25,2019,26932.9
A,Annual,IT,Italy,P3_D_W0_S13,Consumption of general government,G040,Economic affairs,L_2020,Chain linked - reference year 2020,N,Raw data,2025M12,Dec-25,2020,27117
A,Annual,IT,Italy,P3_D_W0_S13,Consumption of general government,G040,Economic affairs,L_2020,Chain linked - reference year 2020,N,Raw data,2025M12,Dec-25,2021,28420.6
A,Annual,IT,Italy,P3_D_W0_S13,Consumption of general government,G040,Economic affairs,L_2020,Chain linked - reference year 2020,N,Raw data,2025M12,Dec-25,2022,29369.9
A,Annual,IT,Italy,P3_D_W0_S13,Consumption of general government,G040,Economic affairs,L_2020,Chain linked - reference year 2020,N,Raw data,2025M12,Dec-25,2023,29656.8
A,Annual,IT,Italy,P3_D_W0_S13,Consumption of general government,G070,Health,L_2020,Chain linked - reference year 2020,N,Raw data,2025M12,Dec-25,2010,121694.2
A,Annual,IT,Italy,P3_D_W0_S13,Consumption of general government,G070,Health,L_2020,Chain linked - reference year 2020,N,Raw data,2025M12,Dec-25,2011,119671.1
A,Annual,IT,Italy,P3_D_W0_S13,Consumption of general government,G070,Health,L_2020,Chain linked - reference year 2020,N,Raw data,2025M12,Dec-25,2012,116857.6
A,Annual,IT,Italy,P3_D_W0_S13,Consumption of general government,G070,Health,L_2020,Chain linked - reference year 2020,N,Raw data,2025M12,Dec-25,2013,115452.4
A,Annual,IT,Italy,P3_D_W0_S13,Consumption of general government,G070,Health,L_2020,Chain linked - reference year 2020,N,Raw data,2025M12,Dec-25,2014,117038.3
A,Annual,IT,Italy,P3_D_W0_S13,Consumption of general government,G070,Health,L_2020,Chain linked - reference year 2020,N,Raw data,2025M12,Dec-25,2015,117708.7
A,Annual,IT,Italy,P3_D_W0_S13,Consumption of general government,G070,Health,L_2020,Chain linked - reference year 2020,N,Raw data,2025M12,Dec-25,2016,117438.1
A,Annual,IT,Italy,P3_D_W0_S13,Consumption of general government,G070,Health,L_2020,Chain linked - reference year 2020,N,Raw data,2025M12,Dec-25,2017,117275.9
A,Annual,IT,Italy,P3_D_W0_S13,Consumption of general government,G070,Health,L_2020,Chain linked - reference year 2020,N,Raw data,2025M12,Dec-25,2018,117177.9
A,Annual,IT,Italy,P3_D_W0_S13,Consumption of general government,G070,Health,L_2020,Chain linked - reference year 2020,N,Raw data,2025M12,Dec-25,2019,117787.6
A,Annual,IT,Italy,P3_D_W0_S13,Consumption of general government,G070,Health,L_2020,Chain linked - reference year 2020,N,Raw data,2025M12,Dec-25,2020,121812
A,Annual,IT,Italy,P3_D_W0_S13,Consumption of general government,G070,Health,L_2020,Chain linked - reference year 2020,N,Raw data,2025M12,Dec-25,2021,126290.6
A,Annual,IT,Italy,P3_D_W0_S13,Consumption of general government,G070,Health,L_2020,Chain linked - reference year 2020,N,Raw data,2025M12,Dec-25,2022,125187.2
A,Annual,IT,Italy,P3_D_W0_S13,Consumption of general government,G070,Health,L_2020,Chain linked - reference year 2020,N,Raw data,2025M12,Dec-25,2023,124915.8
A,Annual,IT,Italy,P3_D_W0_S13,Consumption of general government,G090,Education,L_2020,Chain linked - reference year 2020,N,Raw data,2025M12,Dec-25,2010,69433.8
A,Annual,IT,Italy,P3_D_W0_S13,Consumption of general government,G090,Education,L_2020,Chain linked - reference year 2020,N,Raw data,2025M12,Dec-25,2011,65829.7
A,Annual,IT,Italy,P3_D_W0_S13,Consumption of general government,G090,Education,L_2020,Chain linked - reference year 2020,N,Raw data,2025M12,Dec-25,2012,64752
A,Annual,IT,Italy,P3_D_W0_S13,Consumption of general government,G090,Education,L_2020,Chain linked - reference year 2020,N,Raw data,2025M12,Dec-25,2013,64489.4
A,Annual,IT,Italy,P3_D_W0_S13,Consumption of general government,G090,Education,L_2020,Chain linked - reference year 2020,N,Raw data,2025M12,Dec-25,2014,64417.9
A,Annual,IT,Italy,P3_D_W0_S13,Consumption of general government,G090,Education,L_2020,Chain linked - reference year 2020,N,Raw data,2025M12,Dec-25,2015,64111.2
A,Annual,IT,Italy,P3_D_W0_S13,Consumption of general government,G090,Education,L_2020,Chain linked - reference year 2020,N,Raw data,2025M12,Dec-25,2016,63890.6
A,Annual,IT,Italy,P3_D_W0_S13,Consumption of general government,G090,Education,L_2020,Chain linked - reference year 2020,N,Raw data,2025M12,Dec-25,2017,64798.7
A,Annual,IT,Italy,P3_D_W0_S13,Consumption of general government,G090,Education,L_2020,Chain linked - reference year 2020,N,Raw data,2025M12,Dec-25,2018,65443.2
A,Annual,IT,Italy,P3_D_W0_S13,Consumption of general government,G090,Education,L_2020,Chain linked - reference year 2020,N,Raw data,2025M12,Dec-25,2019,65499.3
A,Annual,IT,Italy,P3_D_W0_S13,Consumption of general government,G090,Education,L_2020,Chain linked - reference year 2020,N,Raw data,2025M12,Dec-25,2020,63158
A,Annual,IT,Italy,P3_D_W0_S13,Consumption of general government,G090,Education,L_2020,Chain linked - reference year 2020,N,Raw data,2025M12,Dec-25,2021,66334.1
A,Annual,IT,Italy,P3_D_W0_S13,Consumption of general government,G090,Education,L_2020,Chain linked - reference year 2020,N,Raw data,2025M12,Dec-25,2022,66187.9
A,Annual,IT,Italy,P3_D_W0_S13,Consumption of general government,G090,Education,L_2020,Chain linked - reference year 2020,N,Raw data,2025M12,Dec-25,2023,67739.1
A,Annual,IT,Italy,P3_D_W0_S13,Consumption of general government,G100,Social protection,L_2020,Chain linked - reference year 2020,N,Raw data,2025M12,Dec-25,2010,18745.5
A,Annual,IT,Italy,P3_D_W0_S13,Consumption of general government,G100,Social protection,L_2020,Chain linked - reference year 2020,N,Raw data,2025M12,Dec-25,2011,17482.5
A,Annual,IT,Italy,P3_D_W0_S13,Consumption of general government,G100,Social protection,L_2020,Chain linked - reference year 2020,N,Raw data,2025M12,Dec-25,2012,17172.5
A,Annual,IT,Italy,P3_D_W0_S13,Consumption of general government,G100,Social protection,L_2020,Chain linked - reference year 2020,N,Raw data,2025M12,Dec-25,2013,16793.2
A,Annual,IT,Italy,P3_D_W0_S13,Consumption of general government,G100,Social protection,L_2020,Chain linked - reference year 2020,N,Raw data,2025M12,Dec-25,2014,16330.1
A,Annual,IT,Italy,P3_D_W0_S13,Consumption of general government,G100,Social protection,L_2020,Chain linked - reference year 2020,N,Raw data,2025M12,Dec-25,2015,16399.4
A,Annual,IT,Italy,P3_D_W0_S13,Consumption of general government,G100,Social protection,L_2020,Chain linked - reference year 2020,N,Raw data,2025M12,Dec-25,2016,16601.6
A,Annual,IT,Italy,P3_D_W0_S13,Consumption of general government,G100,Social protection,L_2020,Chain linked - reference year 2020,N,Raw data,2025M12,Dec-25,2017,16525.8
A,Annual,IT,Italy,P3_D_W0_S13,Consumption of general government,G100,Social protection,L_2020,Chain linked - reference year 2020,N,Raw data,2025M12,Dec-25,2018,16383.1
A,Annual,IT,Italy,P3_D_W0_S13,Consumption of general government,G100,Social protection,L_2020,Chain linked - reference year 2020,N,Raw data,2025M12,Dec-25,2019,15690
A,Annual,IT,Italy,P3_D_W0_S13,Consumption of general government,G100,Social protection,L_2020,Chain linked - reference year 2020,N,Raw data,2025M12,Dec-25,2020,15234
A,Annual,IT,Italy,P3_D_W0_S13,Consumption of general government,G100,Social protection,L_2020,Chain linked - reference year 2020,N,Raw data,2025M12,Dec-25,2021,15893.4
A,Annual,IT,Italy,P3_D_W0_S13,Consumption of general government,G100,Social protection,L_2020,Chain linked - reference year 2020,N,Raw data,2025M12,Dec-25,2022,18561.4
A,Annual,IT,Italy,P3_D_W0_S13,Consumption of general government,G100,Social protection,L_2020,Chain linked - reference year 2020,N,Raw data,2025M12,Dec-25,2023,21660.5
A,Annual,ITC1,Piemonte,P3_D_W0_S13,Consumption of general government,G,Total,L_2020,Chain linked - reference year 2020,N,Raw data,2025M12,Dec-25,2010,25316.5
A,Annual,ITC1,Piemonte,P3_D_W0_S13,Consumption of general government,G,Total,L_2020,Chain linked - reference year 2020,N,Raw data,2025M12,Dec-25,2011,24848.6
A,Annual,ITC1,Piemonte,P3_D_W0_S13,Consumption of general government,G,Total,L_2020,Chain linked - reference year 2020,N,Raw data,2025M12,Dec-25,2012,24094.2
A,Annual,ITC1,Piemonte,P3_D_W0_S13,Consumption of general government,G,Total,L_2020,Chain linked - reference year 2020,N,Raw data,2025M12,Dec-25,2013,23619.8
A,Annual,ITC1,Piemonte,P3_D_W0_S13,Consumption of general government,G,Total,L_2020,Chain linked - reference year 2020,N,Raw data,2025M12,Dec-25,2014,23254.3
A,Annual,ITC1,Piemonte,P3_D_W0_S13,Consumption of general government,G,Total,L_2020,Chain linked - reference year 2020,N,Raw data,2025M12,Dec-25,2015,23236.6
A,Annual,ITC1,Piemonte,P3_D_W0_S13,Consumption of general government,G,Total,L_2020,Chain linked - reference year 2020,N,Raw data,2025M12,Dec-25,2016,23543.2
A,Annual,ITC1,Piemonte,P3_D_W0_S13,Consumption of general government,G,Total,L_2020,Chain linked - reference year 2020,N,Raw data,2025M12,Dec-25,2017,23895.9
A,Annual,ITC1,Piemonte,P3_D_W0_S13,Consumption of general government,G,Total,L_2020,Chain linked - reference year 2020,N,Raw data,2025M12,Dec-25,2018,23832
A,Annual,ITC1,Piemonte,P3_D_W0_S13,Consumption of general government,G,Total,L_2020,Chain linked - reference year 2020,N,Raw data,2025M12,Dec-25,2019,23969.1
A,Annual,ITC1,Piemonte,P3_D_W0_S13,Consumption of general government,G,Total,L_2020,Chain linked - reference year 2020,N,Raw data,2025M12,Dec-25,2020,24297.7
A,Annual,ITC1,Piemonte,P3_D_W0_S13,Consumption of general government,G,Total,L_2020,Chain linked - reference year 2020,N,Raw data,2025M12,Dec-25,2021,24588.5
A,Annual,ITC1,Piemonte,P3_D_W0_S13,Consumption of general government,G,Total,L_2020,Chain linked - reference year 2020,N,Raw data,2025M12,Dec-25,2022,24673.1
A,Annual,ITC1,Piemonte,P3_D_W0_S13,Consumption of general government,G,Total,L_2020,Chain linked - reference year 2020,N,Raw data,2025M12,Dec-25,2023,24879.9
A,Annual,ITC1,Piemonte,P3_D_W0_S13,Consumption of general government,G030,Public order and safety,L_2020,Chain linked - reference year 2020,N,Raw data,2025M12,Dec-25,2010,2488.5
A,Annual,ITC1,Piemonte,P3_D_W0_S13,Consumption of general government,G030,Public order and safety,L_2020,Chain linked - reference year 2020,N,Raw data,2025M12,Dec-25,2011,2511
A,Annual,ITC1,Piemonte,P3_D_W0_S13,Consumption of general government,G030,Public order and safety,L_2020,Chain linked - reference year 2020,N,Raw data,2025M12,Dec-25,2012,2364.5
A,Annual,ITC1,Piemonte,P3_D_W0_S13,Consumption of general government,G030,Public order and safety,L_2020,Chain linked - reference year 2020,N,Raw data,2025M12,Dec-25,2013,2366.9
A,Annual,ITC1,Piemonte,P3_D_W0_S13,Consumption of general government,G030,Public order and safety,L_2020,Chain linked - reference year 2020,N,Raw data,2025M12,Dec-25,2014,2336.9
A,Annual,ITC1,Piemonte,P3_D_W0_S13,Consumption of general government,G030,Public order and safety,L_2020,Chain linked - reference year 2020,N,Raw data,2025M12,Dec-25,2015,2378.8
A,Annual,ITC1,Piemonte,P3_D_W0_S13,Consumption of general government,G030,Public order and safety,L_2020,Chain linked - reference year 2020,N,Raw data,2025M12,Dec-25,2016,2365.9
A,Annual,ITC1,Piemonte,P3_D_W0_S13,Consumption of general government,G030,Public order and safety,L_2020,Chain linked - reference year 2020,N,Raw data,2025M12,Dec-25,2017,2386.8
A,Annual,ITC1,Piemonte,P3_D_W0_S13,Consumption of general government,G030,Public order and safety,L_2020,Chain linked - reference year 2020,N,Raw data,2025M12,Dec-25,2018,2418.8
A,Annual,ITC1,Piemonte,P3_D_W0_S13,Consumption of general government,G030,Public order and safety,L_2020,Chain linked - reference year 2020,N,Raw data,2025M12,Dec-25,2019,2430.3
A,Annual,ITC1,Piemonte,P3_D_W0_S13,Consumption of general government,G030,Public order and safety,L_2020,Chain linked - reference year 2020,N,Raw data,2025M12,Dec-25,2020,2340.7
A,Annual,ITC1,Piemonte,P3_D_W0_S13,Consumption of general government,G030,Public order and safety,L_2020,Chain linked - reference year 2020,N,Raw data,2025M12,Dec-25,2021,2345.4
A,Annual,ITC1,Piemonte,P3_D_W0_S13,Consumption of general government,G030,Public order and safety,L_2020,Chain linked - reference year 2020,N,Raw data,2025M12,Dec-25,2022,2351.3
A,Annual,ITC1,Piemonte,P3_D_W0_S13,Consumption of general government,G030,Public order and safety,L_2020,Chain linked - reference year 2020,N,Raw data,2025M12,Dec-25,2023,2391.2
A,Annual,ITC1,Piemonte,P3_D_W0_S13,Consumption of general government,G040,Economic affairs,L_2020,Chain linked - reference year 2020,N,Raw data,2025M12,Dec-25,2010,2028.1
A,Annual,ITC1,Piemonte,P3_D_W0_S13,Consumption of general government,G040,Economic affairs,L_2020,Chain linked - reference year 2020,N,Raw data,2025M12,Dec-25,2011,2069.3
A,Annual,ITC1,Piemonte,P3_D_W0_S13,Consumption of general government,G040,Economic affairs,L_2020,Chain linked - reference year 2020,N,Raw data,2025M12,Dec-25,2012,1950.2
A,Annual,ITC1,Piemonte,P3_D_W0_S13,Consumption of general government,G040,Economic affairs,L_2020,Chain linked - reference year 2020,N,Raw data,2025M12,Dec-25,2013,1909.6
A,Annual,ITC1,Piemonte,P3_D_W0_S13,Consumption of general government,G040,Economic affairs,L_2020,Chain linked - reference year 2020,N,Raw data,2025M12,Dec-25,2014,1840.5
A,Annual,ITC1,Piemonte,P3_D_W0_S13,Consumption of general government,G040,Economic affairs,L_2020,Chain linked - reference year 2020,N,Raw data,2025M12,Dec-25,2015,1883.9
A,Annual,ITC1,Piemonte,P3_D_W0_S13,Consumption of general government,G040,Economic affairs,L_2020,Chain linked - reference year 2020,N,Raw data,2025M12,Dec-25,2016,1921.6
A,Annual,ITC1,Piemonte,P3_D_W0_S13,Consumption of general government,G040,Economic affairs,L_2020,Chain linked - reference year 2020,N,Raw data,2025M12,Dec-25,2017,1950.5
A,Annual,ITC1,Piemonte,P3_D_W0_S13,Consumption of general government,G040,Economic affairs,L_2020,Chain linked - reference year 2020,N,Raw data,2025M12,Dec-25,2018,1925.8
A,Annual,ITC1,Piemonte,P3_D_W0_S13,Consumption of general government,G040,Economic affairs,L_2020,Chain linked - reference year 2020,N,Raw data,2025M12,Dec-25,2019,1963.1
A,Annual,ITC1,Piemonte,P3_D_W0_S13,Consumption of general government,G040,Economic affairs,L_2020,Chain linked - reference year 2020,N,Raw data,2025M12,Dec-25,2020,1975.3
A,Annual,ITC1,Piemonte,P3_D_W0_S13,Consumption of general government,G040,Economic affairs,L_2020,Chain linked - reference year 2020,N,Raw data,2025M12,Dec-25,2021,2070.2
A,Annual,ITC1,Piemonte,P3_D_W0_S13,Consumption of general government,G040,Economic affairs,L_2020,Chain linked - reference year 2020,N,Raw data,2025M12,Dec-25,2022,2112.4
A,Annual,ITC1,Piemonte,P3_D_W0_S13,Consumption of general government,G040,Economic affairs,L_2020,Chain linked - reference year 2020,N,Raw data,2025M12,Dec-25,2023,2142.2
A,Annual,ITC1,Piemonte,P3_D_W0_S13,Consumption of general government,G070,Health,L_2020,Chain linked - reference year 2020,N,Raw data,2025M12,Dec-25,2010,8467.6
A,Annual,ITC1,Piemonte,P3_D_W0_S13,Consumption of general government,G070,Health,L_2020,Chain linked - reference year 2020,N,Raw data,2025M12,Dec-25,2011,8412.8
A,Annual,ITC1,Piemonte,P3_D_W0_S13,Consumption of general government,G070,Health,L_2020,Chain linked - reference year 2020,N,Raw data,2025M12,Dec-25,2012,8127.1
A,Annual,ITC1,Piemonte,P3_D_W0_S13,Consumption of general government,G070,Health,L_2020,Chain linked - reference year 2020,N,Raw data,2025M12,Dec-25,2013,7833.5
A,Annual,ITC1,Piemonte,P3_D_W0_S13,Consumption of general government,G070,Health,L_2020,Chain linked - reference year 2020,N,Raw data,2025M12,Dec-25,2014,7763.4
A,Annual,ITC1,Piemonte,P3_D_W0_S13,Consumption of general government,G070,Health,L_2020,Chain linked - reference year 2020,N,Raw data,2025M12,Dec-25,2015,7787.9
A,Annual,ITC1,Piemonte,P3_D_W0_S13,Consumption of general government,G070,Health,L_2020,Chain linked - reference year 2020,N,Raw data,2025M12,Dec-25,2016,7814.7
A,Annual,ITC1,Piemonte,P3_D_W0_S13,Consumption of general government,G070,Health,L_2020,Chain linked - reference year 2020,N,Raw data,2025M12,Dec-25,2017,8030.9
A,Annual,ITC1,Piemonte,P3_D_W0_S13,Consumption of general government,G070,Health,L_2020,Chain linked - reference year 2020,N,Raw data,2025M12,Dec-25,2018,8006.4
A,Annual,ITC1,Piemonte,P3_D_W0_S13,Consumption of general government,G070,Health,L_2020,Chain linked - reference year 2020,N,Raw data,2025M12,Dec-25,2019,8264.3
A,Annual,ITC1,Piemonte,P3_D_W0_S13,Consumption of general government,G070,Health,L_2020,Chain linked - reference year 2020,N,Raw data,2025M12,Dec-25,2020,8817.5
A,Annual,ITC1,Piemonte,P3_D_W0_S13,Consumption of general government,G070,Health,L_2020,Chain linked - reference year 2020,N,Raw data,2025M12,Dec-25,2021,8848.2
A,Annual,ITC1,Piemonte,P3_D_W0_S13,Consumption of general government,G070,Health,L_2020,Chain linked - reference year 2020,N,Raw data,2025M12,Dec-25,2022,8778
A,Annual,ITC1,Piemonte,P3_D_W0_S13,Consumption of general government,G070,Health,L_2020,Chain linked - reference year 2020,N,Raw data,2025M12,Dec-25,2023,8643.6
A,Annual,ITC1,Piemonte,P3_D_W0_S13,Consumption of general government,G090,Education,L_2020,Chain linked - reference year 2020,N,Raw data,2025M12,Dec-25,2010,4605.4
A,Annual,ITC1,Piemonte,P3_D_W0_S13,Consumption of general government,G090,Education,L_2020,Chain linked - reference year 2020,N,Raw data,2025M12,Dec-25,2011,4392.9
A,Annual,ITC1,Piemonte,P3_D_W0_S13,Consumption of general government,G090,Education,L_2020,Chain linked - reference year 2020,N,Raw data,2025M12,Dec-25,2012,4349.9
A,Annual,ITC1,Piemonte,P3_D_W0_S13,Consumption of general government,G090,Education,L_2020,Chain linked - reference year 2020,N,Raw data,2025M12,Dec-25,2013,4348.3
A,Annual,ITC1,Piemonte,P3_D_W0_S13,Consumption of general government,G090,Education,L_2020,Chain linked - reference year 2020,N,Raw data,2025M12,Dec-25,2014,4351.8
A,Annual,ITC1,Piemonte,P3_D_W0_S13,Consumption of general government,G090,Education,L_2020,Chain linked - reference year 2020,N,Raw data,2025M12,Dec-25,2015,4341.6
A,Annual,ITC1,Piemonte,P3_D_W0_S13,Consumption of general government,G090,Education,L_2020,Chain linked - reference year 2020,N,Raw data,2025M12,Dec-25,2016,4351.2
A,Annual,ITC1,Piemonte,P3_D_W0_S13,Consumption of general government,G090,Education,L_2020,Chain linked - reference year 2020,N,Raw data,2025M12,Dec-25,2017,4433.8
A,Annual,ITC1,Piemonte,P3_D_W0_S13,Consumption of general government,G090,Education,L_2020,Chain linked - reference year 2020,N,Raw data,2025M12,Dec-25,2018,4479.2
A,Annual,ITC1,Piemonte,P3_D_W0_S13,Consumption of general government,G090,Education,L_2020,Chain linked - reference year 2020,N,Raw data,2025M12,Dec-25,2019,4480.2
A,Annual,ITC1,Piemonte,P3_D_W0_S13,Consumption of general government,G090,Education,L_2020,Chain linked - reference year 2020,N,Raw data,2025M12,Dec-25,2020,4304
A,Annual,ITC1,Piemonte,P3_D_W0_S13,Consumption of general government,G090,Education,L_2020,Chain linked - reference year 2020,N,Raw data,2025M12,Dec-25,2021,4528.7
A,Annual,ITC1,Piemonte,P3_D_W0_S13,Consumption of general government,G090,Education,L_2020,Chain linked - reference year 2020,N,Raw data,2025M12,Dec-25,2022,4529.4
A,Annual,ITC1,Piemonte,P3_D_W0_S13,Consumption of general government,G090,Education,L_2020,Chain linked - reference year 2020,N,Raw data,2025M12,Dec-25,2023,4640.2
A,Annual,ITC1,Piemonte,P3_D_W0_S13,Consumption of general government,G100,Social protection,L_2020,Chain linked - reference year 2020,N,Raw data,2025M12,Dec-25,2010,1476.4
A,Annual,ITC1,Piemonte,P3_D_W0_S13,Consumption of general government,G100,Social protection,L_2020,Chain linked - reference year 2020,N,Raw data,2025M12,Dec-25,2011,1376
A,Annual,ITC1,Piemonte,P3_D_W0_S13,Consumption of general government,G100,Social protection,L_2020,Chain linked - reference year 2020,N,Raw data,2025M12,Dec-25,2012,1337.7
A,Annual,ITC1,Piemonte,P3_D_W0_S13,Consumption of general government,G100,Social protection,L_2020,Chain linked - reference year 2020,N,Raw data,2025M12,Dec-25,2013,1303.8
A,Annual,ITC1,Piemonte,P3_D_W0_S13,Consumption of general government,G100,Social protection,L_2020,Chain linked - reference year 2020,N,Raw data,2025M12,Dec-25,2014,1261.9
A,Annual,ITC1,Piemonte,P3_D_W0_S13,Consumption of general government,G100,Social protection,L_2020,Chain linked - reference year 2020,N,Raw data,2025M12,Dec-25,2015,1267.9
A,Annual,ITC1,Piemonte,P3_D_W0_S13,Consumption of general government,G100,Social protection,L_2020,Chain linked - reference year 2020,N,Raw data,2025M12,Dec-25,2016,1279.6
A,Annual,ITC1,Piemonte,P3_D_W0_S13,Consumption of general government,G100,Social protection,L_2020,Chain linked - reference year 2020,N,Raw data,2025M12,Dec-25,2017,1278.4
A,Annual,ITC1,Piemonte,P3_D_W0_S13,Consumption of general government,G100,Social protection,L_2020,Chain linked - reference year 2020,N,Raw data,2025M12,Dec-25,2018,1260.1
A,Annual,ITC1,Piemonte,P3_D_W0_S13,Consumption of general government,G100,Social protection,L_2020,Chain linked - reference year 2020,N,Raw data,2025M12,Dec-25,2019,1208.1
A,Annual,ITC1,Piemonte,P3_D_W0_S13,Consumption of general government,G100,Social protection,L_2020,Chain linked - reference year 2020,N,Raw data,2025M12,Dec-25,2020,1170
A,Annual,ITC1,Piemonte,P3_D_W0_S13,Consumption of general government,G100,Social protection,L_2020,Chain linked - reference year 2020,N,Raw data,2025M12,Dec-25,2021,1219.5
A,Annual,ITC1,Piemonte,P3_D_W0_S13,Consumption of general government,G100,Social protection,L_2020,Chain linked - reference year 2020,N,Raw data,2025M12,Dec-25,2022,1406.6
A,Annual,ITC1,Piemonte,P3_D_W0_S13,Consumption of general government,G100,Social protection,L_2020,Chain linked - reference year 2020,N,Raw data,2025M12,Dec-25,2023,1645.9
A,Annual,ITC2,"'Valle d""'Aosta / Vallée d""'Aoste'",P3_D_W0_S13,Consumption of general government,G,Total,L_2020,Chain linked - reference year 2020,N,Raw data,2025M12,Dec-25,2010,1390.6
A,Annual,ITC2,"'Valle d""'Aosta / Vallée d""'Aoste'",P3_D_W0_S13,Consumption of general government,G,Total,L_2020,Chain linked - reference year 2020,N,Raw data,2025M12,Dec-25,2011,1361
A,Annual,ITC2,"'Valle d""'Aosta / Vallée d""'Aoste'",P3_D_W0_S13,Consumption of general government,G,Total,L_2020,Chain linked - reference year 2020,N,Raw data,2025M12,Dec-25,2012,1338.6
A,Annual,ITC2,"'Valle d""'Aosta / Vallée d""'Aoste'",P3_D_W0_S13,Consumption of general government,G,Total,L_2020,Chain linked - reference year 2020,N,Raw data,2025M12,Dec-25,2013,1338.8
A,Annual,ITC2,"'Valle d""'Aosta / Vallée d""'Aoste'",P3_D_W0_S13,Consumption of general government,G,Total,L_2020,Chain linked - reference year 2020,N,Raw data,2025M12,Dec-25,2014,1328.1
A,Annual,ITC2,"'Valle d""'Aosta / Vallée d""'Aoste'",P3_D_W0_S13,Consumption of general government,G,Total,L_2020,Chain linked - reference year 2020,N,Raw data,2025M12,Dec-25,2015,1324.4
A,Annual,ITC2,"'Valle d""'Aosta / Vallée d""'Aoste'",P3_D_W0_S13,Consumption of general government,G,Total,L_2020,Chain linked - reference year 2020,N,Raw data,2025M12,Dec-25,2016,1346.8
A,Annual,ITC2,"'Valle d""'Aosta / Vallée d""'Aoste'",P3_D_W0_S13,Consumption of general government,G,Total,L_2020,Chain linked - reference year 2020,N,Raw data,2025M12,Dec-25,2017,1348.6
A,Annual,ITC2,"'Valle d""'Aosta / Vallée d""'Aoste'",P3_D_W0_S13,Consumption of general government,G,Total,L_2020,Chain linked - reference year 2020,N,Raw data,2025M12,Dec-25,2018,1336.6
A,Annual,ITC2,"'Valle d""'Aosta / Vallée d""'Aoste'",P3_D_W0_S13,Consumption of general government,G,Total,L_2020,Chain linked - reference year 2020,N,Raw data,2025M12,Dec-25,2019,1351.7
A,Annual,ITC2,"'Valle d""'Aosta / Vallée d""'Aoste'",P3_D_W0_S13,Consumption of general government,G,Total,L_2020,Chain linked - reference year 2020,N,Raw data,2025M12,Dec-25,2020,1380.7
A,Annual,ITC2,"'Valle d""'Aosta / Vallée d""'Aoste'",P3_D_W0_S13,Consumption of general government,G,Total,L_2020,Chain linked - reference year 2020,N,Raw data,2025M12,Dec-25,2021,1409.2
A,Annual,ITC2,"'Valle d""'Aosta / Vallée d""'Aoste'",P3_D_W0_S13,Consumption of general government,G,Total,L_2020,Chain linked - reference year 2020,N,Raw data,2025M12,Dec-25,2022,1419.8
A,Annual,ITC2,"'Valle d""'Aosta / Vallée d""'Aoste'",P3_D_W0_S13,Consumption of general government,G,Total,L_2020,Chain linked - reference year 2020,N,Raw data,2025M12,Dec-25,2023,1446.7
A,Annual,ITC2,"'Valle d""'Aosta / Vallée d""'Aoste'",P3_D_W0_S13,Consumption of general government,G030,Public order and safety,L_2020,Chain linked - reference year 2020,N,Raw data,2025M12,Dec-25,2010,86.8
A,Annual,ITC2,"'Valle d""'Aosta / Vallée d""'Aoste'",P3_D_W0_S13,Consumption of general government,G030,Public order and safety,L_2020,Chain linked - reference year 2020,N,Raw data,2025M12,Dec-25,2011,86.5
A,Annual,ITC2,"'Valle d""'Aosta / Vallée d""'Aoste'",P3_D_W0_S13,Consumption of general government,G030,Public order and safety,L_2020,Chain linked - reference year 2020,N,Raw data,2025M12,Dec-25,2012,81.2
A,Annual,ITC2,"'Valle d""'Aosta / Vallée d""'Aoste'",P3_D_W0_S13,Consumption of general government,G030,Public order and safety,L_2020,Chain linked - reference year 2020,N,Raw data,2025M12,Dec-25,2013,82
A,Annual,ITC2,"'Valle d""'Aosta / Vallée d""'Aoste'",P3_D_W0_S13,Consumption of general government,G030,Public order and safety,L_2020,Chain linked - reference year 2020,N,Raw data,2025M12,Dec-25,2014,81.1
A,Annual,ITC2,"'Valle d""'Aosta / Vallée d""'Aoste'",P3_D_W0_S13,Consumption of general government,G030,Public order and safety,L_2020,Chain linked - reference year 2020,N,Raw data,2025M12,Dec-25,2015,81.6
A,Annual,ITC2,"'Valle d""'Aosta / Vallée d""'Aoste'",P3_D_W0_S13,Consumption of general government,G030,Public order and safety,L_2020,Chain linked - reference year 2020,N,Raw data,2025M12,Dec-25,2016,80.9
A,Annual,ITC2,"'Valle d""'Aosta / Vallée d""'Aoste'",P3_D_W0_S13,Consumption of general government,G030,Public order and safety,L_2020,Chain linked - reference year 2020,N,Raw data,2025M12,Dec-25,2017,81.5
A,Annual,ITC2,"'Valle d""'Aosta / Vallée d""'Aoste'",P3_D_W0_S13,Consumption of general government,G030,Public order and safety,L_2020,Chain linked - reference year 2020,N,Raw data,2025M12,Dec-25,2018,82.7
A,Annual,ITC2,"'Valle d""'Aosta / Vallée d""'Aoste'",P3_D_W0_S13,Consumption of general government,G030,Public order and safety,L_2020,Chain linked - reference year 2020,N,Raw data,2025M12,Dec-25,2019,82.7
A,Annual,ITC2,"'Valle d""'Aosta / Vallée d""'Aoste'",P3_D_W0_S13,Consumption of general government,G030,Public order and safety,L_2020,Chain linked - reference year 2020,N,Raw data,2025M12,Dec-25,2020,79.7
A,Annual,ITC2,"'Valle d""'Aosta / Vallée d""'Aoste'",P3_D_W0_S13,Consumption of general government,G030,Public order and safety,L_2020,Chain linked - reference year 2020,N,Raw data,2025M12,Dec-25,2021,80.4
A,Annual,ITC2,"'Valle d""'Aosta / Vallée d""'Aoste'",P3_D_W0_S13,Consumption of general government,G030,Public order and safety,L_2020,Chain linked - reference year 2020,N,Raw data,2025M12,Dec-25,2022,80.4
A,Annual,ITC2,"'Valle d""'Aosta / Vallée d""'Aoste'",P3_D_W0_S13,Consumption of general government,G030,Public order and safety,L_2020,Chain linked - reference year 2020,N,Raw data,2025M12,Dec-25,2023,81.4
A,Annual,ITC2,"'Valle d""'Aosta / Vallée d""'Aoste'",P3_D_W0_S13,Consumption of general government,G040,Economic affairs,L_2020,Chain linked - reference year 2020,N,Raw data,2025M12,Dec-25,2010,264
A,Annual,ITC2,"'Valle d""'Aosta / Vallée d""'Aoste'",P3_D_W0_S13,Consumption of general government,G040,Economic affairs,L_2020,Chain linked - reference year 2020,N,Raw data,2025M12,Dec-25,2011,265.6
A,Annual,ITC2,"'Valle d""'Aosta / Vallée d""'Aoste'",P3_D_W0_S13,Consumption of general government,G040,Economic affairs,L_2020,Chain linked - reference year 2020,N,Raw data,2025M12,Dec-25,2012,251.9
A,Annual,ITC2,"'Valle d""'Aosta / Vallée d""'Aoste'",P3_D_W0_S13,Consumption of general government,G040,Economic affairs,L_2020,Chain linked - reference year 2020,N,Raw data,2025M12,Dec-25,2013,250
A,Annual,ITC2,"'Valle d""'Aosta / Vallée d""'Aoste'",P3_D_W0_S13,Consumption of general government,G040,Economic affairs,L_2020,Chain linked - reference year 2020,N,Raw data,2025M12,Dec-25,2014,242.3
A,Annual,ITC2,"'Valle d""'Aosta / Vallée d""'Aoste'",P3_D_W0_S13,Consumption of general government,G040,Economic affairs,L_2020,Chain linked - reference year 2020,N,Raw data,2025M12,Dec-25,2015,245.6
A,Annual,ITC2,"'Valle d""'Aosta / Vallée d""'Aoste'",P3_D_W0_S13,Consumption of general government,G040,Economic affairs,L_2020,Chain linked - reference year 2020,N,Raw data,2025M12,Dec-25,2016,250.9
A,Annual,ITC2,"'Valle d""'Aosta / Vallée d""'Aoste'",P3_D_W0_S13,Consumption of general government,G040,Economic affairs,L_2020,Chain linked - reference year 2020,N,Raw data,2025M12,Dec-25,2017,254.5
A,Annual,ITC2,"'Valle d""'Aosta / Vallée d""'Aoste'",P3_D_W0_S13,Consumption of general government,G040,Economic affairs,L_2020,Chain linked - reference year 2020,N,Raw data,2025M12,Dec-25,2018,252
A,Annual,ITC2,"'Valle d""'Aosta / Vallée d""'Aoste'",P3_D_W0_S13,Consumption of general government,G040,Economic affairs,L_2020,Chain linked - reference year 2020,N,Raw data,2025M12,Dec-25,2019,253.7
A,Annual,ITC2,"'Valle d""'Aosta / Vallée d""'Aoste'",P3_D_W0_S13,Consumption of general government,G040,Economic affairs,L_2020,Chain linked - reference year 2020,N,Raw data,2025M12,Dec-25,2020,255.9
A,Annual,ITC2,"'Valle d""'Aosta / Vallée d""'Aoste'",P3_D_W0_S13,Consumption of general government,G040,Economic affairs,L_2020,Chain linked - reference year 2020,N,Raw data,2025M12,Dec-25,2021,272.8
A,Annual,ITC2,"'Valle d""'Aosta / Vallée d""'Aoste'",P3_D_W0_S13,Consumption of general government,G040,Economic affairs,L_2020,Chain linked - reference year 2020,N,Raw data,2025M12,Dec-25,2022,277.6
A,Annual,ITC2,"'Valle d""'Aosta / Vallée d""'Aoste'",P3_D_W0_S13,Consumption of general government,G040,Economic affairs,L_2020,Chain linked - reference year 2020,N,Raw data,2025M12,Dec-25,2023,277.7
A,Annual,ITC2,"'Valle d""'Aosta / Vallée d""'Aoste'",P3_D_W0_S13,Consumption of general government,G070,Health,L_2020,Chain linked - reference year 2020,N,Raw data,2025M12,Dec-25,2010,302
A,Annual,ITC2,"'Valle d""'Aosta / Vallée d""'Aoste'",P3_D_W0_S13,Consumption of general government,G070,Health,L_2020,Chain linked - reference year 2020,N,Raw data,2025M12,Dec-25,2011,304.6
A,Annual,ITC2,"'Valle d""'Aosta / Vallée d""'Aoste'",P3_D_W0_S13,Consumption of general government,G070,Health,L_2020,Chain linked - reference year 2020,N,Raw data,2025M12,Dec-25,2012,309.5
A,Annual,ITC2,"'Valle d""'Aosta / Vallée d""'Aoste'",P3_D_W0_S13,Consumption of general government,G070,Health,L_2020,Chain linked - reference year 2020,N,Raw data,2025M12,Dec-25,2013,309.5
A,Annual,ITC2,"'Valle d""'Aosta / Vallée d""'Aoste'",P3_D_W0_S13,Consumption of general government,G070,Health,L_2020,Chain linked - reference year 2020,N,Raw data,2025M12,Dec-25,2014,324.4
A,Annual,ITC2,"'Valle d""'Aosta / Vallée d""'Aoste'",P3_D_W0_S13,Consumption of general government,G070,Health,L_2020,Chain linked - reference year 2020,N,Raw data,2025M12,Dec-25,2015,340.4
A,Annual,ITC2,"'Valle d""'Aosta / Vallée d""'Aoste'",P3_D_W0_S13,Consumption of general government,G070,Health,L_2020,Chain linked - reference year 2020,N,Raw data,2025M12,Dec-25,2016,327.8
A,Annual,ITC2,"'Valle d""'Aosta / Vallée d""'Aoste'",P3_D_W0_S13,Consumption of general government,G070,Health,L_2020,Chain linked - reference year 2020,N,Raw data,2025M12,Dec-25,2017,320.1
A,Annual,ITC2,"'Valle d""'Aosta / Vallée d""'Aoste'",P3_D_W0_S13,Consumption of general government,G070,Health,L_2020,Chain linked - reference year 2020,N,Raw data,2025M12,Dec-25,2018,321.6
A,Annual,ITC2,"'Valle d""'Aosta / Vallée d""'Aoste'",P3_D_W0_S13,Consumption of general government,G070,Health,L_2020,Chain linked - reference year 2020,N,Raw data,2025M12,Dec-25,2019,325.3
A,Annual,ITC2,"'Valle d""'Aosta / Vallée d""'Aoste'",P3_D_W0_S13,Consumption of general government,G070,Health,L_2020,Chain linked - reference year 2020,N,Raw data,2025M12,Dec-25,2020,322.2
A,Annual,ITC2,"'Valle d""'Aosta / Vallée d""'Aoste'",P3_D_W0_S13,Consumption of general government,G070,Health,L_2020,Chain linked - reference year 2020,N,Raw data,2025M12,Dec-25,2021,320.1
A,Annual,ITC2,"'Valle d""'Aosta / Vallée d""'Aoste'",P3_D_W0_S13,Consumption of general government,G070,Health,L_2020,Chain linked - reference year 2020,N,Raw data,2025M12,Dec-25,2022,316.7
A,Annual,ITC2,"'Valle d""'Aosta / Vallée d""'Aoste'",P3_D_W0_S13,Consumption of general government,G070,Health,L_2020,Chain linked - reference year 2020,N,Raw data,2025M12,Dec-25,2023,332.6
A,Annual,ITC2,"'Valle d""'Aosta / Vallée d""'Aoste'",P3_D_W0_S13,Consumption of general government,G090,Education,L_2020,Chain linked - reference year 2020,N,Raw data,2025M12,Dec-25,2010,130.3
A,Annual,ITC2,"'Valle d""'Aosta / Vallée d""'Aoste'",P3_D_W0_S13,Consumption of general government,G090,Education,L_2020,Chain linked - reference year 2020,N,Raw data,2025M12,Dec-25,2011,127.6
A,Annual,ITC2,"'Valle d""'Aosta / Vallée d""'Aoste'",P3_D_W0_S13,Consumption of general government,G090,Education,L_2020,Chain linked - reference year 2020,N,Raw data,2025M12,Dec-25,2012,126.2
A,Annual,ITC2,"'Valle d""'Aosta / Vallée d""'Aoste'",P3_D_W0_S13,Consumption of general government,G090,Education,L_2020,Chain linked - reference year 2020,N,Raw data,2025M12,Dec-25,2013,126.3
A,Annual,ITC2,"'Valle d""'Aosta / Vallée d""'Aoste'",P3_D_W0_S13,Consumption of general government,G090,Education,L_2020,Chain linked - reference year 2020,N,Raw data,2025M12,Dec-25,2014,126.5
A,Annual,ITC2,"'Valle d""'Aosta / Vallée d""'Aoste'",P3_D_W0_S13,Consumption of general government,G090,Education,L_2020,Chain linked - reference year 2020,N,Raw data,2025M12,Dec-25,2015,126
A,Annual,ITC2,"'Valle d""'Aosta / Vallée d""'Aoste'",P3_D_W0_S13,Consumption of general government,G090,Education,L_2020,Chain linked - reference year 2020,N,Raw data,2025M12,Dec-25,2016,125.2
A,Annual,ITC2,"'Valle d""'Aosta / Vallée d""'Aoste'",P3_D_W0_S13,Consumption of general government,G090,Education,L_2020,Chain linked - reference year 2020,N,Raw data,2025M12,Dec-25,2017,128.7
A,Annual,ITC2,"'Valle d""'Aosta / Vallée d""'Aoste'",P3_D_W0_S13,Consumption of general government,G090,Education,L_2020,Chain linked - reference year 2020,N,Raw data,2025M12,Dec-25,2018,128.4
A,Annual,ITC2,"'Valle d""'Aosta / Vallée d""'Aoste'",P3_D_W0_S13,Consumption of general government,G090,Education,L_2020,Chain linked - reference year 2020,N,Raw data,2025M12,Dec-25,2019,156.6
A,Annual,ITC2,"'Valle d""'Aosta / Vallée d""'Aoste'",P3_D_W0_S13,Consumption of general government,G090,Education,L_2020,Chain linked - reference year 2020,N,Raw data,2025M12,Dec-25,2020,173.8
A,Annual,ITC2,"'Valle d""'Aosta / Vallée d""'Aoste'",P3_D_W0_S13,Consumption of general government,G090,Education,L_2020,Chain linked - reference year 2020,N,Raw data,2025M12,Dec-25,2021,181.4
A,Annual,ITC2,"'Valle d""'Aosta / Vallée d""'Aoste'",P3_D_W0_S13,Consumption of general government,G090,Education,L_2020,Chain linked - reference year 2020,N,Raw data,2025M12,Dec-25,2022,179.8
A,Annual,ITC2,"'Valle d""'Aosta / Vallée d""'Aoste'",P3_D_W0_S13,Consumption of general government,G090,Education,L_2020,Chain linked - reference year 2020,N,Raw data,2025M12,Dec-25,2023,188.9
A,Annual,ITC2,"'Valle d""'Aosta / Vallée d""'Aoste'",P3_D_W0_S13,Consumption of general government,G100,Social protection,L_2020,Chain linked - reference year 2020,N,Raw data,2025M12,Dec-25,2010,114.7
A,Annual,ITC2,"'Valle d""'Aosta / Vallée d""'Aoste'",P3_D_W0_S13,Consumption of general government,G100,Social protection,L_2020,Chain linked - reference year 2020,N,Raw data,2025M12,Dec-25,2011,105.6
A,Annual,ITC2,"'Valle d""'Aosta / Vallée d""'Aoste'",P3_D_W0_S13,Consumption of general government,G100,Social protection,L_2020,Chain linked - reference year 2020,N,Raw data,2025M12,Dec-25,2012,103.4
A,Annual,ITC2,"'Valle d""'Aosta / Vallée d""'Aoste'",P3_D_W0_S13,Consumption of general government,G100,Social protection,L_2020,Chain linked - reference year 2020,N,Raw data,2025M12,Dec-25,2013,102.6
A,Annual,ITC2,"'Valle d""'Aosta / Vallée d""'Aoste'",P3_D_W0_S13,Consumption of general government,G100,Social protection,L_2020,Chain linked - reference year 2020,N,Raw data,2025M12,Dec-25,2014,99.8
A,Annual,ITC2,"'Valle d""'Aosta / Vallée d""'Aoste'",P3_D_W0_S13,Consumption of general government,G100,Social protection,L_2020,Chain linked - reference year 2020,N,Raw data,2025M12,Dec-25,2015,99.2
A,Annual,ITC2,"'Valle d""'Aosta / Vallée d""'Aoste'",P3_D_W0_S13,Consumption of general government,G100,Social protection,L_2020,Chain linked - reference year 2020,N,Raw data,2025M12,Dec-25,2016,100.1
A,Annual,ITC2,"'Valle d""'Aosta / Vallée d""'Aoste'",P3_D_W0_S13,Consumption of general government,G100,Social protection,L_2020,Chain linked - reference year 2020,N,Raw data,2025M12,Dec-25,2017,99.9
A,Annual,ITC2,"'Valle d""'Aosta / Vallée d""'Aoste'",P3_D_W0_S13,Consumption of general government,G100,Social protection,L_2020,Chain linked - reference year 2020,N,Raw data,2025M12,Dec-25,2018,98.8
A,Annual,ITC2,"'Valle d""'Aosta / Vallée d""'Aoste'",P3_D_W0_S13,Consumption of general government,G100,Social protection,L_2020,Chain linked - reference year 2020,N,Raw data,2025M12,Dec-25,2019,93.5
A,Annual,ITC2,"'Valle d""'Aosta / Vallée d""'Aoste'",P3_D_W0_S13,Consumption of general government,G100,Social protection,L_2020,Chain linked - reference year 2020,N,Raw data,2025M12,Dec-25,2020,90.7
A,Annual,ITC2,"'Valle d""'Aosta / Vallée d""'Aoste'",P3_D_W0_S13,Consumption of general government,G100,Social protection,L_2020,Chain linked - reference year 2020,N,Raw data,2025M12,Dec-25,2021,96.7
A,Annual,ITC2,"'Valle d""'Aosta / Vallée d""'Aoste'",P3_D_W0_S13,Consumption of general government,G100,Social protection,L_2020,Chain linked - reference year 2020,N,Raw data,2025M12,Dec-25,2022,111.2
A,Annual,ITC2,"'Valle d""'Aosta / Vallée d""'Aoste'",P3_D_W0_S13,Consumption of general government,G100,Social protection,L_2020,Chain linked - reference year 2020,N,Raw data,2025M12,Dec-25,2023,128.5
A,Annual,ITC3,Liguria,P3_D_W0_S13,Consumption of general government,G,Total,L_2020,Chain linked - reference year 2020,N,Raw data,2025M12,Dec-25,2010,10320.2
A,Annual,ITC3,Liguria,P3_D_W0_S13,Consumption of general government,G,Total,L_2020,Chain linked - reference year 2020,N,Raw data,2025M12,Dec-25,2011,9915.3
A,Annual,ITC3,Liguria,P3_D_W0_S13,Consumption of general government,G,Total,L_2020,Chain linked - reference year 2020,N,Raw data,2025M12,Dec-25,2012,9641.2
A,Annual,ITC3,Liguria,P3_D_W0_S13,Consumption of general government,G,Total,L_2020,Chain linked - reference year 2020,N,Raw data,2025M12,Dec-25,2013,9484.3
A,Annual,ITC3,Liguria,P3_D_W0_S13,Consumption of general government,G,Total,L_2020,Chain linked - reference year 2020,N,Raw data,2025M12,Dec-25,2014,9446.4
A,Annual,ITC3,Liguria,P3_D_W0_S13,Consumption of general government,G,Total,L_2020,Chain linked - reference year 2020,N,Raw data,2025M12,Dec-25,2015,9347
A,Annual,ITC3,Liguria,P3_D_W0_S13,Consumption of general government,G,Total,L_2020,Chain linked - reference year 2020,N,Raw data,2025M12,Dec-25,2016,9479.1
A,Annual,ITC3,Liguria,P3_D_W0_S13,Consumption of general government,G,Total,L_2020,Chain linked - reference year 2020,N,Raw data,2025M12,Dec-25,2017,9492.2
A,Annual,ITC3,Liguria,P3_D_W0_S13,Consumption of general government,G,Total,L_2020,Chain linked - reference year 2020,N,Raw data,2025M12,Dec-25,2018,9392.6
A,Annual,ITC3,Liguria,P3_D_W0_S13,Consumption of general government,G,Total,L_2020,Chain linked - reference year 2020,N,Raw data,2025M12,Dec-25,2019,9400.9
A,Annual,ITC3,Liguria,P3_D_W0_S13,Consumption of general government,G,Total,L_2020,Chain linked - reference year 2020,N,Raw data,2025M12,Dec-25,2020,9235.5
A,Annual,ITC3,Liguria,P3_D_W0_S13,Consumption of general government,G,Total,L_2020,Chain linked - reference year 2020,N,Raw data,2025M12,Dec-25,2021,9324.1
A,Annual,ITC3,Liguria,P3_D_W0_S13,Consumption of general government,G,Total,L_2020,Chain linked - reference year 2020,N,Raw data,2025M12,Dec-25,2022,9471.4
A,Annual,ITC3,Liguria,P3_D_W0_S13,Consumption of general government,G,Total,L_2020,Chain linked - reference year 2020,N,Raw data,2025M12,Dec-25,2023,9922.2
A,Annual,ITC3,Liguria,P3_D_W0_S13,Consumption of general government,G030,Public order and safety,L_2020,Chain linked - reference year 2020,N,Raw data,2025M12,Dec-25,2010,941.8
A,Annual,ITC3,Liguria,P3_D_W0_S13,Consumption of general government,G030,Public order and safety,L_2020,Chain linked - reference year 2020,N,Raw data,2025M12,Dec-25,2011,947.5
A,Annual,ITC3,Liguria,P3_D_W0_S13,Consumption of general government,G030,Public order and safety,L_2020,Chain linked - reference year 2020,N,Raw data,2025M12,Dec-25,2012,892.4
A,Annual,ITC3,Liguria,P3_D_W0_S13,Consumption of general government,G030,Public order and safety,L_2020,Chain linked - reference year 2020,N,Raw data,2025M12,Dec-25,2013,891.7
A,Annual,ITC3,Liguria,P3_D_W0_S13,Consumption of general government,G030,Public order and safety,L_2020,Chain linked - reference year 2020,N,Raw data,2025M12,Dec-25,2014,880.7
A,Annual,ITC3,Liguria,P3_D_W0_S13,Consumption of general government,G030,Public order and safety,L_2020,Chain linked - reference year 2020,N,Raw data,2025M12,Dec-25,2015,892.9
A,Annual,ITC3,Liguria,P3_D_W0_S13,Consumption of general government,G030,Public order and safety,L_2020,Chain linked - reference year 2020,N,Raw data,2025M12,Dec-25,2016,887.2
A,Annual,ITC3,Liguria,P3_D_W0_S13,Consumption of general government,G030,Public order and safety,L_2020,Chain linked - reference year 2020,N,Raw data,2025M12,Dec-25,2017,892.5
A,Annual,ITC3,Liguria,P3_D_W0_S13,Consumption of general government,G030,Public order and safety,L_2020,Chain linked - reference year 2020,N,Raw data,2025M12,Dec-25,2018,902.8
A,Annual,ITC3,Liguria,P3_D_W0_S13,Consumption of general government,G030,Public order and safety,L_2020,Chain linked - reference year 2020,N,Raw data,2025M12,Dec-25,2019,906
A,Annual,ITC3,Liguria,P3_D_W0_S13,Consumption of general government,G030,Public order and safety,L_2020,Chain linked - reference year 2020,N,Raw data,2025M12,Dec-25,2020,873.6
A,Annual,ITC3,Liguria,P3_D_W0_S13,Consumption of general government,G030,Public order and safety,L_2020,Chain linked - reference year 2020,N,Raw data,2025M12,Dec-25,2021,875.8
A,Annual,ITC3,Liguria,P3_D_W0_S13,Consumption of general government,G030,Public order and safety,L_2020,Chain linked - reference year 2020,N,Raw data,2025M12,Dec-25,2022,887.2
A,Annual,ITC3,Liguria,P3_D_W0_S13,Consumption of general government,G030,Public order and safety,L_2020,Chain linked - reference year 2020,N,Raw data,2025M12,Dec-25,2023,904.9
A,Annual,ITC3,Liguria,P3_D_W0_S13,Consumption of general government,G040,Economic affairs,L_2020,Chain linked - reference year 2020,N,Raw data,2025M12,Dec-25,2010,837.6
A,Annual,ITC3,Liguria,P3_D_W0_S13,Consumption of general government,G040,Economic affairs,L_2020,Chain linked - reference year 2020,N,Raw data,2025M12,Dec-25,2011,851.2
A,Annual,ITC3,Liguria,P3_D_W0_S13,Consumption of general government,G040,Economic affairs,L_2020,Chain linked - reference year 2020,N,Raw data,2025M12,Dec-25,2012,808
A,Annual,ITC3,Liguria,P3_D_W0_S13,Consumption of general government,G040,Economic affairs,L_2020,Chain linked - reference year 2020,N,Raw data,2025M12,Dec-25,2013,788.3
A,Annual,ITC3,Liguria,P3_D_W0_S13,Consumption of general government,G040,Economic affairs,L_2020,Chain linked - reference year 2020,N,Raw data,2025M12,Dec-25,2014,765.8
A,Annual,ITC3,Liguria,P3_D_W0_S13,Consumption of general government,G040,Economic affairs,L_2020,Chain linked - reference year 2020,N,Raw data,2025M12,Dec-25,2015,779
A,Annual,ITC3,Liguria,P3_D_W0_S13,Consumption of general government,G040,Economic affairs,L_2020,Chain linked - reference year 2020,N,Raw data,2025M12,Dec-25,2016,796.8
A,Annual,ITC3,Liguria,P3_D_W0_S13,Consumption of general government,G040,Economic affairs,L_2020,Chain linked - reference year 2020,N,Raw data,2025M12,Dec-25,2017,803.8
A,Annual,ITC3,Liguria,P3_D_W0_S13,Consumption of general government,G040,Economic affairs,L_2020,Chain linked - reference year 2020,N,Raw data,2025M12,Dec-25,2018,789.4
A,Annual,ITC3,Liguria,P3_D_W0_S13,Consumption of general government,G040,Economic affairs,L_2020,Chain linked - reference year 2020,N,Raw data,2025M12,Dec-25,2019,802.9
A,Annual,ITC3,Liguria,P3_D_W0_S13,Consumption of general government,G040,Economic affairs,L_2020,Chain linked - reference year 2020,N,Raw data,2025M12,Dec-25,2020,808.7
A,Annual,ITC3,Liguria,P3_D_W0_S13,Consumption of general government,G040,Economic affairs,L_2020,Chain linked - reference year 2020,N,Raw data,2025M12,Dec-25,2021,843.9
A,Annual,ITC3,Liguria,P3_D_W0_S13,Consumption of general government,G040,Economic affairs,L_2020,Chain linked - reference year 2020,N,Raw data,2025M12,Dec-25,2022,891.8
A,Annual,ITC3,Liguria,P3_D_W0_S13,Consumption of general government,G040,Economic affairs,L_2020,Chain linked - reference year 2020,N,Raw data,2025M12,Dec-25,2023,910.4
A,Annual,ITC3,Liguria,P3_D_W0_S13,Consumption of general government,G070,Health,L_2020,Chain linked - reference year 2020,N,Raw data,2025M12,Dec-25,2010,3934.9
A,Annual,ITC3,Liguria,P3_D_W0_S13,Consumption of general government,G070,Health,L_2020,Chain linked - reference year 2020,N,Raw data,2025M12,Dec-25,2011,3703.5
A,Annual,ITC3,Liguria,P3_D_W0_S13,Consumption of general government,G070,Health,L_2020,Chain linked - reference year 2020,N,Raw data,2025M12,Dec-25,2012,3574.7
A,Annual,ITC3,Liguria,P3_D_W0_S13,Consumption of general government,G070,Health,L_2020,Chain linked - reference year 2020,N,Raw data,2025M12,Dec-25,2013,3502.2
A,Annual,ITC3,Liguria,P3_D_W0_S13,Consumption of general government,G070,Health,L_2020,Chain linked - reference year 2020,N,Raw data,2025M12,Dec-25,2014,3559.7
A,Annual,ITC3,Liguria,P3_D_W0_S13,Consumption of general government,G070,Health,L_2020,Chain linked - reference year 2020,N,Raw data,2025M12,Dec-25,2015,3518.6
A,Annual,ITC3,Liguria,P3_D_W0_S13,Consumption of general government,G070,Health,L_2020,Chain linked - reference year 2020,N,Raw data,2025M12,Dec-25,2016,3505.9
A,Annual,ITC3,Liguria,P3_D_W0_S13,Consumption of general government,G070,Health,L_2020,Chain linked - reference year 2020,N,Raw data,2025M12,Dec-25,2017,3500
A,Annual,ITC3,Liguria,P3_D_W0_S13,Consumption of general government,G070,Health,L_2020,Chain linked - reference year 2020,N,Raw data,2025M12,Dec-25,2018,3437.1
A,Annual,ITC3,Liguria,P3_D_W0_S13,Consumption of general government,G070,Health,L_2020,Chain linked - reference year 2020,N,Raw data,2025M12,Dec-25,2019,3503.3
A,Annual,ITC3,Liguria,P3_D_W0_S13,Consumption of general government,G070,Health,L_2020,Chain linked - reference year 2020,N,Raw data,2025M12,Dec-25,2020,3404.1
A,Annual,ITC3,Liguria,P3_D_W0_S13,Consumption of general government,G070,Health,L_2020,Chain linked - reference year 2020,N,Raw data,2025M12,Dec-25,2021,3419.1
A,Annual,ITC3,Liguria,P3_D_W0_S13,Consumption of general government,G070,Health,L_2020,Chain linked - reference year 2020,N,Raw data,2025M12,Dec-25,2022,3373.7
A,Annual,ITC3,Liguria,P3_D_W0_S13,Consumption of general government,G070,Health,L_2020,Chain linked - reference year 2020,N,Raw data,2025M12,Dec-25,2023,3666.2
A,Annual,ITC3,Liguria,P3_D_W0_S13,Consumption of general government,G090,Education,L_2020,Chain linked - reference year 2020,N,Raw data,2025M12,Dec-25,2010,1503.9
A,Annual,ITC3,Liguria,P3_D_W0_S13,Consumption of general government,G090,Education,L_2020,Chain linked - reference year 2020,N,Raw data,2025M12,Dec-25,2011,1428.9
A,Annual,ITC3,Liguria,P3_D_W0_S13,Consumption of general government,G090,Education,L_2020,Chain linked - reference year 2020,N,Raw data,2025M12,Dec-25,2012,1411.9
A,Annual,ITC3,Liguria,P3_D_W0_S13,Consumption of general government,G090,Education,L_2020,Chain linked - reference year 2020,N,Raw data,2025M12,Dec-25,2013,1407.4
A,Annual,ITC3,Liguria,P3_D_W0_S13,Consumption of general government,G090,Education,L_2020,Chain linked - reference year 2020,N,Raw data,2025M12,Dec-25,2014,1408.1
A,Annual,ITC3,Liguria,P3_D_W0_S13,Consumption of general government,G090,Education,L_2020,Chain linked - reference year 2020,N,Raw data,2025M12,Dec-25,2015,1395.6
A,Annual,ITC3,Liguria,P3_D_W0_S13,Consumption of general government,G090,Education,L_2020,Chain linked - reference year 2020,N,Raw data,2025M12,Dec-25,2016,1403.6
A,Annual,ITC3,Liguria,P3_D_W0_S13,Consumption of general government,G090,Education,L_2020,Chain linked - reference year 2020,N,Raw data,2025M12,Dec-25,2017,1426.7
A,Annual,ITC3,Liguria,P3_D_W0_S13,Consumption of general government,G090,Education,L_2020,Chain linked - reference year 2020,N,Raw data,2025M12,Dec-25,2018,1446.2
A,Annual,ITC3,Liguria,P3_D_W0_S13,Consumption of general government,G090,Education,L_2020,Chain linked - reference year 2020,N,Raw data,2025M12,Dec-25,2019,1447.2
A,Annual,ITC3,Liguria,P3_D_W0_S13,Consumption of general government,G090,Education,L_2020,Chain linked - reference year 2020,N,Raw data,2025M12,Dec-25,2020,1389.7
A,Annual,ITC3,Liguria,P3_D_W0_S13,Consumption of general government,G090,Education,L_2020,Chain linked - reference year 2020,N,Raw data,2025M12,Dec-25,2021,1464.1
A,Annual,ITC3,Liguria,P3_D_W0_S13,Consumption of general government,G090,Education,L_2020,Chain linked - reference year 2020,N,Raw data,2025M12,Dec-25,2022,1457.5
A,Annual,ITC3,Liguria,P3_D_W0_S13,Consumption of general government,G090,Education,L_2020,Chain linked - reference year 2020,N,Raw data,2025M12,Dec-25,2023,1505.2
A,Annual,ITC3,Liguria,P3_D_W0_S13,Consumption of general government,G100,Social protection,L_2020,Chain linked - reference year 2020,N,Raw data,2025M12,Dec-25,2010,558.3
A,Annual,ITC3,Liguria,P3_D_W0_S13,Consumption of general government,G100,Social protection,L_2020,Chain linked - reference year 2020,N,Raw data,2025M12,Dec-25,2011,518.9
A,Annual,ITC3,Liguria,P3_D_W0_S13,Consumption of general government,G100,Social protection,L_2020,Chain linked - reference year 2020,N,Raw data,2025M12,Dec-25,2012,509.6
A,Annual,ITC3,Liguria,P3_D_W0_S13,Consumption of general government,G100,Social protection,L_2020,Chain linked - reference year 2020,N,Raw data,2025M12,Dec-25,2013,496.6
A,Annual,ITC3,Liguria,P3_D_W0_S13,Consumption of general government,G100,Social protection,L_2020,Chain linked - reference year 2020,N,Raw data,2025M12,Dec-25,2014,484.1
A,Annual,ITC3,Liguria,P3_D_W0_S13,Consumption of general government,G100,Social protection,L_2020,Chain linked - reference year 2020,N,Raw data,2025M12,Dec-25,2015,483.8
A,Annual,ITC3,Liguria,P3_D_W0_S13,Consumption of general government,G100,Social protection,L_2020,Chain linked - reference year 2020,N,Raw data,2025M12,Dec-25,2016,489.6
A,Annual,ITC3,Liguria,P3_D_W0_S13,Consumption of general government,G100,Social protection,L_2020,Chain linked - reference year 2020,N,Raw data,2025M12,Dec-25,2017,486.6
A,Annual,ITC3,Liguria,P3_D_W0_S13,Consumption of general government,G100,Social protection,L_2020,Chain linked - reference year 2020,N,Raw data,2025M12,Dec-25,2018,477.5
A,Annual,ITC3,Liguria,P3_D_W0_S13,Consumption of general government,G100,Social protection,L_2020,Chain linked - reference year 2020,N,Raw data,2025M12,Dec-25,2019,456.7
A,Annual,ITC3,Liguria,P3_D_W0_S13,Consumption of general government,G100,Social protection,L_2020,Chain linked - reference year 2020,N,Raw data,2025M12,Dec-25,2020,442.9
A,Annual,ITC3,Liguria,P3_D_W0_S13,Consumption of general government,G100,Social protection,L_2020,Chain linked - reference year 2020,N,Raw data,2025M12,Dec-25,2021,459.3
A,Annual,ITC3,Liguria,P3_D_W0_S13,Consumption of general government,G100,Social protection,L_2020,Chain linked - reference year 2020,N,Raw data,2025M12,Dec-25,2022,547.7
A,Annual,ITC3,Liguria,P3_D_W0_S13,Consumption of general government,G100,Social protection,L_2020,Chain linked - reference year 2020,N,Raw data,2025M12,Dec-25,2023,643.5
A,Annual,ITC4,Lombardia,P3_D_W0_S13,Consumption of general government,G,Total,L_2020,Chain linked - reference year 2020,N,Raw data,2025M12,Dec-25,2010,53911.3
A,Annual,ITC4,Lombardia,P3_D_W0_S13,Consumption of general government,G,Total,L_2020,Chain linked - reference year 2020,N,Raw data,2025M12,Dec-25,2011,52939
A,Annual,ITC4,Lombardia,P3_D_W0_S13,Consumption of general government,G,Total,L_2020,Chain linked - reference year 2020,N,Raw data,2025M12,Dec-25,2012,51802.7
A,Annual,ITC4,Lombardia,P3_D_W0_S13,Consumption of general government,G,Total,L_2020,Chain linked - reference year 2020,N,Raw data,2025M12,Dec-25,2013,51568.4
A,Annual,ITC4,Lombardia,P3_D_W0_S13,Consumption of general government,G,Total,L_2020,Chain linked - reference year 2020,N,Raw data,2025M12,Dec-25,2014,51708
A,Annual,ITC4,Lombardia,P3_D_W0_S13,Consumption of general government,G,Total,L_2020,Chain linked - reference year 2020,N,Raw data,2025M12,Dec-25,2015,51968.5
A,Annual,ITC4,Lombardia,P3_D_W0_S13,Consumption of general government,G,Total,L_2020,Chain linked - reference year 2020,N,Raw data,2025M12,Dec-25,2016,52717.7
A,Annual,ITC4,Lombardia,P3_D_W0_S13,Consumption of general government,G,Total,L_2020,Chain linked - reference year 2020,N,Raw data,2025M12,Dec-25,2017,53013.1
A,Annual,ITC4,Lombardia,P3_D_W0_S13,Consumption of general government,G,Total,L_2020,Chain linked - reference year 2020,N,Raw data,2025M12,Dec-25,2018,52972.9
A,Annual,ITC4,Lombardia,P3_D_W0_S13,Consumption of general government,G,Total,L_2020,Chain linked - reference year 2020,N,Raw data,2025M12,Dec-25,2019,53010
A,Annual,ITC4,Lombardia,P3_D_W0_S13,Consumption of general government,G,Total,L_2020,Chain linked - reference year 2020,N,Raw data,2025M12,Dec-25,2020,53506.3
A,Annual,ITC4,Lombardia,P3_D_W0_S13,Consumption of general government,G,Total,L_2020,Chain linked - reference year 2020,N,Raw data,2025M12,Dec-25,2021,53820.5
A,Annual,ITC4,Lombardia,P3_D_W0_S13,Consumption of general government,G,Total,L_2020,Chain linked - reference year 2020,N,Raw data,2025M12,Dec-25,2022,54137.4
A,Annual,ITC4,Lombardia,P3_D_W0_S13,Consumption of general government,G,Total,L_2020,Chain linked - reference year 2020,N,Raw data,2025M12,Dec-25,2023,52073.1
A,Annual,ITC4,Lombardia,P3_D_W0_S13,Consumption of general government,G030,Public order and safety,L_2020,Chain linked - reference year 2020,N,Raw data,2025M12,Dec-25,2010,5374.4
A,Annual,ITC4,Lombardia,P3_D_W0_S13,Consumption of general government,G030,Public order and safety,L_2020,Chain linked - reference year 2020,N,Raw data,2025M12,Dec-25,2011,5453.8
A,Annual,ITC4,Lombardia,P3_D_W0_S13,Consumption of general government,G030,Public order and safety,L_2020,Chain linked - reference year 2020,N,Raw data,2025M12,Dec-25,2012,5181.5
A,Annual,ITC4,Lombardia,P3_D_W0_S13,Consumption of general government,G030,Public order and safety,L_2020,Chain linked - reference year 2020,N,Raw data,2025M12,Dec-25,2013,5218.5
A,Annual,ITC4,Lombardia,P3_D_W0_S13,Consumption of general government,G030,Public order and safety,L_2020,Chain linked - reference year 2020,N,Raw data,2025M12,Dec-25,2014,5188.1
A,Annual,ITC4,Lombardia,P3_D_W0_S13,Consumption of general government,G030,Public order and safety,L_2020,Chain linked - reference year 2020,N,Raw data,2025M12,Dec-25,2015,5305.5
A,Annual,ITC4,Lombardia,P3_D_W0_S13,Consumption of general government,G030,Public order and safety,L_2020,Chain linked - reference year 2020,N,Raw data,2025M12,Dec-25,2016,5298.4
A,Annual,ITC4,Lombardia,P3_D_W0_S13,Consumption of general government,G030,Public order and safety,L_2020,Chain linked - reference year 2020,N,Raw data,2025M12,Dec-25,2017,5348.4
A,Annual,ITC4,Lombardia,P3_D_W0_S13,Consumption of general government,G030,Public order and safety,L_2020,Chain linked - reference year 2020,N,Raw data,2025M12,Dec-25,2018,5470
A,Annual,ITC4,Lombardia,P3_D_W0_S13,Consumption of general government,G030,Public order and safety,L_2020,Chain linked - reference year 2020,N,Raw data,2025M12,Dec-25,2019,5527.2
A,Annual,ITC4,Lombardia,P3_D_W0_S13,Consumption of general government,G030,Public order and safety,L_2020,Chain linked - reference year 2020,N,Raw data,2025M12,Dec-25,2020,5345.8
A,Annual,ITC4,Lombardia,P3_D_W0_S13,Consumption of general government,G030,Public order and safety,L_2020,Chain linked - reference year 2020,N,Raw data,2025M12,Dec-25,2021,5361.6
A,Annual,ITC4,Lombardia,P3_D_W0_S13,Consumption of general government,G030,Public order and safety,L_2020,Chain linked - reference year 2020,N,Raw data,2025M12,Dec-25,2022,5396.3
A,Annual,ITC4,Lombardia,P3_D_W0_S13,Consumption of general government,G030,Public order and safety,L_2020,Chain linked - reference year 2020,N,Raw data,2025M12,Dec-25,2023,5505
A,Annual,ITC4,Lombardia,P3_D_W0_S13,Consumption of general government,G040,Economic affairs,L_2020,Chain linked - reference year 2020,N,Raw data,2025M12,Dec-25,2010,3133.9
A,Annual,ITC4,Lombardia,P3_D_W0_S13,Consumption of general government,G040,Economic affairs,L_2020,Chain linked - reference year 2020,N,Raw data,2025M12,Dec-25,2011,3218.8
A,Annual,ITC4,Lombardia,P3_D_W0_S13,Consumption of general government,G040,Economic affairs,L_2020,Chain linked - reference year 2020,N,Raw data,2025M12,Dec-25,2012,3096.9
A,Annual,ITC4,Lombardia,P3_D_W0_S13,Consumption of general government,G040,Economic affairs,L_2020,Chain linked - reference year 2020,N,Raw data,2025M12,Dec-25,2013,3070.5
A,Annual,ITC4,Lombardia,P3_D_W0_S13,Consumption of general government,G040,Economic affairs,L_2020,Chain linked - reference year 2020,N,Raw data,2025M12,Dec-25,2014,2990.2
A,Annual,ITC4,Lombardia,P3_D_W0_S13,Consumption of general government,G040,Economic affairs,L_2020,Chain linked - reference year 2020,N,Raw data,2025M12,Dec-25,2015,3077.9
A,Annual,ITC4,Lombardia,P3_D_W0_S13,Consumption of general government,G040,Economic affairs,L_2020,Chain linked - reference year 2020,N,Raw data,2025M12,Dec-25,2016,3160.2
A,Annual,ITC4,Lombardia,P3_D_W0_S13,Consumption of general government,G040,Economic affairs,L_2020,Chain linked - reference year 2020,N,Raw data,2025M12,Dec-25,2017,3186.9
A,Annual,ITC4,Lombardia,P3_D_W0_S13,Consumption of general government,G040,Economic affairs,L_2020,Chain linked - reference year 2020,N,Raw data,2025M12,Dec-25,2018,3202.3
A,Annual,ITC4,Lombardia,P3_D_W0_S13,Consumption of general government,G040,Economic affairs,L_2020,Chain linked - reference year 2020,N,Raw data,2025M12,Dec-25,2019,3273.8
A,Annual,ITC4,Lombardia,P3_D_W0_S13,Consumption of general government,G040,Economic affairs,L_2020,Chain linked - reference year 2020,N,Raw data,2025M12,Dec-25,2020,3304.4
A,Annual,ITC4,Lombardia,P3_D_W0_S13,Consumption of general government,G040,Economic affairs,L_2020,Chain linked - reference year 2020,N,Raw data,2025M12,Dec-25,2021,3451.3
A,Annual,ITC4,Lombardia,P3_D_W0_S13,Consumption of general government,G040,Economic affairs,L_2020,Chain linked - reference year 2020,N,Raw data,2025M12,Dec-25,2022,3553.6
A,Annual,ITC4,Lombardia,P3_D_W0_S13,Consumption of general government,G040,Economic affairs,L_2020,Chain linked - reference year 2020,N,Raw data,2025M12,Dec-25,2023,3604.1
A,Annual,ITC4,Lombardia,P3_D_W0_S13,Consumption of general government,G070,Health,L_2020,Chain linked - reference year 2020,N,Raw data,2025M12,Dec-25,2010,19357.8
A,Annual,ITC4,Lombardia,P3_D_W0_S13,Consumption of general government,G070,Health,L_2020,Chain linked - reference year 2020,N,Raw data,2025M12,Dec-25,2011,19121
A,Annual,ITC4,Lombardia,P3_D_W0_S13,Consumption of general government,G070,Health,L_2020,Chain linked - reference year 2020,N,Raw data,2025M12,Dec-25,2012,18488.4
A,Annual,ITC4,Lombardia,P3_D_W0_S13,Consumption of general government,G070,Health,L_2020,Chain linked - reference year 2020,N,Raw data,2025M12,Dec-25,2013,18406.3
A,Annual,ITC4,Lombardia,P3_D_W0_S13,Consumption of general government,G070,Health,L_2020,Chain linked - reference year 2020,N,Raw data,2025M12,Dec-25,2014,18872.2
A,Annual,ITC4,Lombardia,P3_D_W0_S13,Consumption of general government,G070,Health,L_2020,Chain linked - reference year 2020,N,Raw data,2025M12,Dec-25,2015,19121.8
A,Annual,ITC4,Lombardia,P3_D_W0_S13,Consumption of general government,G070,Health,L_2020,Chain linked - reference year 2020,N,Raw data,2025M12,Dec-25,2016,19164.2
A,Annual,ITC4,Lombardia,P3_D_W0_S13,Consumption of general government,G070,Health,L_2020,Chain linked - reference year 2020,N,Raw data,2025M12,Dec-25,2017,19311.3
A,Annual,ITC4,Lombardia,P3_D_W0_S13,Consumption of general government,G070,Health,L_2020,Chain linked - reference year 2020,N,Raw data,2025M12,Dec-25,2018,18889.7
A,Annual,ITC4,Lombardia,P3_D_W0_S13,Consumption of general government,G070,Health,L_2020,Chain linked - reference year 2020,N,Raw data,2025M12,Dec-25,2019,19121.2
A,Annual,ITC4,Lombardia,P3_D_W0_S13,Consumption of general government,G070,Health,L_2020,Chain linked - reference year 2020,N,Raw data,2025M12,Dec-25,2020,20025.6
A,Annual,ITC4,Lombardia,P3_D_W0_S13,Consumption of general government,G070,Health,L_2020,Chain linked - reference year 2020,N,Raw data,2025M12,Dec-25,2021,19883
A,Annual,ITC4,Lombardia,P3_D_W0_S13,Consumption of general government,G070,Health,L_2020,Chain linked - reference year 2020,N,Raw data,2025M12,Dec-25,2022,19662.2
A,Annual,ITC4,Lombardia,P3_D_W0_S13,Consumption of general government,G070,Health,L_2020,Chain linked - reference year 2020,N,Raw data,2025M12,Dec-25,2023,16788.8
A,Annual,ITC4,Lombardia,P3_D_W0_S13,Consumption of general government,G090,Education,L_2020,Chain linked - reference year 2020,N,Raw data,2025M12,Dec-25,2010,9675.3
A,Annual,ITC4,Lombardia,P3_D_W0_S13,Consumption of general government,G090,Education,L_2020,Chain linked - reference year 2020,N,Raw data,2025M12,Dec-25,2011,9266
A,Annual,ITC4,Lombardia,P3_D_W0_S13,Consumption of general government,G090,Education,L_2020,Chain linked - reference year 2020,N,Raw data,2025M12,Dec-25,2012,9200.8
A,Annual,ITC4,Lombardia,P3_D_W0_S13,Consumption of general government,G090,Education,L_2020,Chain linked - reference year 2020,N,Raw data,2025M12,Dec-25,2013,9255.9
A,Annual,ITC4,Lombardia,P3_D_W0_S13,Consumption of general government,G090,Education,L_2020,Chain linked - reference year 2020,N,Raw data,2025M12,Dec-25,2014,9323.3
A,Annual,ITC4,Lombardia,P3_D_W0_S13,Consumption of general government,G090,Education,L_2020,Chain linked - reference year 2020,N,Raw data,2025M12,Dec-25,2015,9336.4
A,Annual,ITC4,Lombardia,P3_D_W0_S13,Consumption of general government,G090,Education,L_2020,Chain linked - reference year 2020,N,Raw data,2025M12,Dec-25,2016,9379.8
A,Annual,ITC4,Lombardia,P3_D_W0_S13,Consumption of general government,G090,Education,L_2020,Chain linked - reference year 2020,N,Raw data,2025M12,Dec-25,2017,9612.4
A,Annual,ITC4,Lombardia,P3_D_W0_S13,Consumption of general government,G090,Education,L_2020,Chain linked - reference year 2020,N,Raw data,2025M12,Dec-25,2018,9778.2
A,Annual,ITC4,Lombardia,P3_D_W0_S13,Consumption of general government,G090,Education,L_2020,Chain linked - reference year 2020,N,Raw data,2025M12,Dec-25,2019,9816.4
A,Annual,ITC4,Lombardia,P3_D_W0_S13,Consumption of general government,G090,Education,L_2020,Chain linked - reference year 2020,N,Raw data,2025M12,Dec-25,2020,9538.2
A,Annual,ITC4,Lombardia,P3_D_W0_S13,Consumption of general government,G090,Education,L_2020,Chain linked - reference year 2020,N,Raw data,2025M12,Dec-25,2021,9997.7
A,Annual,ITC4,Lombardia,P3_D_W0_S13,Consumption of general government,G090,Education,L_2020,Chain linked - reference year 2020,N,Raw data,2025M12,Dec-25,2022,9993.6
A,Annual,ITC4,Lombardia,P3_D_W0_S13,Consumption of general government,G090,Education,L_2020,Chain linked - reference year 2020,N,Raw data,2025M12,Dec-25,2023,10260.7
A,Annual,ITC4,Lombardia,P3_D_W0_S13,Consumption of general government,G100,Social protection,L_2020,Chain linked - reference year 2020,N,Raw data,2025M12,Dec-25,2010,3100.2
A,Annual,ITC4,Lombardia,P3_D_W0_S13,Consumption of general government,G100,Social protection,L_2020,Chain linked - reference year 2020,N,Raw data,2025M12,Dec-25,2011,2900.9
A,Annual,ITC4,Lombardia,P3_D_W0_S13,Consumption of general government,G100,Social protection,L_2020,Chain linked - reference year 2020,N,Raw data,2025M12,Dec-25,2012,2868.4
A,Annual,ITC4,Lombardia,P3_D_W0_S13,Consumption of general government,G100,Social protection,L_2020,Chain linked - reference year 2020,N,Raw data,2025M12,Dec-25,2013,2808.1
A,Annual,ITC4,Lombardia,P3_D_W0_S13,Consumption of general government,G100,Social protection,L_2020,Chain linked - reference year 2020,N,Raw data,2025M12,Dec-25,2014,2739.4
A,Annual,ITC4,Lombardia,P3_D_W0_S13,Consumption of general government,G100,Social protection,L_2020,Chain linked - reference year 2020,N,Raw data,2025M12,Dec-25,2015,2756.3
A,Annual,ITC4,Lombardia,P3_D_W0_S13,Consumption of general government,G100,Social protection,L_2020,Chain linked - reference year 2020,N,Raw data,2025M12,Dec-25,2016,2788.4
A,Annual,ITC4,Lombardia,P3_D_W0_S13,Consumption of general government,G100,Social protection,L_2020,Chain linked - reference year 2020,N,Raw data,2025M12,Dec-25,2017,2747.7
A,Annual,ITC4,Lombardia,P3_D_W0_S13,Consumption of general government,G100,Social protection,L_2020,Chain linked - reference year 2020,N,Raw data,2025M12,Dec-25,2018,2759.4
A,Annual,ITC4,Lombardia,P3_D_W0_S13,Consumption of general government,G100,Social protection,L_2020,Chain linked - reference year 2020,N,Raw data,2025M12,Dec-25,2019,2653.5
A,Annual,ITC4,Lombardia,P3_D_W0_S13,Consumption of general government,G100,Social protection,L_2020,Chain linked - reference year 2020,N,Raw data,2025M12,Dec-25,2020,2574.3
A,Annual,ITC4,Lombardia,P3_D_W0_S13,Consumption of general government,G100,Social protection,L_2020,Chain linked - reference year 2020,N,Raw data,2025M12,Dec-25,2021,2677.2
A,Annual,ITC4,Lombardia,P3_D_W0_S13,Consumption of general government,G100,Social protection,L_2020,Chain linked - reference year 2020,N,Raw data,2025M12,Dec-25,2022,3120.4
A,Annual,ITC4,Lombardia,P3_D_W0_S13,Consumption of general government,G100,Social protection,L_2020,Chain linked - reference year 2020,N,Raw data,2025M12,Dec-25,2023,3656.6
A,Annual,ITDA,Trentino Alto Adige / Südtirol,P3_D_W0_S13,Consumption of general government,G,Total,L_2020,Chain linked - reference year 2020,N,Raw data,2025M12,Dec-25,2010,9318
A,Annual,ITDA,Trentino Alto Adige / Südtirol,P3_D_W0_S13,Consumption of general government,G,Total,L_2020,Chain linked - reference year 2020,N,Raw data,2025M12,Dec-25,2011,9288.4
A,Annual,ITDA,Trentino Alto Adige / Südtirol,P3_D_W0_S13,Consumption of general government,G,Total,L_2020,Chain linked - reference year 2020,N,Raw data,2025M12,Dec-25,2012,9290
A,Annual,ITDA,Trentino Alto Adige / Südtirol,P3_D_W0_S13,Consumption of general government,G,Total,L_2020,Chain linked - reference year 2020,N,Raw data,2025M12,Dec-25,2013,9208.5
A,Annual,ITDA,Trentino Alto Adige / Südtirol,P3_D_W0_S13,Consumption of general government,G,Total,L_2020,Chain linked - reference year 2020,N,Raw data,2025M12,Dec-25,2014,9148.6
A,Annual,ITDA,Trentino Alto Adige / Südtirol,P3_D_W0_S13,Consumption of general government,G,Total,L_2020,Chain linked - reference year 2020,N,Raw data,2025M12,Dec-25,2015,9256.3
A,Annual,ITDA,Trentino Alto Adige / Südtirol,P3_D_W0_S13,Consumption of general government,G,Total,L_2020,Chain linked - reference year 2020,N,Raw data,2025M12,Dec-25,2016,9447.9
A,Annual,ITDA,Trentino Alto Adige / Südtirol,P3_D_W0_S13,Consumption of general government,G,Total,L_2020,Chain linked - reference year 2020,N,Raw data,2025M12,Dec-25,2017,9418.2
A,Annual,ITDA,Trentino Alto Adige / Südtirol,P3_D_W0_S13,Consumption of general government,G,Total,L_2020,Chain linked - reference year 2020,N,Raw data,2025M12,Dec-25,2018,9648.8
A,Annual,ITDA,Trentino Alto Adige / Südtirol,P3_D_W0_S13,Consumption of general government,G,Total,L_2020,Chain linked - reference year 2020,N,Raw data,2025M12,Dec-25,2019,9816.1
A,Annual,ITDA,Trentino Alto Adige / Südtirol,P3_D_W0_S13,Consumption of general government,G,Total,L_2020,Chain linked - reference year 2020,N,Raw data,2025M12,Dec-25,2020,10017.4
A,Annual,ITDA,Trentino Alto Adige / Südtirol,P3_D_W0_S13,Consumption of general government,G,Total,L_2020,Chain linked - reference year 2020,N,Raw data,2025M12,Dec-25,2021,10281.3
A,Annual,ITDA,Trentino Alto Adige / Südtirol,P3_D_W0_S13,Consumption of general government,G,Total,L_2020,Chain linked - reference year 2020,N,Raw data,2025M12,Dec-25,2022,10470.7
A,Annual,ITDA,Trentino Alto Adige / Südtirol,P3_D_W0_S13,Consumption of general government,G,Total,L_2020,Chain linked - reference year 2020,N,Raw data,2025M12,Dec-25,2023,10709.6
A,Annual,ITDA,Trentino Alto Adige / Südtirol,P3_D_W0_S13,Consumption of general government,G030,Public order and safety,L_2020,Chain linked - reference year 2020,N,Raw data,2025M12,Dec-25,2010,697.5
A,Annual,ITDA,Trentino Alto Adige / Südtirol,P3_D_W0_S13,Consumption of general government,G030,Public order and safety,L_2020,Chain linked - reference year 2020,N,Raw data,2025M12,Dec-25,2011,708.3
A,Annual,ITDA,Trentino Alto Adige / Südtirol,P3_D_W0_S13,Consumption of general government,G030,Public order and safety,L_2020,Chain linked - reference year 2020,N,Raw data,2025M12,Dec-25,2012,674.7
A,Annual,ITDA,Trentino Alto Adige / Südtirol,P3_D_W0_S13,Consumption of general government,G030,Public order and safety,L_2020,Chain linked - reference year 2020,N,Raw data,2025M12,Dec-25,2013,680
A,Annual,ITDA,Trentino Alto Adige / Südtirol,P3_D_W0_S13,Consumption of general government,G030,Public order and safety,L_2020,Chain linked - reference year 2020,N,Raw data,2025M12,Dec-25,2014,675.6
A,Annual,ITDA,Trentino Alto Adige / Südtirol,P3_D_W0_S13,Consumption of general government,G030,Public order and safety,L_2020,Chain linked - reference year 2020,N,Raw data,2025M12,Dec-25,2015,693.1
A,Annual,ITDA,Trentino Alto Adige / Südtirol,P3_D_W0_S13,Consumption of general government,G030,Public order and safety,L_2020,Chain linked - reference year 2020,N,Raw data,2025M12,Dec-25,2016,695.9
A,Annual,ITDA,Trentino Alto Adige / Südtirol,P3_D_W0_S13,Consumption of general government,G030,Public order and safety,L_2020,Chain linked - reference year 2020,N,Raw data,2025M12,Dec-25,2017,704.8
A,Annual,ITDA,Trentino Alto Adige / Südtirol,P3_D_W0_S13,Consumption of general government,G030,Public order and safety,L_2020,Chain linked - reference year 2020,N,Raw data,2025M12,Dec-25,2018,731.4
A,Annual,ITDA,Trentino Alto Adige / Südtirol,P3_D_W0_S13,Consumption of general government,G030,Public order and safety,L_2020,Chain linked - reference year 2020,N,Raw data,2025M12,Dec-25,2019,741.2
A,Annual,ITDA,Trentino Alto Adige / Südtirol,P3_D_W0_S13,Consumption of general government,G030,Public order and safety,L_2020,Chain linked - reference year 2020,N,Raw data,2025M12,Dec-25,2020,719.8
A,Annual,ITDA,Trentino Alto Adige / Südtirol,P3_D_W0_S13,Consumption of general government,G030,Public order and safety,L_2020,Chain linked - reference year 2020,N,Raw data,2025M12,Dec-25,2021,725.3
A,Annual,ITDA,Trentino Alto Adige / Südtirol,P3_D_W0_S13,Consumption of general government,G030,Public order and safety,L_2020,Chain linked - reference year 2020,N,Raw data,2025M12,Dec-25,2022,731.2
A,Annual,ITDA,Trentino Alto Adige / Südtirol,P3_D_W0_S13,Consumption of general government,G030,Public order and safety,L_2020,Chain linked - reference year 2020,N,Raw data,2025M12,Dec-25,2023,746.5
A,Annual,ITDA,Trentino Alto Adige / Südtirol,P3_D_W0_S13,Consumption of general government,G040,Economic affairs,L_2020,Chain linked - reference year 2020,N,Raw data,2025M12,Dec-25,2010,1373.6
A,Annual,ITDA,Trentino Alto Adige / Südtirol,P3_D_W0_S13,Consumption of general government,G040,Economic affairs,L_2020,Chain linked - reference year 2020,N,Raw data,2025M12,Dec-25,2011,1412.9
A,Annual,ITDA,Trentino Alto Adige / Südtirol,P3_D_W0_S13,Consumption of general government,G040,Economic affairs,L_2020,Chain linked - reference year 2020,N,Raw data,2025M12,Dec-25,2012,1372.7
A,Annual,ITDA,Trentino Alto Adige / Südtirol,P3_D_W0_S13,Consumption of general government,G040,Economic affairs,L_2020,Chain linked - reference year 2020,N,Raw data,2025M12,Dec-25,2013,1346.4
A,Annual,ITDA,Trentino Alto Adige / Südtirol,P3_D_W0_S13,Consumption of general government,G040,Economic affairs,L_2020,Chain linked - reference year 2020,N,Raw data,2025M12,Dec-25,2014,1302.4
A,Annual,ITDA,Trentino Alto Adige / Südtirol,P3_D_W0_S13,Consumption of general government,G040,Economic affairs,L_2020,Chain linked - reference year 2020,N,Raw data,2025M12,Dec-25,2015,1343.2
A,Annual,ITDA,Trentino Alto Adige / Südtirol,P3_D_W0_S13,Consumption of general government,G040,Economic affairs,L_2020,Chain linked - reference year 2020,N,Raw data,2025M12,Dec-25,2016,1393.6
A,Annual,ITDA,Trentino Alto Adige / Südtirol,P3_D_W0_S13,Consumption of general government,G040,Economic affairs,L_2020,Chain linked - reference year 2020,N,Raw data,2025M12,Dec-25,2017,1395.4
A,Annual,ITDA,Trentino Alto Adige / Südtirol,P3_D_W0_S13,Consumption of general government,G040,Economic affairs,L_2020,Chain linked - reference year 2020,N,Raw data,2025M12,Dec-25,2018,1454.2
A,Annual,ITDA,Trentino Alto Adige / Südtirol,P3_D_W0_S13,Consumption of general government,G040,Economic affairs,L_2020,Chain linked - reference year 2020,N,Raw data,2025M12,Dec-25,2019,1493.5
A,Annual,ITDA,Trentino Alto Adige / Südtirol,P3_D_W0_S13,Consumption of general government,G040,Economic affairs,L_2020,Chain linked - reference year 2020,N,Raw data,2025M12,Dec-25,2020,1520.3
A,Annual,ITDA,Trentino Alto Adige / Südtirol,P3_D_W0_S13,Consumption of general government,G040,Economic affairs,L_2020,Chain linked - reference year 2020,N,Raw data,2025M12,Dec-25,2021,1599.5
A,Annual,ITDA,Trentino Alto Adige / Südtirol,P3_D_W0_S13,Consumption of general government,G040,Economic affairs,L_2020,Chain linked - reference year 2020,N,Raw data,2025M12,Dec-25,2022,1649.6
A,Annual,ITDA,Trentino Alto Adige / Südtirol,P3_D_W0_S13,Consumption of general government,G040,Economic affairs,L_2020,Chain linked - reference year 2020,N,Raw data,2025M12,Dec-25,2023,1669.3
A,Annual,ITDA,Trentino Alto Adige / Südtirol,P3_D_W0_S13,Consumption of general government,G070,Health,L_2020,Chain linked - reference year 2020,N,Raw data,2025M12,Dec-25,2010,2269.1
A,Annual,ITDA,Trentino Alto Adige / Südtirol,P3_D_W0_S13,Consumption of general government,G070,Health,L_2020,Chain linked - reference year 2020,N,Raw data,2025M12,Dec-25,2011,2397.7
A,Annual,ITDA,Trentino Alto Adige / Südtirol,P3_D_W0_S13,Consumption of general government,G070,Health,L_2020,Chain linked - reference year 2020,N,Raw data,2025M12,Dec-25,2012,2433.5
A,Annual,ITDA,Trentino Alto Adige / Südtirol,P3_D_W0_S13,Consumption of general government,G070,Health,L_2020,Chain linked - reference year 2020,N,Raw data,2025M12,Dec-25,2013,2407.9
A,Annual,ITDA,Trentino Alto Adige / Südtirol,P3_D_W0_S13,Consumption of general government,G070,Health,L_2020,Chain linked - reference year 2020,N,Raw data,2025M12,Dec-25,2014,2473.6
A,Annual,ITDA,Trentino Alto Adige / Südtirol,P3_D_W0_S13,Consumption of general government,G070,Health,L_2020,Chain linked - reference year 2020,N,Raw data,2025M12,Dec-25,2015,2521.5
A,Annual,ITDA,Trentino Alto Adige / Südtirol,P3_D_W0_S13,Consumption of general government,G070,Health,L_2020,Chain linked - reference year 2020,N,Raw data,2025M12,Dec-25,2016,2506.5
A,Annual,ITDA,Trentino Alto Adige / Südtirol,P3_D_W0_S13,Consumption of general government,G070,Health,L_2020,Chain linked - reference year 2020,N,Raw data,2025M12,Dec-25,2017,2530.1
A,Annual,ITDA,Trentino Alto Adige / Südtirol,P3_D_W0_S13,Consumption of general government,G070,Health,L_2020,Chain linked - reference year 2020,N,Raw data,2025M12,Dec-25,2018,2469.2
A,Annual,ITDA,Trentino Alto Adige / Südtirol,P3_D_W0_S13,Consumption of general government,G070,Health,L_2020,Chain linked - reference year 2020,N,Raw data,2025M12,Dec-25,2019,2535.6
A,Annual,ITDA,Trentino Alto Adige / Südtirol,P3_D_W0_S13,Consumption of general government,G070,Health,L_2020,Chain linked - reference year 2020,N,Raw data,2025M12,Dec-25,2020,2610.6
A,Annual,ITDA,Trentino Alto Adige / Südtirol,P3_D_W0_S13,Consumption of general government,G070,Health,L_2020,Chain linked - reference year 2020,N,Raw data,2025M12,Dec-25,2021,2716.1
A,Annual,ITDA,Trentino Alto Adige / Südtirol,P3_D_W0_S13,Consumption of general government,G070,Health,L_2020,Chain linked - reference year 2020,N,Raw data,2025M12,Dec-25,2022,2725.3
A,Annual,ITDA,Trentino Alto Adige / Südtirol,P3_D_W0_S13,Consumption of general government,G070,Health,L_2020,Chain linked - reference year 2020,N,Raw data,2025M12,Dec-25,2023,2773.7
A,Annual,ITDA,Trentino Alto Adige / Südtirol,P3_D_W0_S13,Consumption of general government,G090,Education,L_2020,Chain linked - reference year 2020,N,Raw data,2025M12,Dec-25,2010,1746.9
A,Annual,ITDA,Trentino Alto Adige / Südtirol,P3_D_W0_S13,Consumption of general government,G090,Education,L_2020,Chain linked - reference year 2020,N,Raw data,2025M12,Dec-25,2011,1658.1
A,Annual,ITDA,Trentino Alto Adige / Südtirol,P3_D_W0_S13,Consumption of general government,G090,Education,L_2020,Chain linked - reference year 2020,N,Raw data,2025M12,Dec-25,2012,1642.9
A,Annual,ITDA,Trentino Alto Adige / Südtirol,P3_D_W0_S13,Consumption of general government,G090,Education,L_2020,Chain linked - reference year 2020,N,Raw data,2025M12,Dec-25,2013,1639.2
A,Annual,ITDA,Trentino Alto Adige / Südtirol,P3_D_W0_S13,Consumption of general government,G090,Education,L_2020,Chain linked - reference year 2020,N,Raw data,2025M12,Dec-25,2014,1638.8
A,Annual,ITDA,Trentino Alto Adige / Südtirol,P3_D_W0_S13,Consumption of general government,G090,Education,L_2020,Chain linked - reference year 2020,N,Raw data,2025M12,Dec-25,2015,1676.1
A,Annual,ITDA,Trentino Alto Adige / Südtirol,P3_D_W0_S13,Consumption of general government,G090,Education,L_2020,Chain linked - reference year 2020,N,Raw data,2025M12,Dec-25,2016,1620.1
A,Annual,ITDA,Trentino Alto Adige / Südtirol,P3_D_W0_S13,Consumption of general government,G090,Education,L_2020,Chain linked - reference year 2020,N,Raw data,2025M12,Dec-25,2017,1609.6
A,Annual,ITDA,Trentino Alto Adige / Südtirol,P3_D_W0_S13,Consumption of general government,G090,Education,L_2020,Chain linked - reference year 2020,N,Raw data,2025M12,Dec-25,2018,1672
A,Annual,ITDA,Trentino Alto Adige / Südtirol,P3_D_W0_S13,Consumption of general government,G090,Education,L_2020,Chain linked - reference year 2020,N,Raw data,2025M12,Dec-25,2019,1782.7
A,Annual,ITDA,Trentino Alto Adige / Südtirol,P3_D_W0_S13,Consumption of general government,G090,Education,L_2020,Chain linked - reference year 2020,N,Raw data,2025M12,Dec-25,2020,1830.8
A,Annual,ITDA,Trentino Alto Adige / Südtirol,P3_D_W0_S13,Consumption of general government,G090,Education,L_2020,Chain linked - reference year 2020,N,Raw data,2025M12,Dec-25,2021,1925.1
A,Annual,ITDA,Trentino Alto Adige / Südtirol,P3_D_W0_S13,Consumption of general government,G090,Education,L_2020,Chain linked - reference year 2020,N,Raw data,2025M12,Dec-25,2022,1927.7
A,Annual,ITDA,Trentino Alto Adige / Südtirol,P3_D_W0_S13,Consumption of general government,G090,Education,L_2020,Chain linked - reference year 2020,N,Raw data,2025M12,Dec-25,2023,1999.8
A,Annual,ITDA,Trentino Alto Adige / Südtirol,P3_D_W0_S13,Consumption of general government,G100,Social protection,L_2020,Chain linked - reference year 2020,N,Raw data,2025M12,Dec-25,2010,661.1
A,Annual,ITDA,Trentino Alto Adige / Südtirol,P3_D_W0_S13,Consumption of general government,G100,Social protection,L_2020,Chain linked - reference year 2020,N,Raw data,2025M12,Dec-25,2011,622.4
A,Annual,ITDA,Trentino Alto Adige / Südtirol,P3_D_W0_S13,Consumption of general government,G100,Social protection,L_2020,Chain linked - reference year 2020,N,Raw data,2025M12,Dec-25,2012,623.3
A,Annual,ITDA,Trentino Alto Adige / Südtirol,P3_D_W0_S13,Consumption of general government,G100,Social protection,L_2020,Chain linked - reference year 2020,N,Raw data,2025M12,Dec-25,2013,614.1
A,Annual,ITDA,Trentino Alto Adige / Südtirol,P3_D_W0_S13,Consumption of general government,G100,Social protection,L_2020,Chain linked - reference year 2020,N,Raw data,2025M12,Dec-25,2014,595.7
A,Annual,ITDA,Trentino Alto Adige / Südtirol,P3_D_W0_S13,Consumption of general government,G100,Social protection,L_2020,Chain linked - reference year 2020,N,Raw data,2025M12,Dec-25,2015,603.5
A,Annual,ITDA,Trentino Alto Adige / Südtirol,P3_D_W0_S13,Consumption of general government,G100,Social protection,L_2020,Chain linked - reference year 2020,N,Raw data,2025M12,Dec-25,2016,621.9
A,Annual,ITDA,Trentino Alto Adige / Südtirol,P3_D_W0_S13,Consumption of general government,G100,Social protection,L_2020,Chain linked - reference year 2020,N,Raw data,2025M12,Dec-25,2017,612.1
A,Annual,ITDA,Trentino Alto Adige / Südtirol,P3_D_W0_S13,Consumption of general government,G100,Social protection,L_2020,Chain linked - reference year 2020,N,Raw data,2025M12,Dec-25,2018,635.1
A,Annual,ITDA,Trentino Alto Adige / Südtirol,P3_D_W0_S13,Consumption of general government,G100,Social protection,L_2020,Chain linked - reference year 2020,N,Raw data,2025M12,Dec-25,2019,614
A,Annual,ITDA,Trentino Alto Adige / Südtirol,P3_D_W0_S13,Consumption of general government,G100,Social protection,L_2020,Chain linked - reference year 2020,N,Raw data,2025M12,Dec-25,2020,601.7
A,Annual,ITDA,Trentino Alto Adige / Südtirol,P3_D_W0_S13,Consumption of general government,G100,Social protection,L_2020,Chain linked - reference year 2020,N,Raw data,2025M12,Dec-25,2021,629.7
A,Annual,ITDA,Trentino Alto Adige / Südtirol,P3_D_W0_S13,Consumption of general government,G100,Social protection,L_2020,Chain linked - reference year 2020,N,Raw data,2025M12,Dec-25,2022,734.5
A,Annual,ITDA,Trentino Alto Adige / Südtirol,P3_D_W0_S13,Consumption of general government,G100,Social protection,L_2020,Chain linked - reference year 2020,N,Raw data,2025M12,Dec-25,2023,858.8
A,Annual,ITD1,Provincia Autonoma Bolzano / Bozen,P3_D_W0_S13,Consumption of general government,G,Total,L_2020,Chain linked - reference year 2020,N,Raw data,2025M12,Dec-25,2010,4949.7
A,Annual,ITD1,Provincia Autonoma Bolzano / Bozen,P3_D_W0_S13,Consumption of general government,G,Total,L_2020,Chain linked - reference year 2020,N,Raw data,2025M12,Dec-25,2011,4863.3
A,Annual,ITD1,Provincia Autonoma Bolzano / Bozen,P3_D_W0_S13,Consumption of general government,G,Total,L_2020,Chain linked - reference year 2020,N,Raw data,2025M12,Dec-25,2012,4865.9
A,Annual,ITD1,Provincia Autonoma Bolzano / Bozen,P3_D_W0_S13,Consumption of general government,G,Total,L_2020,Chain linked - reference year 2020,N,Raw data,2025M12,Dec-25,2013,4838.3
A,Annual,ITD1,Provincia Autonoma Bolzano / Bozen,P3_D_W0_S13,Consumption of general government,G,Total,L_2020,Chain linked - reference year 2020,N,Raw data,2025M12,Dec-25,2014,4808.1
A,Annual,ITD1,Provincia Autonoma Bolzano / Bozen,P3_D_W0_S13,Consumption of general government,G,Total,L_2020,Chain linked - reference year 2020,N,Raw data,2025M12,Dec-25,2015,4919.6
A,Annual,ITD1,Provincia Autonoma Bolzano / Bozen,P3_D_W0_S13,Consumption of general government,G,Total,L_2020,Chain linked - reference year 2020,N,Raw data,2025M12,Dec-25,2016,5036.2
A,Annual,ITD1,Provincia Autonoma Bolzano / Bozen,P3_D_W0_S13,Consumption of general government,G,Total,L_2020,Chain linked - reference year 2020,N,Raw data,2025M12,Dec-25,2017,4994.4
A,Annual,ITD1,Provincia Autonoma Bolzano / Bozen,P3_D_W0_S13,Consumption of general government,G,Total,L_2020,Chain linked - reference year 2020,N,Raw data,2025M12,Dec-25,2018,5158.1
A,Annual,ITD1,Provincia Autonoma Bolzano / Bozen,P3_D_W0_S13,Consumption of general government,G,Total,L_2020,Chain linked - reference year 2020,N,Raw data,2025M12,Dec-25,2019,5266.6
A,Annual,ITD1,Provincia Autonoma Bolzano / Bozen,P3_D_W0_S13,Consumption of general government,G,Total,L_2020,Chain linked - reference year 2020,N,Raw data,2025M12,Dec-25,2020,5409.2
A,Annual,ITD1,Provincia Autonoma Bolzano / Bozen,P3_D_W0_S13,Consumption of general government,G,Total,L_2020,Chain linked - reference year 2020,N,Raw data,2025M12,Dec-25,2021,5546.6
A,Annual,ITD1,Provincia Autonoma Bolzano / Bozen,P3_D_W0_S13,Consumption of general government,G,Total,L_2020,Chain linked - reference year 2020,N,Raw data,2025M12,Dec-25,2022,5621
A,Annual,ITD1,Provincia Autonoma Bolzano / Bozen,P3_D_W0_S13,Consumption of general government,G,Total,L_2020,Chain linked - reference year 2020,N,Raw data,2025M12,Dec-25,2023,5734.7
A,Annual,ITD1,Provincia Autonoma Bolzano / Bozen,P3_D_W0_S13,Consumption of general government,G030,Public order and safety,L_2020,Chain linked - reference year 2020,N,Raw data,2025M12,Dec-25,2010,382.8
A,Annual,ITD1,Provincia Autonoma Bolzano / Bozen,P3_D_W0_S13,Consumption of general government,G030,Public order and safety,L_2020,Chain linked - reference year 2020,N,Raw data,2025M12,Dec-25,2011,388.3
A,Annual,ITD1,Provincia Autonoma Bolzano / Bozen,P3_D_W0_S13,Consumption of general government,G030,Public order and safety,L_2020,Chain linked - reference year 2020,N,Raw data,2025M12,Dec-25,2012,370.2
A,Annual,ITD1,Provincia Autonoma Bolzano / Bozen,P3_D_W0_S13,Consumption of general government,G030,Public order and safety,L_2020,Chain linked - reference year 2020,N,Raw data,2025M12,Dec-25,2013,373.4
A,Annual,ITD1,Provincia Autonoma Bolzano / Bozen,P3_D_W0_S13,Consumption of general government,G030,Public order and safety,L_2020,Chain linked - reference year 2020,N,Raw data,2025M12,Dec-25,2014,371.2
A,Annual,ITD1,Provincia Autonoma Bolzano / Bozen,P3_D_W0_S13,Consumption of general government,G030,Public order and safety,L_2020,Chain linked - reference year 2020,N,Raw data,2025M12,Dec-25,2015,381.7
A,Annual,ITD1,Provincia Autonoma Bolzano / Bozen,P3_D_W0_S13,Consumption of general government,G030,Public order and safety,L_2020,Chain linked - reference year 2020,N,Raw data,2025M12,Dec-25,2016,384.8
A,Annual,ITD1,Provincia Autonoma Bolzano / Bozen,P3_D_W0_S13,Consumption of general government,G030,Public order and safety,L_2020,Chain linked - reference year 2020,N,Raw data,2025M12,Dec-25,2017,390.6
A,Annual,ITD1,Provincia Autonoma Bolzano / Bozen,P3_D_W0_S13,Consumption of general government,G030,Public order and safety,L_2020,Chain linked - reference year 2020,N,Raw data,2025M12,Dec-25,2018,408.6
A,Annual,ITD1,Provincia Autonoma Bolzano / Bozen,P3_D_W0_S13,Consumption of general government,G030,Public order and safety,L_2020,Chain linked - reference year 2020,N,Raw data,2025M12,Dec-25,2019,414.2
A,Annual,ITD1,Provincia Autonoma Bolzano / Bozen,P3_D_W0_S13,Consumption of general government,G030,Public order and safety,L_2020,Chain linked - reference year 2020,N,Raw data,2025M12,Dec-25,2020,402.8
A,Annual,ITD1,Provincia Autonoma Bolzano / Bozen,P3_D_W0_S13,Consumption of general government,G030,Public order and safety,L_2020,Chain linked - reference year 2020,N,Raw data,2025M12,Dec-25,2021,407
A,Annual,ITD1,Provincia Autonoma Bolzano / Bozen,P3_D_W0_S13,Consumption of general government,G030,Public order and safety,L_2020,Chain linked - reference year 2020,N,Raw data,2025M12,Dec-25,2022,410.4
A,Annual,ITD1,Provincia Autonoma Bolzano / Bozen,P3_D_W0_S13,Consumption of general government,G030,Public order and safety,L_2020,Chain linked - reference year 2020,N,Raw data,2025M12,Dec-25,2023,419.5
A,Annual,ITD1,Provincia Autonoma Bolzano / Bozen,P3_D_W0_S13,Consumption of general government,G040,Economic affairs,L_2020,Chain linked - reference year 2020,N,Raw data,2025M12,Dec-25,2010,718.3
A,Annual,ITD1,Provincia Autonoma Bolzano / Bozen,P3_D_W0_S13,Consumption of general government,G040,Economic affairs,L_2020,Chain linked - reference year 2020,N,Raw data,2025M12,Dec-25,2011,732.9
A,Annual,ITD1,Provincia Autonoma Bolzano / Bozen,P3_D_W0_S13,Consumption of general government,G040,Economic affairs,L_2020,Chain linked - reference year 2020,N,Raw data,2025M12,Dec-25,2012,715.6
A,Annual,ITD1,Provincia Autonoma Bolzano / Bozen,P3_D_W0_S13,Consumption of general government,G040,Economic affairs,L_2020,Chain linked - reference year 2020,N,Raw data,2025M12,Dec-25,2013,704.2
A,Annual,ITD1,Provincia Autonoma Bolzano / Bozen,P3_D_W0_S13,Consumption of general government,G040,Economic affairs,L_2020,Chain linked - reference year 2020,N,Raw data,2025M12,Dec-25,2014,678.7
A,Annual,ITD1,Provincia Autonoma Bolzano / Bozen,P3_D_W0_S13,Consumption of general government,G040,Economic affairs,L_2020,Chain linked - reference year 2020,N,Raw data,2025M12,Dec-25,2015,704.1
A,Annual,ITD1,Provincia Autonoma Bolzano / Bozen,P3_D_W0_S13,Consumption of general government,G040,Economic affairs,L_2020,Chain linked - reference year 2020,N,Raw data,2025M12,Dec-25,2016,742
A,Annual,ITD1,Provincia Autonoma Bolzano / Bozen,P3_D_W0_S13,Consumption of general government,G040,Economic affairs,L_2020,Chain linked - reference year 2020,N,Raw data,2025M12,Dec-25,2017,744.7
A,Annual,ITD1,Provincia Autonoma Bolzano / Bozen,P3_D_W0_S13,Consumption of general government,G040,Economic affairs,L_2020,Chain linked - reference year 2020,N,Raw data,2025M12,Dec-25,2018,781.7
A,Annual,ITD1,Provincia Autonoma Bolzano / Bozen,P3_D_W0_S13,Consumption of general government,G040,Economic affairs,L_2020,Chain linked - reference year 2020,N,Raw data,2025M12,Dec-25,2019,801.3
A,Annual,ITD1,Provincia Autonoma Bolzano / Bozen,P3_D_W0_S13,Consumption of general government,G040,Economic affairs,L_2020,Chain linked - reference year 2020,N,Raw data,2025M12,Dec-25,2020,814.7
A,Annual,ITD1,Provincia Autonoma Bolzano / Bozen,P3_D_W0_S13,Consumption of general government,G040,Economic affairs,L_2020,Chain linked - reference year 2020,N,Raw data,2025M12,Dec-25,2021,858.6
A,Annual,ITD1,Provincia Autonoma Bolzano / Bozen,P3_D_W0_S13,Consumption of general government,G040,Economic affairs,L_2020,Chain linked - reference year 2020,N,Raw data,2025M12,Dec-25,2022,883.5
A,Annual,ITD1,Provincia Autonoma Bolzano / Bozen,P3_D_W0_S13,Consumption of general government,G040,Economic affairs,L_2020,Chain linked - reference year 2020,N,Raw data,2025M12,Dec-25,2023,896.7
A,Annual,ITD1,Provincia Autonoma Bolzano / Bozen,P3_D_W0_S13,Consumption of general government,G070,Health,L_2020,Chain linked - reference year 2020,N,Raw data,2025M12,Dec-25,2010,1295.8
A,Annual,ITD1,Provincia Autonoma Bolzano / Bozen,P3_D_W0_S13,Consumption of general government,G070,Health,L_2020,Chain linked - reference year 2020,N,Raw data,2025M12,Dec-25,2011,1314.2
A,Annual,ITD1,Provincia Autonoma Bolzano / Bozen,P3_D_W0_S13,Consumption of general government,G070,Health,L_2020,Chain linked - reference year 2020,N,Raw data,2025M12,Dec-25,2012,1321.6
A,Annual,ITD1,Provincia Autonoma Bolzano / Bozen,P3_D_W0_S13,Consumption of general government,G070,Health,L_2020,Chain linked - reference year 2020,N,Raw data,2025M12,Dec-25,2013,1310.6
A,Annual,ITD1,Provincia Autonoma Bolzano / Bozen,P3_D_W0_S13,Consumption of general government,G070,Health,L_2020,Chain linked - reference year 2020,N,Raw data,2025M12,Dec-25,2014,1348.1
A,Annual,ITD1,Provincia Autonoma Bolzano / Bozen,P3_D_W0_S13,Consumption of general government,G070,Health,L_2020,Chain linked - reference year 2020,N,Raw data,2025M12,Dec-25,2015,1382.7
A,Annual,ITD1,Provincia Autonoma Bolzano / Bozen,P3_D_W0_S13,Consumption of general government,G070,Health,L_2020,Chain linked - reference year 2020,N,Raw data,2025M12,Dec-25,2016,1377.4
A,Annual,ITD1,Provincia Autonoma Bolzano / Bozen,P3_D_W0_S13,Consumption of general government,G070,Health,L_2020,Chain linked - reference year 2020,N,Raw data,2025M12,Dec-25,2017,1368.8
A,Annual,ITD1,Provincia Autonoma Bolzano / Bozen,P3_D_W0_S13,Consumption of general government,G070,Health,L_2020,Chain linked - reference year 2020,N,Raw data,2025M12,Dec-25,2018,1341.9
A,Annual,ITD1,Provincia Autonoma Bolzano / Bozen,P3_D_W0_S13,Consumption of general government,G070,Health,L_2020,Chain linked - reference year 2020,N,Raw data,2025M12,Dec-25,2019,1359.6
A,Annual,ITD1,Provincia Autonoma Bolzano / Bozen,P3_D_W0_S13,Consumption of general government,G070,Health,L_2020,Chain linked - reference year 2020,N,Raw data,2025M12,Dec-25,2020,1396.7
A,Annual,ITD1,Provincia Autonoma Bolzano / Bozen,P3_D_W0_S13,Consumption of general government,G070,Health,L_2020,Chain linked - reference year 2020,N,Raw data,2025M12,Dec-25,2021,1450.1
A,Annual,ITD1,Provincia Autonoma Bolzano / Bozen,P3_D_W0_S13,Consumption of general government,G070,Health,L_2020,Chain linked - reference year 2020,N,Raw data,2025M12,Dec-25,2022,1440
A,Annual,ITD1,Provincia Autonoma Bolzano / Bozen,P3_D_W0_S13,Consumption of general government,G070,Health,L_2020,Chain linked - reference year 2020,N,Raw data,2025M12,Dec-25,2023,1442.1
A,Annual,ITD1,Provincia Autonoma Bolzano / Bozen,P3_D_W0_S13,Consumption of general government,G090,Education,L_2020,Chain linked - reference year 2020,N,Raw data,2025M12,Dec-25,2010,859.5
A,Annual,ITD1,Provincia Autonoma Bolzano / Bozen,P3_D_W0_S13,Consumption of general government,G090,Education,L_2020,Chain linked - reference year 2020,N,Raw data,2025M12,Dec-25,2011,812.6
A,Annual,ITD1,Provincia Autonoma Bolzano / Bozen,P3_D_W0_S13,Consumption of general government,G090,Education,L_2020,Chain linked - reference year 2020,N,Raw data,2025M12,Dec-25,2012,806.9
A,Annual,ITD1,Provincia Autonoma Bolzano / Bozen,P3_D_W0_S13,Consumption of general government,G090,Education,L_2020,Chain linked - reference year 2020,N,Raw data,2025M12,Dec-25,2013,808
A,Annual,ITD1,Provincia Autonoma Bolzano / Bozen,P3_D_W0_S13,Consumption of general government,G090,Education,L_2020,Chain linked - reference year 2020,N,Raw data,2025M12,Dec-25,2014,808.5
A,Annual,ITD1,Provincia Autonoma Bolzano / Bozen,P3_D_W0_S13,Consumption of general government,G090,Education,L_2020,Chain linked - reference year 2020,N,Raw data,2025M12,Dec-25,2015,852.8
A,Annual,ITD1,Provincia Autonoma Bolzano / Bozen,P3_D_W0_S13,Consumption of general government,G090,Education,L_2020,Chain linked - reference year 2020,N,Raw data,2025M12,Dec-25,2016,824.7
A,Annual,ITD1,Provincia Autonoma Bolzano / Bozen,P3_D_W0_S13,Consumption of general government,G090,Education,L_2020,Chain linked - reference year 2020,N,Raw data,2025M12,Dec-25,2017,807.1
A,Annual,ITD1,Provincia Autonoma Bolzano / Bozen,P3_D_W0_S13,Consumption of general government,G090,Education,L_2020,Chain linked - reference year 2020,N,Raw data,2025M12,Dec-25,2018,848.1
A,Annual,ITD1,Provincia Autonoma Bolzano / Bozen,P3_D_W0_S13,Consumption of general government,G090,Education,L_2020,Chain linked - reference year 2020,N,Raw data,2025M12,Dec-25,2019,945.3
A,Annual,ITD1,Provincia Autonoma Bolzano / Bozen,P3_D_W0_S13,Consumption of general government,G090,Education,L_2020,Chain linked - reference year 2020,N,Raw data,2025M12,Dec-25,2020,1010.7
A,Annual,ITD1,Provincia Autonoma Bolzano / Bozen,P3_D_W0_S13,Consumption of general government,G090,Education,L_2020,Chain linked - reference year 2020,N,Raw data,2025M12,Dec-25,2021,1057.2
A,Annual,ITD1,Provincia Autonoma Bolzano / Bozen,P3_D_W0_S13,Consumption of general government,G090,Education,L_2020,Chain linked - reference year 2020,N,Raw data,2025M12,Dec-25,2022,1057.4
A,Annual,ITD1,Provincia Autonoma Bolzano / Bozen,P3_D_W0_S13,Consumption of general government,G090,Education,L_2020,Chain linked - reference year 2020,N,Raw data,2025M12,Dec-25,2023,1102.5
A,Annual,ITD1,Provincia Autonoma Bolzano / Bozen,P3_D_W0_S13,Consumption of general government,G100,Social protection,L_2020,Chain linked - reference year 2020,N,Raw data,2025M12,Dec-25,2010,319.2
A,Annual,ITD1,Provincia Autonoma Bolzano / Bozen,P3_D_W0_S13,Consumption of general government,G100,Social protection,L_2020,Chain linked - reference year 2020,N,Raw data,2025M12,Dec-25,2011,298.4
A,Annual,ITD1,Provincia Autonoma Bolzano / Bozen,P3_D_W0_S13,Consumption of general government,G100,Social protection,L_2020,Chain linked - reference year 2020,N,Raw data,2025M12,Dec-25,2012,300.2
A,Annual,ITD1,Provincia Autonoma Bolzano / Bozen,P3_D_W0_S13,Consumption of general government,G100,Social protection,L_2020,Chain linked - reference year 2020,N,Raw data,2025M12,Dec-25,2013,296.3
A,Annual,ITD1,Provincia Autonoma Bolzano / Bozen,P3_D_W0_S13,Consumption of general government,G100,Social protection,L_2020,Chain linked - reference year 2020,N,Raw data,2025M12,Dec-25,2014,286.4
A,Annual,ITD1,Provincia Autonoma Bolzano / Bozen,P3_D_W0_S13,Consumption of general government,G100,Social protection,L_2020,Chain linked - reference year 2020,N,Raw data,2025M12,Dec-25,2015,291.8
A,Annual,ITD1,Provincia Autonoma Bolzano / Bozen,P3_D_W0_S13,Consumption of general government,G100,Social protection,L_2020,Chain linked - reference year 2020,N,Raw data,2025M12,Dec-25,2016,304
A,Annual,ITD1,Provincia Autonoma Bolzano / Bozen,P3_D_W0_S13,Consumption of general government,G100,Social protection,L_2020,Chain linked - reference year 2020,N,Raw data,2025M12,Dec-25,2017,300.7
A,Annual,ITD1,Provincia Autonoma Bolzano / Bozen,P3_D_W0_S13,Consumption of general government,G100,Social protection,L_2020,Chain linked - reference year 2020,N,Raw data,2025M12,Dec-25,2018,314
A,Annual,ITD1,Provincia Autonoma Bolzano / Bozen,P3_D_W0_S13,Consumption of general government,G100,Social protection,L_2020,Chain linked - reference year 2020,N,Raw data,2025M12,Dec-25,2019,302.8
A,Annual,ITD1,Provincia Autonoma Bolzano / Bozen,P3_D_W0_S13,Consumption of general government,G100,Social protection,L_2020,Chain linked - reference year 2020,N,Raw data,2025M12,Dec-25,2020,296.2
A,Annual,ITD1,Provincia Autonoma Bolzano / Bozen,P3_D_W0_S13,Consumption of general government,G100,Social protection,L_2020,Chain linked - reference year 2020,N,Raw data,2025M12,Dec-25,2021,310.5
A,Annual,ITD1,Provincia Autonoma Bolzano / Bozen,P3_D_W0_S13,Consumption of general government,G100,Social protection,L_2020,Chain linked - reference year 2020,N,Raw data,2025M12,Dec-25,2022,361.6
A,Annual,ITD1,Provincia Autonoma Bolzano / Bozen,P3_D_W0_S13,Consumption of general government,G100,Social protection,L_2020,Chain linked - reference year 2020,N,Raw data,2025M12,Dec-25,2023,423.9
A,Annual,ITD2,Provincia Autonoma Trento,P3_D_W0_S13,Consumption of general government,G,Total,L_2020,Chain linked - reference year 2020,N,Raw data,2025M12,Dec-25,2010,4370.2
A,Annual,ITD2,Provincia Autonoma Trento,P3_D_W0_S13,Consumption of general government,G,Total,L_2020,Chain linked - reference year 2020,N,Raw data,2025M12,Dec-25,2011,4417.9
A,Annual,ITD2,Provincia Autonoma Trento,P3_D_W0_S13,Consumption of general government,G,Total,L_2020,Chain linked - reference year 2020,N,Raw data,2025M12,Dec-25,2012,4417.1
A,Annual,ITD2,Provincia Autonoma Trento,P3_D_W0_S13,Consumption of general government,G,Total,L_2020,Chain linked - reference year 2020,N,Raw data,2025M12,Dec-25,2013,4364.6
A,Annual,ITD2,Provincia Autonoma Trento,P3_D_W0_S13,Consumption of general government,G,Total,L_2020,Chain linked - reference year 2020,N,Raw data,2025M12,Dec-25,2014,4335
A,Annual,ITD2,Provincia Autonoma Trento,P3_D_W0_S13,Consumption of general government,G,Total,L_2020,Chain linked - reference year 2020,N,Raw data,2025M12,Dec-25,2015,4337.6
A,Annual,ITD2,Provincia Autonoma Trento,P3_D_W0_S13,Consumption of general government,G,Total,L_2020,Chain linked - reference year 2020,N,Raw data,2025M12,Dec-25,2016,4414.1
A,Annual,ITD2,Provincia Autonoma Trento,P3_D_W0_S13,Consumption of general government,G,Total,L_2020,Chain linked - reference year 2020,N,Raw data,2025M12,Dec-25,2017,4425
A,Annual,ITD2,Provincia Autonoma Trento,P3_D_W0_S13,Consumption of general government,G,Total,L_2020,Chain linked - reference year 2020,N,Raw data,2025M12,Dec-25,2018,4490.3
A,Annual,ITD2,Provincia Autonoma Trento,P3_D_W0_S13,Consumption of general government,G,Total,L_2020,Chain linked - reference year 2020,N,Raw data,2025M12,Dec-25,2019,4549
A,Annual,ITD2,Provincia Autonoma Trento,P3_D_W0_S13,Consumption of general government,G,Total,L_2020,Chain linked - reference year 2020,N,Raw data,2025M12,Dec-25,2020,4608.2
A,Annual,ITD2,Provincia Autonoma Trento,P3_D_W0_S13,Consumption of general government,G,Total,L_2020,Chain linked - reference year 2020,N,Raw data,2025M12,Dec-25,2021,4734.8
A,Annual,ITD2,Provincia Autonoma Trento,P3_D_W0_S13,Consumption of general government,G,Total,L_2020,Chain linked - reference year 2020,N,Raw data,2025M12,Dec-25,2022,4850.8
A,Annual,ITD2,Provincia Autonoma Trento,P3_D_W0_S13,Consumption of general government,G,Total,L_2020,Chain linked - reference year 2020,N,Raw data,2025M12,Dec-25,2023,4975.9
A,Annual,ITD2,Provincia Autonoma Trento,P3_D_W0_S13,Consumption of general government,G030,Public order and safety,L_2020,Chain linked - reference year 2020,N,Raw data,2025M12,Dec-25,2010,314.1
A,Annual,ITD2,Provincia Autonoma Trento,P3_D_W0_S13,Consumption of general government,G030,Public order and safety,L_2020,Chain linked - reference year 2020,N,Raw data,2025M12,Dec-25,2011,319.4
A,Annual,ITD2,Provincia Autonoma Trento,P3_D_W0_S13,Consumption of general government,G030,Public order and safety,L_2020,Chain linked - reference year 2020,N,Raw data,2025M12,Dec-25,2012,304
A,Annual,ITD2,Provincia Autonoma Trento,P3_D_W0_S13,Consumption of general government,G030,Public order and safety,L_2020,Chain linked - reference year 2020,N,Raw data,2025M12,Dec-25,2013,306.1
A,Annual,ITD2,Provincia Autonoma Trento,P3_D_W0_S13,Consumption of general government,G030,Public order and safety,L_2020,Chain linked - reference year 2020,N,Raw data,2025M12,Dec-25,2014,304
A,Annual,ITD2,Provincia Autonoma Trento,P3_D_W0_S13,Consumption of general government,G030,Public order and safety,L_2020,Chain linked - reference year 2020,N,Raw data,2025M12,Dec-25,2015,311.1
A,Annual,ITD2,Provincia Autonoma Trento,P3_D_W0_S13,Consumption of general government,G030,Public order and safety,L_2020,Chain linked - reference year 2020,N,Raw data,2025M12,Dec-25,2016,311
A,Annual,ITD2,Provincia Autonoma Trento,P3_D_W0_S13,Consumption of general government,G030,Public order and safety,L_2020,Chain linked - reference year 2020,N,Raw data,2025M12,Dec-25,2017,314.2
A,Annual,ITD2,Provincia Autonoma Trento,P3_D_W0_S13,Consumption of general government,G030,Public order and safety,L_2020,Chain linked - reference year 2020,N,Raw data,2025M12,Dec-25,2018,322.8
A,Annual,ITD2,Provincia Autonoma Trento,P3_D_W0_S13,Consumption of general government,G030,Public order and safety,L_2020,Chain linked - reference year 2020,N,Raw data,2025M12,Dec-25,2019,327
A,Annual,ITD2,Provincia Autonoma Trento,P3_D_W0_S13,Consumption of general government,G030,Public order and safety,L_2020,Chain linked - reference year 2020,N,Raw data,2025M12,Dec-25,2020,317
A,Annual,ITD2,Provincia Autonoma Trento,P3_D_W0_S13,Consumption of general government,G030,Public order and safety,L_2020,Chain linked - reference year 2020,N,Raw data,2025M12,Dec-25,2021,318.2
A,Annual,ITD2,Provincia Autonoma Trento,P3_D_W0_S13,Consumption of general government,G030,Public order and safety,L_2020,Chain linked - reference year 2020,N,Raw data,2025M12,Dec-25,2022,320.8
A,Annual,ITD2,Provincia Autonoma Trento,P3_D_W0_S13,Consumption of general government,G030,Public order and safety,L_2020,Chain linked - reference year 2020,N,Raw data,2025M12,Dec-25,2023,327
A,Annual,ITD2,Provincia Autonoma Trento,P3_D_W0_S13,Consumption of general government,G040,Economic affairs,L_2020,Chain linked - reference year 2020,N,Raw data,2025M12,Dec-25,2010,651.7
A,Annual,ITD2,Provincia Autonoma Trento,P3_D_W0_S13,Consumption of general government,G040,Economic affairs,L_2020,Chain linked - reference year 2020,N,Raw data,2025M12,Dec-25,2011,674.1
A,Annual,ITD2,Provincia Autonoma Trento,P3_D_W0_S13,Consumption of general government,G040,Economic affairs,L_2020,Chain linked - reference year 2020,N,Raw data,2025M12,Dec-25,2012,652.6
A,Annual,ITD2,Provincia Autonoma Trento,P3_D_W0_S13,Consumption of general government,G040,Economic affairs,L_2020,Chain linked - reference year 2020,N,Raw data,2025M12,Dec-25,2013,638.6
A,Annual,ITD2,Provincia Autonoma Trento,P3_D_W0_S13,Consumption of general government,G040,Economic affairs,L_2020,Chain linked - reference year 2020,N,Raw data,2025M12,Dec-25,2014,619.2
A,Annual,ITD2,Provincia Autonoma Trento,P3_D_W0_S13,Consumption of general government,G040,Economic affairs,L_2020,Chain linked - reference year 2020,N,Raw data,2025M12,Dec-25,2015,635.8
A,Annual,ITD2,Provincia Autonoma Trento,P3_D_W0_S13,Consumption of general government,G040,Economic affairs,L_2020,Chain linked - reference year 2020,N,Raw data,2025M12,Dec-25,2016,651.8
A,Annual,ITD2,Provincia Autonoma Trento,P3_D_W0_S13,Consumption of general government,G040,Economic affairs,L_2020,Chain linked - reference year 2020,N,Raw data,2025M12,Dec-25,2017,651
A,Annual,ITD2,Provincia Autonoma Trento,P3_D_W0_S13,Consumption of general government,G040,Economic affairs,L_2020,Chain linked - reference year 2020,N,Raw data,2025M12,Dec-25,2018,672.4
A,Annual,ITD2,Provincia Autonoma Trento,P3_D_W0_S13,Consumption of general government,G040,Economic affairs,L_2020,Chain linked - reference year 2020,N,Raw data,2025M12,Dec-25,2019,692.2
A,Annual,ITD2,Provincia Autonoma Trento,P3_D_W0_S13,Consumption of general government,G040,Economic affairs,L_2020,Chain linked - reference year 2020,N,Raw data,2025M12,Dec-25,2020,705.6
A,Annual,ITD2,Provincia Autonoma Trento,P3_D_W0_S13,Consumption of general government,G040,Economic affairs,L_2020,Chain linked - reference year 2020,N,Raw data,2025M12,Dec-25,2021,740.9
A,Annual,ITD2,Provincia Autonoma Trento,P3_D_W0_S13,Consumption of general government,G040,Economic affairs,L_2020,Chain linked - reference year 2020,N,Raw data,2025M12,Dec-25,2022,766.1
A,Annual,ITD2,Provincia Autonoma Trento,P3_D_W0_S13,Consumption of general government,G040,Economic affairs,L_2020,Chain linked - reference year 2020,N,Raw data,2025M12,Dec-25,2023,772.9
A,Annual,ITD2,Provincia Autonoma Trento,P3_D_W0_S13,Consumption of general government,G070,Health,L_2020,Chain linked - reference year 2020,N,Raw data,2025M12,Dec-25,2010,983.3
A,Annual,ITD2,Provincia Autonoma Trento,P3_D_W0_S13,Consumption of general government,G070,Health,L_2020,Chain linked - reference year 2020,N,Raw data,2025M12,Dec-25,2011,1085.1
A,Annual,ITD2,Provincia Autonoma Trento,P3_D_W0_S13,Consumption of general government,G070,Health,L_2020,Chain linked - reference year 2020,N,Raw data,2025M12,Dec-25,2012,1112.2
A,Annual,ITD2,Provincia Autonoma Trento,P3_D_W0_S13,Consumption of general government,G070,Health,L_2020,Chain linked - reference year 2020,N,Raw data,2025M12,Dec-25,2013,1097.8
A,Annual,ITD2,Provincia Autonoma Trento,P3_D_W0_S13,Consumption of general government,G070,Health,L_2020,Chain linked - reference year 2020,N,Raw data,2025M12,Dec-25,2014,1126.2
A,Annual,ITD2,Provincia Autonoma Trento,P3_D_W0_S13,Consumption of general government,G070,Health,L_2020,Chain linked - reference year 2020,N,Raw data,2025M12,Dec-25,2015,1140.5
A,Annual,ITD2,Provincia Autonoma Trento,P3_D_W0_S13,Consumption of general government,G070,Health,L_2020,Chain linked - reference year 2020,N,Raw data,2025M12,Dec-25,2016,1131.1
A,Annual,ITD2,Provincia Autonoma Trento,P3_D_W0_S13,Consumption of general government,G070,Health,L_2020,Chain linked - reference year 2020,N,Raw data,2025M12,Dec-25,2017,1161.8
A,Annual,ITD2,Provincia Autonoma Trento,P3_D_W0_S13,Consumption of general government,G070,Health,L_2020,Chain linked - reference year 2020,N,Raw data,2025M12,Dec-25,2018,1127.9
A,Annual,ITD2,Provincia Autonoma Trento,P3_D_W0_S13,Consumption of general government,G070,Health,L_2020,Chain linked - reference year 2020,N,Raw data,2025M12,Dec-25,2019,1176.1
A,Annual,ITD2,Provincia Autonoma Trento,P3_D_W0_S13,Consumption of general government,G070,Health,L_2020,Chain linked - reference year 2020,N,Raw data,2025M12,Dec-25,2020,1213.9
A,Annual,ITD2,Provincia Autonoma Trento,P3_D_W0_S13,Consumption of general government,G070,Health,L_2020,Chain linked - reference year 2020,N,Raw data,2025M12,Dec-25,2021,1266
A,Annual,ITD2,Provincia Autonoma Trento,P3_D_W0_S13,Consumption of general government,G070,Health,L_2020,Chain linked - reference year 2020,N,Raw data,2025M12,Dec-25,2022,1286.5
A,Annual,ITD2,Provincia Autonoma Trento,P3_D_W0_S13,Consumption of general government,G070,Health,L_2020,Chain linked - reference year 2020,N,Raw data,2025M12,Dec-25,2023,1333.7
A,Annual,ITD2,Provincia Autonoma Trento,P3_D_W0_S13,Consumption of general government,G090,Education,L_2020,Chain linked - reference year 2020,N,Raw data,2025M12,Dec-25,2010,903.8
A,Annual,ITD2,Provincia Autonoma Trento,P3_D_W0_S13,Consumption of general government,G090,Education,L_2020,Chain linked - reference year 2020,N,Raw data,2025M12,Dec-25,2011,861.6
A,Annual,ITD2,Provincia Autonoma Trento,P3_D_W0_S13,Consumption of general government,G090,Education,L_2020,Chain linked - reference year 2020,N,Raw data,2025M12,Dec-25,2012,851.7
A,Annual,ITD2,Provincia Autonoma Trento,P3_D_W0_S13,Consumption of general government,G090,Education,L_2020,Chain linked - reference year 2020,N,Raw data,2025M12,Dec-25,2013,846.2
A,Annual,ITD2,Provincia Autonoma Trento,P3_D_W0_S13,Consumption of general government,G090,Education,L_2020,Chain linked - reference year 2020,N,Raw data,2025M12,Dec-25,2014,845.1
A,Annual,ITD2,Provincia Autonoma Trento,P3_D_W0_S13,Consumption of general government,G090,Education,L_2020,Chain linked - reference year 2020,N,Raw data,2025M12,Dec-25,2015,832.5
A,Annual,ITD2,Provincia Autonoma Trento,P3_D_W0_S13,Consumption of general government,G090,Education,L_2020,Chain linked - reference year 2020,N,Raw data,2025M12,Dec-25,2016,804.3
A,Annual,ITD2,Provincia Autonoma Trento,P3_D_W0_S13,Consumption of general government,G090,Education,L_2020,Chain linked - reference year 2020,N,Raw data,2025M12,Dec-25,2017,814.6
A,Annual,ITD2,Provincia Autonoma Trento,P3_D_W0_S13,Consumption of general government,G090,Education,L_2020,Chain linked - reference year 2020,N,Raw data,2025M12,Dec-25,2018,834.3
A,Annual,ITD2,Provincia Autonoma Trento,P3_D_W0_S13,Consumption of general government,G090,Education,L_2020,Chain linked - reference year 2020,N,Raw data,2025M12,Dec-25,2019,842.3
A,Annual,ITD2,Provincia Autonoma Trento,P3_D_W0_S13,Consumption of general government,G090,Education,L_2020,Chain linked - reference year 2020,N,Raw data,2025M12,Dec-25,2020,820.2
A,Annual,ITD2,Provincia Autonoma Trento,P3_D_W0_S13,Consumption of general government,G090,Education,L_2020,Chain linked - reference year 2020,N,Raw data,2025M12,Dec-25,2021,867.9
A,Annual,ITD2,Provincia Autonoma Trento,P3_D_W0_S13,Consumption of general government,G090,Education,L_2020,Chain linked - reference year 2020,N,Raw data,2025M12,Dec-25,2022,870.3
A,Annual,ITD2,Provincia Autonoma Trento,P3_D_W0_S13,Consumption of general government,G090,Education,L_2020,Chain linked - reference year 2020,N,Raw data,2025M12,Dec-25,2023,897
A,Annual,ITD2,Provincia Autonoma Trento,P3_D_W0_S13,Consumption of general government,G100,Social protection,L_2020,Chain linked - reference year 2020,N,Raw data,2025M12,Dec-25,2010,342.3
A,Annual,ITD2,Provincia Autonoma Trento,P3_D_W0_S13,Consumption of general government,G100,Social protection,L_2020,Chain linked - reference year 2020,N,Raw data,2025M12,Dec-25,2011,323.5
A,Annual,ITD2,Provincia Autonoma Trento,P3_D_W0_S13,Consumption of general government,G100,Social protection,L_2020,Chain linked - reference year 2020,N,Raw data,2025M12,Dec-25,2012,323.3
A,Annual,ITD2,Provincia Autonoma Trento,P3_D_W0_S13,Consumption of general government,G100,Social protection,L_2020,Chain linked - reference year 2020,N,Raw data,2025M12,Dec-25,2013,317.8
A,Annual,ITD2,Provincia Autonoma Trento,P3_D_W0_S13,Consumption of general government,G100,Social protection,L_2020,Chain linked - reference year 2020,N,Raw data,2025M12,Dec-25,2014,309.6
A,Annual,ITD2,Provincia Autonoma Trento,P3_D_W0_S13,Consumption of general government,G100,Social protection,L_2020,Chain linked - reference year 2020,N,Raw data,2025M12,Dec-25,2015,312.4
A,Annual,ITD2,Provincia Autonoma Trento,P3_D_W0_S13,Consumption of general government,G100,Social protection,L_2020,Chain linked - reference year 2020,N,Raw data,2025M12,Dec-25,2016,317.1
A,Annual,ITD2,Provincia Autonoma Trento,P3_D_W0_S13,Consumption of general government,G100,Social protection,L_2020,Chain linked - reference year 2020,N,Raw data,2025M12,Dec-25,2017,311.1
A,Annual,ITD2,Provincia Autonoma Trento,P3_D_W0_S13,Consumption of general government,G100,Social protection,L_2020,Chain linked - reference year 2020,N,Raw data,2025M12,Dec-25,2018,321.3
A,Annual,ITD2,Provincia Autonoma Trento,P3_D_W0_S13,Consumption of general government,G100,Social protection,L_2020,Chain linked - reference year 2020,N,Raw data,2025M12,Dec-25,2019,311.3
A,Annual,ITD2,Provincia Autonoma Trento,P3_D_W0_S13,Consumption of general government,G100,Social protection,L_2020,Chain linked - reference year 2020,N,Raw data,2025M12,Dec-25,2020,305.5
A,Annual,ITD2,Provincia Autonoma Trento,P3_D_W0_S13,Consumption of general government,G100,Social protection,L_2020,Chain linked - reference year 2020,N,Raw data,2025M12,Dec-25,2021,319.2
A,Annual,ITD2,Provincia Autonoma Trento,P3_D_W0_S13,Consumption of general government,G100,Social protection,L_2020,Chain linked - reference year 2020,N,Raw data,2025M12,Dec-25,2022,373
A,Annual,ITD2,Provincia Autonoma Trento,P3_D_W0_S13,Consumption of general government,G100,Social protection,L_2020,Chain linked - reference year 2020,N,Raw data,2025M12,Dec-25,2023,434.8
A,Annual,ITD3,Veneto,P3_D_W0_S13,Consumption of general government,G,Total,L_2020,Chain linked - reference year 2020,N,Raw data,2025M12,Dec-25,2010,25688.5
A,Annual,ITD3,Veneto,P3_D_W0_S13,Consumption of general government,G,Total,L_2020,Chain linked - reference year 2020,N,Raw data,2025M12,Dec-25,2011,24723
A,Annual,ITD3,Veneto,P3_D_W0_S13,Consumption of general government,G,Total,L_2020,Chain linked - reference year 2020,N,Raw data,2025M12,Dec-25,2012,24278
A,Annual,ITD3,Veneto,P3_D_W0_S13,Consumption of general government,G,Total,L_2020,Chain linked - reference year 2020,N,Raw data,2025M12,Dec-25,2013,24026.1
A,Annual,ITD3,Veneto,P3_D_W0_S13,Consumption of general government,G,Total,L_2020,Chain linked - reference year 2020,N,Raw data,2025M12,Dec-25,2014,24117.2
A,Annual,ITD3,Veneto,P3_D_W0_S13,Consumption of general government,G,Total,L_2020,Chain linked - reference year 2020,N,Raw data,2025M12,Dec-25,2015,24567.8
A,Annual,ITD3,Veneto,P3_D_W0_S13,Consumption of general government,G,Total,L_2020,Chain linked - reference year 2020,N,Raw data,2025M12,Dec-25,2016,25151
A,Annual,ITD3,Veneto,P3_D_W0_S13,Consumption of general government,G,Total,L_2020,Chain linked - reference year 2020,N,Raw data,2025M12,Dec-25,2017,25052.8
A,Annual,ITD3,Veneto,P3_D_W0_S13,Consumption of general government,G,Total,L_2020,Chain linked - reference year 2020,N,Raw data,2025M12,Dec-25,2018,25338.1
A,Annual,ITD3,Veneto,P3_D_W0_S13,Consumption of general government,G,Total,L_2020,Chain linked - reference year 2020,N,Raw data,2025M12,Dec-25,2019,25469.4
A,Annual,ITD3,Veneto,P3_D_W0_S13,Consumption of general government,G,Total,L_2020,Chain linked - reference year 2020,N,Raw data,2025M12,Dec-25,2020,26291.2
A,Annual,ITD3,Veneto,P3_D_W0_S13,Consumption of general government,G,Total,L_2020,Chain linked - reference year 2020,N,Raw data,2025M12,Dec-25,2021,26544.6
A,Annual,ITD3,Veneto,P3_D_W0_S13,Consumption of general government,G,Total,L_2020,Chain linked - reference year 2020,N,Raw data,2025M12,Dec-25,2022,26855.5
A,Annual,ITD3,Veneto,P3_D_W0_S13,Consumption of general government,G,Total,L_2020,Chain linked - reference year 2020,N,Raw data,2025M12,Dec-25,2023,27007.3
A,Annual,ITD3,Veneto,P3_D_W0_S13,Consumption of general government,G030,Public order and safety,L_2020,Chain linked - reference year 2020,N,Raw data,2025M12,Dec-25,2010,2624.9
A,Annual,ITD3,Veneto,P3_D_W0_S13,Consumption of general government,G030,Public order and safety,L_2020,Chain linked - reference year 2020,N,Raw data,2025M12,Dec-25,2011,2654
A,Annual,ITD3,Veneto,P3_D_W0_S13,Consumption of general government,G030,Public order and safety,L_2020,Chain linked - reference year 2020,N,Raw data,2025M12,Dec-25,2012,2513.6
A,Annual,ITD3,Veneto,P3_D_W0_S13,Consumption of general government,G030,Public order and safety,L_2020,Chain linked - reference year 2020,N,Raw data,2025M12,Dec-25,2013,2523.2
A,Annual,ITD3,Veneto,P3_D_W0_S13,Consumption of general government,G030,Public order and safety,L_2020,Chain linked - reference year 2020,N,Raw data,2025M12,Dec-25,2014,2502.2
A,Annual,ITD3,Veneto,P3_D_W0_S13,Consumption of general government,G030,Public order and safety,L_2020,Chain linked - reference year 2020,N,Raw data,2025M12,Dec-25,2015,2554.1
A,Annual,ITD3,Veneto,P3_D_W0_S13,Consumption of general government,G030,Public order and safety,L_2020,Chain linked - reference year 2020,N,Raw data,2025M12,Dec-25,2016,2546.1
A,Annual,ITD3,Veneto,P3_D_W0_S13,Consumption of general government,G030,Public order and safety,L_2020,Chain linked - reference year 2020,N,Raw data,2025M12,Dec-25,2017,2575
A,Annual,ITD3,Veneto,P3_D_W0_S13,Consumption of general government,G030,Public order and safety,L_2020,Chain linked - reference year 2020,N,Raw data,2025M12,Dec-25,2018,2618.6
A,Annual,ITD3,Veneto,P3_D_W0_S13,Consumption of general government,G030,Public order and safety,L_2020,Chain linked - reference year 2020,N,Raw data,2025M12,Dec-25,2019,2640
A,Annual,ITD3,Veneto,P3_D_W0_S13,Consumption of general government,G030,Public order and safety,L_2020,Chain linked - reference year 2020,N,Raw data,2025M12,Dec-25,2020,2558.3
A,Annual,ITD3,Veneto,P3_D_W0_S13,Consumption of general government,G030,Public order and safety,L_2020,Chain linked - reference year 2020,N,Raw data,2025M12,Dec-25,2021,2569
A,Annual,ITD3,Veneto,P3_D_W0_S13,Consumption of general government,G030,Public order and safety,L_2020,Chain linked - reference year 2020,N,Raw data,2025M12,Dec-25,2022,2582
A,Annual,ITD3,Veneto,P3_D_W0_S13,Consumption of general government,G030,Public order and safety,L_2020,Chain linked - reference year 2020,N,Raw data,2025M12,Dec-25,2023,2626.7
A,Annual,ITD3,Veneto,P3_D_W0_S13,Consumption of general government,G040,Economic affairs,L_2020,Chain linked - reference year 2020,N,Raw data,2025M12,Dec-25,2010,1915.6
A,Annual,ITD3,Veneto,P3_D_W0_S13,Consumption of general government,G040,Economic affairs,L_2020,Chain linked - reference year 2020,N,Raw data,2025M12,Dec-25,2011,1958.5
A,Annual,ITD3,Veneto,P3_D_W0_S13,Consumption of general government,G040,Economic affairs,L_2020,Chain linked - reference year 2020,N,Raw data,2025M12,Dec-25,2012,1877.1
A,Annual,ITD3,Veneto,P3_D_W0_S13,Consumption of general government,G040,Economic affairs,L_2020,Chain linked - reference year 2020,N,Raw data,2025M12,Dec-25,2013,1847.4
A,Annual,ITD3,Veneto,P3_D_W0_S13,Consumption of general government,G040,Economic affairs,L_2020,Chain linked - reference year 2020,N,Raw data,2025M12,Dec-25,2014,1798.8
A,Annual,ITD3,Veneto,P3_D_W0_S13,Consumption of general government,G040,Economic affairs,L_2020,Chain linked - reference year 2020,N,Raw data,2025M12,Dec-25,2015,1842.8
A,Annual,ITD3,Veneto,P3_D_W0_S13,Consumption of general government,G040,Economic affairs,L_2020,Chain linked - reference year 2020,N,Raw data,2025M12,Dec-25,2016,1885.9
A,Annual,ITD3,Veneto,P3_D_W0_S13,Consumption of general government,G040,Economic affairs,L_2020,Chain linked - reference year 2020,N,Raw data,2025M12,Dec-25,2017,1918.1
A,Annual,ITD3,Veneto,P3_D_W0_S13,Consumption of general government,G040,Economic affairs,L_2020,Chain linked - reference year 2020,N,Raw data,2025M12,Dec-25,2018,1895.8
A,Annual,ITD3,Veneto,P3_D_W0_S13,Consumption of general government,G040,Economic affairs,L_2020,Chain linked - reference year 2020,N,Raw data,2025M12,Dec-25,2019,1932.8
A,Annual,ITD3,Veneto,P3_D_W0_S13,Consumption of general government,G040,Economic affairs,L_2020,Chain linked - reference year 2020,N,Raw data,2025M12,Dec-25,2020,1968.9
A,Annual,ITD3,Veneto,P3_D_W0_S13,Consumption of general government,G040,Economic affairs,L_2020,Chain linked - reference year 2020,N,Raw data,2025M12,Dec-25,2021,2066.9
A,Annual,ITD3,Veneto,P3_D_W0_S13,Consumption of general government,G040,Economic affairs,L_2020,Chain linked - reference year 2020,N,Raw data,2025M12,Dec-25,2022,2135.1
A,Annual,ITD3,Veneto,P3_D_W0_S13,Consumption of general government,G040,Economic affairs,L_2020,Chain linked - reference year 2020,N,Raw data,2025M12,Dec-25,2023,2165
A,Annual,ITD3,Veneto,P3_D_W0_S13,Consumption of general government,G070,Health,L_2020,Chain linked - reference year 2020,N,Raw data,2025M12,Dec-25,2010,8110.5
A,Annual,ITD3,Veneto,P3_D_W0_S13,Consumption of general government,G070,Health,L_2020,Chain linked - reference year 2020,N,Raw data,2025M12,Dec-25,2011,7576.4
A,Annual,ITD3,Veneto,P3_D_W0_S13,Consumption of general government,G070,Health,L_2020,Chain linked - reference year 2020,N,Raw data,2025M12,Dec-25,2012,7431.5
A,Annual,ITD3,Veneto,P3_D_W0_S13,Consumption of general government,G070,Health,L_2020,Chain linked - reference year 2020,N,Raw data,2025M12,Dec-25,2013,7355.4
A,Annual,ITD3,Veneto,P3_D_W0_S13,Consumption of general government,G070,Health,L_2020,Chain linked - reference year 2020,N,Raw data,2025M12,Dec-25,2014,7617.6
A,Annual,ITD3,Veneto,P3_D_W0_S13,Consumption of general government,G070,Health,L_2020,Chain linked - reference year 2020,N,Raw data,2025M12,Dec-25,2015,8044.6
A,Annual,ITD3,Veneto,P3_D_W0_S13,Consumption of general government,G070,Health,L_2020,Chain linked - reference year 2020,N,Raw data,2025M12,Dec-25,2016,8225.4
A,Annual,ITD3,Veneto,P3_D_W0_S13,Consumption of general government,G070,Health,L_2020,Chain linked - reference year 2020,N,Raw data,2025M12,Dec-25,2017,7985.1
A,Annual,ITD3,Veneto,P3_D_W0_S13,Consumption of general government,G070,Health,L_2020,Chain linked - reference year 2020,N,Raw data,2025M12,Dec-25,2018,8279.9
A,Annual,ITD3,Veneto,P3_D_W0_S13,Consumption of general government,G070,Health,L_2020,Chain linked - reference year 2020,N,Raw data,2025M12,Dec-25,2019,8522.7
A,Annual,ITD3,Veneto,P3_D_W0_S13,Consumption of general government,G070,Health,L_2020,Chain linked - reference year 2020,N,Raw data,2025M12,Dec-25,2020,9399.4
A,Annual,ITD3,Veneto,P3_D_W0_S13,Consumption of general government,G070,Health,L_2020,Chain linked - reference year 2020,N,Raw data,2025M12,Dec-25,2021,9372.1
A,Annual,ITD3,Veneto,P3_D_W0_S13,Consumption of general government,G070,Health,L_2020,Chain linked - reference year 2020,N,Raw data,2025M12,Dec-25,2022,9393.6
A,Annual,ITD3,Veneto,P3_D_W0_S13,Consumption of general government,G070,Health,L_2020,Chain linked - reference year 2020,N,Raw data,2025M12,Dec-25,2023,9162.7
A,Annual,ITD3,Veneto,P3_D_W0_S13,Consumption of general government,G090,Education,L_2020,Chain linked - reference year 2020,N,Raw data,2025M12,Dec-25,2010,4992
A,Annual,ITD3,Veneto,P3_D_W0_S13,Consumption of general government,G090,Education,L_2020,Chain linked - reference year 2020,N,Raw data,2025M12,Dec-25,2011,4771.9
A,Annual,ITD3,Veneto,P3_D_W0_S13,Consumption of general government,G090,Education,L_2020,Chain linked - reference year 2020,N,Raw data,2025M12,Dec-25,2012,4730.5
A,Annual,ITD3,Veneto,P3_D_W0_S13,Consumption of general government,G090,Education,L_2020,Chain linked - reference year 2020,N,Raw data,2025M12,Dec-25,2013,4739.4
A,Annual,ITD3,Veneto,P3_D_W0_S13,Consumption of general government,G090,Education,L_2020,Chain linked - reference year 2020,N,Raw data,2025M12,Dec-25,2014,4749.4
A,Annual,ITD3,Veneto,P3_D_W0_S13,Consumption of general government,G090,Education,L_2020,Chain linked - reference year 2020,N,Raw data,2025M12,Dec-25,2015,4740.5
A,Annual,ITD3,Veneto,P3_D_W0_S13,Consumption of general government,G090,Education,L_2020,Chain linked - reference year 2020,N,Raw data,2025M12,Dec-25,2016,4741
A,Annual,ITD3,Veneto,P3_D_W0_S13,Consumption of general government,G090,Education,L_2020,Chain linked - reference year 2020,N,Raw data,2025M12,Dec-25,2017,4822.3
A,Annual,ITD3,Veneto,P3_D_W0_S13,Consumption of general government,G090,Education,L_2020,Chain linked - reference year 2020,N,Raw data,2025M12,Dec-25,2018,4873
A,Annual,ITD3,Veneto,P3_D_W0_S13,Consumption of general government,G090,Education,L_2020,Chain linked - reference year 2020,N,Raw data,2025M12,Dec-25,2019,4870.1
A,Annual,ITD3,Veneto,P3_D_W0_S13,Consumption of general government,G090,Education,L_2020,Chain linked - reference year 2020,N,Raw data,2025M12,Dec-25,2020,4726.7
A,Annual,ITD3,Veneto,P3_D_W0_S13,Consumption of general government,G090,Education,L_2020,Chain linked - reference year 2020,N,Raw data,2025M12,Dec-25,2021,4949.7
A,Annual,ITD3,Veneto,P3_D_W0_S13,Consumption of general government,G090,Education,L_2020,Chain linked - reference year 2020,N,Raw data,2025M12,Dec-25,2022,4933
A,Annual,ITD3,Veneto,P3_D_W0_S13,Consumption of general government,G090,Education,L_2020,Chain linked - reference year 2020,N,Raw data,2025M12,Dec-25,2023,5051
A,Annual,ITD3,Veneto,P3_D_W0_S13,Consumption of general government,G100,Social protection,L_2020,Chain linked - reference year 2020,N,Raw data,2025M12,Dec-25,2010,1698.4
A,Annual,ITD3,Veneto,P3_D_W0_S13,Consumption of general government,G100,Social protection,L_2020,Chain linked - reference year 2020,N,Raw data,2025M12,Dec-25,2011,1584.1
A,Annual,ITD3,Veneto,P3_D_W0_S13,Consumption of general government,G100,Social protection,L_2020,Chain linked - reference year 2020,N,Raw data,2025M12,Dec-25,2012,1562.5
A,Annual,ITD3,Veneto,P3_D_W0_S13,Consumption of general government,G100,Social protection,L_2020,Chain linked - reference year 2020,N,Raw data,2025M12,Dec-25,2013,1526.8
A,Annual,ITD3,Veneto,P3_D_W0_S13,Consumption of general government,G100,Social protection,L_2020,Chain linked - reference year 2020,N,Raw data,2025M12,Dec-25,2014,1492.1
A,Annual,ITD3,Veneto,P3_D_W0_S13,Consumption of general government,G100,Social protection,L_2020,Chain linked - reference year 2020,N,Raw data,2025M12,Dec-25,2015,1496.7
A,Annual,ITD3,Veneto,P3_D_W0_S13,Consumption of general government,G100,Social protection,L_2020,Chain linked - reference year 2020,N,Raw data,2025M12,Dec-25,2016,1511.6
A,Annual,ITD3,Veneto,P3_D_W0_S13,Consumption of general government,G100,Social protection,L_2020,Chain linked - reference year 2020,N,Raw data,2025M12,Dec-25,2017,1512.7
A,Annual,ITD3,Veneto,P3_D_W0_S13,Consumption of general government,G100,Social protection,L_2020,Chain linked - reference year 2020,N,Raw data,2025M12,Dec-25,2018,1491.8
A,Annual,ITD3,Veneto,P3_D_W0_S13,Consumption of general government,G100,Social protection,L_2020,Chain linked - reference year 2020,N,Raw data,2025M12,Dec-25,2019,1430.8
A,Annual,ITD3,Veneto,P3_D_W0_S13,Consumption of general government,G100,Social protection,L_2020,Chain linked - reference year 2020,N,Raw data,2025M12,Dec-25,2020,1403
A,Annual,ITD3,Veneto,P3_D_W0_S13,Consumption of general government,G100,Social protection,L_2020,Chain linked - reference year 2020,N,Raw data,2025M12,Dec-25,2021,1467.1
A,Annual,ITD3,Veneto,P3_D_W0_S13,Consumption of general government,G100,Social protection,L_2020,Chain linked - reference year 2020,N,Raw data,2025M12,Dec-25,2022,1715.4
A,Annual,ITD3,Veneto,P3_D_W0_S13,Consumption of general government,G100,Social protection,L_2020,Chain linked - reference year 2020,N,Raw data,2025M12,Dec-25,2023,2009.3
A,Annual,ITD4,Friuli-Venezia Giulia,P3_D_W0_S13,Consumption of general government,G,Total,L_2020,Chain linked - reference year 2020,N,Raw data,2025M12,Dec-25,2010,7791.5
A,Annual,ITD4,Friuli-Venezia Giulia,P3_D_W0_S13,Consumption of general government,G,Total,L_2020,Chain linked - reference year 2020,N,Raw data,2025M12,Dec-25,2011,7589
A,Annual,ITD4,Friuli-Venezia Giulia,P3_D_W0_S13,Consumption of general government,G,Total,L_2020,Chain linked - reference year 2020,N,Raw data,2025M12,Dec-25,2012,7560.1
A,Annual,ITD4,Friuli-Venezia Giulia,P3_D_W0_S13,Consumption of general government,G,Total,L_2020,Chain linked - reference year 2020,N,Raw data,2025M12,Dec-25,2013,7473.9
A,Annual,ITD4,Friuli-Venezia Giulia,P3_D_W0_S13,Consumption of general government,G,Total,L_2020,Chain linked - reference year 2020,N,Raw data,2025M12,Dec-25,2014,7392.9
A,Annual,ITD4,Friuli-Venezia Giulia,P3_D_W0_S13,Consumption of general government,G,Total,L_2020,Chain linked - reference year 2020,N,Raw data,2025M12,Dec-25,2015,7296.5
A,Annual,ITD4,Friuli-Venezia Giulia,P3_D_W0_S13,Consumption of general government,G,Total,L_2020,Chain linked - reference year 2020,N,Raw data,2025M12,Dec-25,2016,7540.2
A,Annual,ITD4,Friuli-Venezia Giulia,P3_D_W0_S13,Consumption of general government,G,Total,L_2020,Chain linked - reference year 2020,N,Raw data,2025M12,Dec-25,2017,7592.9
A,Annual,ITD4,Friuli-Venezia Giulia,P3_D_W0_S13,Consumption of general government,G,Total,L_2020,Chain linked - reference year 2020,N,Raw data,2025M12,Dec-25,2018,7533.9
A,Annual,ITD4,Friuli-Venezia Giulia,P3_D_W0_S13,Consumption of general government,G,Total,L_2020,Chain linked - reference year 2020,N,Raw data,2025M12,Dec-25,2019,7549.1
A,Annual,ITD4,Friuli-Venezia Giulia,P3_D_W0_S13,Consumption of general government,G,Total,L_2020,Chain linked - reference year 2020,N,Raw data,2025M12,Dec-25,2020,7562.6
A,Annual,ITD4,Friuli-Venezia Giulia,P3_D_W0_S13,Consumption of general government,G,Total,L_2020,Chain linked - reference year 2020,N,Raw data,2025M12,Dec-25,2021,7656.2
A,Annual,ITD4,Friuli-Venezia Giulia,P3_D_W0_S13,Consumption of general government,G,Total,L_2020,Chain linked - reference year 2020,N,Raw data,2025M12,Dec-25,2022,7640.4
A,Annual,ITD4,Friuli-Venezia Giulia,P3_D_W0_S13,Consumption of general government,G,Total,L_2020,Chain linked - reference year 2020,N,Raw data,2025M12,Dec-25,2023,7897.9
A,Annual,ITD4,Friuli-Venezia Giulia,P3_D_W0_S13,Consumption of general government,G030,Public order and safety,L_2020,Chain linked - reference year 2020,N,Raw data,2025M12,Dec-25,2010,680.1
A,Annual,ITD4,Friuli-Venezia Giulia,P3_D_W0_S13,Consumption of general government,G030,Public order and safety,L_2020,Chain linked - reference year 2020,N,Raw data,2025M12,Dec-25,2011,684.1
A,Annual,ITD4,Friuli-Venezia Giulia,P3_D_W0_S13,Consumption of general government,G030,Public order and safety,L_2020,Chain linked - reference year 2020,N,Raw data,2025M12,Dec-25,2012,648
A,Annual,ITD4,Friuli-Venezia Giulia,P3_D_W0_S13,Consumption of general government,G030,Public order and safety,L_2020,Chain linked - reference year 2020,N,Raw data,2025M12,Dec-25,2013,651.2
A,Annual,ITD4,Friuli-Venezia Giulia,P3_D_W0_S13,Consumption of general government,G030,Public order and safety,L_2020,Chain linked - reference year 2020,N,Raw data,2025M12,Dec-25,2014,644
A,Annual,ITD4,Friuli-Venezia Giulia,P3_D_W0_S13,Consumption of general government,G030,Public order and safety,L_2020,Chain linked - reference year 2020,N,Raw data,2025M12,Dec-25,2015,655.5
A,Annual,ITD4,Friuli-Venezia Giulia,P3_D_W0_S13,Consumption of general government,G030,Public order and safety,L_2020,Chain linked - reference year 2020,N,Raw data,2025M12,Dec-25,2016,653.2
A,Annual,ITD4,Friuli-Venezia Giulia,P3_D_W0_S13,Consumption of general government,G030,Public order and safety,L_2020,Chain linked - reference year 2020,N,Raw data,2025M12,Dec-25,2017,659.8
A,Annual,ITD4,Friuli-Venezia Giulia,P3_D_W0_S13,Consumption of general government,G030,Public order and safety,L_2020,Chain linked - reference year 2020,N,Raw data,2025M12,Dec-25,2018,671.2
A,Annual,ITD4,Friuli-Venezia Giulia,P3_D_W0_S13,Consumption of general government,G030,Public order and safety,L_2020,Chain linked - reference year 2020,N,Raw data,2025M12,Dec-25,2019,675.5
A,Annual,ITD4,Friuli-Venezia Giulia,P3_D_W0_S13,Consumption of general government,G030,Public order and safety,L_2020,Chain linked - reference year 2020,N,Raw data,2025M12,Dec-25,2020,651.1
A,Annual,ITD4,Friuli-Venezia Giulia,P3_D_W0_S13,Consumption of general government,G030,Public order and safety,L_2020,Chain linked - reference year 2020,N,Raw data,2025M12,Dec-25,2021,652.4
A,Annual,ITD4,Friuli-Venezia Giulia,P3_D_W0_S13,Consumption of general government,G030,Public order and safety,L_2020,Chain linked - reference year 2020,N,Raw data,2025M12,Dec-25,2022,655
A,Annual,ITD4,Friuli-Venezia Giulia,P3_D_W0_S13,Consumption of general government,G030,Public order and safety,L_2020,Chain linked - reference year 2020,N,Raw data,2025M12,Dec-25,2023,667.2
A,Annual,ITD4,Friuli-Venezia Giulia,P3_D_W0_S13,Consumption of general government,G040,Economic affairs,L_2020,Chain linked - reference year 2020,N,Raw data,2025M12,Dec-25,2010,614.2
A,Annual,ITD4,Friuli-Venezia Giulia,P3_D_W0_S13,Consumption of general government,G040,Economic affairs,L_2020,Chain linked - reference year 2020,N,Raw data,2025M12,Dec-25,2011,620.3
A,Annual,ITD4,Friuli-Venezia Giulia,P3_D_W0_S13,Consumption of general government,G040,Economic affairs,L_2020,Chain linked - reference year 2020,N,Raw data,2025M12,Dec-25,2012,601.4
A,Annual,ITD4,Friuli-Venezia Giulia,P3_D_W0_S13,Consumption of general government,G040,Economic affairs,L_2020,Chain linked - reference year 2020,N,Raw data,2025M12,Dec-25,2013,594.7
A,Annual,ITD4,Friuli-Venezia Giulia,P3_D_W0_S13,Consumption of general government,G040,Economic affairs,L_2020,Chain linked - reference year 2020,N,Raw data,2025M12,Dec-25,2014,573.8
A,Annual,ITD4,Friuli-Venezia Giulia,P3_D_W0_S13,Consumption of general government,G040,Economic affairs,L_2020,Chain linked - reference year 2020,N,Raw data,2025M12,Dec-25,2015,585.2
A,Annual,ITD4,Friuli-Venezia Giulia,P3_D_W0_S13,Consumption of general government,G040,Economic affairs,L_2020,Chain linked - reference year 2020,N,Raw data,2025M12,Dec-25,2016,602.1
A,Annual,ITD4,Friuli-Venezia Giulia,P3_D_W0_S13,Consumption of general government,G040,Economic affairs,L_2020,Chain linked - reference year 2020,N,Raw data,2025M12,Dec-25,2017,612
A,Annual,ITD4,Friuli-Venezia Giulia,P3_D_W0_S13,Consumption of general government,G040,Economic affairs,L_2020,Chain linked - reference year 2020,N,Raw data,2025M12,Dec-25,2018,606.7
A,Annual,ITD4,Friuli-Venezia Giulia,P3_D_W0_S13,Consumption of general government,G040,Economic affairs,L_2020,Chain linked - reference year 2020,N,Raw data,2025M12,Dec-25,2019,618
A,Annual,ITD4,Friuli-Venezia Giulia,P3_D_W0_S13,Consumption of general government,G040,Economic affairs,L_2020,Chain linked - reference year 2020,N,Raw data,2025M12,Dec-25,2020,615
A,Annual,ITD4,Friuli-Venezia Giulia,P3_D_W0_S13,Consumption of general government,G040,Economic affairs,L_2020,Chain linked - reference year 2020,N,Raw data,2025M12,Dec-25,2021,642.6
A,Annual,ITD4,Friuli-Venezia Giulia,P3_D_W0_S13,Consumption of general government,G040,Economic affairs,L_2020,Chain linked - reference year 2020,N,Raw data,2025M12,Dec-25,2022,663
A,Annual,ITD4,Friuli-Venezia Giulia,P3_D_W0_S13,Consumption of general government,G040,Economic affairs,L_2020,Chain linked - reference year 2020,N,Raw data,2025M12,Dec-25,2023,679.4
A,Annual,ITD4,Friuli-Venezia Giulia,P3_D_W0_S13,Consumption of general government,G070,Health,L_2020,Chain linked - reference year 2020,N,Raw data,2025M12,Dec-25,2010,2463.7
A,Annual,ITD4,Friuli-Venezia Giulia,P3_D_W0_S13,Consumption of general government,G070,Health,L_2020,Chain linked - reference year 2020,N,Raw data,2025M12,Dec-25,2011,2445.3
A,Annual,ITD4,Friuli-Venezia Giulia,P3_D_W0_S13,Consumption of general government,G070,Health,L_2020,Chain linked - reference year 2020,N,Raw data,2025M12,Dec-25,2012,2473.6
A,Annual,ITD4,Friuli-Venezia Giulia,P3_D_W0_S13,Consumption of general government,G070,Health,L_2020,Chain linked - reference year 2020,N,Raw data,2025M12,Dec-25,2013,2411
A,Annual,ITD4,Friuli-Venezia Giulia,P3_D_W0_S13,Consumption of general government,G070,Health,L_2020,Chain linked - reference year 2020,N,Raw data,2025M12,Dec-25,2014,2411.9
A,Annual,ITD4,Friuli-Venezia Giulia,P3_D_W0_S13,Consumption of general government,G070,Health,L_2020,Chain linked - reference year 2020,N,Raw data,2025M12,Dec-25,2015,2350.6
A,Annual,ITD4,Friuli-Venezia Giulia,P3_D_W0_S13,Consumption of general government,G070,Health,L_2020,Chain linked - reference year 2020,N,Raw data,2025M12,Dec-25,2016,2462.1
A,Annual,ITD4,Friuli-Venezia Giulia,P3_D_W0_S13,Consumption of general government,G070,Health,L_2020,Chain linked - reference year 2020,N,Raw data,2025M12,Dec-25,2017,2478.9
A,Annual,ITD4,Friuli-Venezia Giulia,P3_D_W0_S13,Consumption of general government,G070,Health,L_2020,Chain linked - reference year 2020,N,Raw data,2025M12,Dec-25,2018,2425.7
A,Annual,ITD4,Friuli-Venezia Giulia,P3_D_W0_S13,Consumption of general government,G070,Health,L_2020,Chain linked - reference year 2020,N,Raw data,2025M12,Dec-25,2019,2485
A,Annual,ITD4,Friuli-Venezia Giulia,P3_D_W0_S13,Consumption of general government,G070,Health,L_2020,Chain linked - reference year 2020,N,Raw data,2025M12,Dec-25,2020,2589.5
A,Annual,ITD4,Friuli-Venezia Giulia,P3_D_W0_S13,Consumption of general government,G070,Health,L_2020,Chain linked - reference year 2020,N,Raw data,2025M12,Dec-25,2021,2621.4
A,Annual,ITD4,Friuli-Venezia Giulia,P3_D_W0_S13,Consumption of general government,G070,Health,L_2020,Chain linked - reference year 2020,N,Raw data,2025M12,Dec-25,2022,2507.7
A,Annual,ITD4,Friuli-Venezia Giulia,P3_D_W0_S13,Consumption of general government,G070,Health,L_2020,Chain linked - reference year 2020,N,Raw data,2025M12,Dec-25,2023,2604.3
A,Annual,ITD4,Friuli-Venezia Giulia,P3_D_W0_S13,Consumption of general government,G090,Education,L_2020,Chain linked - reference year 2020,N,Raw data,2025M12,Dec-25,2010,1330.3
A,Annual,ITD4,Friuli-Venezia Giulia,P3_D_W0_S13,Consumption of general government,G090,Education,L_2020,Chain linked - reference year 2020,N,Raw data,2025M12,Dec-25,2011,1269.1
A,Annual,ITD4,Friuli-Venezia Giulia,P3_D_W0_S13,Consumption of general government,G090,Education,L_2020,Chain linked - reference year 2020,N,Raw data,2025M12,Dec-25,2012,1250.3
A,Annual,ITD4,Friuli-Venezia Giulia,P3_D_W0_S13,Consumption of general government,G090,Education,L_2020,Chain linked - reference year 2020,N,Raw data,2025M12,Dec-25,2013,1250.8
A,Annual,ITD4,Friuli-Venezia Giulia,P3_D_W0_S13,Consumption of general government,G090,Education,L_2020,Chain linked - reference year 2020,N,Raw data,2025M12,Dec-25,2014,1256.3
A,Annual,ITD4,Friuli-Venezia Giulia,P3_D_W0_S13,Consumption of general government,G090,Education,L_2020,Chain linked - reference year 2020,N,Raw data,2025M12,Dec-25,2015,1250.4
A,Annual,ITD4,Friuli-Venezia Giulia,P3_D_W0_S13,Consumption of general government,G090,Education,L_2020,Chain linked - reference year 2020,N,Raw data,2025M12,Dec-25,2016,1251.8
A,Annual,ITD4,Friuli-Venezia Giulia,P3_D_W0_S13,Consumption of general government,G090,Education,L_2020,Chain linked - reference year 2020,N,Raw data,2025M12,Dec-25,2017,1277.2
A,Annual,ITD4,Friuli-Venezia Giulia,P3_D_W0_S13,Consumption of general government,G090,Education,L_2020,Chain linked - reference year 2020,N,Raw data,2025M12,Dec-25,2018,1291.7
A,Annual,ITD4,Friuli-Venezia Giulia,P3_D_W0_S13,Consumption of general government,G090,Education,L_2020,Chain linked - reference year 2020,N,Raw data,2025M12,Dec-25,2019,1295.5
A,Annual,ITD4,Friuli-Venezia Giulia,P3_D_W0_S13,Consumption of general government,G090,Education,L_2020,Chain linked - reference year 2020,N,Raw data,2025M12,Dec-25,2020,1252.6
A,Annual,ITD4,Friuli-Venezia Giulia,P3_D_W0_S13,Consumption of general government,G090,Education,L_2020,Chain linked - reference year 2020,N,Raw data,2025M12,Dec-25,2021,1309.2
A,Annual,ITD4,Friuli-Venezia Giulia,P3_D_W0_S13,Consumption of general government,G090,Education,L_2020,Chain linked - reference year 2020,N,Raw data,2025M12,Dec-25,2022,1303.3
A,Annual,ITD4,Friuli-Venezia Giulia,P3_D_W0_S13,Consumption of general government,G090,Education,L_2020,Chain linked - reference year 2020,N,Raw data,2025M12,Dec-25,2023,1339.1
A,Annual,ITD4,Friuli-Venezia Giulia,P3_D_W0_S13,Consumption of general government,G100,Social protection,L_2020,Chain linked - reference year 2020,N,Raw data,2025M12,Dec-25,2010,609.1
A,Annual,ITD4,Friuli-Venezia Giulia,P3_D_W0_S13,Consumption of general government,G100,Social protection,L_2020,Chain linked - reference year 2020,N,Raw data,2025M12,Dec-25,2011,560
A,Annual,ITD4,Friuli-Venezia Giulia,P3_D_W0_S13,Consumption of general government,G100,Social protection,L_2020,Chain linked - reference year 2020,N,Raw data,2025M12,Dec-25,2012,560.5
A,Annual,ITD4,Friuli-Venezia Giulia,P3_D_W0_S13,Consumption of general government,G100,Social protection,L_2020,Chain linked - reference year 2020,N,Raw data,2025M12,Dec-25,2013,553.8
A,Annual,ITD4,Friuli-Venezia Giulia,P3_D_W0_S13,Consumption of general government,G100,Social protection,L_2020,Chain linked - reference year 2020,N,Raw data,2025M12,Dec-25,2014,536
A,Annual,ITD4,Friuli-Venezia Giulia,P3_D_W0_S13,Consumption of general government,G100,Social protection,L_2020,Chain linked - reference year 2020,N,Raw data,2025M12,Dec-25,2015,536.1
A,Annual,ITD4,Friuli-Venezia Giulia,P3_D_W0_S13,Consumption of general government,G100,Social protection,L_2020,Chain linked - reference year 2020,N,Raw data,2025M12,Dec-25,2016,545.7
A,Annual,ITD4,Friuli-Venezia Giulia,P3_D_W0_S13,Consumption of general government,G100,Social protection,L_2020,Chain linked - reference year 2020,N,Raw data,2025M12,Dec-25,2017,545.6
A,Annual,ITD4,Friuli-Venezia Giulia,P3_D_W0_S13,Consumption of general government,G100,Social protection,L_2020,Chain linked - reference year 2020,N,Raw data,2025M12,Dec-25,2018,539.9
A,Annual,ITD4,Friuli-Venezia Giulia,P3_D_W0_S13,Consumption of general government,G100,Social protection,L_2020,Chain linked - reference year 2020,N,Raw data,2025M12,Dec-25,2019,517.3
A,Annual,ITD4,Friuli-Venezia Giulia,P3_D_W0_S13,Consumption of general government,G100,Social protection,L_2020,Chain linked - reference year 2020,N,Raw data,2025M12,Dec-25,2020,495.5
A,Annual,ITD4,Friuli-Venezia Giulia,P3_D_W0_S13,Consumption of general government,G100,Social protection,L_2020,Chain linked - reference year 2020,N,Raw data,2025M12,Dec-25,2021,514.9
A,Annual,ITD4,Friuli-Venezia Giulia,P3_D_W0_S13,Consumption of general government,G100,Social protection,L_2020,Chain linked - reference year 2020,N,Raw data,2025M12,Dec-25,2022,600.5
A,Annual,ITD4,Friuli-Venezia Giulia,P3_D_W0_S13,Consumption of general government,G100,Social protection,L_2020,Chain linked - reference year 2020,N,Raw data,2025M12,Dec-25,2023,710.3
A,Annual,ITD5,Emilia-Romagna,P3_D_W0_S13,Consumption of general government,G,Total,L_2020,Chain linked - reference year 2020,N,Raw data,2025M12,Dec-25,2010,25487.2
A,Annual,ITD5,Emilia-Romagna,P3_D_W0_S13,Consumption of general government,G,Total,L_2020,Chain linked - reference year 2020,N,Raw data,2025M12,Dec-25,2011,25107.4
A,Annual,ITD5,Emilia-Romagna,P3_D_W0_S13,Consumption of general government,G,Total,L_2020,Chain linked - reference year 2020,N,Raw data,2025M12,Dec-25,2012,24727.7
A,Annual,ITD5,Emilia-Romagna,P3_D_W0_S13,Consumption of general government,G,Total,L_2020,Chain linked - reference year 2020,N,Raw data,2025M12,Dec-25,2013,24423.8
A,Annual,ITD5,Emilia-Romagna,P3_D_W0_S13,Consumption of general government,G,Total,L_2020,Chain linked - reference year 2020,N,Raw data,2025M12,Dec-25,2014,24278.9
A,Annual,ITD5,Emilia-Romagna,P3_D_W0_S13,Consumption of general government,G,Total,L_2020,Chain linked - reference year 2020,N,Raw data,2025M12,Dec-25,2015,24301.1
A,Annual,ITD5,Emilia-Romagna,P3_D_W0_S13,Consumption of general government,G,Total,L_2020,Chain linked - reference year 2020,N,Raw data,2025M12,Dec-25,2016,24739.9
A,Annual,ITD5,Emilia-Romagna,P3_D_W0_S13,Consumption of general government,G,Total,L_2020,Chain linked - reference year 2020,N,Raw data,2025M12,Dec-25,2017,24648.2
A,Annual,ITD5,Emilia-Romagna,P3_D_W0_S13,Consumption of general government,G,Total,L_2020,Chain linked - reference year 2020,N,Raw data,2025M12,Dec-25,2018,24712.7
A,Annual,ITD5,Emilia-Romagna,P3_D_W0_S13,Consumption of general government,G,Total,L_2020,Chain linked - reference year 2020,N,Raw data,2025M12,Dec-25,2019,24806.2
A,Annual,ITD5,Emilia-Romagna,P3_D_W0_S13,Consumption of general government,G,Total,L_2020,Chain linked - reference year 2020,N,Raw data,2025M12,Dec-25,2020,25469.3
A,Annual,ITD5,Emilia-Romagna,P3_D_W0_S13,Consumption of general government,G,Total,L_2020,Chain linked - reference year 2020,N,Raw data,2025M12,Dec-25,2021,26258.5
A,Annual,ITD5,Emilia-Romagna,P3_D_W0_S13,Consumption of general government,G,Total,L_2020,Chain linked - reference year 2020,N,Raw data,2025M12,Dec-25,2022,26403.9
A,Annual,ITD5,Emilia-Romagna,P3_D_W0_S13,Consumption of general government,G,Total,L_2020,Chain linked - reference year 2020,N,Raw data,2025M12,Dec-25,2023,26469.1
A,Annual,ITD5,Emilia-Romagna,P3_D_W0_S13,Consumption of general government,G030,Public order and safety,L_2020,Chain linked - reference year 2020,N,Raw data,2025M12,Dec-25,2010,2423.7
A,Annual,ITD5,Emilia-Romagna,P3_D_W0_S13,Consumption of general government,G030,Public order and safety,L_2020,Chain linked - reference year 2020,N,Raw data,2025M12,Dec-25,2011,2456.4
A,Annual,ITD5,Emilia-Romagna,P3_D_W0_S13,Consumption of general government,G030,Public order and safety,L_2020,Chain linked - reference year 2020,N,Raw data,2025M12,Dec-25,2012,2333.6
A,Annual,ITD5,Emilia-Romagna,P3_D_W0_S13,Consumption of general government,G030,Public order and safety,L_2020,Chain linked - reference year 2020,N,Raw data,2025M12,Dec-25,2013,2342.4
A,Annual,ITD5,Emilia-Romagna,P3_D_W0_S13,Consumption of general government,G030,Public order and safety,L_2020,Chain linked - reference year 2020,N,Raw data,2025M12,Dec-25,2014,2324.4
A,Annual,ITD5,Emilia-Romagna,P3_D_W0_S13,Consumption of general government,G030,Public order and safety,L_2020,Chain linked - reference year 2020,N,Raw data,2025M12,Dec-25,2015,2375
A,Annual,ITD5,Emilia-Romagna,P3_D_W0_S13,Consumption of general government,G030,Public order and safety,L_2020,Chain linked - reference year 2020,N,Raw data,2025M12,Dec-25,2016,2372.2
A,Annual,ITD5,Emilia-Romagna,P3_D_W0_S13,Consumption of general government,G030,Public order and safety,L_2020,Chain linked - reference year 2020,N,Raw data,2025M12,Dec-25,2017,2399.3
A,Annual,ITD5,Emilia-Romagna,P3_D_W0_S13,Consumption of general government,G030,Public order and safety,L_2020,Chain linked - reference year 2020,N,Raw data,2025M12,Dec-25,2018,2446.8
A,Annual,ITD5,Emilia-Romagna,P3_D_W0_S13,Consumption of general government,G030,Public order and safety,L_2020,Chain linked - reference year 2020,N,Raw data,2025M12,Dec-25,2019,2473.5
A,Annual,ITD5,Emilia-Romagna,P3_D_W0_S13,Consumption of general government,G030,Public order and safety,L_2020,Chain linked - reference year 2020,N,Raw data,2025M12,Dec-25,2020,2397.9
A,Annual,ITD5,Emilia-Romagna,P3_D_W0_S13,Consumption of general government,G030,Public order and safety,L_2020,Chain linked - reference year 2020,N,Raw data,2025M12,Dec-25,2021,2412.2
A,Annual,ITD5,Emilia-Romagna,P3_D_W0_S13,Consumption of general government,G030,Public order and safety,L_2020,Chain linked - reference year 2020,N,Raw data,2025M12,Dec-25,2022,2428.6
A,Annual,ITD5,Emilia-Romagna,P3_D_W0_S13,Consumption of general government,G030,Public order and safety,L_2020,Chain linked - reference year 2020,N,Raw data,2025M12,Dec-25,2023,2474.7
A,Annual,ITD5,Emilia-Romagna,P3_D_W0_S13,Consumption of general government,G040,Economic affairs,L_2020,Chain linked - reference year 2020,N,Raw data,2025M12,Dec-25,2010,1768.6
A,Annual,ITD5,Emilia-Romagna,P3_D_W0_S13,Consumption of general government,G040,Economic affairs,L_2020,Chain linked - reference year 2020,N,Raw data,2025M12,Dec-25,2011,1812.1
A,Annual,ITD5,Emilia-Romagna,P3_D_W0_S13,Consumption of general government,G040,Economic affairs,L_2020,Chain linked - reference year 2020,N,Raw data,2025M12,Dec-25,2012,1749.1
A,Annual,ITD5,Emilia-Romagna,P3_D_W0_S13,Consumption of general government,G040,Economic affairs,L_2020,Chain linked - reference year 2020,N,Raw data,2025M12,Dec-25,2013,1720
A,Annual,ITD5,Emilia-Romagna,P3_D_W0_S13,Consumption of general government,G040,Economic affairs,L_2020,Chain linked - reference year 2020,N,Raw data,2025M12,Dec-25,2014,1671.2
A,Annual,ITD5,Emilia-Romagna,P3_D_W0_S13,Consumption of general government,G040,Economic affairs,L_2020,Chain linked - reference year 2020,N,Raw data,2025M12,Dec-25,2015,1717.5
A,Annual,ITD5,Emilia-Romagna,P3_D_W0_S13,Consumption of general government,G040,Economic affairs,L_2020,Chain linked - reference year 2020,N,Raw data,2025M12,Dec-25,2016,1764.4
A,Annual,ITD5,Emilia-Romagna,P3_D_W0_S13,Consumption of general government,G040,Economic affairs,L_2020,Chain linked - reference year 2020,N,Raw data,2025M12,Dec-25,2017,1786.1
A,Annual,ITD5,Emilia-Romagna,P3_D_W0_S13,Consumption of general government,G040,Economic affairs,L_2020,Chain linked - reference year 2020,N,Raw data,2025M12,Dec-25,2018,1781
A,Annual,ITD5,Emilia-Romagna,P3_D_W0_S13,Consumption of general government,G040,Economic affairs,L_2020,Chain linked - reference year 2020,N,Raw data,2025M12,Dec-25,2019,1824
A,Annual,ITD5,Emilia-Romagna,P3_D_W0_S13,Consumption of general government,G040,Economic affairs,L_2020,Chain linked - reference year 2020,N,Raw data,2025M12,Dec-25,2020,1866.8
A,Annual,ITD5,Emilia-Romagna,P3_D_W0_S13,Consumption of general government,G040,Economic affairs,L_2020,Chain linked - reference year 2020,N,Raw data,2025M12,Dec-25,2021,1979.1
A,Annual,ITD5,Emilia-Romagna,P3_D_W0_S13,Consumption of general government,G040,Economic affairs,L_2020,Chain linked - reference year 2020,N,Raw data,2025M12,Dec-25,2022,2043.5
A,Annual,ITD5,Emilia-Romagna,P3_D_W0_S13,Consumption of general government,G040,Economic affairs,L_2020,Chain linked - reference year 2020,N,Raw data,2025M12,Dec-25,2023,2065.7
A,Annual,ITD5,Emilia-Romagna,P3_D_W0_S13,Consumption of general government,G070,Health,L_2020,Chain linked - reference year 2020,N,Raw data,2025M12,Dec-25,2010,9179.4
A,Annual,ITD5,Emilia-Romagna,P3_D_W0_S13,Consumption of general government,G070,Health,L_2020,Chain linked - reference year 2020,N,Raw data,2025M12,Dec-25,2011,9182.9
A,Annual,ITD5,Emilia-Romagna,P3_D_W0_S13,Consumption of general government,G070,Health,L_2020,Chain linked - reference year 2020,N,Raw data,2025M12,Dec-25,2012,8991.5
A,Annual,ITD5,Emilia-Romagna,P3_D_W0_S13,Consumption of general government,G070,Health,L_2020,Chain linked - reference year 2020,N,Raw data,2025M12,Dec-25,2013,8814.4
A,Annual,ITD5,Emilia-Romagna,P3_D_W0_S13,Consumption of general government,G070,Health,L_2020,Chain linked - reference year 2020,N,Raw data,2025M12,Dec-25,2014,8855.8
A,Annual,ITD5,Emilia-Romagna,P3_D_W0_S13,Consumption of general government,G070,Health,L_2020,Chain linked - reference year 2020,N,Raw data,2025M12,Dec-25,2015,8864.4
A,Annual,ITD5,Emilia-Romagna,P3_D_W0_S13,Consumption of general government,G070,Health,L_2020,Chain linked - reference year 2020,N,Raw data,2025M12,Dec-25,2016,8908.9
A,Annual,ITD5,Emilia-Romagna,P3_D_W0_S13,Consumption of general government,G070,Health,L_2020,Chain linked - reference year 2020,N,Raw data,2025M12,Dec-25,2017,8654.7
A,Annual,ITD5,Emilia-Romagna,P3_D_W0_S13,Consumption of general government,G070,Health,L_2020,Chain linked - reference year 2020,N,Raw data,2025M12,Dec-25,2018,8618.4
A,Annual,ITD5,Emilia-Romagna,P3_D_W0_S13,Consumption of general government,G070,Health,L_2020,Chain linked - reference year 2020,N,Raw data,2025M12,Dec-25,2019,8749.1
A,Annual,ITD5,Emilia-Romagna,P3_D_W0_S13,Consumption of general government,G070,Health,L_2020,Chain linked - reference year 2020,N,Raw data,2025M12,Dec-25,2020,9462.7
A,Annual,ITD5,Emilia-Romagna,P3_D_W0_S13,Consumption of general government,G070,Health,L_2020,Chain linked - reference year 2020,N,Raw data,2025M12,Dec-25,2021,9863.8
A,Annual,ITD5,Emilia-Romagna,P3_D_W0_S13,Consumption of general government,G070,Health,L_2020,Chain linked - reference year 2020,N,Raw data,2025M12,Dec-25,2022,9686.4
A,Annual,ITD5,Emilia-Romagna,P3_D_W0_S13,Consumption of general government,G070,Health,L_2020,Chain linked - reference year 2020,N,Raw data,2025M12,Dec-25,2023,9346.5
A,Annual,ITD5,Emilia-Romagna,P3_D_W0_S13,Consumption of general government,G090,Education,L_2020,Chain linked - reference year 2020,N,Raw data,2025M12,Dec-25,2010,4581.6
A,Annual,ITD5,Emilia-Romagna,P3_D_W0_S13,Consumption of general government,G090,Education,L_2020,Chain linked - reference year 2020,N,Raw data,2025M12,Dec-25,2011,4399.4
A,Annual,ITD5,Emilia-Romagna,P3_D_W0_S13,Consumption of general government,G090,Education,L_2020,Chain linked - reference year 2020,N,Raw data,2025M12,Dec-25,2012,4381.3
A,Annual,ITD5,Emilia-Romagna,P3_D_W0_S13,Consumption of general government,G090,Education,L_2020,Chain linked - reference year 2020,N,Raw data,2025M12,Dec-25,2013,4403.6
A,Annual,ITD5,Emilia-Romagna,P3_D_W0_S13,Consumption of general government,G090,Education,L_2020,Chain linked - reference year 2020,N,Raw data,2025M12,Dec-25,2014,4452.3
A,Annual,ITD5,Emilia-Romagna,P3_D_W0_S13,Consumption of general government,G090,Education,L_2020,Chain linked - reference year 2020,N,Raw data,2025M12,Dec-25,2015,4478.3
A,Annual,ITD5,Emilia-Romagna,P3_D_W0_S13,Consumption of general government,G090,Education,L_2020,Chain linked - reference year 2020,N,Raw data,2025M12,Dec-25,2016,4519.7
A,Annual,ITD5,Emilia-Romagna,P3_D_W0_S13,Consumption of general government,G090,Education,L_2020,Chain linked - reference year 2020,N,Raw data,2025M12,Dec-25,2017,4643.2
A,Annual,ITD5,Emilia-Romagna,P3_D_W0_S13,Consumption of general government,G090,Education,L_2020,Chain linked - reference year 2020,N,Raw data,2025M12,Dec-25,2018,4731.4
A,Annual,ITD5,Emilia-Romagna,P3_D_W0_S13,Consumption of general government,G090,Education,L_2020,Chain linked - reference year 2020,N,Raw data,2025M12,Dec-25,2019,4774.4
A,Annual,ITD5,Emilia-Romagna,P3_D_W0_S13,Consumption of general government,G090,Education,L_2020,Chain linked - reference year 2020,N,Raw data,2025M12,Dec-25,2020,4662.8
A,Annual,ITD5,Emilia-Romagna,P3_D_W0_S13,Consumption of general government,G090,Education,L_2020,Chain linked - reference year 2020,N,Raw data,2025M12,Dec-25,2021,4920.3
A,Annual,ITD5,Emilia-Romagna,P3_D_W0_S13,Consumption of general government,G090,Education,L_2020,Chain linked - reference year 2020,N,Raw data,2025M12,Dec-25,2022,4945.6
A,Annual,ITD5,Emilia-Romagna,P3_D_W0_S13,Consumption of general government,G090,Education,L_2020,Chain linked - reference year 2020,N,Raw data,2025M12,Dec-25,2023,5102.1
A,Annual,ITD5,Emilia-Romagna,P3_D_W0_S13,Consumption of general government,G100,Social protection,L_2020,Chain linked - reference year 2020,N,Raw data,2025M12,Dec-25,2010,1410.6
A,Annual,ITD5,Emilia-Romagna,P3_D_W0_S13,Consumption of general government,G100,Social protection,L_2020,Chain linked - reference year 2020,N,Raw data,2025M12,Dec-25,2011,1316.6
A,Annual,ITD5,Emilia-Romagna,P3_D_W0_S13,Consumption of general government,G100,Social protection,L_2020,Chain linked - reference year 2020,N,Raw data,2025M12,Dec-25,2012,1310.1
A,Annual,ITD5,Emilia-Romagna,P3_D_W0_S13,Consumption of general government,G100,Social protection,L_2020,Chain linked - reference year 2020,N,Raw data,2025M12,Dec-25,2013,1273.9
A,Annual,ITD5,Emilia-Romagna,P3_D_W0_S13,Consumption of general government,G100,Social protection,L_2020,Chain linked - reference year 2020,N,Raw data,2025M12,Dec-25,2014,1240.4
A,Annual,ITD5,Emilia-Romagna,P3_D_W0_S13,Consumption of general government,G100,Social protection,L_2020,Chain linked - reference year 2020,N,Raw data,2025M12,Dec-25,2015,1247.8
A,Annual,ITD5,Emilia-Romagna,P3_D_W0_S13,Consumption of general government,G100,Social protection,L_2020,Chain linked - reference year 2020,N,Raw data,2025M12,Dec-25,2016,1266.4
A,Annual,ITD5,Emilia-Romagna,P3_D_W0_S13,Consumption of general government,G100,Social protection,L_2020,Chain linked - reference year 2020,N,Raw data,2025M12,Dec-25,2017,1261.9
A,Annual,ITD5,Emilia-Romagna,P3_D_W0_S13,Consumption of general government,G100,Social protection,L_2020,Chain linked - reference year 2020,N,Raw data,2025M12,Dec-25,2018,1255.6
A,Annual,ITD5,Emilia-Romagna,P3_D_W0_S13,Consumption of general government,G100,Social protection,L_2020,Chain linked - reference year 2020,N,Raw data,2025M12,Dec-25,2019,1209.6
A,Annual,ITD5,Emilia-Romagna,P3_D_W0_S13,Consumption of general government,G100,Social protection,L_2020,Chain linked - reference year 2020,N,Raw data,2025M12,Dec-25,2020,1190.2
A,Annual,ITD5,Emilia-Romagna,P3_D_W0_S13,Consumption of general government,G100,Social protection,L_2020,Chain linked - reference year 2020,N,Raw data,2025M12,Dec-25,2021,1254.6
A,Annual,ITD5,Emilia-Romagna,P3_D_W0_S13,Consumption of general government,G100,Social protection,L_2020,Chain linked - reference year 2020,N,Raw data,2025M12,Dec-25,2022,1464.8
A,Annual,ITD5,Emilia-Romagna,P3_D_W0_S13,Consumption of general government,G100,Social protection,L_2020,Chain linked - reference year 2020,N,Raw data,2025M12,Dec-25,2023,1710.4
A,Annual,ITE1,Toscana,P3_D_W0_S13,Consumption of general government,G,Total,L_2020,Chain linked - reference year 2020,N,Raw data,2025M12,Dec-25,2010,22417.1
A,Annual,ITE1,Toscana,P3_D_W0_S13,Consumption of general government,G,Total,L_2020,Chain linked - reference year 2020,N,Raw data,2025M12,Dec-25,2011,21924.6
A,Annual,ITE1,Toscana,P3_D_W0_S13,Consumption of general government,G,Total,L_2020,Chain linked - reference year 2020,N,Raw data,2025M12,Dec-25,2012,21516.2
A,Annual,ITE1,Toscana,P3_D_W0_S13,Consumption of general government,G,Total,L_2020,Chain linked - reference year 2020,N,Raw data,2025M12,Dec-25,2013,21254.9
A,Annual,ITE1,Toscana,P3_D_W0_S13,Consumption of general government,G,Total,L_2020,Chain linked - reference year 2020,N,Raw data,2025M12,Dec-25,2014,21121.8
A,Annual,ITE1,Toscana,P3_D_W0_S13,Consumption of general government,G,Total,L_2020,Chain linked - reference year 2020,N,Raw data,2025M12,Dec-25,2015,21257.7
A,Annual,ITE1,Toscana,P3_D_W0_S13,Consumption of general government,G,Total,L_2020,Chain linked - reference year 2020,N,Raw data,2025M12,Dec-25,2016,21666.9
A,Annual,ITE1,Toscana,P3_D_W0_S13,Consumption of general government,G,Total,L_2020,Chain linked - reference year 2020,N,Raw data,2025M12,Dec-25,2017,21936.1
A,Annual,ITE1,Toscana,P3_D_W0_S13,Consumption of general government,G,Total,L_2020,Chain linked - reference year 2020,N,Raw data,2025M12,Dec-25,2018,21858.2
A,Annual,ITE1,Toscana,P3_D_W0_S13,Consumption of general government,G,Total,L_2020,Chain linked - reference year 2020,N,Raw data,2025M12,Dec-25,2019,21890.2
A,Annual,ITE1,Toscana,P3_D_W0_S13,Consumption of general government,G,Total,L_2020,Chain linked - reference year 2020,N,Raw data,2025M12,Dec-25,2020,22148.3
A,Annual,ITE1,Toscana,P3_D_W0_S13,Consumption of general government,G,Total,L_2020,Chain linked - reference year 2020,N,Raw data,2025M12,Dec-25,2021,22784
A,Annual,ITE1,Toscana,P3_D_W0_S13,Consumption of general government,G,Total,L_2020,Chain linked - reference year 2020,N,Raw data,2025M12,Dec-25,2022,22688.9
A,Annual,ITE1,Toscana,P3_D_W0_S13,Consumption of general government,G,Total,L_2020,Chain linked - reference year 2020,N,Raw data,2025M12,Dec-25,2023,23014.3
A,Annual,ITE1,Toscana,P3_D_W0_S13,Consumption of general government,G030,Public order and safety,L_2020,Chain linked - reference year 2020,N,Raw data,2025M12,Dec-25,2010,2119.4
A,Annual,ITE1,Toscana,P3_D_W0_S13,Consumption of general government,G030,Public order and safety,L_2020,Chain linked - reference year 2020,N,Raw data,2025M12,Dec-25,2011,2140.2
A,Annual,ITE1,Toscana,P3_D_W0_S13,Consumption of general government,G030,Public order and safety,L_2020,Chain linked - reference year 2020,N,Raw data,2025M12,Dec-25,2012,2023.9
A,Annual,ITE1,Toscana,P3_D_W0_S13,Consumption of general government,G030,Public order and safety,L_2020,Chain linked - reference year 2020,N,Raw data,2025M12,Dec-25,2013,2026.1
A,Annual,ITE1,Toscana,P3_D_W0_S13,Consumption of general government,G030,Public order and safety,L_2020,Chain linked - reference year 2020,N,Raw data,2025M12,Dec-25,2014,2005.2
A,Annual,ITE1,Toscana,P3_D_W0_S13,Consumption of general government,G030,Public order and safety,L_2020,Chain linked - reference year 2020,N,Raw data,2025M12,Dec-25,2015,2045.8
A,Annual,ITE1,Toscana,P3_D_W0_S13,Consumption of general government,G030,Public order and safety,L_2020,Chain linked - reference year 2020,N,Raw data,2025M12,Dec-25,2016,2038.9
A,Annual,ITE1,Toscana,P3_D_W0_S13,Consumption of general government,G030,Public order and safety,L_2020,Chain linked - reference year 2020,N,Raw data,2025M12,Dec-25,2017,2061.4
A,Annual,ITE1,Toscana,P3_D_W0_S13,Consumption of general government,G030,Public order and safety,L_2020,Chain linked - reference year 2020,N,Raw data,2025M12,Dec-25,2018,2096
A,Annual,ITE1,Toscana,P3_D_W0_S13,Consumption of general government,G030,Public order and safety,L_2020,Chain linked - reference year 2020,N,Raw data,2025M12,Dec-25,2019,2107.1
A,Annual,ITE1,Toscana,P3_D_W0_S13,Consumption of general government,G030,Public order and safety,L_2020,Chain linked - reference year 2020,N,Raw data,2025M12,Dec-25,2020,2043.1
A,Annual,ITE1,Toscana,P3_D_W0_S13,Consumption of general government,G030,Public order and safety,L_2020,Chain linked - reference year 2020,N,Raw data,2025M12,Dec-25,2021,2054.6
A,Annual,ITE1,Toscana,P3_D_W0_S13,Consumption of general government,G030,Public order and safety,L_2020,Chain linked - reference year 2020,N,Raw data,2025M12,Dec-25,2022,2058.8
A,Annual,ITE1,Toscana,P3_D_W0_S13,Consumption of general government,G030,Public order and safety,L_2020,Chain linked - reference year 2020,N,Raw data,2025M12,Dec-25,2023,2093
A,Annual,ITE1,Toscana,P3_D_W0_S13,Consumption of general government,G040,Economic affairs,L_2020,Chain linked - reference year 2020,N,Raw data,2025M12,Dec-25,2010,1777.9
A,Annual,ITE1,Toscana,P3_D_W0_S13,Consumption of general government,G040,Economic affairs,L_2020,Chain linked - reference year 2020,N,Raw data,2025M12,Dec-25,2011,1809.1
A,Annual,ITE1,Toscana,P3_D_W0_S13,Consumption of general government,G040,Economic affairs,L_2020,Chain linked - reference year 2020,N,Raw data,2025M12,Dec-25,2012,1730.8
A,Annual,ITE1,Toscana,P3_D_W0_S13,Consumption of general government,G040,Economic affairs,L_2020,Chain linked - reference year 2020,N,Raw data,2025M12,Dec-25,2013,1695.6
A,Annual,ITE1,Toscana,P3_D_W0_S13,Consumption of general government,G040,Economic affairs,L_2020,Chain linked - reference year 2020,N,Raw data,2025M12,Dec-25,2014,1642
A,Annual,ITE1,Toscana,P3_D_W0_S13,Consumption of general government,G040,Economic affairs,L_2020,Chain linked - reference year 2020,N,Raw data,2025M12,Dec-25,2015,1682.4
A,Annual,ITE1,Toscana,P3_D_W0_S13,Consumption of general government,G040,Economic affairs,L_2020,Chain linked - reference year 2020,N,Raw data,2025M12,Dec-25,2016,1720.1
A,Annual,ITE1,Toscana,P3_D_W0_S13,Consumption of general government,G040,Economic affairs,L_2020,Chain linked - reference year 2020,N,Raw data,2025M12,Dec-25,2017,1751.3
A,Annual,ITE1,Toscana,P3_D_W0_S13,Consumption of general government,G040,Economic affairs,L_2020,Chain linked - reference year 2020,N,Raw data,2025M12,Dec-25,2018,1739.7
A,Annual,ITE1,Toscana,P3_D_W0_S13,Consumption of general government,G040,Economic affairs,L_2020,Chain linked - reference year 2020,N,Raw data,2025M12,Dec-25,2019,1767.3
A,Annual,ITE1,Toscana,P3_D_W0_S13,Consumption of general government,G040,Economic affairs,L_2020,Chain linked - reference year 2020,N,Raw data,2025M12,Dec-25,2020,1799.4
A,Annual,ITE1,Toscana,P3_D_W0_S13,Consumption of general government,G040,Economic affairs,L_2020,Chain linked - reference year 2020,N,Raw data,2025M12,Dec-25,2021,1893.5
A,Annual,ITE1,Toscana,P3_D_W0_S13,Consumption of general government,G040,Economic affairs,L_2020,Chain linked - reference year 2020,N,Raw data,2025M12,Dec-25,2022,1935
A,Annual,ITE1,Toscana,P3_D_W0_S13,Consumption of general government,G040,Economic affairs,L_2020,Chain linked - reference year 2020,N,Raw data,2025M12,Dec-25,2023,1955.1
A,Annual,ITE1,Toscana,P3_D_W0_S13,Consumption of general government,G070,Health,L_2020,Chain linked - reference year 2020,N,Raw data,2025M12,Dec-25,2010,7742.8
A,Annual,ITE1,Toscana,P3_D_W0_S13,Consumption of general government,G070,Health,L_2020,Chain linked - reference year 2020,N,Raw data,2025M12,Dec-25,2011,7612.9
A,Annual,ITE1,Toscana,P3_D_W0_S13,Consumption of general government,G070,Health,L_2020,Chain linked - reference year 2020,N,Raw data,2025M12,Dec-25,2012,7468.7
A,Annual,ITE1,Toscana,P3_D_W0_S13,Consumption of general government,G070,Health,L_2020,Chain linked - reference year 2020,N,Raw data,2025M12,Dec-25,2013,7360.1
A,Annual,ITE1,Toscana,P3_D_W0_S13,Consumption of general government,G070,Health,L_2020,Chain linked - reference year 2020,N,Raw data,2025M12,Dec-25,2014,7431.5
A,Annual,ITE1,Toscana,P3_D_W0_S13,Consumption of general government,G070,Health,L_2020,Chain linked - reference year 2020,N,Raw data,2025M12,Dec-25,2015,7578.9
A,Annual,ITE1,Toscana,P3_D_W0_S13,Consumption of general government,G070,Health,L_2020,Chain linked - reference year 2020,N,Raw data,2025M12,Dec-25,2016,7579.9
A,Annual,ITE1,Toscana,P3_D_W0_S13,Consumption of general government,G070,Health,L_2020,Chain linked - reference year 2020,N,Raw data,2025M12,Dec-25,2017,7694.6
A,Annual,ITE1,Toscana,P3_D_W0_S13,Consumption of general government,G070,Health,L_2020,Chain linked - reference year 2020,N,Raw data,2025M12,Dec-25,2018,7588.2
A,Annual,ITE1,Toscana,P3_D_W0_S13,Consumption of general government,G070,Health,L_2020,Chain linked - reference year 2020,N,Raw data,2025M12,Dec-25,2019,7721.7
A,Annual,ITE1,Toscana,P3_D_W0_S13,Consumption of general government,G070,Health,L_2020,Chain linked - reference year 2020,N,Raw data,2025M12,Dec-25,2020,7993.8
A,Annual,ITE1,Toscana,P3_D_W0_S13,Consumption of general government,G070,Health,L_2020,Chain linked - reference year 2020,N,Raw data,2025M12,Dec-25,2021,8366.4
A,Annual,ITE1,Toscana,P3_D_W0_S13,Consumption of general government,G070,Health,L_2020,Chain linked - reference year 2020,N,Raw data,2025M12,Dec-25,2022,8136
A,Annual,ITE1,Toscana,P3_D_W0_S13,Consumption of general government,G070,Health,L_2020,Chain linked - reference year 2020,N,Raw data,2025M12,Dec-25,2023,8218.6
A,Annual,ITE1,Toscana,P3_D_W0_S13,Consumption of general government,G090,Education,L_2020,Chain linked - reference year 2020,N,Raw data,2025M12,Dec-25,2010,4085.9
A,Annual,ITE1,Toscana,P3_D_W0_S13,Consumption of general government,G090,Education,L_2020,Chain linked - reference year 2020,N,Raw data,2025M12,Dec-25,2011,3910.5
A,Annual,ITE1,Toscana,P3_D_W0_S13,Consumption of general government,G090,Education,L_2020,Chain linked - reference year 2020,N,Raw data,2025M12,Dec-25,2012,3878.9
A,Annual,ITE1,Toscana,P3_D_W0_S13,Consumption of general government,G090,Education,L_2020,Chain linked - reference year 2020,N,Raw data,2025M12,Dec-25,2013,3894.8
A,Annual,ITE1,Toscana,P3_D_W0_S13,Consumption of general government,G090,Education,L_2020,Chain linked - reference year 2020,N,Raw data,2025M12,Dec-25,2014,3922.7
A,Annual,ITE1,Toscana,P3_D_W0_S13,Consumption of general government,G090,Education,L_2020,Chain linked - reference year 2020,N,Raw data,2025M12,Dec-25,2015,3928.7
A,Annual,ITE1,Toscana,P3_D_W0_S13,Consumption of general government,G090,Education,L_2020,Chain linked - reference year 2020,N,Raw data,2025M12,Dec-25,2016,3958.6
A,Annual,ITE1,Toscana,P3_D_W0_S13,Consumption of general government,G090,Education,L_2020,Chain linked - reference year 2020,N,Raw data,2025M12,Dec-25,2017,4045.2
A,Annual,ITE1,Toscana,P3_D_W0_S13,Consumption of general government,G090,Education,L_2020,Chain linked - reference year 2020,N,Raw data,2025M12,Dec-25,2018,4115.8
A,Annual,ITE1,Toscana,P3_D_W0_S13,Consumption of general government,G090,Education,L_2020,Chain linked - reference year 2020,N,Raw data,2025M12,Dec-25,2019,4140.6
A,Annual,ITE1,Toscana,P3_D_W0_S13,Consumption of general government,G090,Education,L_2020,Chain linked - reference year 2020,N,Raw data,2025M12,Dec-25,2020,4026.8
A,Annual,ITE1,Toscana,P3_D_W0_S13,Consumption of general government,G090,Education,L_2020,Chain linked - reference year 2020,N,Raw data,2025M12,Dec-25,2021,4215.4
A,Annual,ITE1,Toscana,P3_D_W0_S13,Consumption of general government,G090,Education,L_2020,Chain linked - reference year 2020,N,Raw data,2025M12,Dec-25,2022,4195.5
A,Annual,ITE1,Toscana,P3_D_W0_S13,Consumption of general government,G090,Education,L_2020,Chain linked - reference year 2020,N,Raw data,2025M12,Dec-25,2023,4293.7
A,Annual,ITE1,Toscana,P3_D_W0_S13,Consumption of general government,G100,Social protection,L_2020,Chain linked - reference year 2020,N,Raw data,2025M12,Dec-25,2010,1073.8
A,Annual,ITE1,Toscana,P3_D_W0_S13,Consumption of general government,G100,Social protection,L_2020,Chain linked - reference year 2020,N,Raw data,2025M12,Dec-25,2011,998.4
A,Annual,ITE1,Toscana,P3_D_W0_S13,Consumption of general government,G100,Social protection,L_2020,Chain linked - reference year 2020,N,Raw data,2025M12,Dec-25,2012,985.9
A,Annual,ITE1,Toscana,P3_D_W0_S13,Consumption of general government,G100,Social protection,L_2020,Chain linked - reference year 2020,N,Raw data,2025M12,Dec-25,2013,961
A,Annual,ITE1,Toscana,P3_D_W0_S13,Consumption of general government,G100,Social protection,L_2020,Chain linked - reference year 2020,N,Raw data,2025M12,Dec-25,2014,934
A,Annual,ITE1,Toscana,P3_D_W0_S13,Consumption of general government,G100,Social protection,L_2020,Chain linked - reference year 2020,N,Raw data,2025M12,Dec-25,2015,939.1
A,Annual,ITE1,Toscana,P3_D_W0_S13,Consumption of general government,G100,Social protection,L_2020,Chain linked - reference year 2020,N,Raw data,2025M12,Dec-25,2016,949.8
A,Annual,ITE1,Toscana,P3_D_W0_S13,Consumption of general government,G100,Social protection,L_2020,Chain linked - reference year 2020,N,Raw data,2025M12,Dec-25,2017,951.2
A,Annual,ITE1,Toscana,P3_D_W0_S13,Consumption of general government,G100,Social protection,L_2020,Chain linked - reference year 2020,N,Raw data,2025M12,Dec-25,2018,943
A,Annual,ITE1,Toscana,P3_D_W0_S13,Consumption of general government,G100,Social protection,L_2020,Chain linked - reference year 2020,N,Raw data,2025M12,Dec-25,2019,901.4
A,Annual,ITE1,Toscana,P3_D_W0_S13,Consumption of general government,G100,Social protection,L_2020,Chain linked - reference year 2020,N,Raw data,2025M12,Dec-25,2020,883.2
A,Annual,ITE1,Toscana,P3_D_W0_S13,Consumption of general government,G100,Social protection,L_2020,Chain linked - reference year 2020,N,Raw data,2025M12,Dec-25,2021,924.8
A,Annual,ITE1,Toscana,P3_D_W0_S13,Consumption of general government,G100,Social protection,L_2020,Chain linked - reference year 2020,N,Raw data,2025M12,Dec-25,2022,1068.9
A,Annual,ITE1,Toscana,P3_D_W0_S13,Consumption of general government,G100,Social protection,L_2020,Chain linked - reference year 2020,N,Raw data,2025M12,Dec-25,2023,1247.1
A,Annual,ITE2,Umbria,P3_D_W0_S13,Consumption of general government,G,Total,L_2020,Chain linked - reference year 2020,N,Raw data,2025M12,Dec-25,2010,5385.3
A,Annual,ITE2,Umbria,P3_D_W0_S13,Consumption of general government,G,Total,L_2020,Chain linked - reference year 2020,N,Raw data,2025M12,Dec-25,2011,5247.9
A,Annual,ITE2,Umbria,P3_D_W0_S13,Consumption of general government,G,Total,L_2020,Chain linked - reference year 2020,N,Raw data,2025M12,Dec-25,2012,5154.5
A,Annual,ITE2,Umbria,P3_D_W0_S13,Consumption of general government,G,Total,L_2020,Chain linked - reference year 2020,N,Raw data,2025M12,Dec-25,2013,5125.1
A,Annual,ITE2,Umbria,P3_D_W0_S13,Consumption of general government,G,Total,L_2020,Chain linked - reference year 2020,N,Raw data,2025M12,Dec-25,2014,5138.2
A,Annual,ITE2,Umbria,P3_D_W0_S13,Consumption of general government,G,Total,L_2020,Chain linked - reference year 2020,N,Raw data,2025M12,Dec-25,2015,5159.4
A,Annual,ITE2,Umbria,P3_D_W0_S13,Consumption of general government,G,Total,L_2020,Chain linked - reference year 2020,N,Raw data,2025M12,Dec-25,2016,5249.3
A,Annual,ITE2,Umbria,P3_D_W0_S13,Consumption of general government,G,Total,L_2020,Chain linked - reference year 2020,N,Raw data,2025M12,Dec-25,2017,5283.3
A,Annual,ITE2,Umbria,P3_D_W0_S13,Consumption of general government,G,Total,L_2020,Chain linked - reference year 2020,N,Raw data,2025M12,Dec-25,2018,5227.2
A,Annual,ITE2,Umbria,P3_D_W0_S13,Consumption of general government,G,Total,L_2020,Chain linked - reference year 2020,N,Raw data,2025M12,Dec-25,2019,5189.7
A,Annual,ITE2,Umbria,P3_D_W0_S13,Consumption of general government,G,Total,L_2020,Chain linked - reference year 2020,N,Raw data,2025M12,Dec-25,2020,5181.1
A,Annual,ITE2,Umbria,P3_D_W0_S13,Consumption of general government,G,Total,L_2020,Chain linked - reference year 2020,N,Raw data,2025M12,Dec-25,2021,5349.9
A,Annual,ITE2,Umbria,P3_D_W0_S13,Consumption of general government,G,Total,L_2020,Chain linked - reference year 2020,N,Raw data,2025M12,Dec-25,2022,5359.2
A,Annual,ITE2,Umbria,P3_D_W0_S13,Consumption of general government,G,Total,L_2020,Chain linked - reference year 2020,N,Raw data,2025M12,Dec-25,2023,5420.7
A,Annual,ITE2,Umbria,P3_D_W0_S13,Consumption of general government,G030,Public order and safety,L_2020,Chain linked - reference year 2020,N,Raw data,2025M12,Dec-25,2010,487.6
A,Annual,ITE2,Umbria,P3_D_W0_S13,Consumption of general government,G030,Public order and safety,L_2020,Chain linked - reference year 2020,N,Raw data,2025M12,Dec-25,2011,492
A,Annual,ITE2,Umbria,P3_D_W0_S13,Consumption of general government,G030,Public order and safety,L_2020,Chain linked - reference year 2020,N,Raw data,2025M12,Dec-25,2012,465.3
A,Annual,ITE2,Umbria,P3_D_W0_S13,Consumption of general government,G030,Public order and safety,L_2020,Chain linked - reference year 2020,N,Raw data,2025M12,Dec-25,2013,466.5
A,Annual,ITE2,Umbria,P3_D_W0_S13,Consumption of general government,G030,Public order and safety,L_2020,Chain linked - reference year 2020,N,Raw data,2025M12,Dec-25,2014,462
A,Annual,ITE2,Umbria,P3_D_W0_S13,Consumption of general government,G030,Public order and safety,L_2020,Chain linked - reference year 2020,N,Raw data,2025M12,Dec-25,2015,472.3
A,Annual,ITE2,Umbria,P3_D_W0_S13,Consumption of general government,G030,Public order and safety,L_2020,Chain linked - reference year 2020,N,Raw data,2025M12,Dec-25,2016,469.8
A,Annual,ITE2,Umbria,P3_D_W0_S13,Consumption of general government,G030,Public order and safety,L_2020,Chain linked - reference year 2020,N,Raw data,2025M12,Dec-25,2017,473.7
A,Annual,ITE2,Umbria,P3_D_W0_S13,Consumption of general government,G030,Public order and safety,L_2020,Chain linked - reference year 2020,N,Raw data,2025M12,Dec-25,2018,480.8
A,Annual,ITE2,Umbria,P3_D_W0_S13,Consumption of general government,G030,Public order and safety,L_2020,Chain linked - reference year 2020,N,Raw data,2025M12,Dec-25,2019,482.6
A,Annual,ITE2,Umbria,P3_D_W0_S13,Consumption of general government,G030,Public order and safety,L_2020,Chain linked - reference year 2020,N,Raw data,2025M12,Dec-25,2020,464.7
A,Annual,ITE2,Umbria,P3_D_W0_S13,Consumption of general government,G030,Public order and safety,L_2020,Chain linked - reference year 2020,N,Raw data,2025M12,Dec-25,2021,464.9
A,Annual,ITE2,Umbria,P3_D_W0_S13,Consumption of general government,G030,Public order and safety,L_2020,Chain linked - reference year 2020,N,Raw data,2025M12,Dec-25,2022,465.4
A,Annual,ITE2,Umbria,P3_D_W0_S13,Consumption of general government,G030,Public order and safety,L_2020,Chain linked - reference year 2020,N,Raw data,2025M12,Dec-25,2023,470.7
A,Annual,ITE2,Umbria,P3_D_W0_S13,Consumption of general government,G040,Economic affairs,L_2020,Chain linked - reference year 2020,N,Raw data,2025M12,Dec-25,2010,518.6
A,Annual,ITE2,Umbria,P3_D_W0_S13,Consumption of general government,G040,Economic affairs,L_2020,Chain linked - reference year 2020,N,Raw data,2025M12,Dec-25,2011,526.7
A,Annual,ITE2,Umbria,P3_D_W0_S13,Consumption of general government,G040,Economic affairs,L_2020,Chain linked - reference year 2020,N,Raw data,2025M12,Dec-25,2012,503.1
A,Annual,ITE2,Umbria,P3_D_W0_S13,Consumption of general government,G040,Economic affairs,L_2020,Chain linked - reference year 2020,N,Raw data,2025M12,Dec-25,2013,494.8
A,Annual,ITE2,Umbria,P3_D_W0_S13,Consumption of general government,G040,Economic affairs,L_2020,Chain linked - reference year 2020,N,Raw data,2025M12,Dec-25,2014,481.4
A,Annual,ITE2,Umbria,P3_D_W0_S13,Consumption of general government,G040,Economic affairs,L_2020,Chain linked - reference year 2020,N,Raw data,2025M12,Dec-25,2015,500.3
A,Annual,ITE2,Umbria,P3_D_W0_S13,Consumption of general government,G040,Economic affairs,L_2020,Chain linked - reference year 2020,N,Raw data,2025M12,Dec-25,2016,510.4
A,Annual,ITE2,Umbria,P3_D_W0_S13,Consumption of general government,G040,Economic affairs,L_2020,Chain linked - reference year 2020,N,Raw data,2025M12,Dec-25,2017,516.8
A,Annual,ITE2,Umbria,P3_D_W0_S13,Consumption of general government,G040,Economic affairs,L_2020,Chain linked - reference year 2020,N,Raw data,2025M12,Dec-25,2018,513.2
A,Annual,ITE2,Umbria,P3_D_W0_S13,Consumption of general government,G040,Economic affairs,L_2020,Chain linked - reference year 2020,N,Raw data,2025M12,Dec-25,2019,519.1
A,Annual,ITE2,Umbria,P3_D_W0_S13,Consumption of general government,G040,Economic affairs,L_2020,Chain linked - reference year 2020,N,Raw data,2025M12,Dec-25,2020,518.9
A,Annual,ITE2,Umbria,P3_D_W0_S13,Consumption of general government,G040,Economic affairs,L_2020,Chain linked - reference year 2020,N,Raw data,2025M12,Dec-25,2021,540.5
A,Annual,ITE2,Umbria,P3_D_W0_S13,Consumption of general government,G040,Economic affairs,L_2020,Chain linked - reference year 2020,N,Raw data,2025M12,Dec-25,2022,552.6
A,Annual,ITE2,Umbria,P3_D_W0_S13,Consumption of general government,G040,Economic affairs,L_2020,Chain linked - reference year 2020,N,Raw data,2025M12,Dec-25,2023,552.2
A,Annual,ITE2,Umbria,P3_D_W0_S13,Consumption of general government,G070,Health,L_2020,Chain linked - reference year 2020,N,Raw data,2025M12,Dec-25,2010,1788.1
A,Annual,ITE2,Umbria,P3_D_W0_S13,Consumption of general government,G070,Health,L_2020,Chain linked - reference year 2020,N,Raw data,2025M12,Dec-25,2011,1757.6
A,Annual,ITE2,Umbria,P3_D_W0_S13,Consumption of general government,G070,Health,L_2020,Chain linked - reference year 2020,N,Raw data,2025M12,Dec-25,2012,1734.1
A,Annual,ITE2,Umbria,P3_D_W0_S13,Consumption of general government,G070,Health,L_2020,Chain linked - reference year 2020,N,Raw data,2025M12,Dec-25,2013,1741.2
A,Annual,ITE2,Umbria,P3_D_W0_S13,Consumption of general government,G070,Health,L_2020,Chain linked - reference year 2020,N,Raw data,2025M12,Dec-25,2014,1806.4
A,Annual,ITE2,Umbria,P3_D_W0_S13,Consumption of general government,G070,Health,L_2020,Chain linked - reference year 2020,N,Raw data,2025M12,Dec-25,2015,1808.7
A,Annual,ITE2,Umbria,P3_D_W0_S13,Consumption of general government,G070,Health,L_2020,Chain linked - reference year 2020,N,Raw data,2025M12,Dec-25,2016,1829.8
A,Annual,ITE2,Umbria,P3_D_W0_S13,Consumption of general government,G070,Health,L_2020,Chain linked - reference year 2020,N,Raw data,2025M12,Dec-25,2017,1841.1
A,Annual,ITE2,Umbria,P3_D_W0_S13,Consumption of general government,G070,Health,L_2020,Chain linked - reference year 2020,N,Raw data,2025M12,Dec-25,2018,1782
A,Annual,ITE2,Umbria,P3_D_W0_S13,Consumption of general government,G070,Health,L_2020,Chain linked - reference year 2020,N,Raw data,2025M12,Dec-25,2019,1782.6
A,Annual,ITE2,Umbria,P3_D_W0_S13,Consumption of general government,G070,Health,L_2020,Chain linked - reference year 2020,N,Raw data,2025M12,Dec-25,2020,1822.9
A,Annual,ITE2,Umbria,P3_D_W0_S13,Consumption of general government,G070,Health,L_2020,Chain linked - reference year 2020,N,Raw data,2025M12,Dec-25,2021,1943.7
A,Annual,ITE2,Umbria,P3_D_W0_S13,Consumption of general government,G070,Health,L_2020,Chain linked - reference year 2020,N,Raw data,2025M12,Dec-25,2022,1922.5
A,Annual,ITE2,Umbria,P3_D_W0_S13,Consumption of general government,G070,Health,L_2020,Chain linked - reference year 2020,N,Raw data,2025M12,Dec-25,2023,1945.4
A,Annual,ITE2,Umbria,P3_D_W0_S13,Consumption of general government,G090,Education,L_2020,Chain linked - reference year 2020,N,Raw data,2025M12,Dec-25,2010,1020.5
A,Annual,ITE2,Umbria,P3_D_W0_S13,Consumption of general government,G090,Education,L_2020,Chain linked - reference year 2020,N,Raw data,2025M12,Dec-25,2011,971.7
A,Annual,ITE2,Umbria,P3_D_W0_S13,Consumption of general government,G090,Education,L_2020,Chain linked - reference year 2020,N,Raw data,2025M12,Dec-25,2012,964.5
A,Annual,ITE2,Umbria,P3_D_W0_S13,Consumption of general government,G090,Education,L_2020,Chain linked - reference year 2020,N,Raw data,2025M12,Dec-25,2013,964
A,Annual,ITE2,Umbria,P3_D_W0_S13,Consumption of general government,G090,Education,L_2020,Chain linked - reference year 2020,N,Raw data,2025M12,Dec-25,2014,964.2
A,Annual,ITE2,Umbria,P3_D_W0_S13,Consumption of general government,G090,Education,L_2020,Chain linked - reference year 2020,N,Raw data,2025M12,Dec-25,2015,961.8
A,Annual,ITE2,Umbria,P3_D_W0_S13,Consumption of general government,G090,Education,L_2020,Chain linked - reference year 2020,N,Raw data,2025M12,Dec-25,2016,963.5
A,Annual,ITE2,Umbria,P3_D_W0_S13,Consumption of general government,G090,Education,L_2020,Chain linked - reference year 2020,N,Raw data,2025M12,Dec-25,2017,979.7
A,Annual,ITE2,Umbria,P3_D_W0_S13,Consumption of general government,G090,Education,L_2020,Chain linked - reference year 2020,N,Raw data,2025M12,Dec-25,2018,990.7
A,Annual,ITE2,Umbria,P3_D_W0_S13,Consumption of general government,G090,Education,L_2020,Chain linked - reference year 2020,N,Raw data,2025M12,Dec-25,2019,990.2
A,Annual,ITE2,Umbria,P3_D_W0_S13,Consumption of general government,G090,Education,L_2020,Chain linked - reference year 2020,N,Raw data,2025M12,Dec-25,2020,959.1
A,Annual,ITE2,Umbria,P3_D_W0_S13,Consumption of general government,G090,Education,L_2020,Chain linked - reference year 2020,N,Raw data,2025M12,Dec-25,2021,1008.1
A,Annual,ITE2,Umbria,P3_D_W0_S13,Consumption of general government,G090,Education,L_2020,Chain linked - reference year 2020,N,Raw data,2025M12,Dec-25,2022,1003.8
A,Annual,ITE2,Umbria,P3_D_W0_S13,Consumption of general government,G090,Education,L_2020,Chain linked - reference year 2020,N,Raw data,2025M12,Dec-25,2023,1031.1
A,Annual,ITE2,Umbria,P3_D_W0_S13,Consumption of general government,G100,Social protection,L_2020,Chain linked - reference year 2020,N,Raw data,2025M12,Dec-25,2010,245.2
A,Annual,ITE2,Umbria,P3_D_W0_S13,Consumption of general government,G100,Social protection,L_2020,Chain linked - reference year 2020,N,Raw data,2025M12,Dec-25,2011,227.2
A,Annual,ITE2,Umbria,P3_D_W0_S13,Consumption of general government,G100,Social protection,L_2020,Chain linked - reference year 2020,N,Raw data,2025M12,Dec-25,2012,223.7
A,Annual,ITE2,Umbria,P3_D_W0_S13,Consumption of general government,G100,Social protection,L_2020,Chain linked - reference year 2020,N,Raw data,2025M12,Dec-25,2013,218.5
A,Annual,ITE2,Umbria,P3_D_W0_S13,Consumption of general government,G100,Social protection,L_2020,Chain linked - reference year 2020,N,Raw data,2025M12,Dec-25,2014,213.4
A,Annual,ITE2,Umbria,P3_D_W0_S13,Consumption of general government,G100,Social protection,L_2020,Chain linked - reference year 2020,N,Raw data,2025M12,Dec-25,2015,218
A,Annual,ITE2,Umbria,P3_D_W0_S13,Consumption of general government,G100,Social protection,L_2020,Chain linked - reference year 2020,N,Raw data,2025M12,Dec-25,2016,220
A,Annual,ITE2,Umbria,P3_D_W0_S13,Consumption of general government,G100,Social protection,L_2020,Chain linked - reference year 2020,N,Raw data,2025M12,Dec-25,2017,219.5
A,Annual,ITE2,Umbria,P3_D_W0_S13,Consumption of general government,G100,Social protection,L_2020,Chain linked - reference year 2020,N,Raw data,2025M12,Dec-25,2018,217.4
A,Annual,ITE2,Umbria,P3_D_W0_S13,Consumption of general government,G100,Social protection,L_2020,Chain linked - reference year 2020,N,Raw data,2025M12,Dec-25,2019,207.1
A,Annual,ITE2,Umbria,P3_D_W0_S13,Consumption of general government,G100,Social protection,L_2020,Chain linked - reference year 2020,N,Raw data,2025M12,Dec-25,2020,199.6
A,Annual,ITE2,Umbria,P3_D_W0_S13,Consumption of general government,G100,Social protection,L_2020,Chain linked - reference year 2020,N,Raw data,2025M12,Dec-25,2021,206.6
A,Annual,ITE2,Umbria,P3_D_W0_S13,Consumption of general government,G100,Social protection,L_2020,Chain linked - reference year 2020,N,Raw data,2025M12,Dec-25,2022,238.8
A,Annual,ITE2,Umbria,P3_D_W0_S13,Consumption of general government,G100,Social protection,L_2020,Chain linked - reference year 2020,N,Raw data,2025M12,Dec-25,2023,275.9
A,Annual,ITE3,Marche,P3_D_W0_S13,Consumption of general government,G,Total,L_2020,Chain linked - reference year 2020,N,Raw data,2025M12,Dec-25,2010,8867.8
A,Annual,ITE3,Marche,P3_D_W0_S13,Consumption of general government,G,Total,L_2020,Chain linked - reference year 2020,N,Raw data,2025M12,Dec-25,2011,8703.8
A,Annual,ITE3,Marche,P3_D_W0_S13,Consumption of general government,G,Total,L_2020,Chain linked - reference year 2020,N,Raw data,2025M12,Dec-25,2012,8496.6
A,Annual,ITE3,Marche,P3_D_W0_S13,Consumption of general government,G,Total,L_2020,Chain linked - reference year 2020,N,Raw data,2025M12,Dec-25,2013,8414.6
A,Annual,ITE3,Marche,P3_D_W0_S13,Consumption of general government,G,Total,L_2020,Chain linked - reference year 2020,N,Raw data,2025M12,Dec-25,2014,8382.1
A,Annual,ITE3,Marche,P3_D_W0_S13,Consumption of general government,G,Total,L_2020,Chain linked - reference year 2020,N,Raw data,2025M12,Dec-25,2015,8310.6
A,Annual,ITE3,Marche,P3_D_W0_S13,Consumption of general government,G,Total,L_2020,Chain linked - reference year 2020,N,Raw data,2025M12,Dec-25,2016,8468
A,Annual,ITE3,Marche,P3_D_W0_S13,Consumption of general government,G,Total,L_2020,Chain linked - reference year 2020,N,Raw data,2025M12,Dec-25,2017,8633.8
A,Annual,ITE3,Marche,P3_D_W0_S13,Consumption of general government,G,Total,L_2020,Chain linked - reference year 2020,N,Raw data,2025M12,Dec-25,2018,8658.8
A,Annual,ITE3,Marche,P3_D_W0_S13,Consumption of general government,G,Total,L_2020,Chain linked - reference year 2020,N,Raw data,2025M12,Dec-25,2019,8619.3
A,Annual,ITE3,Marche,P3_D_W0_S13,Consumption of general government,G,Total,L_2020,Chain linked - reference year 2020,N,Raw data,2025M12,Dec-25,2020,8569.7
A,Annual,ITE3,Marche,P3_D_W0_S13,Consumption of general government,G,Total,L_2020,Chain linked - reference year 2020,N,Raw data,2025M12,Dec-25,2021,8721.1
A,Annual,ITE3,Marche,P3_D_W0_S13,Consumption of general government,G,Total,L_2020,Chain linked - reference year 2020,N,Raw data,2025M12,Dec-25,2022,8757.8
A,Annual,ITE3,Marche,P3_D_W0_S13,Consumption of general government,G,Total,L_2020,Chain linked - reference year 2020,N,Raw data,2025M12,Dec-25,2023,9054.2
A,Annual,ITE3,Marche,P3_D_W0_S13,Consumption of general government,G030,Public order and safety,L_2020,Chain linked - reference year 2020,N,Raw data,2025M12,Dec-25,2010,869.8
A,Annual,ITE3,Marche,P3_D_W0_S13,Consumption of general government,G030,Public order and safety,L_2020,Chain linked - reference year 2020,N,Raw data,2025M12,Dec-25,2011,878.5
A,Annual,ITE3,Marche,P3_D_W0_S13,Consumption of general government,G030,Public order and safety,L_2020,Chain linked - reference year 2020,N,Raw data,2025M12,Dec-25,2012,828.8
A,Annual,ITE3,Marche,P3_D_W0_S13,Consumption of general government,G030,Public order and safety,L_2020,Chain linked - reference year 2020,N,Raw data,2025M12,Dec-25,2013,829.6
A,Annual,ITE3,Marche,P3_D_W0_S13,Consumption of general government,G030,Public order and safety,L_2020,Chain linked - reference year 2020,N,Raw data,2025M12,Dec-25,2014,820.3
A,Annual,ITE3,Marche,P3_D_W0_S13,Consumption of general government,G030,Public order and safety,L_2020,Chain linked - reference year 2020,N,Raw data,2025M12,Dec-25,2015,835.8
A,Annual,ITE3,Marche,P3_D_W0_S13,Consumption of general government,G030,Public order and safety,L_2020,Chain linked - reference year 2020,N,Raw data,2025M12,Dec-25,2016,832.1
A,Annual,ITE3,Marche,P3_D_W0_S13,Consumption of general government,G030,Public order and safety,L_2020,Chain linked - reference year 2020,N,Raw data,2025M12,Dec-25,2017,840.5
A,Annual,ITE3,Marche,P3_D_W0_S13,Consumption of general government,G030,Public order and safety,L_2020,Chain linked - reference year 2020,N,Raw data,2025M12,Dec-25,2018,852.5
A,Annual,ITE3,Marche,P3_D_W0_S13,Consumption of general government,G030,Public order and safety,L_2020,Chain linked - reference year 2020,N,Raw data,2025M12,Dec-25,2019,855.2
A,Annual,ITE3,Marche,P3_D_W0_S13,Consumption of general government,G030,Public order and safety,L_2020,Chain linked - reference year 2020,N,Raw data,2025M12,Dec-25,2020,823
A,Annual,ITE3,Marche,P3_D_W0_S13,Consumption of general government,G030,Public order and safety,L_2020,Chain linked - reference year 2020,N,Raw data,2025M12,Dec-25,2021,822.7
A,Annual,ITE3,Marche,P3_D_W0_S13,Consumption of general government,G030,Public order and safety,L_2020,Chain linked - reference year 2020,N,Raw data,2025M12,Dec-25,2022,825.3
A,Annual,ITE3,Marche,P3_D_W0_S13,Consumption of general government,G030,Public order and safety,L_2020,Chain linked - reference year 2020,N,Raw data,2025M12,Dec-25,2023,837.9
A,Annual,ITE3,Marche,P3_D_W0_S13,Consumption of general government,G040,Economic affairs,L_2020,Chain linked - reference year 2020,N,Raw data,2025M12,Dec-25,2010,598.4
A,Annual,ITE3,Marche,P3_D_W0_S13,Consumption of general government,G040,Economic affairs,L_2020,Chain linked - reference year 2020,N,Raw data,2025M12,Dec-25,2011,612
A,Annual,ITE3,Marche,P3_D_W0_S13,Consumption of general government,G040,Economic affairs,L_2020,Chain linked - reference year 2020,N,Raw data,2025M12,Dec-25,2012,578.4
A,Annual,ITE3,Marche,P3_D_W0_S13,Consumption of general government,G040,Economic affairs,L_2020,Chain linked - reference year 2020,N,Raw data,2025M12,Dec-25,2013,566.4
A,Annual,ITE3,Marche,P3_D_W0_S13,Consumption of general government,G040,Economic affairs,L_2020,Chain linked - reference year 2020,N,Raw data,2025M12,Dec-25,2014,548.8
A,Annual,ITE3,Marche,P3_D_W0_S13,Consumption of general government,G040,Economic affairs,L_2020,Chain linked - reference year 2020,N,Raw data,2025M12,Dec-25,2015,561.4
A,Annual,ITE3,Marche,P3_D_W0_S13,Consumption of general government,G040,Economic affairs,L_2020,Chain linked - reference year 2020,N,Raw data,2025M12,Dec-25,2016,575.6
A,Annual,ITE3,Marche,P3_D_W0_S13,Consumption of general government,G040,Economic affairs,L_2020,Chain linked - reference year 2020,N,Raw data,2025M12,Dec-25,2017,589.9
A,Annual,ITE3,Marche,P3_D_W0_S13,Consumption of general government,G040,Economic affairs,L_2020,Chain linked - reference year 2020,N,Raw data,2025M12,Dec-25,2018,584.7
A,Annual,ITE3,Marche,P3_D_W0_S13,Consumption of general government,G040,Economic affairs,L_2020,Chain linked - reference year 2020,N,Raw data,2025M12,Dec-25,2019,591.9
A,Annual,ITE3,Marche,P3_D_W0_S13,Consumption of general government,G040,Economic affairs,L_2020,Chain linked - reference year 2020,N,Raw data,2025M12,Dec-25,2020,595.5
A,Annual,ITE3,Marche,P3_D_W0_S13,Consumption of general government,G040,Economic affairs,L_2020,Chain linked - reference year 2020,N,Raw data,2025M12,Dec-25,2021,625.1
A,Annual,ITE3,Marche,P3_D_W0_S13,Consumption of general government,G040,Economic affairs,L_2020,Chain linked - reference year 2020,N,Raw data,2025M12,Dec-25,2022,642.7
A,Annual,ITE3,Marche,P3_D_W0_S13,Consumption of general government,G040,Economic affairs,L_2020,Chain linked - reference year 2020,N,Raw data,2025M12,Dec-25,2023,649.3
A,Annual,ITE3,Marche,P3_D_W0_S13,Consumption of general government,G070,Health,L_2020,Chain linked - reference year 2020,N,Raw data,2025M12,Dec-25,2010,2889.8
A,Annual,ITE3,Marche,P3_D_W0_S13,Consumption of general government,G070,Health,L_2020,Chain linked - reference year 2020,N,Raw data,2025M12,Dec-25,2011,2878.8
A,Annual,ITE3,Marche,P3_D_W0_S13,Consumption of general government,G070,Health,L_2020,Chain linked - reference year 2020,N,Raw data,2025M12,Dec-25,2012,2823
A,Annual,ITE3,Marche,P3_D_W0_S13,Consumption of general government,G070,Health,L_2020,Chain linked - reference year 2020,N,Raw data,2025M12,Dec-25,2013,2799.3
A,Annual,ITE3,Marche,P3_D_W0_S13,Consumption of general government,G070,Health,L_2020,Chain linked - reference year 2020,N,Raw data,2025M12,Dec-25,2014,2856.6
A,Annual,ITE3,Marche,P3_D_W0_S13,Consumption of general government,G070,Health,L_2020,Chain linked - reference year 2020,N,Raw data,2025M12,Dec-25,2015,2806.4
A,Annual,ITE3,Marche,P3_D_W0_S13,Consumption of general government,G070,Health,L_2020,Chain linked - reference year 2020,N,Raw data,2025M12,Dec-25,2016,2857.6
A,Annual,ITE3,Marche,P3_D_W0_S13,Consumption of general government,G070,Health,L_2020,Chain linked - reference year 2020,N,Raw data,2025M12,Dec-25,2017,2958.2
A,Annual,ITE3,Marche,P3_D_W0_S13,Consumption of general government,G070,Health,L_2020,Chain linked - reference year 2020,N,Raw data,2025M12,Dec-25,2018,2988.1
A,Annual,ITE3,Marche,P3_D_W0_S13,Consumption of general government,G070,Health,L_2020,Chain linked - reference year 2020,N,Raw data,2025M12,Dec-25,2019,3018.3
A,Annual,ITE3,Marche,P3_D_W0_S13,Consumption of general government,G070,Health,L_2020,Chain linked - reference year 2020,N,Raw data,2025M12,Dec-25,2020,3042.8
A,Annual,ITE3,Marche,P3_D_W0_S13,Consumption of general government,G070,Health,L_2020,Chain linked - reference year 2020,N,Raw data,2025M12,Dec-25,2021,3114.4
A,Annual,ITE3,Marche,P3_D_W0_S13,Consumption of general government,G070,Health,L_2020,Chain linked - reference year 2020,N,Raw data,2025M12,Dec-25,2022,3090
A,Annual,ITE3,Marche,P3_D_W0_S13,Consumption of general government,G070,Health,L_2020,Chain linked - reference year 2020,N,Raw data,2025M12,Dec-25,2023,3285.8
A,Annual,ITE3,Marche,P3_D_W0_S13,Consumption of general government,G090,Education,L_2020,Chain linked - reference year 2020,N,Raw data,2025M12,Dec-25,2010,1857.9
A,Annual,ITE3,Marche,P3_D_W0_S13,Consumption of general government,G090,Education,L_2020,Chain linked - reference year 2020,N,Raw data,2025M12,Dec-25,2011,1763.2
A,Annual,ITE3,Marche,P3_D_W0_S13,Consumption of general government,G090,Education,L_2020,Chain linked - reference year 2020,N,Raw data,2025M12,Dec-25,2012,1735.8
A,Annual,ITE3,Marche,P3_D_W0_S13,Consumption of general government,G090,Education,L_2020,Chain linked - reference year 2020,N,Raw data,2025M12,Dec-25,2013,1733.2
A,Annual,ITE3,Marche,P3_D_W0_S13,Consumption of general government,G090,Education,L_2020,Chain linked - reference year 2020,N,Raw data,2025M12,Dec-25,2014,1726.7
A,Annual,ITE3,Marche,P3_D_W0_S13,Consumption of general government,G090,Education,L_2020,Chain linked - reference year 2020,N,Raw data,2025M12,Dec-25,2015,1720.5
A,Annual,ITE3,Marche,P3_D_W0_S13,Consumption of general government,G090,Education,L_2020,Chain linked - reference year 2020,N,Raw data,2025M12,Dec-25,2016,1717.3
A,Annual,ITE3,Marche,P3_D_W0_S13,Consumption of general government,G090,Education,L_2020,Chain linked - reference year 2020,N,Raw data,2025M12,Dec-25,2017,1742.1
A,Annual,ITE3,Marche,P3_D_W0_S13,Consumption of general government,G090,Education,L_2020,Chain linked - reference year 2020,N,Raw data,2025M12,Dec-25,2018,1754.6
A,Annual,ITE3,Marche,P3_D_W0_S13,Consumption of general government,G090,Education,L_2020,Chain linked - reference year 2020,N,Raw data,2025M12,Dec-25,2019,1752.1
A,Annual,ITE3,Marche,P3_D_W0_S13,Consumption of general government,G090,Education,L_2020,Chain linked - reference year 2020,N,Raw data,2025M12,Dec-25,2020,1700.7
A,Annual,ITE3,Marche,P3_D_W0_S13,Consumption of general government,G090,Education,L_2020,Chain linked - reference year 2020,N,Raw data,2025M12,Dec-25,2021,1776.5
A,Annual,ITE3,Marche,P3_D_W0_S13,Consumption of general government,G090,Education,L_2020,Chain linked - reference year 2020,N,Raw data,2025M12,Dec-25,2022,1767.1
A,Annual,ITE3,Marche,P3_D_W0_S13,Consumption of general government,G090,Education,L_2020,Chain linked - reference year 2020,N,Raw data,2025M12,Dec-25,2023,1811.8
A,Annual,ITE3,Marche,P3_D_W0_S13,Consumption of general government,G100,Social protection,L_2020,Chain linked - reference year 2020,N,Raw data,2025M12,Dec-25,2010,459.7
A,Annual,ITE3,Marche,P3_D_W0_S13,Consumption of general government,G100,Social protection,L_2020,Chain linked - reference year 2020,N,Raw data,2025M12,Dec-25,2011,429.7
A,Annual,ITE3,Marche,P3_D_W0_S13,Consumption of general government,G100,Social protection,L_2020,Chain linked - reference year 2020,N,Raw data,2025M12,Dec-25,2012,419.2
A,Annual,ITE3,Marche,P3_D_W0_S13,Consumption of general government,G100,Social protection,L_2020,Chain linked - reference year 2020,N,Raw data,2025M12,Dec-25,2013,409
A,Annual,ITE3,Marche,P3_D_W0_S13,Consumption of general government,G100,Social protection,L_2020,Chain linked - reference year 2020,N,Raw data,2025M12,Dec-25,2014,397.7
A,Annual,ITE3,Marche,P3_D_W0_S13,Consumption of general government,G100,Social protection,L_2020,Chain linked - reference year 2020,N,Raw data,2025M12,Dec-25,2015,399.5
A,Annual,ITE3,Marche,P3_D_W0_S13,Consumption of general government,G100,Social protection,L_2020,Chain linked - reference year 2020,N,Raw data,2025M12,Dec-25,2016,405.2
A,Annual,ITE3,Marche,P3_D_W0_S13,Consumption of general government,G100,Social protection,L_2020,Chain linked - reference year 2020,N,Raw data,2025M12,Dec-25,2017,407.9
A,Annual,ITE3,Marche,P3_D_W0_S13,Consumption of general government,G100,Social protection,L_2020,Chain linked - reference year 2020,N,Raw data,2025M12,Dec-25,2018,403.3
A,Annual,ITE3,Marche,P3_D_W0_S13,Consumption of general government,G100,Social protection,L_2020,Chain linked - reference year 2020,N,Raw data,2025M12,Dec-25,2019,384.4
A,Annual,ITE3,Marche,P3_D_W0_S13,Consumption of general government,G100,Social protection,L_2020,Chain linked - reference year 2020,N,Raw data,2025M12,Dec-25,2020,372.4
A,Annual,ITE3,Marche,P3_D_W0_S13,Consumption of general government,G100,Social protection,L_2020,Chain linked - reference year 2020,N,Raw data,2025M12,Dec-25,2021,387.8
A,Annual,ITE3,Marche,P3_D_W0_S13,Consumption of general government,G100,Social protection,L_2020,Chain linked - reference year 2020,N,Raw data,2025M12,Dec-25,2022,450.2
A,Annual,ITE3,Marche,P3_D_W0_S13,Consumption of general government,G100,Social protection,L_2020,Chain linked - reference year 2020,N,Raw data,2025M12,Dec-25,2023,524.7
A,Annual,ITE4,Lazio,P3_D_W0_S13,Consumption of general government,G,Total,L_2020,Chain linked - reference year 2020,N,Raw data,2025M12,Dec-25,2010,35250
A,Annual,ITE4,Lazio,P3_D_W0_S13,Consumption of general government,G,Total,L_2020,Chain linked - reference year 2020,N,Raw data,2025M12,Dec-25,2011,33830.7
A,Annual,ITE4,Lazio,P3_D_W0_S13,Consumption of general government,G,Total,L_2020,Chain linked - reference year 2020,N,Raw data,2025M12,Dec-25,2012,32994
A,Annual,ITE4,Lazio,P3_D_W0_S13,Consumption of general government,G,Total,L_2020,Chain linked - reference year 2020,N,Raw data,2025M12,Dec-25,2013,32902
A,Annual,ITE4,Lazio,P3_D_W0_S13,Consumption of general government,G,Total,L_2020,Chain linked - reference year 2020,N,Raw data,2025M12,Dec-25,2014,32578.8
A,Annual,ITE4,Lazio,P3_D_W0_S13,Consumption of general government,G,Total,L_2020,Chain linked - reference year 2020,N,Raw data,2025M12,Dec-25,2015,32289.9
A,Annual,ITE4,Lazio,P3_D_W0_S13,Consumption of general government,G,Total,L_2020,Chain linked - reference year 2020,N,Raw data,2025M12,Dec-25,2016,32694
A,Annual,ITE4,Lazio,P3_D_W0_S13,Consumption of general government,G,Total,L_2020,Chain linked - reference year 2020,N,Raw data,2025M12,Dec-25,2017,32096.3
A,Annual,ITE4,Lazio,P3_D_W0_S13,Consumption of general government,G,Total,L_2020,Chain linked - reference year 2020,N,Raw data,2025M12,Dec-25,2018,32857.4
A,Annual,ITE4,Lazio,P3_D_W0_S13,Consumption of general government,G,Total,L_2020,Chain linked - reference year 2020,N,Raw data,2025M12,Dec-25,2019,31772.9
A,Annual,ITE4,Lazio,P3_D_W0_S13,Consumption of general government,G,Total,L_2020,Chain linked - reference year 2020,N,Raw data,2025M12,Dec-25,2020,33031.5
A,Annual,ITE4,Lazio,P3_D_W0_S13,Consumption of general government,G,Total,L_2020,Chain linked - reference year 2020,N,Raw data,2025M12,Dec-25,2021,33796.2
A,Annual,ITE4,Lazio,P3_D_W0_S13,Consumption of general government,G,Total,L_2020,Chain linked - reference year 2020,N,Raw data,2025M12,Dec-25,2022,34331.3
A,Annual,ITE4,Lazio,P3_D_W0_S13,Consumption of general government,G,Total,L_2020,Chain linked - reference year 2020,N,Raw data,2025M12,Dec-25,2023,34981.3
A,Annual,ITE4,Lazio,P3_D_W0_S13,Consumption of general government,G030,Public order and safety,L_2020,Chain linked - reference year 2020,N,Raw data,2025M12,Dec-25,2010,3321.1
A,Annual,ITE4,Lazio,P3_D_W0_S13,Consumption of general government,G030,Public order and safety,L_2020,Chain linked - reference year 2020,N,Raw data,2025M12,Dec-25,2011,3371.9
A,Annual,ITE4,Lazio,P3_D_W0_S13,Consumption of general government,G030,Public order and safety,L_2020,Chain linked - reference year 2020,N,Raw data,2025M12,Dec-25,2012,3201.1
A,Annual,ITE4,Lazio,P3_D_W0_S13,Consumption of general government,G030,Public order and safety,L_2020,Chain linked - reference year 2020,N,Raw data,2025M12,Dec-25,2013,3252.5
A,Annual,ITE4,Lazio,P3_D_W0_S13,Consumption of general government,G030,Public order and safety,L_2020,Chain linked - reference year 2020,N,Raw data,2025M12,Dec-25,2014,3243
A,Annual,ITE4,Lazio,P3_D_W0_S13,Consumption of general government,G030,Public order and safety,L_2020,Chain linked - reference year 2020,N,Raw data,2025M12,Dec-25,2015,3304.6
A,Annual,ITE4,Lazio,P3_D_W0_S13,Consumption of general government,G030,Public order and safety,L_2020,Chain linked - reference year 2020,N,Raw data,2025M12,Dec-25,2016,3298.2
A,Annual,ITE4,Lazio,P3_D_W0_S13,Consumption of general government,G030,Public order and safety,L_2020,Chain linked - reference year 2020,N,Raw data,2025M12,Dec-25,2017,3339.9
A,Annual,ITE4,Lazio,P3_D_W0_S13,Consumption of general government,G030,Public order and safety,L_2020,Chain linked - reference year 2020,N,Raw data,2025M12,Dec-25,2018,3384.7
A,Annual,ITE4,Lazio,P3_D_W0_S13,Consumption of general government,G030,Public order and safety,L_2020,Chain linked - reference year 2020,N,Raw data,2025M12,Dec-25,2019,3409.6
A,Annual,ITE4,Lazio,P3_D_W0_S13,Consumption of general government,G030,Public order and safety,L_2020,Chain linked - reference year 2020,N,Raw data,2025M12,Dec-25,2020,3297.1
A,Annual,ITE4,Lazio,P3_D_W0_S13,Consumption of general government,G030,Public order and safety,L_2020,Chain linked - reference year 2020,N,Raw data,2025M12,Dec-25,2021,3319.3
A,Annual,ITE4,Lazio,P3_D_W0_S13,Consumption of general government,G030,Public order and safety,L_2020,Chain linked - reference year 2020,N,Raw data,2025M12,Dec-25,2022,3351.1
A,Annual,ITE4,Lazio,P3_D_W0_S13,Consumption of general government,G030,Public order and safety,L_2020,Chain linked - reference year 2020,N,Raw data,2025M12,Dec-25,2023,3404
A,Annual,ITE4,Lazio,P3_D_W0_S13,Consumption of general government,G040,Economic affairs,L_2020,Chain linked - reference year 2020,N,Raw data,2025M12,Dec-25,2010,2054.1
A,Annual,ITE4,Lazio,P3_D_W0_S13,Consumption of general government,G040,Economic affairs,L_2020,Chain linked - reference year 2020,N,Raw data,2025M12,Dec-25,2011,2110.7
A,Annual,ITE4,Lazio,P3_D_W0_S13,Consumption of general government,G040,Economic affairs,L_2020,Chain linked - reference year 2020,N,Raw data,2025M12,Dec-25,2012,2006.7
A,Annual,ITE4,Lazio,P3_D_W0_S13,Consumption of general government,G040,Economic affairs,L_2020,Chain linked - reference year 2020,N,Raw data,2025M12,Dec-25,2013,1990.3
A,Annual,ITE4,Lazio,P3_D_W0_S13,Consumption of general government,G040,Economic affairs,L_2020,Chain linked - reference year 2020,N,Raw data,2025M12,Dec-25,2014,1937.7
A,Annual,ITE4,Lazio,P3_D_W0_S13,Consumption of general government,G040,Economic affairs,L_2020,Chain linked - reference year 2020,N,Raw data,2025M12,Dec-25,2015,1975.3
A,Annual,ITE4,Lazio,P3_D_W0_S13,Consumption of general government,G040,Economic affairs,L_2020,Chain linked - reference year 2020,N,Raw data,2025M12,Dec-25,2016,2024.4
A,Annual,ITE4,Lazio,P3_D_W0_S13,Consumption of general government,G040,Economic affairs,L_2020,Chain linked - reference year 2020,N,Raw data,2025M12,Dec-25,2017,2063.7
A,Annual,ITE4,Lazio,P3_D_W0_S13,Consumption of general government,G040,Economic affairs,L_2020,Chain linked - reference year 2020,N,Raw data,2025M12,Dec-25,2018,2025.6
A,Annual,ITE4,Lazio,P3_D_W0_S13,Consumption of general government,G040,Economic affairs,L_2020,Chain linked - reference year 2020,N,Raw data,2025M12,Dec-25,2019,2067.4
A,Annual,ITE4,Lazio,P3_D_W0_S13,Consumption of general government,G040,Economic affairs,L_2020,Chain linked - reference year 2020,N,Raw data,2025M12,Dec-25,2020,2098.3
A,Annual,ITE4,Lazio,P3_D_W0_S13,Consumption of general government,G040,Economic affairs,L_2020,Chain linked - reference year 2020,N,Raw data,2025M12,Dec-25,2021,2212.4
A,Annual,ITE4,Lazio,P3_D_W0_S13,Consumption of general government,G040,Economic affairs,L_2020,Chain linked - reference year 2020,N,Raw data,2025M12,Dec-25,2022,2296.8
A,Annual,ITE4,Lazio,P3_D_W0_S13,Consumption of general government,G040,Economic affairs,L_2020,Chain linked - reference year 2020,N,Raw data,2025M12,Dec-25,2023,2312
A,Annual,ITE4,Lazio,P3_D_W0_S13,Consumption of general government,G070,Health,L_2020,Chain linked - reference year 2020,N,Raw data,2025M12,Dec-25,2010,13123.2
A,Annual,ITE4,Lazio,P3_D_W0_S13,Consumption of general government,G070,Health,L_2020,Chain linked - reference year 2020,N,Raw data,2025M12,Dec-25,2011,12143.7
A,Annual,ITE4,Lazio,P3_D_W0_S13,Consumption of general government,G070,Health,L_2020,Chain linked - reference year 2020,N,Raw data,2025M12,Dec-25,2012,11822.5
A,Annual,ITE4,Lazio,P3_D_W0_S13,Consumption of general government,G070,Health,L_2020,Chain linked - reference year 2020,N,Raw data,2025M12,Dec-25,2013,11776
A,Annual,ITE4,Lazio,P3_D_W0_S13,Consumption of general government,G070,Health,L_2020,Chain linked - reference year 2020,N,Raw data,2025M12,Dec-25,2014,11699.1
A,Annual,ITE4,Lazio,P3_D_W0_S13,Consumption of general government,G070,Health,L_2020,Chain linked - reference year 2020,N,Raw data,2025M12,Dec-25,2015,11533.8
A,Annual,ITE4,Lazio,P3_D_W0_S13,Consumption of general government,G070,Health,L_2020,Chain linked - reference year 2020,N,Raw data,2025M12,Dec-25,2016,11462.6
A,Annual,ITE4,Lazio,P3_D_W0_S13,Consumption of general government,G070,Health,L_2020,Chain linked - reference year 2020,N,Raw data,2025M12,Dec-25,2017,10627.8
A,Annual,ITE4,Lazio,P3_D_W0_S13,Consumption of general government,G070,Health,L_2020,Chain linked - reference year 2020,N,Raw data,2025M12,Dec-25,2018,11451.8
A,Annual,ITE4,Lazio,P3_D_W0_S13,Consumption of general government,G070,Health,L_2020,Chain linked - reference year 2020,N,Raw data,2025M12,Dec-25,2019,10489.4
A,Annual,ITE4,Lazio,P3_D_W0_S13,Consumption of general government,G070,Health,L_2020,Chain linked - reference year 2020,N,Raw data,2025M12,Dec-25,2020,11826
A,Annual,ITE4,Lazio,P3_D_W0_S13,Consumption of general government,G070,Health,L_2020,Chain linked - reference year 2020,N,Raw data,2025M12,Dec-25,2021,12186.6
A,Annual,ITE4,Lazio,P3_D_W0_S13,Consumption of general government,G070,Health,L_2020,Chain linked - reference year 2020,N,Raw data,2025M12,Dec-25,2022,12291.2
A,Annual,ITE4,Lazio,P3_D_W0_S13,Consumption of general government,G070,Health,L_2020,Chain linked - reference year 2020,N,Raw data,2025M12,Dec-25,2023,12574.2
A,Annual,ITE4,Lazio,P3_D_W0_S13,Consumption of general government,G090,Education,L_2020,Chain linked - reference year 2020,N,Raw data,2025M12,Dec-25,2010,6598
A,Annual,ITE4,Lazio,P3_D_W0_S13,Consumption of general government,G090,Education,L_2020,Chain linked - reference year 2020,N,Raw data,2025M12,Dec-25,2011,6248.2
A,Annual,ITE4,Lazio,P3_D_W0_S13,Consumption of general government,G090,Education,L_2020,Chain linked - reference year 2020,N,Raw data,2025M12,Dec-25,2012,6159.3
A,Annual,ITE4,Lazio,P3_D_W0_S13,Consumption of general government,G090,Education,L_2020,Chain linked - reference year 2020,N,Raw data,2025M12,Dec-25,2013,6174.4
A,Annual,ITE4,Lazio,P3_D_W0_S13,Consumption of general government,G090,Education,L_2020,Chain linked - reference year 2020,N,Raw data,2025M12,Dec-25,2014,6197.7
A,Annual,ITE4,Lazio,P3_D_W0_S13,Consumption of general government,G090,Education,L_2020,Chain linked - reference year 2020,N,Raw data,2025M12,Dec-25,2015,6179.9
A,Annual,ITE4,Lazio,P3_D_W0_S13,Consumption of general government,G090,Education,L_2020,Chain linked - reference year 2020,N,Raw data,2025M12,Dec-25,2016,6186.8
A,Annual,ITE4,Lazio,P3_D_W0_S13,Consumption of general government,G090,Education,L_2020,Chain linked - reference year 2020,N,Raw data,2025M12,Dec-25,2017,6300.7
A,Annual,ITE4,Lazio,P3_D_W0_S13,Consumption of general government,G090,Education,L_2020,Chain linked - reference year 2020,N,Raw data,2025M12,Dec-25,2018,6373.3
A,Annual,ITE4,Lazio,P3_D_W0_S13,Consumption of general government,G090,Education,L_2020,Chain linked - reference year 2020,N,Raw data,2025M12,Dec-25,2019,6396.8
A,Annual,ITE4,Lazio,P3_D_W0_S13,Consumption of general government,G090,Education,L_2020,Chain linked - reference year 2020,N,Raw data,2025M12,Dec-25,2020,6204.1
A,Annual,ITE4,Lazio,P3_D_W0_S13,Consumption of general government,G090,Education,L_2020,Chain linked - reference year 2020,N,Raw data,2025M12,Dec-25,2021,6520.5
A,Annual,ITE4,Lazio,P3_D_W0_S13,Consumption of general government,G090,Education,L_2020,Chain linked - reference year 2020,N,Raw data,2025M12,Dec-25,2022,6509
A,Annual,ITE4,Lazio,P3_D_W0_S13,Consumption of general government,G090,Education,L_2020,Chain linked - reference year 2020,N,Raw data,2025M12,Dec-25,2023,6663.3
A,Annual,ITE4,Lazio,P3_D_W0_S13,Consumption of general government,G100,Social protection,L_2020,Chain linked - reference year 2020,N,Raw data,2025M12,Dec-25,2010,1945.4
A,Annual,ITE4,Lazio,P3_D_W0_S13,Consumption of general government,G100,Social protection,L_2020,Chain linked - reference year 2020,N,Raw data,2025M12,Dec-25,2011,1822.6
A,Annual,ITE4,Lazio,P3_D_W0_S13,Consumption of general government,G100,Social protection,L_2020,Chain linked - reference year 2020,N,Raw data,2025M12,Dec-25,2012,1769.2
A,Annual,ITE4,Lazio,P3_D_W0_S13,Consumption of general government,G100,Social protection,L_2020,Chain linked - reference year 2020,N,Raw data,2025M12,Dec-25,2013,1734.8
A,Annual,ITE4,Lazio,P3_D_W0_S13,Consumption of general government,G100,Social protection,L_2020,Chain linked - reference year 2020,N,Raw data,2025M12,Dec-25,2014,1688.7
A,Annual,ITE4,Lazio,P3_D_W0_S13,Consumption of general government,G100,Social protection,L_2020,Chain linked - reference year 2020,N,Raw data,2025M12,Dec-25,2015,1685.2
A,Annual,ITE4,Lazio,P3_D_W0_S13,Consumption of general government,G100,Social protection,L_2020,Chain linked - reference year 2020,N,Raw data,2025M12,Dec-25,2016,1706.6
A,Annual,ITE4,Lazio,P3_D_W0_S13,Consumption of general government,G100,Social protection,L_2020,Chain linked - reference year 2020,N,Raw data,2025M12,Dec-25,2017,1712.1
A,Annual,ITE4,Lazio,P3_D_W0_S13,Consumption of general government,G100,Social protection,L_2020,Chain linked - reference year 2020,N,Raw data,2025M12,Dec-25,2018,1679.4
A,Annual,ITE4,Lazio,P3_D_W0_S13,Consumption of general government,G100,Social protection,L_2020,Chain linked - reference year 2020,N,Raw data,2025M12,Dec-25,2019,1612.2
A,Annual,ITE4,Lazio,P3_D_W0_S13,Consumption of general government,G100,Social protection,L_2020,Chain linked - reference year 2020,N,Raw data,2025M12,Dec-25,2020,1574.4
A,Annual,ITE4,Lazio,P3_D_W0_S13,Consumption of general government,G100,Social protection,L_2020,Chain linked - reference year 2020,N,Raw data,2025M12,Dec-25,2021,1650.6
A,Annual,ITE4,Lazio,P3_D_W0_S13,Consumption of general government,G100,Social protection,L_2020,Chain linked - reference year 2020,N,Raw data,2025M12,Dec-25,2022,1939.2
A,Annual,ITE4,Lazio,P3_D_W0_S13,Consumption of general government,G100,Social protection,L_2020,Chain linked - reference year 2020,N,Raw data,2025M12,Dec-25,2023,2255.4
A,Annual,ITF1,Abruzzo,P3_D_W0_S13,Consumption of general government,G,Total,L_2020,Chain linked - reference year 2020,N,Raw data,2025M12,Dec-25,2010,7885.4
A,Annual,ITF1,Abruzzo,P3_D_W0_S13,Consumption of general government,G,Total,L_2020,Chain linked - reference year 2020,N,Raw data,2025M12,Dec-25,2011,7677.8
A,Annual,ITF1,Abruzzo,P3_D_W0_S13,Consumption of general government,G,Total,L_2020,Chain linked - reference year 2020,N,Raw data,2025M12,Dec-25,2012,7536.2
A,Annual,ITF1,Abruzzo,P3_D_W0_S13,Consumption of general government,G,Total,L_2020,Chain linked - reference year 2020,N,Raw data,2025M12,Dec-25,2013,7518
A,Annual,ITF1,Abruzzo,P3_D_W0_S13,Consumption of general government,G,Total,L_2020,Chain linked - reference year 2020,N,Raw data,2025M12,Dec-25,2014,7410
A,Annual,ITF1,Abruzzo,P3_D_W0_S13,Consumption of general government,G,Total,L_2020,Chain linked - reference year 2020,N,Raw data,2025M12,Dec-25,2015,7344.6
A,Annual,ITF1,Abruzzo,P3_D_W0_S13,Consumption of general government,G,Total,L_2020,Chain linked - reference year 2020,N,Raw data,2025M12,Dec-25,2016,7490.2
A,Annual,ITF1,Abruzzo,P3_D_W0_S13,Consumption of general government,G,Total,L_2020,Chain linked - reference year 2020,N,Raw data,2025M12,Dec-25,2017,7514.3
A,Annual,ITF1,Abruzzo,P3_D_W0_S13,Consumption of general government,G,Total,L_2020,Chain linked - reference year 2020,N,Raw data,2025M12,Dec-25,2018,7490.7
A,Annual,ITF1,Abruzzo,P3_D_W0_S13,Consumption of general government,G,Total,L_2020,Chain linked - reference year 2020,N,Raw data,2025M12,Dec-25,2019,7365.1
A,Annual,ITF1,Abruzzo,P3_D_W0_S13,Consumption of general government,G,Total,L_2020,Chain linked - reference year 2020,N,Raw data,2025M12,Dec-25,2020,7508.4
A,Annual,ITF1,Abruzzo,P3_D_W0_S13,Consumption of general government,G,Total,L_2020,Chain linked - reference year 2020,N,Raw data,2025M12,Dec-25,2021,7693.9
A,Annual,ITF1,Abruzzo,P3_D_W0_S13,Consumption of general government,G,Total,L_2020,Chain linked - reference year 2020,N,Raw data,2025M12,Dec-25,2022,7750.2
A,Annual,ITF1,Abruzzo,P3_D_W0_S13,Consumption of general government,G,Total,L_2020,Chain linked - reference year 2020,N,Raw data,2025M12,Dec-25,2023,7925.6
A,Annual,ITF1,Abruzzo,P3_D_W0_S13,Consumption of general government,G030,Public order and safety,L_2020,Chain linked - reference year 2020,N,Raw data,2025M12,Dec-25,2010,734.1
A,Annual,ITF1,Abruzzo,P3_D_W0_S13,Consumption of general government,G030,Public order and safety,L_2020,Chain linked - reference year 2020,N,Raw data,2025M12,Dec-25,2011,739.1
A,Annual,ITF1,Abruzzo,P3_D_W0_S13,Consumption of general government,G030,Public order and safety,L_2020,Chain linked - reference year 2020,N,Raw data,2025M12,Dec-25,2012,698.6
A,Annual,ITF1,Abruzzo,P3_D_W0_S13,Consumption of general government,G030,Public order and safety,L_2020,Chain linked - reference year 2020,N,Raw data,2025M12,Dec-25,2013,702
A,Annual,ITF1,Abruzzo,P3_D_W0_S13,Consumption of general government,G030,Public order and safety,L_2020,Chain linked - reference year 2020,N,Raw data,2025M12,Dec-25,2014,692.5
A,Annual,ITF1,Abruzzo,P3_D_W0_S13,Consumption of general government,G030,Public order and safety,L_2020,Chain linked - reference year 2020,N,Raw data,2025M12,Dec-25,2015,705.7
A,Annual,ITF1,Abruzzo,P3_D_W0_S13,Consumption of general government,G030,Public order and safety,L_2020,Chain linked - reference year 2020,N,Raw data,2025M12,Dec-25,2016,702.1
A,Annual,ITF1,Abruzzo,P3_D_W0_S13,Consumption of general government,G030,Public order and safety,L_2020,Chain linked - reference year 2020,N,Raw data,2025M12,Dec-25,2017,706.1
A,Annual,ITF1,Abruzzo,P3_D_W0_S13,Consumption of general government,G030,Public order and safety,L_2020,Chain linked - reference year 2020,N,Raw data,2025M12,Dec-25,2018,717
A,Annual,ITF1,Abruzzo,P3_D_W0_S13,Consumption of general government,G030,Public order and safety,L_2020,Chain linked - reference year 2020,N,Raw data,2025M12,Dec-25,2019,718.9
A,Annual,ITF1,Abruzzo,P3_D_W0_S13,Consumption of general government,G030,Public order and safety,L_2020,Chain linked - reference year 2020,N,Raw data,2025M12,Dec-25,2020,691.3
A,Annual,ITF1,Abruzzo,P3_D_W0_S13,Consumption of general government,G030,Public order and safety,L_2020,Chain linked - reference year 2020,N,Raw data,2025M12,Dec-25,2021,693.1
A,Annual,ITF1,Abruzzo,P3_D_W0_S13,Consumption of general government,G030,Public order and safety,L_2020,Chain linked - reference year 2020,N,Raw data,2025M12,Dec-25,2022,696.2
A,Annual,ITF1,Abruzzo,P3_D_W0_S13,Consumption of general government,G030,Public order and safety,L_2020,Chain linked - reference year 2020,N,Raw data,2025M12,Dec-25,2023,707
A,Annual,ITF1,Abruzzo,P3_D_W0_S13,Consumption of general government,G040,Economic affairs,L_2020,Chain linked - reference year 2020,N,Raw data,2025M12,Dec-25,2010,647.9
A,Annual,ITF1,Abruzzo,P3_D_W0_S13,Consumption of general government,G040,Economic affairs,L_2020,Chain linked - reference year 2020,N,Raw data,2025M12,Dec-25,2011,654.7
A,Annual,ITF1,Abruzzo,P3_D_W0_S13,Consumption of general government,G040,Economic affairs,L_2020,Chain linked - reference year 2020,N,Raw data,2025M12,Dec-25,2012,625.9
A,Annual,ITF1,Abruzzo,P3_D_W0_S13,Consumption of general government,G040,Economic affairs,L_2020,Chain linked - reference year 2020,N,Raw data,2025M12,Dec-25,2013,623.9
A,Annual,ITF1,Abruzzo,P3_D_W0_S13,Consumption of general government,G040,Economic affairs,L_2020,Chain linked - reference year 2020,N,Raw data,2025M12,Dec-25,2014,599.7
A,Annual,ITF1,Abruzzo,P3_D_W0_S13,Consumption of general government,G040,Economic affairs,L_2020,Chain linked - reference year 2020,N,Raw data,2025M12,Dec-25,2015,614.5
A,Annual,ITF1,Abruzzo,P3_D_W0_S13,Consumption of general government,G040,Economic affairs,L_2020,Chain linked - reference year 2020,N,Raw data,2025M12,Dec-25,2016,627.1
A,Annual,ITF1,Abruzzo,P3_D_W0_S13,Consumption of general government,G040,Economic affairs,L_2020,Chain linked - reference year 2020,N,Raw data,2025M12,Dec-25,2017,627.3
A,Annual,ITF1,Abruzzo,P3_D_W0_S13,Consumption of general government,G040,Economic affairs,L_2020,Chain linked - reference year 2020,N,Raw data,2025M12,Dec-25,2018,624.8
A,Annual,ITF1,Abruzzo,P3_D_W0_S13,Consumption of general government,G040,Economic affairs,L_2020,Chain linked - reference year 2020,N,Raw data,2025M12,Dec-25,2019,631.1
A,Annual,ITF1,Abruzzo,P3_D_W0_S13,Consumption of general government,G040,Economic affairs,L_2020,Chain linked - reference year 2020,N,Raw data,2025M12,Dec-25,2020,633.3
A,Annual,ITF1,Abruzzo,P3_D_W0_S13,Consumption of general government,G040,Economic affairs,L_2020,Chain linked - reference year 2020,N,Raw data,2025M12,Dec-25,2021,669.3
A,Annual,ITF1,Abruzzo,P3_D_W0_S13,Consumption of general government,G040,Economic affairs,L_2020,Chain linked - reference year 2020,N,Raw data,2025M12,Dec-25,2022,691.8
A,Annual,ITF1,Abruzzo,P3_D_W0_S13,Consumption of general government,G040,Economic affairs,L_2020,Chain linked - reference year 2020,N,Raw data,2025M12,Dec-25,2023,704
A,Annual,ITF1,Abruzzo,P3_D_W0_S13,Consumption of general government,G070,Health,L_2020,Chain linked - reference year 2020,N,Raw data,2025M12,Dec-25,2010,2525.5
A,Annual,ITF1,Abruzzo,P3_D_W0_S13,Consumption of general government,G070,Health,L_2020,Chain linked - reference year 2020,N,Raw data,2025M12,Dec-25,2011,2508.6
A,Annual,ITF1,Abruzzo,P3_D_W0_S13,Consumption of general government,G070,Health,L_2020,Chain linked - reference year 2020,N,Raw data,2025M12,Dec-25,2012,2477.3
A,Annual,ITF1,Abruzzo,P3_D_W0_S13,Consumption of general government,G070,Health,L_2020,Chain linked - reference year 2020,N,Raw data,2025M12,Dec-25,2013,2486.4
A,Annual,ITF1,Abruzzo,P3_D_W0_S13,Consumption of general government,G070,Health,L_2020,Chain linked - reference year 2020,N,Raw data,2025M12,Dec-25,2014,2495.7
A,Annual,ITF1,Abruzzo,P3_D_W0_S13,Consumption of general government,G070,Health,L_2020,Chain linked - reference year 2020,N,Raw data,2025M12,Dec-25,2015,2458.4
A,Annual,ITF1,Abruzzo,P3_D_W0_S13,Consumption of general government,G070,Health,L_2020,Chain linked - reference year 2020,N,Raw data,2025M12,Dec-25,2016,2521.3
A,Annual,ITF1,Abruzzo,P3_D_W0_S13,Consumption of general government,G070,Health,L_2020,Chain linked - reference year 2020,N,Raw data,2025M12,Dec-25,2017,2545
A,Annual,ITF1,Abruzzo,P3_D_W0_S13,Consumption of general government,G070,Health,L_2020,Chain linked - reference year 2020,N,Raw data,2025M12,Dec-25,2018,2517.9
A,Annual,ITF1,Abruzzo,P3_D_W0_S13,Consumption of general government,G070,Health,L_2020,Chain linked - reference year 2020,N,Raw data,2025M12,Dec-25,2019,2451.5
A,Annual,ITF1,Abruzzo,P3_D_W0_S13,Consumption of general government,G070,Health,L_2020,Chain linked - reference year 2020,N,Raw data,2025M12,Dec-25,2020,2651.3
A,Annual,ITF1,Abruzzo,P3_D_W0_S13,Consumption of general government,G070,Health,L_2020,Chain linked - reference year 2020,N,Raw data,2025M12,Dec-25,2021,2741.4
A,Annual,ITF1,Abruzzo,P3_D_W0_S13,Consumption of general government,G070,Health,L_2020,Chain linked - reference year 2020,N,Raw data,2025M12,Dec-25,2022,2728.3
A,Annual,ITF1,Abruzzo,P3_D_W0_S13,Consumption of general government,G070,Health,L_2020,Chain linked - reference year 2020,N,Raw data,2025M12,Dec-25,2023,2804.3
A,Annual,ITF1,Abruzzo,P3_D_W0_S13,Consumption of general government,G090,Education,L_2020,Chain linked - reference year 2020,N,Raw data,2025M12,Dec-25,2010,1618.8
A,Annual,ITF1,Abruzzo,P3_D_W0_S13,Consumption of general government,G090,Education,L_2020,Chain linked - reference year 2020,N,Raw data,2025M12,Dec-25,2011,1533
A,Annual,ITF1,Abruzzo,P3_D_W0_S13,Consumption of general government,G090,Education,L_2020,Chain linked - reference year 2020,N,Raw data,2025M12,Dec-25,2012,1495
A,Annual,ITF1,Abruzzo,P3_D_W0_S13,Consumption of general government,G090,Education,L_2020,Chain linked - reference year 2020,N,Raw data,2025M12,Dec-25,2013,1478.3
A,Annual,ITF1,Abruzzo,P3_D_W0_S13,Consumption of general government,G090,Education,L_2020,Chain linked - reference year 2020,N,Raw data,2025M12,Dec-25,2014,1471
A,Annual,ITF1,Abruzzo,P3_D_W0_S13,Consumption of general government,G090,Education,L_2020,Chain linked - reference year 2020,N,Raw data,2025M12,Dec-25,2015,1462.5
A,Annual,ITF1,Abruzzo,P3_D_W0_S13,Consumption of general government,G090,Education,L_2020,Chain linked - reference year 2020,N,Raw data,2025M12,Dec-25,2016,1454.2
A,Annual,ITF1,Abruzzo,P3_D_W0_S13,Consumption of general government,G090,Education,L_2020,Chain linked - reference year 2020,N,Raw data,2025M12,Dec-25,2017,1470.8
A,Annual,ITF1,Abruzzo,P3_D_W0_S13,Consumption of general government,G090,Education,L_2020,Chain linked - reference year 2020,N,Raw data,2025M12,Dec-25,2018,1483.6
A,Annual,ITF1,Abruzzo,P3_D_W0_S13,Consumption of general government,G090,Education,L_2020,Chain linked - reference year 2020,N,Raw data,2025M12,Dec-25,2019,1481.8
A,Annual,ITF1,Abruzzo,P3_D_W0_S13,Consumption of general government,G090,Education,L_2020,Chain linked - reference year 2020,N,Raw data,2025M12,Dec-25,2020,1427.3
A,Annual,ITF1,Abruzzo,P3_D_W0_S13,Consumption of general government,G090,Education,L_2020,Chain linked - reference year 2020,N,Raw data,2025M12,Dec-25,2021,1502.8
A,Annual,ITF1,Abruzzo,P3_D_W0_S13,Consumption of general government,G090,Education,L_2020,Chain linked - reference year 2020,N,Raw data,2025M12,Dec-25,2022,1500.6
A,Annual,ITF1,Abruzzo,P3_D_W0_S13,Consumption of general government,G090,Education,L_2020,Chain linked - reference year 2020,N,Raw data,2025M12,Dec-25,2023,1541.8
A,Annual,ITF1,Abruzzo,P3_D_W0_S13,Consumption of general government,G100,Social protection,L_2020,Chain linked - reference year 2020,N,Raw data,2025M12,Dec-25,2010,317.2
A,Annual,ITF1,Abruzzo,P3_D_W0_S13,Consumption of general government,G100,Social protection,L_2020,Chain linked - reference year 2020,N,Raw data,2025M12,Dec-25,2011,290.3
A,Annual,ITF1,Abruzzo,P3_D_W0_S13,Consumption of general government,G100,Social protection,L_2020,Chain linked - reference year 2020,N,Raw data,2025M12,Dec-25,2012,285.8
A,Annual,ITF1,Abruzzo,P3_D_W0_S13,Consumption of general government,G100,Social protection,L_2020,Chain linked - reference year 2020,N,Raw data,2025M12,Dec-25,2013,283.7
A,Annual,ITF1,Abruzzo,P3_D_W0_S13,Consumption of general government,G100,Social protection,L_2020,Chain linked - reference year 2020,N,Raw data,2025M12,Dec-25,2014,272.5
A,Annual,ITF1,Abruzzo,P3_D_W0_S13,Consumption of general government,G100,Social protection,L_2020,Chain linked - reference year 2020,N,Raw data,2025M12,Dec-25,2015,274.3
A,Annual,ITF1,Abruzzo,P3_D_W0_S13,Consumption of general government,G100,Social protection,L_2020,Chain linked - reference year 2020,N,Raw data,2025M12,Dec-25,2016,277.2
A,Annual,ITF1,Abruzzo,P3_D_W0_S13,Consumption of general government,G100,Social protection,L_2020,Chain linked - reference year 2020,N,Raw data,2025M12,Dec-25,2017,274.6
A,Annual,ITF1,Abruzzo,P3_D_W0_S13,Consumption of general government,G100,Social protection,L_2020,Chain linked - reference year 2020,N,Raw data,2025M12,Dec-25,2018,272.2
A,Annual,ITF1,Abruzzo,P3_D_W0_S13,Consumption of general government,G100,Social protection,L_2020,Chain linked - reference year 2020,N,Raw data,2025M12,Dec-25,2019,259.2
A,Annual,ITF1,Abruzzo,P3_D_W0_S13,Consumption of general government,G100,Social protection,L_2020,Chain linked - reference year 2020,N,Raw data,2025M12,Dec-25,2020,250.7
A,Annual,ITF1,Abruzzo,P3_D_W0_S13,Consumption of general government,G100,Social protection,L_2020,Chain linked - reference year 2020,N,Raw data,2025M12,Dec-25,2021,261.8
A,Annual,ITF1,Abruzzo,P3_D_W0_S13,Consumption of general government,G100,Social protection,L_2020,Chain linked - reference year 2020,N,Raw data,2025M12,Dec-25,2022,304.7
A,Annual,ITF1,Abruzzo,P3_D_W0_S13,Consumption of general government,G100,Social protection,L_2020,Chain linked - reference year 2020,N,Raw data,2025M12,Dec-25,2023,356.3
A,Annual,ITF2,Molise,P3_D_W0_S13,Consumption of general government,G,Total,L_2020,Chain linked - reference year 2020,N,Raw data,2025M12,Dec-25,2010,2517.4
A,Annual,ITF2,Molise,P3_D_W0_S13,Consumption of general government,G,Total,L_2020,Chain linked - reference year 2020,N,Raw data,2025M12,Dec-25,2011,2399.1
A,Annual,ITF2,Molise,P3_D_W0_S13,Consumption of general government,G,Total,L_2020,Chain linked - reference year 2020,N,Raw data,2025M12,Dec-25,2012,2279.3
A,Annual,ITF2,Molise,P3_D_W0_S13,Consumption of general government,G,Total,L_2020,Chain linked - reference year 2020,N,Raw data,2025M12,Dec-25,2013,2246.2
A,Annual,ITF2,Molise,P3_D_W0_S13,Consumption of general government,G,Total,L_2020,Chain linked - reference year 2020,N,Raw data,2025M12,Dec-25,2014,2233.6
A,Annual,ITF2,Molise,P3_D_W0_S13,Consumption of general government,G,Total,L_2020,Chain linked - reference year 2020,N,Raw data,2025M12,Dec-25,2015,2171.6
A,Annual,ITF2,Molise,P3_D_W0_S13,Consumption of general government,G,Total,L_2020,Chain linked - reference year 2020,N,Raw data,2025M12,Dec-25,2016,2122.1
A,Annual,ITF2,Molise,P3_D_W0_S13,Consumption of general government,G,Total,L_2020,Chain linked - reference year 2020,N,Raw data,2025M12,Dec-25,2017,2084.5
A,Annual,ITF2,Molise,P3_D_W0_S13,Consumption of general government,G,Total,L_2020,Chain linked - reference year 2020,N,Raw data,2025M12,Dec-25,2018,1996.6
A,Annual,ITF2,Molise,P3_D_W0_S13,Consumption of general government,G,Total,L_2020,Chain linked - reference year 2020,N,Raw data,2025M12,Dec-25,2019,1952.7
A,Annual,ITF2,Molise,P3_D_W0_S13,Consumption of general government,G,Total,L_2020,Chain linked - reference year 2020,N,Raw data,2025M12,Dec-25,2020,1929
A,Annual,ITF2,Molise,P3_D_W0_S13,Consumption of general government,G,Total,L_2020,Chain linked - reference year 2020,N,Raw data,2025M12,Dec-25,2021,1946.7
A,Annual,ITF2,Molise,P3_D_W0_S13,Consumption of general government,G,Total,L_2020,Chain linked - reference year 2020,N,Raw data,2025M12,Dec-25,2022,1957.1
A,Annual,ITF2,Molise,P3_D_W0_S13,Consumption of general government,G,Total,L_2020,Chain linked - reference year 2020,N,Raw data,2025M12,Dec-25,2023,1973.2
A,Annual,ITF2,Molise,P3_D_W0_S13,Consumption of general government,G030,Public order and safety,L_2020,Chain linked - reference year 2020,N,Raw data,2025M12,Dec-25,2010,175.7
A,Annual,ITF2,Molise,P3_D_W0_S13,Consumption of general government,G030,Public order and safety,L_2020,Chain linked - reference year 2020,N,Raw data,2025M12,Dec-25,2011,176.1
A,Annual,ITF2,Molise,P3_D_W0_S13,Consumption of general government,G030,Public order and safety,L_2020,Chain linked - reference year 2020,N,Raw data,2025M12,Dec-25,2012,164.2
A,Annual,ITF2,Molise,P3_D_W0_S13,Consumption of general government,G030,Public order and safety,L_2020,Chain linked - reference year 2020,N,Raw data,2025M12,Dec-25,2013,164
A,Annual,ITF2,Molise,P3_D_W0_S13,Consumption of general government,G030,Public order and safety,L_2020,Chain linked - reference year 2020,N,Raw data,2025M12,Dec-25,2014,162.6
A,Annual,ITF2,Molise,P3_D_W0_S13,Consumption of general government,G030,Public order and safety,L_2020,Chain linked - reference year 2020,N,Raw data,2025M12,Dec-25,2015,164.9
A,Annual,ITF2,Molise,P3_D_W0_S13,Consumption of general government,G030,Public order and safety,L_2020,Chain linked - reference year 2020,N,Raw data,2025M12,Dec-25,2016,163.3
A,Annual,ITF2,Molise,P3_D_W0_S13,Consumption of general government,G030,Public order and safety,L_2020,Chain linked - reference year 2020,N,Raw data,2025M12,Dec-25,2017,164
A,Annual,ITF2,Molise,P3_D_W0_S13,Consumption of general government,G030,Public order and safety,L_2020,Chain linked - reference year 2020,N,Raw data,2025M12,Dec-25,2018,165.3
A,Annual,ITF2,Molise,P3_D_W0_S13,Consumption of general government,G030,Public order and safety,L_2020,Chain linked - reference year 2020,N,Raw data,2025M12,Dec-25,2019,164.7
A,Annual,ITF2,Molise,P3_D_W0_S13,Consumption of general government,G030,Public order and safety,L_2020,Chain linked - reference year 2020,N,Raw data,2025M12,Dec-25,2020,156.8
A,Annual,ITF2,Molise,P3_D_W0_S13,Consumption of general government,G030,Public order and safety,L_2020,Chain linked - reference year 2020,N,Raw data,2025M12,Dec-25,2021,155.9
A,Annual,ITF2,Molise,P3_D_W0_S13,Consumption of general government,G030,Public order and safety,L_2020,Chain linked - reference year 2020,N,Raw data,2025M12,Dec-25,2022,156.2
A,Annual,ITF2,Molise,P3_D_W0_S13,Consumption of general government,G030,Public order and safety,L_2020,Chain linked - reference year 2020,N,Raw data,2025M12,Dec-25,2023,158
A,Annual,ITF2,Molise,P3_D_W0_S13,Consumption of general government,G040,Economic affairs,L_2020,Chain linked - reference year 2020,N,Raw data,2025M12,Dec-25,2010,245.5
A,Annual,ITF2,Molise,P3_D_W0_S13,Consumption of general government,G040,Economic affairs,L_2020,Chain linked - reference year 2020,N,Raw data,2025M12,Dec-25,2011,247.9
A,Annual,ITF2,Molise,P3_D_W0_S13,Consumption of general government,G040,Economic affairs,L_2020,Chain linked - reference year 2020,N,Raw data,2025M12,Dec-25,2012,227.5
A,Annual,ITF2,Molise,P3_D_W0_S13,Consumption of general government,G040,Economic affairs,L_2020,Chain linked - reference year 2020,N,Raw data,2025M12,Dec-25,2013,221.6
A,Annual,ITF2,Molise,P3_D_W0_S13,Consumption of general government,G040,Economic affairs,L_2020,Chain linked - reference year 2020,N,Raw data,2025M12,Dec-25,2014,218
A,Annual,ITF2,Molise,P3_D_W0_S13,Consumption of general government,G040,Economic affairs,L_2020,Chain linked - reference year 2020,N,Raw data,2025M12,Dec-25,2015,219.8
A,Annual,ITF2,Molise,P3_D_W0_S13,Consumption of general government,G040,Economic affairs,L_2020,Chain linked - reference year 2020,N,Raw data,2025M12,Dec-25,2016,220.5
A,Annual,ITF2,Molise,P3_D_W0_S13,Consumption of general government,G040,Economic affairs,L_2020,Chain linked - reference year 2020,N,Raw data,2025M12,Dec-25,2017,220.6
A,Annual,ITF2,Molise,P3_D_W0_S13,Consumption of general government,G040,Economic affairs,L_2020,Chain linked - reference year 2020,N,Raw data,2025M12,Dec-25,2018,215.1
A,Annual,ITF2,Molise,P3_D_W0_S13,Consumption of general government,G040,Economic affairs,L_2020,Chain linked - reference year 2020,N,Raw data,2025M12,Dec-25,2019,215.2
A,Annual,ITF2,Molise,P3_D_W0_S13,Consumption of general government,G040,Economic affairs,L_2020,Chain linked - reference year 2020,N,Raw data,2025M12,Dec-25,2020,212.2
A,Annual,ITF2,Molise,P3_D_W0_S13,Consumption of general government,G040,Economic affairs,L_2020,Chain linked - reference year 2020,N,Raw data,2025M12,Dec-25,2021,220.6
A,Annual,ITF2,Molise,P3_D_W0_S13,Consumption of general government,G040,Economic affairs,L_2020,Chain linked - reference year 2020,N,Raw data,2025M12,Dec-25,2022,227.2
A,Annual,ITF2,Molise,P3_D_W0_S13,Consumption of general government,G040,Economic affairs,L_2020,Chain linked - reference year 2020,N,Raw data,2025M12,Dec-25,2023,228.6
A,Annual,ITF2,Molise,P3_D_W0_S13,Consumption of general government,G070,Health,L_2020,Chain linked - reference year 2020,N,Raw data,2025M12,Dec-25,2010,944
A,Annual,ITF2,Molise,P3_D_W0_S13,Consumption of general government,G070,Health,L_2020,Chain linked - reference year 2020,N,Raw data,2025M12,Dec-25,2011,878.4
A,Annual,ITF2,Molise,P3_D_W0_S13,Consumption of general government,G070,Health,L_2020,Chain linked - reference year 2020,N,Raw data,2025M12,Dec-25,2012,826.7
A,Annual,ITF2,Molise,P3_D_W0_S13,Consumption of general government,G070,Health,L_2020,Chain linked - reference year 2020,N,Raw data,2025M12,Dec-25,2013,833.7
A,Annual,ITF2,Molise,P3_D_W0_S13,Consumption of general government,G070,Health,L_2020,Chain linked - reference year 2020,N,Raw data,2025M12,Dec-25,2014,838.7
A,Annual,ITF2,Molise,P3_D_W0_S13,Consumption of general government,G070,Health,L_2020,Chain linked - reference year 2020,N,Raw data,2025M12,Dec-25,2015,811.1
A,Annual,ITF2,Molise,P3_D_W0_S13,Consumption of general government,G070,Health,L_2020,Chain linked - reference year 2020,N,Raw data,2025M12,Dec-25,2016,748.3
A,Annual,ITF2,Molise,P3_D_W0_S13,Consumption of general government,G070,Health,L_2020,Chain linked - reference year 2020,N,Raw data,2025M12,Dec-25,2017,724.5
A,Annual,ITF2,Molise,P3_D_W0_S13,Consumption of general government,G070,Health,L_2020,Chain linked - reference year 2020,N,Raw data,2025M12,Dec-25,2018,658.1
A,Annual,ITF2,Molise,P3_D_W0_S13,Consumption of general government,G070,Health,L_2020,Chain linked - reference year 2020,N,Raw data,2025M12,Dec-25,2019,646
A,Annual,ITF2,Molise,P3_D_W0_S13,Consumption of general government,G070,Health,L_2020,Chain linked - reference year 2020,N,Raw data,2025M12,Dec-25,2020,656.8
A,Annual,ITF2,Molise,P3_D_W0_S13,Consumption of general government,G070,Health,L_2020,Chain linked - reference year 2020,N,Raw data,2025M12,Dec-25,2021,662
A,Annual,ITF2,Molise,P3_D_W0_S13,Consumption of general government,G070,Health,L_2020,Chain linked - reference year 2020,N,Raw data,2025M12,Dec-25,2022,649.4
A,Annual,ITF2,Molise,P3_D_W0_S13,Consumption of general government,G070,Health,L_2020,Chain linked - reference year 2020,N,Raw data,2025M12,Dec-25,2023,652.7
A,Annual,ITF2,Molise,P3_D_W0_S13,Consumption of general government,G090,Education,L_2020,Chain linked - reference year 2020,N,Raw data,2025M12,Dec-25,2010,393.4
A,Annual,ITF2,Molise,P3_D_W0_S13,Consumption of general government,G090,Education,L_2020,Chain linked - reference year 2020,N,Raw data,2025M12,Dec-25,2011,366.7
A,Annual,ITF2,Molise,P3_D_W0_S13,Consumption of general government,G090,Education,L_2020,Chain linked - reference year 2020,N,Raw data,2025M12,Dec-25,2012,354.4
A,Annual,ITF2,Molise,P3_D_W0_S13,Consumption of general government,G090,Education,L_2020,Chain linked - reference year 2020,N,Raw data,2025M12,Dec-25,2013,346.4
A,Annual,ITF2,Molise,P3_D_W0_S13,Consumption of general government,G090,Education,L_2020,Chain linked - reference year 2020,N,Raw data,2025M12,Dec-25,2014,339.4
A,Annual,ITF2,Molise,P3_D_W0_S13,Consumption of general government,G090,Education,L_2020,Chain linked - reference year 2020,N,Raw data,2025M12,Dec-25,2015,332.2
A,Annual,ITF2,Molise,P3_D_W0_S13,Consumption of general government,G090,Education,L_2020,Chain linked - reference year 2020,N,Raw data,2025M12,Dec-25,2016,326.2
A,Annual,ITF2,Molise,P3_D_W0_S13,Consumption of general government,G090,Education,L_2020,Chain linked - reference year 2020,N,Raw data,2025M12,Dec-25,2017,325.3
A,Annual,ITF2,Molise,P3_D_W0_S13,Consumption of general government,G090,Education,L_2020,Chain linked - reference year 2020,N,Raw data,2025M12,Dec-25,2018,323.4
A,Annual,ITF2,Molise,P3_D_W0_S13,Consumption of general government,G090,Education,L_2020,Chain linked - reference year 2020,N,Raw data,2025M12,Dec-25,2019,318.6
A,Annual,ITF2,Molise,P3_D_W0_S13,Consumption of general government,G090,Education,L_2020,Chain linked - reference year 2020,N,Raw data,2025M12,Dec-25,2020,300.8
A,Annual,ITF2,Molise,P3_D_W0_S13,Consumption of general government,G090,Education,L_2020,Chain linked - reference year 2020,N,Raw data,2025M12,Dec-25,2021,316.9
A,Annual,ITF2,Molise,P3_D_W0_S13,Consumption of general government,G090,Education,L_2020,Chain linked - reference year 2020,N,Raw data,2025M12,Dec-25,2022,314.4
A,Annual,ITF2,Molise,P3_D_W0_S13,Consumption of general government,G090,Education,L_2020,Chain linked - reference year 2020,N,Raw data,2025M12,Dec-25,2023,320.1
A,Annual,ITF2,Molise,P3_D_W0_S13,Consumption of general government,G100,Social protection,L_2020,Chain linked - reference year 2020,N,Raw data,2025M12,Dec-25,2010,88.1
A,Annual,ITF2,Molise,P3_D_W0_S13,Consumption of general government,G100,Social protection,L_2020,Chain linked - reference year 2020,N,Raw data,2025M12,Dec-25,2011,81.6
A,Annual,ITF2,Molise,P3_D_W0_S13,Consumption of general government,G100,Social protection,L_2020,Chain linked - reference year 2020,N,Raw data,2025M12,Dec-25,2012,78.6
A,Annual,ITF2,Molise,P3_D_W0_S13,Consumption of general government,G100,Social protection,L_2020,Chain linked - reference year 2020,N,Raw data,2025M12,Dec-25,2013,76.2
A,Annual,ITF2,Molise,P3_D_W0_S13,Consumption of general government,G100,Social protection,L_2020,Chain linked - reference year 2020,N,Raw data,2025M12,Dec-25,2014,75.1
A,Annual,ITF2,Molise,P3_D_W0_S13,Consumption of general government,G100,Social protection,L_2020,Chain linked - reference year 2020,N,Raw data,2025M12,Dec-25,2015,74.3
A,Annual,ITF2,Molise,P3_D_W0_S13,Consumption of general government,G100,Social protection,L_2020,Chain linked - reference year 2020,N,Raw data,2025M12,Dec-25,2016,73.9
A,Annual,ITF2,Molise,P3_D_W0_S13,Consumption of general government,G100,Social protection,L_2020,Chain linked - reference year 2020,N,Raw data,2025M12,Dec-25,2017,72.9
A,Annual,ITF2,Molise,P3_D_W0_S13,Consumption of general government,G100,Social protection,L_2020,Chain linked - reference year 2020,N,Raw data,2025M12,Dec-25,2018,71.1
A,Annual,ITF2,Molise,P3_D_W0_S13,Consumption of general government,G100,Social protection,L_2020,Chain linked - reference year 2020,N,Raw data,2025M12,Dec-25,2019,67
A,Annual,ITF2,Molise,P3_D_W0_S13,Consumption of general government,G100,Social protection,L_2020,Chain linked - reference year 2020,N,Raw data,2025M12,Dec-25,2020,63.5
A,Annual,ITF2,Molise,P3_D_W0_S13,Consumption of general government,G100,Social protection,L_2020,Chain linked - reference year 2020,N,Raw data,2025M12,Dec-25,2021,65.8
A,Annual,ITF2,Molise,P3_D_W0_S13,Consumption of general government,G100,Social protection,L_2020,Chain linked - reference year 2020,N,Raw data,2025M12,Dec-25,2022,76.8
A,Annual,ITF2,Molise,P3_D_W0_S13,Consumption of general government,G100,Social protection,L_2020,Chain linked - reference year 2020,N,Raw data,2025M12,Dec-25,2023,89.3
A,Annual,ITF3,Campania,P3_D_W0_S13,Consumption of general government,G,Total,L_2020,Chain linked - reference year 2020,N,Raw data,2025M12,Dec-25,2010,36016.9
A,Annual,ITF3,Campania,P3_D_W0_S13,Consumption of general government,G,Total,L_2020,Chain linked - reference year 2020,N,Raw data,2025M12,Dec-25,2011,34998.1
A,Annual,ITF3,Campania,P3_D_W0_S13,Consumption of general government,G,Total,L_2020,Chain linked - reference year 2020,N,Raw data,2025M12,Dec-25,2012,33842.5
A,Annual,ITF3,Campania,P3_D_W0_S13,Consumption of general government,G,Total,L_2020,Chain linked - reference year 2020,N,Raw data,2025M12,Dec-25,2013,33593
A,Annual,ITF3,Campania,P3_D_W0_S13,Consumption of general government,G,Total,L_2020,Chain linked - reference year 2020,N,Raw data,2025M12,Dec-25,2014,33298.6
A,Annual,ITF3,Campania,P3_D_W0_S13,Consumption of general government,G,Total,L_2020,Chain linked - reference year 2020,N,Raw data,2025M12,Dec-25,2015,33008.6
A,Annual,ITF3,Campania,P3_D_W0_S13,Consumption of general government,G,Total,L_2020,Chain linked - reference year 2020,N,Raw data,2025M12,Dec-25,2016,33261.6
A,Annual,ITF3,Campania,P3_D_W0_S13,Consumption of general government,G,Total,L_2020,Chain linked - reference year 2020,N,Raw data,2025M12,Dec-25,2017,33144.1
A,Annual,ITF3,Campania,P3_D_W0_S13,Consumption of general government,G,Total,L_2020,Chain linked - reference year 2020,N,Raw data,2025M12,Dec-25,2018,33150.3
A,Annual,ITF3,Campania,P3_D_W0_S13,Consumption of general government,G,Total,L_2020,Chain linked - reference year 2020,N,Raw data,2025M12,Dec-25,2019,32933.7
A,Annual,ITF3,Campania,P3_D_W0_S13,Consumption of general government,G,Total,L_2020,Chain linked - reference year 2020,N,Raw data,2025M12,Dec-25,2020,31713.2
A,Annual,ITF3,Campania,P3_D_W0_S13,Consumption of general government,G,Total,L_2020,Chain linked - reference year 2020,N,Raw data,2025M12,Dec-25,2021,32866.5
A,Annual,ITF3,Campania,P3_D_W0_S13,Consumption of general government,G,Total,L_2020,Chain linked - reference year 2020,N,Raw data,2025M12,Dec-25,2022,33147.2
A,Annual,ITF3,Campania,P3_D_W0_S13,Consumption of general government,G,Total,L_2020,Chain linked - reference year 2020,N,Raw data,2025M12,Dec-25,2023,34336.5
A,Annual,ITF3,Campania,P3_D_W0_S13,Consumption of general government,G030,Public order and safety,L_2020,Chain linked - reference year 2020,N,Raw data,2025M12,Dec-25,2010,3304.7
A,Annual,ITF3,Campania,P3_D_W0_S13,Consumption of general government,G030,Public order and safety,L_2020,Chain linked - reference year 2020,N,Raw data,2025M12,Dec-25,2011,3325.5
A,Annual,ITF3,Campania,P3_D_W0_S13,Consumption of general government,G030,Public order and safety,L_2020,Chain linked - reference year 2020,N,Raw data,2025M12,Dec-25,2012,3114.9
A,Annual,ITF3,Campania,P3_D_W0_S13,Consumption of general government,G030,Public order and safety,L_2020,Chain linked - reference year 2020,N,Raw data,2025M12,Dec-25,2013,3120
A,Annual,ITF3,Campania,P3_D_W0_S13,Consumption of general government,G030,Public order and safety,L_2020,Chain linked - reference year 2020,N,Raw data,2025M12,Dec-25,2014,3086.6
A,Annual,ITF3,Campania,P3_D_W0_S13,Consumption of general government,G030,Public order and safety,L_2020,Chain linked - reference year 2020,N,Raw data,2025M12,Dec-25,2015,3141.6
A,Annual,ITF3,Campania,P3_D_W0_S13,Consumption of general government,G030,Public order and safety,L_2020,Chain linked - reference year 2020,N,Raw data,2025M12,Dec-25,2016,3124.5
A,Annual,ITF3,Campania,P3_D_W0_S13,Consumption of general government,G030,Public order and safety,L_2020,Chain linked - reference year 2020,N,Raw data,2025M12,Dec-25,2017,3146.1
A,Annual,ITF3,Campania,P3_D_W0_S13,Consumption of general government,G030,Public order and safety,L_2020,Chain linked - reference year 2020,N,Raw data,2025M12,Dec-25,2018,3192.2
A,Annual,ITF3,Campania,P3_D_W0_S13,Consumption of general government,G030,Public order and safety,L_2020,Chain linked - reference year 2020,N,Raw data,2025M12,Dec-25,2019,3199
A,Annual,ITF3,Campania,P3_D_W0_S13,Consumption of general government,G030,Public order and safety,L_2020,Chain linked - reference year 2020,N,Raw data,2025M12,Dec-25,2020,3066.2
A,Annual,ITF3,Campania,P3_D_W0_S13,Consumption of general government,G030,Public order and safety,L_2020,Chain linked - reference year 2020,N,Raw data,2025M12,Dec-25,2021,3072.1
A,Annual,ITF3,Campania,P3_D_W0_S13,Consumption of general government,G030,Public order and safety,L_2020,Chain linked - reference year 2020,N,Raw data,2025M12,Dec-25,2022,3100.3
A,Annual,ITF3,Campania,P3_D_W0_S13,Consumption of general government,G030,Public order and safety,L_2020,Chain linked - reference year 2020,N,Raw data,2025M12,Dec-25,2023,3143.7
A,Annual,ITF3,Campania,P3_D_W0_S13,Consumption of general government,G040,Economic affairs,L_2020,Chain linked - reference year 2020,N,Raw data,2025M12,Dec-25,2010,1957.2
A,Annual,ITF3,Campania,P3_D_W0_S13,Consumption of general government,G040,Economic affairs,L_2020,Chain linked - reference year 2020,N,Raw data,2025M12,Dec-25,2011,1970.5
A,Annual,ITF3,Campania,P3_D_W0_S13,Consumption of general government,G040,Economic affairs,L_2020,Chain linked - reference year 2020,N,Raw data,2025M12,Dec-25,2012,1805.4
A,Annual,ITF3,Campania,P3_D_W0_S13,Consumption of general government,G040,Economic affairs,L_2020,Chain linked - reference year 2020,N,Raw data,2025M12,Dec-25,2013,1759.9
A,Annual,ITF3,Campania,P3_D_W0_S13,Consumption of general government,G040,Economic affairs,L_2020,Chain linked - reference year 2020,N,Raw data,2025M12,Dec-25,2014,1699.5
A,Annual,ITF3,Campania,P3_D_W0_S13,Consumption of general government,G040,Economic affairs,L_2020,Chain linked - reference year 2020,N,Raw data,2025M12,Dec-25,2015,1723.9
A,Annual,ITF3,Campania,P3_D_W0_S13,Consumption of general government,G040,Economic affairs,L_2020,Chain linked - reference year 2020,N,Raw data,2025M12,Dec-25,2016,1746.8
A,Annual,ITF3,Campania,P3_D_W0_S13,Consumption of general government,G040,Economic affairs,L_2020,Chain linked - reference year 2020,N,Raw data,2025M12,Dec-25,2017,1739.4
A,Annual,ITF3,Campania,P3_D_W0_S13,Consumption of general government,G040,Economic affairs,L_2020,Chain linked - reference year 2020,N,Raw data,2025M12,Dec-25,2018,1721.5
A,Annual,ITF3,Campania,P3_D_W0_S13,Consumption of general government,G040,Economic affairs,L_2020,Chain linked - reference year 2020,N,Raw data,2025M12,Dec-25,2019,1728.9
A,Annual,ITF3,Campania,P3_D_W0_S13,Consumption of general government,G040,Economic affairs,L_2020,Chain linked - reference year 2020,N,Raw data,2025M12,Dec-25,2020,1722.3
A,Annual,ITF3,Campania,P3_D_W0_S13,Consumption of general government,G040,Economic affairs,L_2020,Chain linked - reference year 2020,N,Raw data,2025M12,Dec-25,2021,1822.2
A,Annual,ITF3,Campania,P3_D_W0_S13,Consumption of general government,G040,Economic affairs,L_2020,Chain linked - reference year 2020,N,Raw data,2025M12,Dec-25,2022,1921.1
A,Annual,ITF3,Campania,P3_D_W0_S13,Consumption of general government,G040,Economic affairs,L_2020,Chain linked - reference year 2020,N,Raw data,2025M12,Dec-25,2023,1941.2
A,Annual,ITF3,Campania,P3_D_W0_S13,Consumption of general government,G070,Health,L_2020,Chain linked - reference year 2020,N,Raw data,2025M12,Dec-25,2010,11571
A,Annual,ITF3,Campania,P3_D_W0_S13,Consumption of general government,G070,Health,L_2020,Chain linked - reference year 2020,N,Raw data,2025M12,Dec-25,2011,11438.1
A,Annual,ITF3,Campania,P3_D_W0_S13,Consumption of general government,G070,Health,L_2020,Chain linked - reference year 2020,N,Raw data,2025M12,Dec-25,2012,11231.2
A,Annual,ITF3,Campania,P3_D_W0_S13,Consumption of general government,G070,Health,L_2020,Chain linked - reference year 2020,N,Raw data,2025M12,Dec-25,2013,11318.1
A,Annual,ITF3,Campania,P3_D_W0_S13,Consumption of general government,G070,Health,L_2020,Chain linked - reference year 2020,N,Raw data,2025M12,Dec-25,2014,11454.7
A,Annual,ITF3,Campania,P3_D_W0_S13,Consumption of general government,G070,Health,L_2020,Chain linked - reference year 2020,N,Raw data,2025M12,Dec-25,2015,11439.7
A,Annual,ITF3,Campania,P3_D_W0_S13,Consumption of general government,G070,Health,L_2020,Chain linked - reference year 2020,N,Raw data,2025M12,Dec-25,2016,11444.2
A,Annual,ITF3,Campania,P3_D_W0_S13,Consumption of general government,G070,Health,L_2020,Chain linked - reference year 2020,N,Raw data,2025M12,Dec-25,2017,11373.1
A,Annual,ITF3,Campania,P3_D_W0_S13,Consumption of general government,G070,Health,L_2020,Chain linked - reference year 2020,N,Raw data,2025M12,Dec-25,2018,11453.1
A,Annual,ITF3,Campania,P3_D_W0_S13,Consumption of general government,G070,Health,L_2020,Chain linked - reference year 2020,N,Raw data,2025M12,Dec-25,2019,11614.7
A,Annual,ITF3,Campania,P3_D_W0_S13,Consumption of general government,G070,Health,L_2020,Chain linked - reference year 2020,N,Raw data,2025M12,Dec-25,2020,10946.2
A,Annual,ITF3,Campania,P3_D_W0_S13,Consumption of general government,G070,Health,L_2020,Chain linked - reference year 2020,N,Raw data,2025M12,Dec-25,2021,11724.7
A,Annual,ITF3,Campania,P3_D_W0_S13,Consumption of general government,G070,Health,L_2020,Chain linked - reference year 2020,N,Raw data,2025M12,Dec-25,2022,11555.3
A,Annual,ITF3,Campania,P3_D_W0_S13,Consumption of general government,G070,Health,L_2020,Chain linked - reference year 2020,N,Raw data,2025M12,Dec-25,2023,12481.1
A,Annual,ITF3,Campania,P3_D_W0_S13,Consumption of general government,G090,Education,L_2020,Chain linked - reference year 2020,N,Raw data,2025M12,Dec-25,2010,8023.6
A,Annual,ITF3,Campania,P3_D_W0_S13,Consumption of general government,G090,Education,L_2020,Chain linked - reference year 2020,N,Raw data,2025M12,Dec-25,2011,7533.2
A,Annual,ITF3,Campania,P3_D_W0_S13,Consumption of general government,G090,Education,L_2020,Chain linked - reference year 2020,N,Raw data,2025M12,Dec-25,2012,7350.7
A,Annual,ITF3,Campania,P3_D_W0_S13,Consumption of general government,G090,Education,L_2020,Chain linked - reference year 2020,N,Raw data,2025M12,Dec-25,2013,7252.2
A,Annual,ITF3,Campania,P3_D_W0_S13,Consumption of general government,G090,Education,L_2020,Chain linked - reference year 2020,N,Raw data,2025M12,Dec-25,2014,7186.9
A,Annual,ITF3,Campania,P3_D_W0_S13,Consumption of general government,G090,Education,L_2020,Chain linked - reference year 2020,N,Raw data,2025M12,Dec-25,2015,7094
A,Annual,ITF3,Campania,P3_D_W0_S13,Consumption of general government,G090,Education,L_2020,Chain linked - reference year 2020,N,Raw data,2025M12,Dec-25,2016,7011.6
A,Annual,ITF3,Campania,P3_D_W0_S13,Consumption of general government,G090,Education,L_2020,Chain linked - reference year 2020,N,Raw data,2025M12,Dec-25,2017,7042.1
A,Annual,ITF3,Campania,P3_D_W0_S13,Consumption of general government,G090,Education,L_2020,Chain linked - reference year 2020,N,Raw data,2025M12,Dec-25,2018,7055.1
A,Annual,ITF3,Campania,P3_D_W0_S13,Consumption of general government,G090,Education,L_2020,Chain linked - reference year 2020,N,Raw data,2025M12,Dec-25,2019,6985.3
A,Annual,ITF3,Campania,P3_D_W0_S13,Consumption of general government,G090,Education,L_2020,Chain linked - reference year 2020,N,Raw data,2025M12,Dec-25,2020,6562.1
A,Annual,ITF3,Campania,P3_D_W0_S13,Consumption of general government,G090,Education,L_2020,Chain linked - reference year 2020,N,Raw data,2025M12,Dec-25,2021,6931.5
A,Annual,ITF3,Campania,P3_D_W0_S13,Consumption of general government,G090,Education,L_2020,Chain linked - reference year 2020,N,Raw data,2025M12,Dec-25,2022,6933
A,Annual,ITF3,Campania,P3_D_W0_S13,Consumption of general government,G090,Education,L_2020,Chain linked - reference year 2020,N,Raw data,2025M12,Dec-25,2023,7045.2
A,Annual,ITF3,Campania,P3_D_W0_S13,Consumption of general government,G100,Social protection,L_2020,Chain linked - reference year 2020,N,Raw data,2025M12,Dec-25,2010,1285.8
A,Annual,ITF3,Campania,P3_D_W0_S13,Consumption of general government,G100,Social protection,L_2020,Chain linked - reference year 2020,N,Raw data,2025M12,Dec-25,2011,1192.3
A,Annual,ITF3,Campania,P3_D_W0_S13,Consumption of general government,G100,Social protection,L_2020,Chain linked - reference year 2020,N,Raw data,2025M12,Dec-25,2012,1144.7
A,Annual,ITF3,Campania,P3_D_W0_S13,Consumption of general government,G100,Social protection,L_2020,Chain linked - reference year 2020,N,Raw data,2025M12,Dec-25,2013,1117.4
A,Annual,ITF3,Campania,P3_D_W0_S13,Consumption of general government,G100,Social protection,L_2020,Chain linked - reference year 2020,N,Raw data,2025M12,Dec-25,2014,1085.3
A,Annual,ITF3,Campania,P3_D_W0_S13,Consumption of general government,G100,Social protection,L_2020,Chain linked - reference year 2020,N,Raw data,2025M12,Dec-25,2015,1086.7
A,Annual,ITF3,Campania,P3_D_W0_S13,Consumption of general government,G100,Social protection,L_2020,Chain linked - reference year 2020,N,Raw data,2025M12,Dec-25,2016,1095.1
A,Annual,ITF3,Campania,P3_D_W0_S13,Consumption of general government,G100,Social protection,L_2020,Chain linked - reference year 2020,N,Raw data,2025M12,Dec-25,2017,1086.9
A,Annual,ITF3,Campania,P3_D_W0_S13,Consumption of general government,G100,Social protection,L_2020,Chain linked - reference year 2020,N,Raw data,2025M12,Dec-25,2018,1073.8
A,Annual,ITF3,Campania,P3_D_W0_S13,Consumption of general government,G100,Social protection,L_2020,Chain linked - reference year 2020,N,Raw data,2025M12,Dec-25,2019,1020.7
A,Annual,ITF3,Campania,P3_D_W0_S13,Consumption of general government,G100,Social protection,L_2020,Chain linked - reference year 2020,N,Raw data,2025M12,Dec-25,2020,982.6
A,Annual,ITF3,Campania,P3_D_W0_S13,Consumption of general government,G100,Social protection,L_2020,Chain linked - reference year 2020,N,Raw data,2025M12,Dec-25,2021,1024.6
A,Annual,ITF3,Campania,P3_D_W0_S13,Consumption of general government,G100,Social protection,L_2020,Chain linked - reference year 2020,N,Raw data,2025M12,Dec-25,2022,1205.2
A,Annual,ITF3,Campania,P3_D_W0_S13,Consumption of general government,G100,Social protection,L_2020,Chain linked - reference year 2020,N,Raw data,2025M12,Dec-25,2023,1401.9
A,Annual,ITF4,Puglia,P3_D_W0_S13,Consumption of general government,G,Total,L_2020,Chain linked - reference year 2020,N,Raw data,2025M12,Dec-25,2010,24106.7
A,Annual,ITF4,Puglia,P3_D_W0_S13,Consumption of general government,G,Total,L_2020,Chain linked - reference year 2020,N,Raw data,2025M12,Dec-25,2011,23092.6
A,Annual,ITF4,Puglia,P3_D_W0_S13,Consumption of general government,G,Total,L_2020,Chain linked - reference year 2020,N,Raw data,2025M12,Dec-25,2012,22310.5
A,Annual,ITF4,Puglia,P3_D_W0_S13,Consumption of general government,G,Total,L_2020,Chain linked - reference year 2020,N,Raw data,2025M12,Dec-25,2013,22062.8
A,Annual,ITF4,Puglia,P3_D_W0_S13,Consumption of general government,G,Total,L_2020,Chain linked - reference year 2020,N,Raw data,2025M12,Dec-25,2014,22003.3
A,Annual,ITF4,Puglia,P3_D_W0_S13,Consumption of general government,G,Total,L_2020,Chain linked - reference year 2020,N,Raw data,2025M12,Dec-25,2015,21789.4
A,Annual,ITF4,Puglia,P3_D_W0_S13,Consumption of general government,G,Total,L_2020,Chain linked - reference year 2020,N,Raw data,2025M12,Dec-25,2016,21686.2
A,Annual,ITF4,Puglia,P3_D_W0_S13,Consumption of general government,G,Total,L_2020,Chain linked - reference year 2020,N,Raw data,2025M12,Dec-25,2017,21710.8
A,Annual,ITF4,Puglia,P3_D_W0_S13,Consumption of general government,G,Total,L_2020,Chain linked - reference year 2020,N,Raw data,2025M12,Dec-25,2018,21528
A,Annual,ITF4,Puglia,P3_D_W0_S13,Consumption of general government,G,Total,L_2020,Chain linked - reference year 2020,N,Raw data,2025M12,Dec-25,2019,21469.1
A,Annual,ITF4,Puglia,P3_D_W0_S13,Consumption of general government,G,Total,L_2020,Chain linked - reference year 2020,N,Raw data,2025M12,Dec-25,2020,21325.7
A,Annual,ITF4,Puglia,P3_D_W0_S13,Consumption of general government,G,Total,L_2020,Chain linked - reference year 2020,N,Raw data,2025M12,Dec-25,2021,22215.9
A,Annual,ITF4,Puglia,P3_D_W0_S13,Consumption of general government,G,Total,L_2020,Chain linked - reference year 2020,N,Raw data,2025M12,Dec-25,2022,22037.5
A,Annual,ITF4,Puglia,P3_D_W0_S13,Consumption of general government,G,Total,L_2020,Chain linked - reference year 2020,N,Raw data,2025M12,Dec-25,2023,22670.8
A,Annual,ITF4,Puglia,P3_D_W0_S13,Consumption of general government,G030,Public order and safety,L_2020,Chain linked - reference year 2020,N,Raw data,2025M12,Dec-25,2010,2240.5
A,Annual,ITF4,Puglia,P3_D_W0_S13,Consumption of general government,G030,Public order and safety,L_2020,Chain linked - reference year 2020,N,Raw data,2025M12,Dec-25,2011,2256.1
A,Annual,ITF4,Puglia,P3_D_W0_S13,Consumption of general government,G030,Public order and safety,L_2020,Chain linked - reference year 2020,N,Raw data,2025M12,Dec-25,2012,2123.5
A,Annual,ITF4,Puglia,P3_D_W0_S13,Consumption of general government,G030,Public order and safety,L_2020,Chain linked - reference year 2020,N,Raw data,2025M12,Dec-25,2013,2121.4
A,Annual,ITF4,Puglia,P3_D_W0_S13,Consumption of general government,G030,Public order and safety,L_2020,Chain linked - reference year 2020,N,Raw data,2025M12,Dec-25,2014,2100.2
A,Annual,ITF4,Puglia,P3_D_W0_S13,Consumption of general government,G030,Public order and safety,L_2020,Chain linked - reference year 2020,N,Raw data,2025M12,Dec-25,2015,2140.2
A,Annual,ITF4,Puglia,P3_D_W0_S13,Consumption of general government,G030,Public order and safety,L_2020,Chain linked - reference year 2020,N,Raw data,2025M12,Dec-25,2016,2131.1
A,Annual,ITF4,Puglia,P3_D_W0_S13,Consumption of general government,G030,Public order and safety,L_2020,Chain linked - reference year 2020,N,Raw data,2025M12,Dec-25,2017,2149.5
A,Annual,ITF4,Puglia,P3_D_W0_S13,Consumption of general government,G030,Public order and safety,L_2020,Chain linked - reference year 2020,N,Raw data,2025M12,Dec-25,2018,2178.5
A,Annual,ITF4,Puglia,P3_D_W0_S13,Consumption of general government,G030,Public order and safety,L_2020,Chain linked - reference year 2020,N,Raw data,2025M12,Dec-25,2019,2185.1
A,Annual,ITF4,Puglia,P3_D_W0_S13,Consumption of general government,G030,Public order and safety,L_2020,Chain linked - reference year 2020,N,Raw data,2025M12,Dec-25,2020,2107.9
A,Annual,ITF4,Puglia,P3_D_W0_S13,Consumption of general government,G030,Public order and safety,L_2020,Chain linked - reference year 2020,N,Raw data,2025M12,Dec-25,2021,2121.9
A,Annual,ITF4,Puglia,P3_D_W0_S13,Consumption of general government,G030,Public order and safety,L_2020,Chain linked - reference year 2020,N,Raw data,2025M12,Dec-25,2022,2130
A,Annual,ITF4,Puglia,P3_D_W0_S13,Consumption of general government,G030,Public order and safety,L_2020,Chain linked - reference year 2020,N,Raw data,2025M12,Dec-25,2023,2157.2
A,Annual,ITF4,Puglia,P3_D_W0_S13,Consumption of general government,G040,Economic affairs,L_2020,Chain linked - reference year 2020,N,Raw data,2025M12,Dec-25,2010,1185.3
A,Annual,ITF4,Puglia,P3_D_W0_S13,Consumption of general government,G040,Economic affairs,L_2020,Chain linked - reference year 2020,N,Raw data,2025M12,Dec-25,2011,1201.3
A,Annual,ITF4,Puglia,P3_D_W0_S13,Consumption of general government,G040,Economic affairs,L_2020,Chain linked - reference year 2020,N,Raw data,2025M12,Dec-25,2012,1140.4
A,Annual,ITF4,Puglia,P3_D_W0_S13,Consumption of general government,G040,Economic affairs,L_2020,Chain linked - reference year 2020,N,Raw data,2025M12,Dec-25,2013,1120.9
A,Annual,ITF4,Puglia,P3_D_W0_S13,Consumption of general government,G040,Economic affairs,L_2020,Chain linked - reference year 2020,N,Raw data,2025M12,Dec-25,2014,1090.8
A,Annual,ITF4,Puglia,P3_D_W0_S13,Consumption of general government,G040,Economic affairs,L_2020,Chain linked - reference year 2020,N,Raw data,2025M12,Dec-25,2015,1114.8
A,Annual,ITF4,Puglia,P3_D_W0_S13,Consumption of general government,G040,Economic affairs,L_2020,Chain linked - reference year 2020,N,Raw data,2025M12,Dec-25,2016,1141
A,Annual,ITF4,Puglia,P3_D_W0_S13,Consumption of general government,G040,Economic affairs,L_2020,Chain linked - reference year 2020,N,Raw data,2025M12,Dec-25,2017,1155.8
A,Annual,ITF4,Puglia,P3_D_W0_S13,Consumption of general government,G040,Economic affairs,L_2020,Chain linked - reference year 2020,N,Raw data,2025M12,Dec-25,2018,1142.3
A,Annual,ITF4,Puglia,P3_D_W0_S13,Consumption of general government,G040,Economic affairs,L_2020,Chain linked - reference year 2020,N,Raw data,2025M12,Dec-25,2019,1162.5
A,Annual,ITF4,Puglia,P3_D_W0_S13,Consumption of general government,G040,Economic affairs,L_2020,Chain linked - reference year 2020,N,Raw data,2025M12,Dec-25,2020,1174.5
A,Annual,ITF4,Puglia,P3_D_W0_S13,Consumption of general government,G040,Economic affairs,L_2020,Chain linked - reference year 2020,N,Raw data,2025M12,Dec-25,2021,1252.1
A,Annual,ITF4,Puglia,P3_D_W0_S13,Consumption of general government,G040,Economic affairs,L_2020,Chain linked - reference year 2020,N,Raw data,2025M12,Dec-25,2022,1290.4
A,Annual,ITF4,Puglia,P3_D_W0_S13,Consumption of general government,G040,Economic affairs,L_2020,Chain linked - reference year 2020,N,Raw data,2025M12,Dec-25,2023,1303.6
A,Annual,ITF4,Puglia,P3_D_W0_S13,Consumption of general government,G070,Health,L_2020,Chain linked - reference year 2020,N,Raw data,2025M12,Dec-25,2010,8976
A,Annual,ITF4,Puglia,P3_D_W0_S13,Consumption of general government,G070,Health,L_2020,Chain linked - reference year 2020,N,Raw data,2025M12,Dec-25,2011,8485.5
A,Annual,ITF4,Puglia,P3_D_W0_S13,Consumption of general government,G070,Health,L_2020,Chain linked - reference year 2020,N,Raw data,2025M12,Dec-25,2012,8111.6
A,Annual,ITF4,Puglia,P3_D_W0_S13,Consumption of general government,G070,Health,L_2020,Chain linked - reference year 2020,N,Raw data,2025M12,Dec-25,2013,8067.4
A,Annual,ITF4,Puglia,P3_D_W0_S13,Consumption of general government,G070,Health,L_2020,Chain linked - reference year 2020,N,Raw data,2025M12,Dec-25,2014,8239.1
A,Annual,ITF4,Puglia,P3_D_W0_S13,Consumption of general government,G070,Health,L_2020,Chain linked - reference year 2020,N,Raw data,2025M12,Dec-25,2015,8153.7
A,Annual,ITF4,Puglia,P3_D_W0_S13,Consumption of general government,G070,Health,L_2020,Chain linked - reference year 2020,N,Raw data,2025M12,Dec-25,2016,7888.3
A,Annual,ITF4,Puglia,P3_D_W0_S13,Consumption of general government,G070,Health,L_2020,Chain linked - reference year 2020,N,Raw data,2025M12,Dec-25,2017,7868.6
A,Annual,ITF4,Puglia,P3_D_W0_S13,Consumption of general government,G070,Health,L_2020,Chain linked - reference year 2020,N,Raw data,2025M12,Dec-25,2018,7746.7
A,Annual,ITF4,Puglia,P3_D_W0_S13,Consumption of general government,G070,Health,L_2020,Chain linked - reference year 2020,N,Raw data,2025M12,Dec-25,2019,7867.9
A,Annual,ITF4,Puglia,P3_D_W0_S13,Consumption of general government,G070,Health,L_2020,Chain linked - reference year 2020,N,Raw data,2025M12,Dec-25,2020,7960
A,Annual,ITF4,Puglia,P3_D_W0_S13,Consumption of general government,G070,Health,L_2020,Chain linked - reference year 2020,N,Raw data,2025M12,Dec-25,2021,8559
A,Annual,ITF4,Puglia,P3_D_W0_S13,Consumption of general government,G070,Health,L_2020,Chain linked - reference year 2020,N,Raw data,2025M12,Dec-25,2022,8232.6
A,Annual,ITF4,Puglia,P3_D_W0_S13,Consumption of general government,G070,Health,L_2020,Chain linked - reference year 2020,N,Raw data,2025M12,Dec-25,2023,8664.7
A,Annual,ITF4,Puglia,P3_D_W0_S13,Consumption of general government,G090,Education,L_2020,Chain linked - reference year 2020,N,Raw data,2025M12,Dec-25,2010,5320.8
A,Annual,ITF4,Puglia,P3_D_W0_S13,Consumption of general government,G090,Education,L_2020,Chain linked - reference year 2020,N,Raw data,2025M12,Dec-25,2011,4993
A,Annual,ITF4,Puglia,P3_D_W0_S13,Consumption of general government,G090,Education,L_2020,Chain linked - reference year 2020,N,Raw data,2025M12,Dec-25,2012,4854.9
A,Annual,ITF4,Puglia,P3_D_W0_S13,Consumption of general government,G090,Education,L_2020,Chain linked - reference year 2020,N,Raw data,2025M12,Dec-25,2013,4784.1
A,Annual,ITF4,Puglia,P3_D_W0_S13,Consumption of general government,G090,Education,L_2020,Chain linked - reference year 2020,N,Raw data,2025M12,Dec-25,2014,4729.3
A,Annual,ITF4,Puglia,P3_D_W0_S13,Consumption of general government,G090,Education,L_2020,Chain linked - reference year 2020,N,Raw data,2025M12,Dec-25,2015,4653
A,Annual,ITF4,Puglia,P3_D_W0_S13,Consumption of general government,G090,Education,L_2020,Chain linked - reference year 2020,N,Raw data,2025M12,Dec-25,2016,4580.2
A,Annual,ITF4,Puglia,P3_D_W0_S13,Consumption of general government,G090,Education,L_2020,Chain linked - reference year 2020,N,Raw data,2025M12,Dec-25,2017,4588.7
A,Annual,ITF4,Puglia,P3_D_W0_S13,Consumption of general government,G090,Education,L_2020,Chain linked - reference year 2020,N,Raw data,2025M12,Dec-25,2018,4585.2
A,Annual,ITF4,Puglia,P3_D_W0_S13,Consumption of general government,G090,Education,L_2020,Chain linked - reference year 2020,N,Raw data,2025M12,Dec-25,2019,4529.5
A,Annual,ITF4,Puglia,P3_D_W0_S13,Consumption of general government,G090,Education,L_2020,Chain linked - reference year 2020,N,Raw data,2025M12,Dec-25,2020,4308.3
A,Annual,ITF4,Puglia,P3_D_W0_S13,Consumption of general government,G090,Education,L_2020,Chain linked - reference year 2020,N,Raw data,2025M12,Dec-25,2021,4504.7
A,Annual,ITF4,Puglia,P3_D_W0_S13,Consumption of general government,G090,Education,L_2020,Chain linked - reference year 2020,N,Raw data,2025M12,Dec-25,2022,4481.5
A,Annual,ITF4,Puglia,P3_D_W0_S13,Consumption of general government,G090,Education,L_2020,Chain linked - reference year 2020,N,Raw data,2025M12,Dec-25,2023,4550.9
A,Annual,ITF4,Puglia,P3_D_W0_S13,Consumption of general government,G100,Social protection,L_2020,Chain linked - reference year 2020,N,Raw data,2025M12,Dec-25,2010,1062.3
A,Annual,ITF4,Puglia,P3_D_W0_S13,Consumption of general government,G100,Social protection,L_2020,Chain linked - reference year 2020,N,Raw data,2025M12,Dec-25,2011,982.1
A,Annual,ITF4,Puglia,P3_D_W0_S13,Consumption of general government,G100,Social protection,L_2020,Chain linked - reference year 2020,N,Raw data,2025M12,Dec-25,2012,962.3
A,Annual,ITF4,Puglia,P3_D_W0_S13,Consumption of general government,G100,Social protection,L_2020,Chain linked - reference year 2020,N,Raw data,2025M12,Dec-25,2013,939.7
A,Annual,ITF4,Puglia,P3_D_W0_S13,Consumption of general government,G100,Social protection,L_2020,Chain linked - reference year 2020,N,Raw data,2025M12,Dec-25,2014,918
A,Annual,ITF4,Puglia,P3_D_W0_S13,Consumption of general government,G100,Social protection,L_2020,Chain linked - reference year 2020,N,Raw data,2025M12,Dec-25,2015,921.7
A,Annual,ITF4,Puglia,P3_D_W0_S13,Consumption of general government,G100,Social protection,L_2020,Chain linked - reference year 2020,N,Raw data,2025M12,Dec-25,2016,933.7
A,Annual,ITF4,Puglia,P3_D_W0_S13,Consumption of general government,G100,Social protection,L_2020,Chain linked - reference year 2020,N,Raw data,2025M12,Dec-25,2017,933.2
A,Annual,ITF4,Puglia,P3_D_W0_S13,Consumption of general government,G100,Social protection,L_2020,Chain linked - reference year 2020,N,Raw data,2025M12,Dec-25,2018,920.7
A,Annual,ITF4,Puglia,P3_D_W0_S13,Consumption of general government,G100,Social protection,L_2020,Chain linked - reference year 2020,N,Raw data,2025M12,Dec-25,2019,880.4
A,Annual,ITF4,Puglia,P3_D_W0_S13,Consumption of general government,G100,Social protection,L_2020,Chain linked - reference year 2020,N,Raw data,2025M12,Dec-25,2020,856
A,Annual,ITF4,Puglia,P3_D_W0_S13,Consumption of general government,G100,Social protection,L_2020,Chain linked - reference year 2020,N,Raw data,2025M12,Dec-25,2021,903.3
A,Annual,ITF4,Puglia,P3_D_W0_S13,Consumption of general government,G100,Social protection,L_2020,Chain linked - reference year 2020,N,Raw data,2025M12,Dec-25,2022,1049.9
A,Annual,ITF4,Puglia,P3_D_W0_S13,Consumption of general government,G100,Social protection,L_2020,Chain linked - reference year 2020,N,Raw data,2025M12,Dec-25,2023,1221.5
A,Annual,ITF5,Basilicata,P3_D_W0_S13,Consumption of general government,G,Total,L_2020,Chain linked - reference year 2020,N,Raw data,2025M12,Dec-25,2010,3921.2
A,Annual,ITF5,Basilicata,P3_D_W0_S13,Consumption of general government,G,Total,L_2020,Chain linked - reference year 2020,N,Raw data,2025M12,Dec-25,2011,3826.4
A,Annual,ITF5,Basilicata,P3_D_W0_S13,Consumption of general government,G,Total,L_2020,Chain linked - reference year 2020,N,Raw data,2025M12,Dec-25,2012,3700.4
A,Annual,ITF5,Basilicata,P3_D_W0_S13,Consumption of general government,G,Total,L_2020,Chain linked - reference year 2020,N,Raw data,2025M12,Dec-25,2013,3644.9
A,Annual,ITF5,Basilicata,P3_D_W0_S13,Consumption of general government,G,Total,L_2020,Chain linked - reference year 2020,N,Raw data,2025M12,Dec-25,2014,3620
A,Annual,ITF5,Basilicata,P3_D_W0_S13,Consumption of general government,G,Total,L_2020,Chain linked - reference year 2020,N,Raw data,2025M12,Dec-25,2015,3613.3
A,Annual,ITF5,Basilicata,P3_D_W0_S13,Consumption of general government,G,Total,L_2020,Chain linked - reference year 2020,N,Raw data,2025M12,Dec-25,2016,3681.6
A,Annual,ITF5,Basilicata,P3_D_W0_S13,Consumption of general government,G,Total,L_2020,Chain linked - reference year 2020,N,Raw data,2025M12,Dec-25,2017,3695
A,Annual,ITF5,Basilicata,P3_D_W0_S13,Consumption of general government,G,Total,L_2020,Chain linked - reference year 2020,N,Raw data,2025M12,Dec-25,2018,3634.7
A,Annual,ITF5,Basilicata,P3_D_W0_S13,Consumption of general government,G,Total,L_2020,Chain linked - reference year 2020,N,Raw data,2025M12,Dec-25,2019,3548.8
A,Annual,ITF5,Basilicata,P3_D_W0_S13,Consumption of general government,G,Total,L_2020,Chain linked - reference year 2020,N,Raw data,2025M12,Dec-25,2020,3381.7
A,Annual,ITF5,Basilicata,P3_D_W0_S13,Consumption of general government,G,Total,L_2020,Chain linked - reference year 2020,N,Raw data,2025M12,Dec-25,2021,3486.3
A,Annual,ITF5,Basilicata,P3_D_W0_S13,Consumption of general government,G,Total,L_2020,Chain linked - reference year 2020,N,Raw data,2025M12,Dec-25,2022,3540.1
A,Annual,ITF5,Basilicata,P3_D_W0_S13,Consumption of general government,G,Total,L_2020,Chain linked - reference year 2020,N,Raw data,2025M12,Dec-25,2023,3568.5
A,Annual,ITF5,Basilicata,P3_D_W0_S13,Consumption of general government,G030,Public order and safety,L_2020,Chain linked - reference year 2020,N,Raw data,2025M12,Dec-25,2010,322.4
A,Annual,ITF5,Basilicata,P3_D_W0_S13,Consumption of general government,G030,Public order and safety,L_2020,Chain linked - reference year 2020,N,Raw data,2025M12,Dec-25,2011,324.9
A,Annual,ITF5,Basilicata,P3_D_W0_S13,Consumption of general government,G030,Public order and safety,L_2020,Chain linked - reference year 2020,N,Raw data,2025M12,Dec-25,2012,306.1
A,Annual,ITF5,Basilicata,P3_D_W0_S13,Consumption of general government,G030,Public order and safety,L_2020,Chain linked - reference year 2020,N,Raw data,2025M12,Dec-25,2013,305.6
A,Annual,ITF5,Basilicata,P3_D_W0_S13,Consumption of general government,G030,Public order and safety,L_2020,Chain linked - reference year 2020,N,Raw data,2025M12,Dec-25,2014,301.9
A,Annual,ITF5,Basilicata,P3_D_W0_S13,Consumption of general government,G030,Public order and safety,L_2020,Chain linked - reference year 2020,N,Raw data,2025M12,Dec-25,2015,307.2
A,Annual,ITF5,Basilicata,P3_D_W0_S13,Consumption of general government,G030,Public order and safety,L_2020,Chain linked - reference year 2020,N,Raw data,2025M12,Dec-25,2016,305.1
A,Annual,ITF5,Basilicata,P3_D_W0_S13,Consumption of general government,G030,Public order and safety,L_2020,Chain linked - reference year 2020,N,Raw data,2025M12,Dec-25,2017,306.7
A,Annual,ITF5,Basilicata,P3_D_W0_S13,Consumption of general government,G030,Public order and safety,L_2020,Chain linked - reference year 2020,N,Raw data,2025M12,Dec-25,2018,309.5
A,Annual,ITF5,Basilicata,P3_D_W0_S13,Consumption of general government,G030,Public order and safety,L_2020,Chain linked - reference year 2020,N,Raw data,2025M12,Dec-25,2019,308.6
A,Annual,ITF5,Basilicata,P3_D_W0_S13,Consumption of general government,G030,Public order and safety,L_2020,Chain linked - reference year 2020,N,Raw data,2025M12,Dec-25,2020,294.8
A,Annual,ITF5,Basilicata,P3_D_W0_S13,Consumption of general government,G030,Public order and safety,L_2020,Chain linked - reference year 2020,N,Raw data,2025M12,Dec-25,2021,292.6
A,Annual,ITF5,Basilicata,P3_D_W0_S13,Consumption of general government,G030,Public order and safety,L_2020,Chain linked - reference year 2020,N,Raw data,2025M12,Dec-25,2022,293.1
A,Annual,ITF5,Basilicata,P3_D_W0_S13,Consumption of general government,G030,Public order and safety,L_2020,Chain linked - reference year 2020,N,Raw data,2025M12,Dec-25,2023,294.9
A,Annual,ITF5,Basilicata,P3_D_W0_S13,Consumption of general government,G040,Economic affairs,L_2020,Chain linked - reference year 2020,N,Raw data,2025M12,Dec-25,2010,389.8
A,Annual,ITF5,Basilicata,P3_D_W0_S13,Consumption of general government,G040,Economic affairs,L_2020,Chain linked - reference year 2020,N,Raw data,2025M12,Dec-25,2011,400.1
A,Annual,ITF5,Basilicata,P3_D_W0_S13,Consumption of general government,G040,Economic affairs,L_2020,Chain linked - reference year 2020,N,Raw data,2025M12,Dec-25,2012,382.6
A,Annual,ITF5,Basilicata,P3_D_W0_S13,Consumption of general government,G040,Economic affairs,L_2020,Chain linked - reference year 2020,N,Raw data,2025M12,Dec-25,2013,375.7
A,Annual,ITF5,Basilicata,P3_D_W0_S13,Consumption of general government,G040,Economic affairs,L_2020,Chain linked - reference year 2020,N,Raw data,2025M12,Dec-25,2014,364.3
A,Annual,ITF5,Basilicata,P3_D_W0_S13,Consumption of general government,G040,Economic affairs,L_2020,Chain linked - reference year 2020,N,Raw data,2025M12,Dec-25,2015,373.9
A,Annual,ITF5,Basilicata,P3_D_W0_S13,Consumption of general government,G040,Economic affairs,L_2020,Chain linked - reference year 2020,N,Raw data,2025M12,Dec-25,2016,382
A,Annual,ITF5,Basilicata,P3_D_W0_S13,Consumption of general government,G040,Economic affairs,L_2020,Chain linked - reference year 2020,N,Raw data,2025M12,Dec-25,2017,383.7
A,Annual,ITF5,Basilicata,P3_D_W0_S13,Consumption of general government,G040,Economic affairs,L_2020,Chain linked - reference year 2020,N,Raw data,2025M12,Dec-25,2018,374.6
A,Annual,ITF5,Basilicata,P3_D_W0_S13,Consumption of general government,G040,Economic affairs,L_2020,Chain linked - reference year 2020,N,Raw data,2025M12,Dec-25,2019,373.8
A,Annual,ITF5,Basilicata,P3_D_W0_S13,Consumption of general government,G040,Economic affairs,L_2020,Chain linked - reference year 2020,N,Raw data,2025M12,Dec-25,2020,368.7
A,Annual,ITF5,Basilicata,P3_D_W0_S13,Consumption of general government,G040,Economic affairs,L_2020,Chain linked - reference year 2020,N,Raw data,2025M12,Dec-25,2021,376.6
A,Annual,ITF5,Basilicata,P3_D_W0_S13,Consumption of general government,G040,Economic affairs,L_2020,Chain linked - reference year 2020,N,Raw data,2025M12,Dec-25,2022,388.4
A,Annual,ITF5,Basilicata,P3_D_W0_S13,Consumption of general government,G040,Economic affairs,L_2020,Chain linked - reference year 2020,N,Raw data,2025M12,Dec-25,2023,384
A,Annual,ITF5,Basilicata,P3_D_W0_S13,Consumption of general government,G070,Health,L_2020,Chain linked - reference year 2020,N,Raw data,2025M12,Dec-25,2010,1318.3
A,Annual,ITF5,Basilicata,P3_D_W0_S13,Consumption of general government,G070,Health,L_2020,Chain linked - reference year 2020,N,Raw data,2025M12,Dec-25,2011,1297.1
A,Annual,ITF5,Basilicata,P3_D_W0_S13,Consumption of general government,G070,Health,L_2020,Chain linked - reference year 2020,N,Raw data,2025M12,Dec-25,2012,1236.7
A,Annual,ITF5,Basilicata,P3_D_W0_S13,Consumption of general government,G070,Health,L_2020,Chain linked - reference year 2020,N,Raw data,2025M12,Dec-25,2013,1234.6
A,Annual,ITF5,Basilicata,P3_D_W0_S13,Consumption of general government,G070,Health,L_2020,Chain linked - reference year 2020,N,Raw data,2025M12,Dec-25,2014,1264.9
A,Annual,ITF5,Basilicata,P3_D_W0_S13,Consumption of general government,G070,Health,L_2020,Chain linked - reference year 2020,N,Raw data,2025M12,Dec-25,2015,1279
A,Annual,ITF5,Basilicata,P3_D_W0_S13,Consumption of general government,G070,Health,L_2020,Chain linked - reference year 2020,N,Raw data,2025M12,Dec-25,2016,1302.9
A,Annual,ITF5,Basilicata,P3_D_W0_S13,Consumption of general government,G070,Health,L_2020,Chain linked - reference year 2020,N,Raw data,2025M12,Dec-25,2017,1321.4
A,Annual,ITF5,Basilicata,P3_D_W0_S13,Consumption of general government,G070,Health,L_2020,Chain linked - reference year 2020,N,Raw data,2025M12,Dec-25,2018,1296.4
A,Annual,ITF5,Basilicata,P3_D_W0_S13,Consumption of general government,G070,Health,L_2020,Chain linked - reference year 2020,N,Raw data,2025M12,Dec-25,2019,1261
A,Annual,ITF5,Basilicata,P3_D_W0_S13,Consumption of general government,G070,Health,L_2020,Chain linked - reference year 2020,N,Raw data,2025M12,Dec-25,2020,1139.8
A,Annual,ITF5,Basilicata,P3_D_W0_S13,Consumption of general government,G070,Health,L_2020,Chain linked - reference year 2020,N,Raw data,2025M12,Dec-25,2021,1254.3
A,Annual,ITF5,Basilicata,P3_D_W0_S13,Consumption of general government,G070,Health,L_2020,Chain linked - reference year 2020,N,Raw data,2025M12,Dec-25,2022,1288
A,Annual,ITF5,Basilicata,P3_D_W0_S13,Consumption of general government,G070,Health,L_2020,Chain linked - reference year 2020,N,Raw data,2025M12,Dec-25,2023,1324.4
A,Annual,ITF5,Basilicata,P3_D_W0_S13,Consumption of general government,G090,Education,L_2020,Chain linked - reference year 2020,N,Raw data,2025M12,Dec-25,2010,769.6
A,Annual,ITF5,Basilicata,P3_D_W0_S13,Consumption of general government,G090,Education,L_2020,Chain linked - reference year 2020,N,Raw data,2025M12,Dec-25,2011,712.9
A,Annual,ITF5,Basilicata,P3_D_W0_S13,Consumption of general government,G090,Education,L_2020,Chain linked - reference year 2020,N,Raw data,2025M12,Dec-25,2012,686.7
A,Annual,ITF5,Basilicata,P3_D_W0_S13,Consumption of general government,G090,Education,L_2020,Chain linked - reference year 2020,N,Raw data,2025M12,Dec-25,2013,672.2
A,Annual,ITF5,Basilicata,P3_D_W0_S13,Consumption of general government,G090,Education,L_2020,Chain linked - reference year 2020,N,Raw data,2025M12,Dec-25,2014,661
A,Annual,ITF5,Basilicata,P3_D_W0_S13,Consumption of general government,G090,Education,L_2020,Chain linked - reference year 2020,N,Raw data,2025M12,Dec-25,2015,649.2
A,Annual,ITF5,Basilicata,P3_D_W0_S13,Consumption of general government,G090,Education,L_2020,Chain linked - reference year 2020,N,Raw data,2025M12,Dec-25,2016,641.2
A,Annual,ITF5,Basilicata,P3_D_W0_S13,Consumption of general government,G090,Education,L_2020,Chain linked - reference year 2020,N,Raw data,2025M12,Dec-25,2017,643
A,Annual,ITF5,Basilicata,P3_D_W0_S13,Consumption of general government,G090,Education,L_2020,Chain linked - reference year 2020,N,Raw data,2025M12,Dec-25,2018,640.2
A,Annual,ITF5,Basilicata,P3_D_W0_S13,Consumption of general government,G090,Education,L_2020,Chain linked - reference year 2020,N,Raw data,2025M12,Dec-25,2019,631.6
A,Annual,ITF5,Basilicata,P3_D_W0_S13,Consumption of general government,G090,Education,L_2020,Chain linked - reference year 2020,N,Raw data,2025M12,Dec-25,2020,601.4
A,Annual,ITF5,Basilicata,P3_D_W0_S13,Consumption of general government,G090,Education,L_2020,Chain linked - reference year 2020,N,Raw data,2025M12,Dec-25,2021,623.6
A,Annual,ITF5,Basilicata,P3_D_W0_S13,Consumption of general government,G090,Education,L_2020,Chain linked - reference year 2020,N,Raw data,2025M12,Dec-25,2022,614.2
A,Annual,ITF5,Basilicata,P3_D_W0_S13,Consumption of general government,G090,Education,L_2020,Chain linked - reference year 2020,N,Raw data,2025M12,Dec-25,2023,623.1
A,Annual,ITF5,Basilicata,P3_D_W0_S13,Consumption of general government,G100,Social protection,L_2020,Chain linked - reference year 2020,N,Raw data,2025M12,Dec-25,2010,139
A,Annual,ITF5,Basilicata,P3_D_W0_S13,Consumption of general government,G100,Social protection,L_2020,Chain linked - reference year 2020,N,Raw data,2025M12,Dec-25,2011,130.3
A,Annual,ITF5,Basilicata,P3_D_W0_S13,Consumption of general government,G100,Social protection,L_2020,Chain linked - reference year 2020,N,Raw data,2025M12,Dec-25,2012,128.5
A,Annual,ITF5,Basilicata,P3_D_W0_S13,Consumption of general government,G100,Social protection,L_2020,Chain linked - reference year 2020,N,Raw data,2025M12,Dec-25,2013,125.2
A,Annual,ITF5,Basilicata,P3_D_W0_S13,Consumption of general government,G100,Social protection,L_2020,Chain linked - reference year 2020,N,Raw data,2025M12,Dec-25,2014,121.8
A,Annual,ITF5,Basilicata,P3_D_W0_S13,Consumption of general government,G100,Social protection,L_2020,Chain linked - reference year 2020,N,Raw data,2025M12,Dec-25,2015,122.5
A,Annual,ITF5,Basilicata,P3_D_W0_S13,Consumption of general government,G100,Social protection,L_2020,Chain linked - reference year 2020,N,Raw data,2025M12,Dec-25,2016,123.6
A,Annual,ITF5,Basilicata,P3_D_W0_S13,Consumption of general government,G100,Social protection,L_2020,Chain linked - reference year 2020,N,Raw data,2025M12,Dec-25,2017,122.8
A,Annual,ITF5,Basilicata,P3_D_W0_S13,Consumption of general government,G100,Social protection,L_2020,Chain linked - reference year 2020,N,Raw data,2025M12,Dec-25,2018,120.2
A,Annual,ITF5,Basilicata,P3_D_W0_S13,Consumption of general government,G100,Social protection,L_2020,Chain linked - reference year 2020,N,Raw data,2025M12,Dec-25,2019,113.5
A,Annual,ITF5,Basilicata,P3_D_W0_S13,Consumption of general government,G100,Social protection,L_2020,Chain linked - reference year 2020,N,Raw data,2025M12,Dec-25,2020,108.4
A,Annual,ITF5,Basilicata,P3_D_W0_S13,Consumption of general government,G100,Social protection,L_2020,Chain linked - reference year 2020,N,Raw data,2025M12,Dec-25,2021,110.2
A,Annual,ITF5,Basilicata,P3_D_W0_S13,Consumption of general government,G100,Social protection,L_2020,Chain linked - reference year 2020,N,Raw data,2025M12,Dec-25,2022,128.1
A,Annual,ITF5,Basilicata,P3_D_W0_S13,Consumption of general government,G100,Social protection,L_2020,Chain linked - reference year 2020,N,Raw data,2025M12,Dec-25,2023,146.9
A,Annual,ITF6,Calabria,P3_D_W0_S13,Consumption of general government,G,Total,L_2020,Chain linked - reference year 2020,N,Raw data,2025M12,Dec-25,2010,13590.1
A,Annual,ITF6,Calabria,P3_D_W0_S13,Consumption of general government,G,Total,L_2020,Chain linked - reference year 2020,N,Raw data,2025M12,Dec-25,2011,13712.8
A,Annual,ITF6,Calabria,P3_D_W0_S13,Consumption of general government,G,Total,L_2020,Chain linked - reference year 2020,N,Raw data,2025M12,Dec-25,2012,13257.6
A,Annual,ITF6,Calabria,P3_D_W0_S13,Consumption of general government,G,Total,L_2020,Chain linked - reference year 2020,N,Raw data,2025M12,Dec-25,2013,12944.8
A,Annual,ITF6,Calabria,P3_D_W0_S13,Consumption of general government,G,Total,L_2020,Chain linked - reference year 2020,N,Raw data,2025M12,Dec-25,2014,12719
A,Annual,ITF6,Calabria,P3_D_W0_S13,Consumption of general government,G,Total,L_2020,Chain linked - reference year 2020,N,Raw data,2025M12,Dec-25,2015,12815.6
A,Annual,ITF6,Calabria,P3_D_W0_S13,Consumption of general government,G,Total,L_2020,Chain linked - reference year 2020,N,Raw data,2025M12,Dec-25,2016,12980.3
A,Annual,ITF6,Calabria,P3_D_W0_S13,Consumption of general government,G,Total,L_2020,Chain linked - reference year 2020,N,Raw data,2025M12,Dec-25,2017,13243.9
A,Annual,ITF6,Calabria,P3_D_W0_S13,Consumption of general government,G,Total,L_2020,Chain linked - reference year 2020,N,Raw data,2025M12,Dec-25,2018,13096
A,Annual,ITF6,Calabria,P3_D_W0_S13,Consumption of general government,G,Total,L_2020,Chain linked - reference year 2020,N,Raw data,2025M12,Dec-25,2019,13121.3
A,Annual,ITF6,Calabria,P3_D_W0_S13,Consumption of general government,G,Total,L_2020,Chain linked - reference year 2020,N,Raw data,2025M12,Dec-25,2020,12554.3
A,Annual,ITF6,Calabria,P3_D_W0_S13,Consumption of general government,G,Total,L_2020,Chain linked - reference year 2020,N,Raw data,2025M12,Dec-25,2021,12975.5
A,Annual,ITF6,Calabria,P3_D_W0_S13,Consumption of general government,G,Total,L_2020,Chain linked - reference year 2020,N,Raw data,2025M12,Dec-25,2022,13421.4
A,Annual,ITF6,Calabria,P3_D_W0_S13,Consumption of general government,G,Total,L_2020,Chain linked - reference year 2020,N,Raw data,2025M12,Dec-25,2023,13674.1
A,Annual,ITF6,Calabria,P3_D_W0_S13,Consumption of general government,G030,Public order and safety,L_2020,Chain linked - reference year 2020,N,Raw data,2025M12,Dec-25,2010,1053.1
A,Annual,ITF6,Calabria,P3_D_W0_S13,Consumption of general government,G030,Public order and safety,L_2020,Chain linked - reference year 2020,N,Raw data,2025M12,Dec-25,2011,1077.8
A,Annual,ITF6,Calabria,P3_D_W0_S13,Consumption of general government,G030,Public order and safety,L_2020,Chain linked - reference year 2020,N,Raw data,2025M12,Dec-25,2012,1015.7
A,Annual,ITF6,Calabria,P3_D_W0_S13,Consumption of general government,G030,Public order and safety,L_2020,Chain linked - reference year 2020,N,Raw data,2025M12,Dec-25,2013,1017
A,Annual,ITF6,Calabria,P3_D_W0_S13,Consumption of general government,G030,Public order and safety,L_2020,Chain linked - reference year 2020,N,Raw data,2025M12,Dec-25,2014,1004.6
A,Annual,ITF6,Calabria,P3_D_W0_S13,Consumption of general government,G030,Public order and safety,L_2020,Chain linked - reference year 2020,N,Raw data,2025M12,Dec-25,2015,1028.8
A,Annual,ITF6,Calabria,P3_D_W0_S13,Consumption of general government,G030,Public order and safety,L_2020,Chain linked - reference year 2020,N,Raw data,2025M12,Dec-25,2016,1024.3
A,Annual,ITF6,Calabria,P3_D_W0_S13,Consumption of general government,G030,Public order and safety,L_2020,Chain linked - reference year 2020,N,Raw data,2025M12,Dec-25,2017,1033.3
A,Annual,ITF6,Calabria,P3_D_W0_S13,Consumption of general government,G030,Public order and safety,L_2020,Chain linked - reference year 2020,N,Raw data,2025M12,Dec-25,2018,1046.5
A,Annual,ITF6,Calabria,P3_D_W0_S13,Consumption of general government,G030,Public order and safety,L_2020,Chain linked - reference year 2020,N,Raw data,2025M12,Dec-25,2019,1045.6
A,Annual,ITF6,Calabria,P3_D_W0_S13,Consumption of general government,G030,Public order and safety,L_2020,Chain linked - reference year 2020,N,Raw data,2025M12,Dec-25,2020,995.7
A,Annual,ITF6,Calabria,P3_D_W0_S13,Consumption of general government,G030,Public order and safety,L_2020,Chain linked - reference year 2020,N,Raw data,2025M12,Dec-25,2021,990.3
A,Annual,ITF6,Calabria,P3_D_W0_S13,Consumption of general government,G030,Public order and safety,L_2020,Chain linked - reference year 2020,N,Raw data,2025M12,Dec-25,2022,993.2
A,Annual,ITF6,Calabria,P3_D_W0_S13,Consumption of general government,G030,Public order and safety,L_2020,Chain linked - reference year 2020,N,Raw data,2025M12,Dec-25,2023,1004.3
A,Annual,ITF6,Calabria,P3_D_W0_S13,Consumption of general government,G040,Economic affairs,L_2020,Chain linked - reference year 2020,N,Raw data,2025M12,Dec-25,2010,2157
A,Annual,ITF6,Calabria,P3_D_W0_S13,Consumption of general government,G040,Economic affairs,L_2020,Chain linked - reference year 2020,N,Raw data,2025M12,Dec-25,2011,2271.3
A,Annual,ITF6,Calabria,P3_D_W0_S13,Consumption of general government,G040,Economic affairs,L_2020,Chain linked - reference year 2020,N,Raw data,2025M12,Dec-25,2012,2167.2
A,Annual,ITF6,Calabria,P3_D_W0_S13,Consumption of general government,G040,Economic affairs,L_2020,Chain linked - reference year 2020,N,Raw data,2025M12,Dec-25,2013,2144.5
A,Annual,ITF6,Calabria,P3_D_W0_S13,Consumption of general government,G040,Economic affairs,L_2020,Chain linked - reference year 2020,N,Raw data,2025M12,Dec-25,2014,2073.9
A,Annual,ITF6,Calabria,P3_D_W0_S13,Consumption of general government,G040,Economic affairs,L_2020,Chain linked - reference year 2020,N,Raw data,2025M12,Dec-25,2015,2151.5
A,Annual,ITF6,Calabria,P3_D_W0_S13,Consumption of general government,G040,Economic affairs,L_2020,Chain linked - reference year 2020,N,Raw data,2025M12,Dec-25,2016,2205.7
A,Annual,ITF6,Calabria,P3_D_W0_S13,Consumption of general government,G040,Economic affairs,L_2020,Chain linked - reference year 2020,N,Raw data,2025M12,Dec-25,2017,2243.4
A,Annual,ITF6,Calabria,P3_D_W0_S13,Consumption of general government,G040,Economic affairs,L_2020,Chain linked - reference year 2020,N,Raw data,2025M12,Dec-25,2018,2215.2
A,Annual,ITF6,Calabria,P3_D_W0_S13,Consumption of general government,G040,Economic affairs,L_2020,Chain linked - reference year 2020,N,Raw data,2025M12,Dec-25,2019,2234.4
A,Annual,ITF6,Calabria,P3_D_W0_S13,Consumption of general government,G040,Economic affairs,L_2020,Chain linked - reference year 2020,N,Raw data,2025M12,Dec-25,2020,2210.8
A,Annual,ITF6,Calabria,P3_D_W0_S13,Consumption of general government,G040,Economic affairs,L_2020,Chain linked - reference year 2020,N,Raw data,2025M12,Dec-25,2021,2274.7
A,Annual,ITF6,Calabria,P3_D_W0_S13,Consumption of general government,G040,Economic affairs,L_2020,Chain linked - reference year 2020,N,Raw data,2025M12,Dec-25,2022,2325.5
A,Annual,ITF6,Calabria,P3_D_W0_S13,Consumption of general government,G040,Economic affairs,L_2020,Chain linked - reference year 2020,N,Raw data,2025M12,Dec-25,2023,2330.1
A,Annual,ITF6,Calabria,P3_D_W0_S13,Consumption of general government,G070,Health,L_2020,Chain linked - reference year 2020,N,Raw data,2025M12,Dec-25,2010,4034
A,Annual,ITF6,Calabria,P3_D_W0_S13,Consumption of general government,G070,Health,L_2020,Chain linked - reference year 2020,N,Raw data,2025M12,Dec-25,2011,4069.2
A,Annual,ITF6,Calabria,P3_D_W0_S13,Consumption of general government,G070,Health,L_2020,Chain linked - reference year 2020,N,Raw data,2025M12,Dec-25,2012,3869.1
A,Annual,ITF6,Calabria,P3_D_W0_S13,Consumption of general government,G070,Health,L_2020,Chain linked - reference year 2020,N,Raw data,2025M12,Dec-25,2013,3719.7
A,Annual,ITF6,Calabria,P3_D_W0_S13,Consumption of general government,G070,Health,L_2020,Chain linked - reference year 2020,N,Raw data,2025M12,Dec-25,2014,3716
A,Annual,ITF6,Calabria,P3_D_W0_S13,Consumption of general government,G070,Health,L_2020,Chain linked - reference year 2020,N,Raw data,2025M12,Dec-25,2015,3772
A,Annual,ITF6,Calabria,P3_D_W0_S13,Consumption of general government,G070,Health,L_2020,Chain linked - reference year 2020,N,Raw data,2025M12,Dec-25,2016,3784.3
A,Annual,ITF6,Calabria,P3_D_W0_S13,Consumption of general government,G070,Health,L_2020,Chain linked - reference year 2020,N,Raw data,2025M12,Dec-25,2017,3991.4
A,Annual,ITF6,Calabria,P3_D_W0_S13,Consumption of general government,G070,Health,L_2020,Chain linked - reference year 2020,N,Raw data,2025M12,Dec-25,2018,3924.2
A,Annual,ITF6,Calabria,P3_D_W0_S13,Consumption of general government,G070,Health,L_2020,Chain linked - reference year 2020,N,Raw data,2025M12,Dec-25,2019,4070.8
A,Annual,ITF6,Calabria,P3_D_W0_S13,Consumption of general government,G070,Health,L_2020,Chain linked - reference year 2020,N,Raw data,2025M12,Dec-25,2020,3755.1
A,Annual,ITF6,Calabria,P3_D_W0_S13,Consumption of general government,G070,Health,L_2020,Chain linked - reference year 2020,N,Raw data,2025M12,Dec-25,2021,4115.7
A,Annual,ITF6,Calabria,P3_D_W0_S13,Consumption of general government,G070,Health,L_2020,Chain linked - reference year 2020,N,Raw data,2025M12,Dec-25,2022,4455
A,Annual,ITF6,Calabria,P3_D_W0_S13,Consumption of general government,G070,Health,L_2020,Chain linked - reference year 2020,N,Raw data,2025M12,Dec-25,2023,4650.8
A,Annual,ITF6,Calabria,P3_D_W0_S13,Consumption of general government,G090,Education,L_2020,Chain linked - reference year 2020,N,Raw data,2025M12,Dec-25,2010,2693.1
A,Annual,ITF6,Calabria,P3_D_W0_S13,Consumption of general government,G090,Education,L_2020,Chain linked - reference year 2020,N,Raw data,2025M12,Dec-25,2011,2514.5
A,Annual,ITF6,Calabria,P3_D_W0_S13,Consumption of general government,G090,Education,L_2020,Chain linked - reference year 2020,N,Raw data,2025M12,Dec-25,2012,2435.8
A,Annual,ITF6,Calabria,P3_D_W0_S13,Consumption of general government,G090,Education,L_2020,Chain linked - reference year 2020,N,Raw data,2025M12,Dec-25,2013,2381.7
A,Annual,ITF6,Calabria,P3_D_W0_S13,Consumption of general government,G090,Education,L_2020,Chain linked - reference year 2020,N,Raw data,2025M12,Dec-25,2014,2362.8
A,Annual,ITF6,Calabria,P3_D_W0_S13,Consumption of general government,G090,Education,L_2020,Chain linked - reference year 2020,N,Raw data,2025M12,Dec-25,2015,2323.1
A,Annual,ITF6,Calabria,P3_D_W0_S13,Consumption of general government,G090,Education,L_2020,Chain linked - reference year 2020,N,Raw data,2025M12,Dec-25,2016,2287.6
A,Annual,ITF6,Calabria,P3_D_W0_S13,Consumption of general government,G090,Education,L_2020,Chain linked - reference year 2020,N,Raw data,2025M12,Dec-25,2017,2287.1
A,Annual,ITF6,Calabria,P3_D_W0_S13,Consumption of general government,G090,Education,L_2020,Chain linked - reference year 2020,N,Raw data,2025M12,Dec-25,2018,2281.3
A,Annual,ITF6,Calabria,P3_D_W0_S13,Consumption of general government,G090,Education,L_2020,Chain linked - reference year 2020,N,Raw data,2025M12,Dec-25,2019,2267.7
A,Annual,ITF6,Calabria,P3_D_W0_S13,Consumption of general government,G090,Education,L_2020,Chain linked - reference year 2020,N,Raw data,2025M12,Dec-25,2020,2153.7
A,Annual,ITF6,Calabria,P3_D_W0_S13,Consumption of general government,G090,Education,L_2020,Chain linked - reference year 2020,N,Raw data,2025M12,Dec-25,2021,2278.5
A,Annual,ITF6,Calabria,P3_D_W0_S13,Consumption of general government,G090,Education,L_2020,Chain linked - reference year 2020,N,Raw data,2025M12,Dec-25,2022,2268.2
A,Annual,ITF6,Calabria,P3_D_W0_S13,Consumption of general government,G090,Education,L_2020,Chain linked - reference year 2020,N,Raw data,2025M12,Dec-25,2023,2313.3
A,Annual,ITF6,Calabria,P3_D_W0_S13,Consumption of general government,G100,Social protection,L_2020,Chain linked - reference year 2020,N,Raw data,2025M12,Dec-25,2010,373
A,Annual,ITF6,Calabria,P3_D_W0_S13,Consumption of general government,G100,Social protection,L_2020,Chain linked - reference year 2020,N,Raw data,2025M12,Dec-25,2011,360.8
A,Annual,ITF6,Calabria,P3_D_W0_S13,Consumption of general government,G100,Social protection,L_2020,Chain linked - reference year 2020,N,Raw data,2025M12,Dec-25,2012,354.4
A,Annual,ITF6,Calabria,P3_D_W0_S13,Consumption of general government,G100,Social protection,L_2020,Chain linked - reference year 2020,N,Raw data,2025M12,Dec-25,2013,346.3
A,Annual,ITF6,Calabria,P3_D_W0_S13,Consumption of general government,G100,Social protection,L_2020,Chain linked - reference year 2020,N,Raw data,2025M12,Dec-25,2014,335.4
A,Annual,ITF6,Calabria,P3_D_W0_S13,Consumption of general government,G100,Social protection,L_2020,Chain linked - reference year 2020,N,Raw data,2025M12,Dec-25,2015,343.2
A,Annual,ITF6,Calabria,P3_D_W0_S13,Consumption of general government,G100,Social protection,L_2020,Chain linked - reference year 2020,N,Raw data,2025M12,Dec-25,2016,347.9
A,Annual,ITF6,Calabria,P3_D_W0_S13,Consumption of general government,G100,Social protection,L_2020,Chain linked - reference year 2020,N,Raw data,2025M12,Dec-25,2017,347.9
A,Annual,ITF6,Calabria,P3_D_W0_S13,Consumption of general government,G100,Social protection,L_2020,Chain linked - reference year 2020,N,Raw data,2025M12,Dec-25,2018,342.7
A,Annual,ITF6,Calabria,P3_D_W0_S13,Consumption of general government,G100,Social protection,L_2020,Chain linked - reference year 2020,N,Raw data,2025M12,Dec-25,2019,325
A,Annual,ITF6,Calabria,P3_D_W0_S13,Consumption of general government,G100,Social protection,L_2020,Chain linked - reference year 2020,N,Raw data,2025M12,Dec-25,2020,307.8
A,Annual,ITF6,Calabria,P3_D_W0_S13,Consumption of general government,G100,Social protection,L_2020,Chain linked - reference year 2020,N,Raw data,2025M12,Dec-25,2021,314.9
A,Annual,ITF6,Calabria,P3_D_W0_S13,Consumption of general government,G100,Social protection,L_2020,Chain linked - reference year 2020,N,Raw data,2025M12,Dec-25,2022,364.8
A,Annual,ITF6,Calabria,P3_D_W0_S13,Consumption of general government,G100,Social protection,L_2020,Chain linked - reference year 2020,N,Raw data,2025M12,Dec-25,2023,422.4
A,Annual,ITG1,Sicilia,P3_D_W0_S13,Consumption of general government,G,Total,L_2020,Chain linked - reference year 2020,N,Raw data,2025M12,Dec-25,2010,33584.6
A,Annual,ITG1,Sicilia,P3_D_W0_S13,Consumption of general government,G,Total,L_2020,Chain linked - reference year 2020,N,Raw data,2025M12,Dec-25,2011,33421.3
A,Annual,ITG1,Sicilia,P3_D_W0_S13,Consumption of general government,G,Total,L_2020,Chain linked - reference year 2020,N,Raw data,2025M12,Dec-25,2012,32648.6
A,Annual,ITG1,Sicilia,P3_D_W0_S13,Consumption of general government,G,Total,L_2020,Chain linked - reference year 2020,N,Raw data,2025M12,Dec-25,2013,32009.5
A,Annual,ITG1,Sicilia,P3_D_W0_S13,Consumption of general government,G,Total,L_2020,Chain linked - reference year 2020,N,Raw data,2025M12,Dec-25,2014,31527.3
A,Annual,ITG1,Sicilia,P3_D_W0_S13,Consumption of general government,G,Total,L_2020,Chain linked - reference year 2020,N,Raw data,2025M12,Dec-25,2015,31296.6
A,Annual,ITG1,Sicilia,P3_D_W0_S13,Consumption of general government,G,Total,L_2020,Chain linked - reference year 2020,N,Raw data,2025M12,Dec-25,2016,31651.2
A,Annual,ITG1,Sicilia,P3_D_W0_S13,Consumption of general government,G,Total,L_2020,Chain linked - reference year 2020,N,Raw data,2025M12,Dec-25,2017,32072.5
A,Annual,ITG1,Sicilia,P3_D_W0_S13,Consumption of general government,G,Total,L_2020,Chain linked - reference year 2020,N,Raw data,2025M12,Dec-25,2018,31534.3
A,Annual,ITG1,Sicilia,P3_D_W0_S13,Consumption of general government,G,Total,L_2020,Chain linked - reference year 2020,N,Raw data,2025M12,Dec-25,2019,31120.6
A,Annual,ITG1,Sicilia,P3_D_W0_S13,Consumption of general government,G,Total,L_2020,Chain linked - reference year 2020,N,Raw data,2025M12,Dec-25,2020,30483.5
A,Annual,ITG1,Sicilia,P3_D_W0_S13,Consumption of general government,G,Total,L_2020,Chain linked - reference year 2020,N,Raw data,2025M12,Dec-25,2021,31640.7
A,Annual,ITG1,Sicilia,P3_D_W0_S13,Consumption of general government,G,Total,L_2020,Chain linked - reference year 2020,N,Raw data,2025M12,Dec-25,2022,32203.5
A,Annual,ITG1,Sicilia,P3_D_W0_S13,Consumption of general government,G,Total,L_2020,Chain linked - reference year 2020,N,Raw data,2025M12,Dec-25,2023,32787.9
A,Annual,ITG1,Sicilia,P3_D_W0_S13,Consumption of general government,G030,Public order and safety,L_2020,Chain linked - reference year 2020,N,Raw data,2025M12,Dec-25,2010,2843.9
A,Annual,ITG1,Sicilia,P3_D_W0_S13,Consumption of general government,G030,Public order and safety,L_2020,Chain linked - reference year 2020,N,Raw data,2025M12,Dec-25,2011,2870.2
A,Annual,ITG1,Sicilia,P3_D_W0_S13,Consumption of general government,G030,Public order and safety,L_2020,Chain linked - reference year 2020,N,Raw data,2025M12,Dec-25,2012,2699.3
A,Annual,ITG1,Sicilia,P3_D_W0_S13,Consumption of general government,G030,Public order and safety,L_2020,Chain linked - reference year 2020,N,Raw data,2025M12,Dec-25,2013,2701
A,Annual,ITG1,Sicilia,P3_D_W0_S13,Consumption of general government,G030,Public order and safety,L_2020,Chain linked - reference year 2020,N,Raw data,2025M12,Dec-25,2014,2667.6
A,Annual,ITG1,Sicilia,P3_D_W0_S13,Consumption of general government,G030,Public order and safety,L_2020,Chain linked - reference year 2020,N,Raw data,2025M12,Dec-25,2015,2716.1
A,Annual,ITG1,Sicilia,P3_D_W0_S13,Consumption of general government,G030,Public order and safety,L_2020,Chain linked - reference year 2020,N,Raw data,2025M12,Dec-25,2016,2702
A,Annual,ITG1,Sicilia,P3_D_W0_S13,Consumption of general government,G030,Public order and safety,L_2020,Chain linked - reference year 2020,N,Raw data,2025M12,Dec-25,2017,2722.4
A,Annual,ITG1,Sicilia,P3_D_W0_S13,Consumption of general government,G030,Public order and safety,L_2020,Chain linked - reference year 2020,N,Raw data,2025M12,Dec-25,2018,2751.9
A,Annual,ITG1,Sicilia,P3_D_W0_S13,Consumption of general government,G030,Public order and safety,L_2020,Chain linked - reference year 2020,N,Raw data,2025M12,Dec-25,2019,2753.8
A,Annual,ITG1,Sicilia,P3_D_W0_S13,Consumption of general government,G030,Public order and safety,L_2020,Chain linked - reference year 2020,N,Raw data,2025M12,Dec-25,2020,2644
A,Annual,ITG1,Sicilia,P3_D_W0_S13,Consumption of general government,G030,Public order and safety,L_2020,Chain linked - reference year 2020,N,Raw data,2025M12,Dec-25,2021,2647.3
A,Annual,ITG1,Sicilia,P3_D_W0_S13,Consumption of general government,G030,Public order and safety,L_2020,Chain linked - reference year 2020,N,Raw data,2025M12,Dec-25,2022,2675.1
A,Annual,ITG1,Sicilia,P3_D_W0_S13,Consumption of general government,G030,Public order and safety,L_2020,Chain linked - reference year 2020,N,Raw data,2025M12,Dec-25,2023,2705.3
A,Annual,ITG1,Sicilia,P3_D_W0_S13,Consumption of general government,G040,Economic affairs,L_2020,Chain linked - reference year 2020,N,Raw data,2025M12,Dec-25,2010,2388
A,Annual,ITG1,Sicilia,P3_D_W0_S13,Consumption of general government,G040,Economic affairs,L_2020,Chain linked - reference year 2020,N,Raw data,2025M12,Dec-25,2011,2437.4
A,Annual,ITG1,Sicilia,P3_D_W0_S13,Consumption of general government,G040,Economic affairs,L_2020,Chain linked - reference year 2020,N,Raw data,2025M12,Dec-25,2012,2288
A,Annual,ITG1,Sicilia,P3_D_W0_S13,Consumption of general government,G040,Economic affairs,L_2020,Chain linked - reference year 2020,N,Raw data,2025M12,Dec-25,2013,2224.5
A,Annual,ITG1,Sicilia,P3_D_W0_S13,Consumption of general government,G040,Economic affairs,L_2020,Chain linked - reference year 2020,N,Raw data,2025M12,Dec-25,2014,2136.1
A,Annual,ITG1,Sicilia,P3_D_W0_S13,Consumption of general government,G040,Economic affairs,L_2020,Chain linked - reference year 2020,N,Raw data,2025M12,Dec-25,2015,2177.1
A,Annual,ITG1,Sicilia,P3_D_W0_S13,Consumption of general government,G040,Economic affairs,L_2020,Chain linked - reference year 2020,N,Raw data,2025M12,Dec-25,2016,2220.8
A,Annual,ITG1,Sicilia,P3_D_W0_S13,Consumption of general government,G040,Economic affairs,L_2020,Chain linked - reference year 2020,N,Raw data,2025M12,Dec-25,2017,2250.9
A,Annual,ITG1,Sicilia,P3_D_W0_S13,Consumption of general government,G040,Economic affairs,L_2020,Chain linked - reference year 2020,N,Raw data,2025M12,Dec-25,2018,2206.3
A,Annual,ITG1,Sicilia,P3_D_W0_S13,Consumption of general government,G040,Economic affairs,L_2020,Chain linked - reference year 2020,N,Raw data,2025M12,Dec-25,2019,2225.2
A,Annual,ITG1,Sicilia,P3_D_W0_S13,Consumption of general government,G040,Economic affairs,L_2020,Chain linked - reference year 2020,N,Raw data,2025M12,Dec-25,2020,2214.7
A,Annual,ITG1,Sicilia,P3_D_W0_S13,Consumption of general government,G040,Economic affairs,L_2020,Chain linked - reference year 2020,N,Raw data,2025M12,Dec-25,2021,2297
A,Annual,ITG1,Sicilia,P3_D_W0_S13,Consumption of general government,G040,Economic affairs,L_2020,Chain linked - reference year 2020,N,Raw data,2025M12,Dec-25,2022,2427.2
A,Annual,ITG1,Sicilia,P3_D_W0_S13,Consumption of general government,G040,Economic affairs,L_2020,Chain linked - reference year 2020,N,Raw data,2025M12,Dec-25,2023,2426.3
A,Annual,ITG1,Sicilia,P3_D_W0_S13,Consumption of general government,G070,Health,L_2020,Chain linked - reference year 2020,N,Raw data,2025M12,Dec-25,2010,9660.2
A,Annual,ITG1,Sicilia,P3_D_W0_S13,Consumption of general government,G070,Health,L_2020,Chain linked - reference year 2020,N,Raw data,2025M12,Dec-25,2011,10219.5
A,Annual,ITG1,Sicilia,P3_D_W0_S13,Consumption of general government,G070,Health,L_2020,Chain linked - reference year 2020,N,Raw data,2025M12,Dec-25,2012,10186.4
A,Annual,ITG1,Sicilia,P3_D_W0_S13,Consumption of general government,G070,Health,L_2020,Chain linked - reference year 2020,N,Raw data,2025M12,Dec-25,2013,9926.2
A,Annual,ITG1,Sicilia,P3_D_W0_S13,Consumption of general government,G070,Health,L_2020,Chain linked - reference year 2020,N,Raw data,2025M12,Dec-25,2014,9984.9
A,Annual,ITG1,Sicilia,P3_D_W0_S13,Consumption of general government,G070,Health,L_2020,Chain linked - reference year 2020,N,Raw data,2025M12,Dec-25,2015,10073.9
A,Annual,ITG1,Sicilia,P3_D_W0_S13,Consumption of general government,G070,Health,L_2020,Chain linked - reference year 2020,N,Raw data,2025M12,Dec-25,2016,10015.5
A,Annual,ITG1,Sicilia,P3_D_W0_S13,Consumption of general government,G070,Health,L_2020,Chain linked - reference year 2020,N,Raw data,2025M12,Dec-25,2017,10411.1
A,Annual,ITG1,Sicilia,P3_D_W0_S13,Consumption of general government,G070,Health,L_2020,Chain linked - reference year 2020,N,Raw data,2025M12,Dec-25,2018,10089.1
A,Annual,ITG1,Sicilia,P3_D_W0_S13,Consumption of general government,G070,Health,L_2020,Chain linked - reference year 2020,N,Raw data,2025M12,Dec-25,2019,10078.6
A,Annual,ITG1,Sicilia,P3_D_W0_S13,Consumption of general government,G070,Health,L_2020,Chain linked - reference year 2020,N,Raw data,2025M12,Dec-25,2020,9905.2
A,Annual,ITG1,Sicilia,P3_D_W0_S13,Consumption of general government,G070,Health,L_2020,Chain linked - reference year 2020,N,Raw data,2025M12,Dec-25,2021,10946.2
A,Annual,ITG1,Sicilia,P3_D_W0_S13,Consumption of general government,G070,Health,L_2020,Chain linked - reference year 2020,N,Raw data,2025M12,Dec-25,2022,10863.2
A,Annual,ITG1,Sicilia,P3_D_W0_S13,Consumption of general government,G070,Health,L_2020,Chain linked - reference year 2020,N,Raw data,2025M12,Dec-25,2023,11326.9
A,Annual,ITG1,Sicilia,P3_D_W0_S13,Consumption of general government,G090,Education,L_2020,Chain linked - reference year 2020,N,Raw data,2025M12,Dec-25,2010,6645.1
A,Annual,ITG1,Sicilia,P3_D_W0_S13,Consumption of general government,G090,Education,L_2020,Chain linked - reference year 2020,N,Raw data,2025M12,Dec-25,2011,6234.2
A,Annual,ITG1,Sicilia,P3_D_W0_S13,Consumption of general government,G090,Education,L_2020,Chain linked - reference year 2020,N,Raw data,2025M12,Dec-25,2012,6044.9
A,Annual,ITG1,Sicilia,P3_D_W0_S13,Consumption of general government,G090,Education,L_2020,Chain linked - reference year 2020,N,Raw data,2025M12,Dec-25,2013,5954
A,Annual,ITG1,Sicilia,P3_D_W0_S13,Consumption of general government,G090,Education,L_2020,Chain linked - reference year 2020,N,Raw data,2025M12,Dec-25,2014,5875.6
A,Annual,ITG1,Sicilia,P3_D_W0_S13,Consumption of general government,G090,Education,L_2020,Chain linked - reference year 2020,N,Raw data,2025M12,Dec-25,2015,5793.8
A,Annual,ITG1,Sicilia,P3_D_W0_S13,Consumption of general government,G090,Education,L_2020,Chain linked - reference year 2020,N,Raw data,2025M12,Dec-25,2016,5739.5
A,Annual,ITG1,Sicilia,P3_D_W0_S13,Consumption of general government,G090,Education,L_2020,Chain linked - reference year 2020,N,Raw data,2025M12,Dec-25,2017,5767.4
A,Annual,ITG1,Sicilia,P3_D_W0_S13,Consumption of general government,G090,Education,L_2020,Chain linked - reference year 2020,N,Raw data,2025M12,Dec-25,2018,5776.4
A,Annual,ITG1,Sicilia,P3_D_W0_S13,Consumption of general government,G090,Education,L_2020,Chain linked - reference year 2020,N,Raw data,2025M12,Dec-25,2019,5719.7
A,Annual,ITG1,Sicilia,P3_D_W0_S13,Consumption of general government,G090,Education,L_2020,Chain linked - reference year 2020,N,Raw data,2025M12,Dec-25,2020,5428.8
A,Annual,ITG1,Sicilia,P3_D_W0_S13,Consumption of general government,G090,Education,L_2020,Chain linked - reference year 2020,N,Raw data,2025M12,Dec-25,2021,5700.4
A,Annual,ITG1,Sicilia,P3_D_W0_S13,Consumption of general government,G090,Education,L_2020,Chain linked - reference year 2020,N,Raw data,2025M12,Dec-25,2022,5667.4
A,Annual,ITG1,Sicilia,P3_D_W0_S13,Consumption of general government,G090,Education,L_2020,Chain linked - reference year 2020,N,Raw data,2025M12,Dec-25,2023,5780
A,Annual,ITG1,Sicilia,P3_D_W0_S13,Consumption of general government,G100,Social protection,L_2020,Chain linked - reference year 2020,N,Raw data,2025M12,Dec-25,2010,1441.5
A,Annual,ITG1,Sicilia,P3_D_W0_S13,Consumption of general government,G100,Social protection,L_2020,Chain linked - reference year 2020,N,Raw data,2025M12,Dec-25,2011,1344.9
A,Annual,ITG1,Sicilia,P3_D_W0_S13,Consumption of general government,G100,Social protection,L_2020,Chain linked - reference year 2020,N,Raw data,2025M12,Dec-25,2012,1307.1
A,Annual,ITG1,Sicilia,P3_D_W0_S13,Consumption of general government,G100,Social protection,L_2020,Chain linked - reference year 2020,N,Raw data,2025M12,Dec-25,2013,1271.2
A,Annual,ITG1,Sicilia,P3_D_W0_S13,Consumption of general government,G100,Social protection,L_2020,Chain linked - reference year 2020,N,Raw data,2025M12,Dec-25,2014,1225.5
A,Annual,ITG1,Sicilia,P3_D_W0_S13,Consumption of general government,G100,Social protection,L_2020,Chain linked - reference year 2020,N,Raw data,2025M12,Dec-25,2015,1226.4
A,Annual,ITG1,Sicilia,P3_D_W0_S13,Consumption of general government,G100,Social protection,L_2020,Chain linked - reference year 2020,N,Raw data,2025M12,Dec-25,2016,1239.1
A,Annual,ITG1,Sicilia,P3_D_W0_S13,Consumption of general government,G100,Social protection,L_2020,Chain linked - reference year 2020,N,Raw data,2025M12,Dec-25,2017,1237.1
A,Annual,ITG1,Sicilia,P3_D_W0_S13,Consumption of general government,G100,Social protection,L_2020,Chain linked - reference year 2020,N,Raw data,2025M12,Dec-25,2018,1212.2
A,Annual,ITG1,Sicilia,P3_D_W0_S13,Consumption of general government,G100,Social protection,L_2020,Chain linked - reference year 2020,N,Raw data,2025M12,Dec-25,2019,1151.4
A,Annual,ITG1,Sicilia,P3_D_W0_S13,Consumption of general government,G100,Social protection,L_2020,Chain linked - reference year 2020,N,Raw data,2025M12,Dec-25,2020,1104.9
A,Annual,ITG1,Sicilia,P3_D_W0_S13,Consumption of general government,G100,Social protection,L_2020,Chain linked - reference year 2020,N,Raw data,2025M12,Dec-25,2021,1139.3
A,Annual,ITG1,Sicilia,P3_D_W0_S13,Consumption of general government,G100,Social protection,L_2020,Chain linked - reference year 2020,N,Raw data,2025M12,Dec-25,2022,1357
A,Annual,ITG1,Sicilia,P3_D_W0_S13,Consumption of general government,G100,Social protection,L_2020,Chain linked - reference year 2020,N,Raw data,2025M12,Dec-25,2023,1568.4
A,Annual,ITG2,Sardegna,P3_D_W0_S13,Consumption of general government,G,Total,L_2020,Chain linked - reference year 2020,N,Raw data,2025M12,Dec-25,2010,11639
A,Annual,ITG2,Sardegna,P3_D_W0_S13,Consumption of general government,G,Total,L_2020,Chain linked - reference year 2020,N,Raw data,2025M12,Dec-25,2011,11572.7
A,Annual,ITG2,Sardegna,P3_D_W0_S13,Consumption of general government,G,Total,L_2020,Chain linked - reference year 2020,N,Raw data,2025M12,Dec-25,2012,11360.8
A,Annual,ITG2,Sardegna,P3_D_W0_S13,Consumption of general government,G,Total,L_2020,Chain linked - reference year 2020,N,Raw data,2025M12,Dec-25,2013,11211
A,Annual,ITG2,Sardegna,P3_D_W0_S13,Consumption of general government,G,Total,L_2020,Chain linked - reference year 2020,N,Raw data,2025M12,Dec-25,2014,11307.1
A,Annual,ITG2,Sardegna,P3_D_W0_S13,Consumption of general government,G,Total,L_2020,Chain linked - reference year 2020,N,Raw data,2025M12,Dec-25,2015,11261.4
A,Annual,ITG2,Sardegna,P3_D_W0_S13,Consumption of general government,G,Total,L_2020,Chain linked - reference year 2020,N,Raw data,2025M12,Dec-25,2016,10972.2
A,Annual,ITG2,Sardegna,P3_D_W0_S13,Consumption of general government,G,Total,L_2020,Chain linked - reference year 2020,N,Raw data,2025M12,Dec-25,2017,10973.7
A,Annual,ITG2,Sardegna,P3_D_W0_S13,Consumption of general government,G,Total,L_2020,Chain linked - reference year 2020,N,Raw data,2025M12,Dec-25,2018,10912.1
A,Annual,ITG2,Sardegna,P3_D_W0_S13,Consumption of general government,G,Total,L_2020,Chain linked - reference year 2020,N,Raw data,2025M12,Dec-25,2019,10834.8
A,Annual,ITG2,Sardegna,P3_D_W0_S13,Consumption of general government,G,Total,L_2020,Chain linked - reference year 2020,N,Raw data,2025M12,Dec-25,2020,10639.8
A,Annual,ITG2,Sardegna,P3_D_W0_S13,Consumption of general government,G,Total,L_2020,Chain linked - reference year 2020,N,Raw data,2025M12,Dec-25,2021,10877.8
A,Annual,ITG2,Sardegna,P3_D_W0_S13,Consumption of general government,G,Total,L_2020,Chain linked - reference year 2020,N,Raw data,2025M12,Dec-25,2022,10877
A,Annual,ITG2,Sardegna,P3_D_W0_S13,Consumption of general government,G,Total,L_2020,Chain linked - reference year 2020,N,Raw data,2025M12,Dec-25,2023,11241.6
A,Annual,ITG2,Sardegna,P3_D_W0_S13,Consumption of general government,G030,Public order and safety,L_2020,Chain linked - reference year 2020,N,Raw data,2025M12,Dec-25,2010,926.7
A,Annual,ITG2,Sardegna,P3_D_W0_S13,Consumption of general government,G030,Public order and safety,L_2020,Chain linked - reference year 2020,N,Raw data,2025M12,Dec-25,2011,936.7
A,Annual,ITG2,Sardegna,P3_D_W0_S13,Consumption of general government,G030,Public order and safety,L_2020,Chain linked - reference year 2020,N,Raw data,2025M12,Dec-25,2012,885
A,Annual,ITG2,Sardegna,P3_D_W0_S13,Consumption of general government,G030,Public order and safety,L_2020,Chain linked - reference year 2020,N,Raw data,2025M12,Dec-25,2013,888.6
A,Annual,ITG2,Sardegna,P3_D_W0_S13,Consumption of general government,G030,Public order and safety,L_2020,Chain linked - reference year 2020,N,Raw data,2025M12,Dec-25,2014,880.9
A,Annual,ITG2,Sardegna,P3_D_W0_S13,Consumption of general government,G030,Public order and safety,L_2020,Chain linked - reference year 2020,N,Raw data,2025M12,Dec-25,2015,898.7
A,Annual,ITG2,Sardegna,P3_D_W0_S13,Consumption of general government,G030,Public order and safety,L_2020,Chain linked - reference year 2020,N,Raw data,2025M12,Dec-25,2016,894.9
A,Annual,ITG2,Sardegna,P3_D_W0_S13,Consumption of general government,G030,Public order and safety,L_2020,Chain linked - reference year 2020,N,Raw data,2025M12,Dec-25,2017,900.7
A,Annual,ITG2,Sardegna,P3_D_W0_S13,Consumption of general government,G030,Public order and safety,L_2020,Chain linked - reference year 2020,N,Raw data,2025M12,Dec-25,2018,912.7
A,Annual,ITG2,Sardegna,P3_D_W0_S13,Consumption of general government,G030,Public order and safety,L_2020,Chain linked - reference year 2020,N,Raw data,2025M12,Dec-25,2019,915.4
A,Annual,ITG2,Sardegna,P3_D_W0_S13,Consumption of general government,G030,Public order and safety,L_2020,Chain linked - reference year 2020,N,Raw data,2025M12,Dec-25,2020,877.7
A,Annual,ITG2,Sardegna,P3_D_W0_S13,Consumption of general government,G030,Public order and safety,L_2020,Chain linked - reference year 2020,N,Raw data,2025M12,Dec-25,2021,877.8
A,Annual,ITG2,Sardegna,P3_D_W0_S13,Consumption of general government,G030,Public order and safety,L_2020,Chain linked - reference year 2020,N,Raw data,2025M12,Dec-25,2022,879.7
A,Annual,ITG2,Sardegna,P3_D_W0_S13,Consumption of general government,G030,Public order and safety,L_2020,Chain linked - reference year 2020,N,Raw data,2025M12,Dec-25,2023,890.3
A,Annual,ITG2,Sardegna,P3_D_W0_S13,Consumption of general government,G040,Economic affairs,L_2020,Chain linked - reference year 2020,N,Raw data,2025M12,Dec-25,2010,1263.1
A,Annual,ITG2,Sardegna,P3_D_W0_S13,Consumption of general government,G040,Economic affairs,L_2020,Chain linked - reference year 2020,N,Raw data,2025M12,Dec-25,2011,1301.4
A,Annual,ITG2,Sardegna,P3_D_W0_S13,Consumption of general government,G040,Economic affairs,L_2020,Chain linked - reference year 2020,N,Raw data,2025M12,Dec-25,2012,1244.5
A,Annual,ITG2,Sardegna,P3_D_W0_S13,Consumption of general government,G040,Economic affairs,L_2020,Chain linked - reference year 2020,N,Raw data,2025M12,Dec-25,2013,1227.6
A,Annual,ITG2,Sardegna,P3_D_W0_S13,Consumption of general government,G040,Economic affairs,L_2020,Chain linked - reference year 2020,N,Raw data,2025M12,Dec-25,2014,1195.7
A,Annual,ITG2,Sardegna,P3_D_W0_S13,Consumption of general government,G040,Economic affairs,L_2020,Chain linked - reference year 2020,N,Raw data,2025M12,Dec-25,2015,1226.7
A,Annual,ITG2,Sardegna,P3_D_W0_S13,Consumption of general government,G040,Economic affairs,L_2020,Chain linked - reference year 2020,N,Raw data,2025M12,Dec-25,2016,1254.8
A,Annual,ITG2,Sardegna,P3_D_W0_S13,Consumption of general government,G040,Economic affairs,L_2020,Chain linked - reference year 2020,N,Raw data,2025M12,Dec-25,2017,1252.3
A,Annual,ITG2,Sardegna,P3_D_W0_S13,Consumption of general government,G040,Economic affairs,L_2020,Chain linked - reference year 2020,N,Raw data,2025M12,Dec-25,2018,1236.1
A,Annual,ITG2,Sardegna,P3_D_W0_S13,Consumption of general government,G040,Economic affairs,L_2020,Chain linked - reference year 2020,N,Raw data,2025M12,Dec-25,2019,1257.1
A,Annual,ITG2,Sardegna,P3_D_W0_S13,Consumption of general government,G040,Economic affairs,L_2020,Chain linked - reference year 2020,N,Raw data,2025M12,Dec-25,2020,1253.2
A,Annual,ITG2,Sardegna,P3_D_W0_S13,Consumption of general government,G040,Economic affairs,L_2020,Chain linked - reference year 2020,N,Raw data,2025M12,Dec-25,2021,1310.2
A,Annual,ITG2,Sardegna,P3_D_W0_S13,Consumption of general government,G040,Economic affairs,L_2020,Chain linked - reference year 2020,N,Raw data,2025M12,Dec-25,2022,1340.7
A,Annual,ITG2,Sardegna,P3_D_W0_S13,Consumption of general government,G040,Economic affairs,L_2020,Chain linked - reference year 2020,N,Raw data,2025M12,Dec-25,2023,1355.2
A,Annual,ITG2,Sardegna,P3_D_W0_S13,Consumption of general government,G070,Health,L_2020,Chain linked - reference year 2020,N,Raw data,2025M12,Dec-25,2010,3802.4
A,Annual,ITG2,Sardegna,P3_D_W0_S13,Consumption of general government,G070,Health,L_2020,Chain linked - reference year 2020,N,Raw data,2025M12,Dec-25,2011,3912.6
A,Annual,ITG2,Sardegna,P3_D_W0_S13,Consumption of general government,G070,Health,L_2020,Chain linked - reference year 2020,N,Raw data,2025M12,Dec-25,2012,3876.6
A,Annual,ITG2,Sardegna,P3_D_W0_S13,Consumption of general government,G070,Health,L_2020,Chain linked - reference year 2020,N,Raw data,2025M12,Dec-25,2013,3790
A,Annual,ITG2,Sardegna,P3_D_W0_S13,Consumption of general government,G070,Health,L_2020,Chain linked - reference year 2020,N,Raw data,2025M12,Dec-25,2014,4014.1
A,Annual,ITG2,Sardegna,P3_D_W0_S13,Consumption of general government,G070,Health,L_2020,Chain linked - reference year 2020,N,Raw data,2025M12,Dec-25,2015,4025.3
A,Annual,ITG2,Sardegna,P3_D_W0_S13,Consumption of general government,G070,Health,L_2020,Chain linked - reference year 2020,N,Raw data,2025M12,Dec-25,2016,3552.1
A,Annual,ITG2,Sardegna,P3_D_W0_S13,Consumption of general government,G070,Health,L_2020,Chain linked - reference year 2020,N,Raw data,2025M12,Dec-25,2017,3578.6
A,Annual,ITG2,Sardegna,P3_D_W0_S13,Consumption of general government,G070,Health,L_2020,Chain linked - reference year 2020,N,Raw data,2025M12,Dec-25,2018,3567.1
A,Annual,ITG2,Sardegna,P3_D_W0_S13,Consumption of general government,G070,Health,L_2020,Chain linked - reference year 2020,N,Raw data,2025M12,Dec-25,2019,3563.8
A,Annual,ITG2,Sardegna,P3_D_W0_S13,Consumption of general government,G070,Health,L_2020,Chain linked - reference year 2020,N,Raw data,2025M12,Dec-25,2020,3480.7
A,Annual,ITG2,Sardegna,P3_D_W0_S13,Consumption of general government,G070,Health,L_2020,Chain linked - reference year 2020,N,Raw data,2025M12,Dec-25,2021,3632.5
A,Annual,ITG2,Sardegna,P3_D_W0_S13,Consumption of general government,G070,Health,L_2020,Chain linked - reference year 2020,N,Raw data,2025M12,Dec-25,2022,3546.6
A,Annual,ITG2,Sardegna,P3_D_W0_S13,Consumption of general government,G070,Health,L_2020,Chain linked - reference year 2020,N,Raw data,2025M12,Dec-25,2023,3823.5
A,Annual,ITG2,Sardegna,P3_D_W0_S13,Consumption of general government,G090,Education,L_2020,Chain linked - reference year 2020,N,Raw data,2025M12,Dec-25,2010,1894.7
A,Annual,ITG2,Sardegna,P3_D_W0_S13,Consumption of general government,G090,Education,L_2020,Chain linked - reference year 2020,N,Raw data,2025M12,Dec-25,2011,1774.1
A,Annual,ITG2,Sardegna,P3_D_W0_S13,Consumption of general government,G090,Education,L_2020,Chain linked - reference year 2020,N,Raw data,2025M12,Dec-25,2012,1727.7
A,Annual,ITG2,Sardegna,P3_D_W0_S13,Consumption of general government,G090,Education,L_2020,Chain linked - reference year 2020,N,Raw data,2025M12,Dec-25,2013,1708.1
A,Annual,ITG2,Sardegna,P3_D_W0_S13,Consumption of general government,G090,Education,L_2020,Chain linked - reference year 2020,N,Raw data,2025M12,Dec-25,2014,1696.2
A,Annual,ITG2,Sardegna,P3_D_W0_S13,Consumption of general government,G090,Education,L_2020,Chain linked - reference year 2020,N,Raw data,2025M12,Dec-25,2015,1673.6
A,Annual,ITG2,Sardegna,P3_D_W0_S13,Consumption of general government,G090,Education,L_2020,Chain linked - reference year 2020,N,Raw data,2025M12,Dec-25,2016,1652
A,Annual,ITG2,Sardegna,P3_D_W0_S13,Consumption of general government,G090,Education,L_2020,Chain linked - reference year 2020,N,Raw data,2025M12,Dec-25,2017,1674.3
A,Annual,ITG2,Sardegna,P3_D_W0_S13,Consumption of general government,G090,Education,L_2020,Chain linked - reference year 2020,N,Raw data,2025M12,Dec-25,2018,1683.7
A,Annual,ITG2,Sardegna,P3_D_W0_S13,Consumption of general government,G090,Education,L_2020,Chain linked - reference year 2020,N,Raw data,2025M12,Dec-25,2019,1675.1
A,Annual,ITG2,Sardegna,P3_D_W0_S13,Consumption of general government,G090,Education,L_2020,Chain linked - reference year 2020,N,Raw data,2025M12,Dec-25,2020,1606.3
A,Annual,ITG2,Sardegna,P3_D_W0_S13,Consumption of general government,G090,Education,L_2020,Chain linked - reference year 2020,N,Raw data,2025M12,Dec-25,2021,1679.1
A,Annual,ITG2,Sardegna,P3_D_W0_S13,Consumption of general government,G090,Education,L_2020,Chain linked - reference year 2020,N,Raw data,2025M12,Dec-25,2022,1662.5
A,Annual,ITG2,Sardegna,P3_D_W0_S13,Consumption of general government,G090,Education,L_2020,Chain linked - reference year 2020,N,Raw data,2025M12,Dec-25,2023,1674.1
A,Annual,ITG2,Sardegna,P3_D_W0_S13,Consumption of general government,G100,Social protection,L_2020,Chain linked - reference year 2020,N,Raw data,2025M12,Dec-25,2010,695.5
A,Annual,ITG2,Sardegna,P3_D_W0_S13,Consumption of general government,G100,Social protection,L_2020,Chain linked - reference year 2020,N,Raw data,2025M12,Dec-25,2011,655.2
A,Annual,ITG2,Sardegna,P3_D_W0_S13,Consumption of general government,G100,Social protection,L_2020,Chain linked - reference year 2020,N,Raw data,2025M12,Dec-25,2012,645.8
A,Annual,ITG2,Sardegna,P3_D_W0_S13,Consumption of general government,G100,Social protection,L_2020,Chain linked - reference year 2020,N,Raw data,2025M12,Dec-25,2013,635
A,Annual,ITG2,Sardegna,P3_D_W0_S13,Consumption of general government,G100,Social protection,L_2020,Chain linked - reference year 2020,N,Raw data,2025M12,Dec-25,2014,620.9
A,Annual,ITG2,Sardegna,P3_D_W0_S13,Consumption of general government,G100,Social protection,L_2020,Chain linked - reference year 2020,N,Raw data,2025M12,Dec-25,2015,624.9
A,Annual,ITG2,Sardegna,P3_D_W0_S13,Consumption of general government,G100,Social protection,L_2020,Chain linked - reference year 2020,N,Raw data,2025M12,Dec-25,2016,631.9
A,Annual,ITG2,Sardegna,P3_D_W0_S13,Consumption of general government,G100,Social protection,L_2020,Chain linked - reference year 2020,N,Raw data,2025M12,Dec-25,2017,621.7
A,Annual,ITG2,Sardegna,P3_D_W0_S13,Consumption of general government,G100,Social protection,L_2020,Chain linked - reference year 2020,N,Raw data,2025M12,Dec-25,2018,612.6
A,Annual,ITG2,Sardegna,P3_D_W0_S13,Consumption of general government,G100,Social protection,L_2020,Chain linked - reference year 2020,N,Raw data,2025M12,Dec-25,2019,585.9
A,Annual,ITG2,Sardegna,P3_D_W0_S13,Consumption of general government,G100,Social protection,L_2020,Chain linked - reference year 2020,N,Raw data,2025M12,Dec-25,2020,562.2
A,Annual,ITG2,Sardegna,P3_D_W0_S13,Consumption of general government,G100,Social protection,L_2020,Chain linked - reference year 2020,N,Raw data,2025M12,Dec-25,2021,584.7
A,Annual,ITG2,Sardegna,P3_D_W0_S13,Consumption of general government,G100,Social protection,L_2020,Chain linked - reference year 2020,N,Raw data,2025M12,Dec-25,2022,676.4
A,Annual,ITG2,Sardegna,P3_D_W0_S13,Consumption of general government,G100,Social protection,L_2020,Chain linked - reference year 2020,N,Raw data,2025M12,Dec-25,2023,788.9
