FREQ,Frequency,REF_AREA,Territory,DATA_TYPE,Indicator,ACCIDENT_LOCALIZATON,Localization of the accident,INTERSECTION,Intersection (DESC),TY_ROAD_ACCIDENT,Road accident type,RESULT,Result (DESC),PERSON_CLASS,Person class,AGE,Age (DESC),SEX,Sex (DESC),MONTH,Month (DESC),TIME_PERIOD,Observation
A,Annual,ITC1,Piemonte,KILLINJ,Killed and injured,9,Total,9,Total,9,Total,M,Killed,C,Driver,TOTAL,Total,9,Total,99,Total,2010,233
A,Annual,ITC1,Piemonte,KILLINJ,Killed and injured,9,Total,9,Total,9,Total,M,Killed,C,Driver,TOTAL,Total,9,Total,99,Total,2011,206
A,Annual,ITC1,Piemonte,KILLINJ,Killed and injured,9,Total,9,Total,9,Total,M,Killed,C,Driver,TOTAL,Total,9,Total,99,Total,2012,219
A,Annual,ITC1,Piemonte,KILLINJ,Killed and injured,9,Total,9,Total,9,Total,M,Killed,C,Driver,TOTAL,Total,9,Total,99,Total,2013,184
A,Annual,ITC1,Piemonte,KILLINJ,Killed and injured,9,Total,9,Total,9,Total,M,Killed,C,Driver,TOTAL,Total,9,Total,99,Total,2014,179
A,Annual,ITC1,Piemonte,KILLINJ,Killed and injured,9,Total,9,Total,9,Total,M,Killed,C,Driver,TOTAL,Total,9,Total,99,Total,2015,165
A,Annual,ITC1,Piemonte,KILLINJ,Killed and injured,9,Total,9,Total,9,Total,M,Killed,C,Driver,TOTAL,Total,9,Total,99,Total,2016,164
A,Annual,ITC1,Piemonte,KILLINJ,Killed and injured,9,Total,9,Total,9,Total,M,Killed,C,Driver,TOTAL,Total,9,Total,99,Total,2017,184
A,Annual,ITC1,Piemonte,KILLINJ,Killed and injured,9,Total,9,Total,9,Total,M,Killed,C,Driver,TOTAL,Total,9,Total,99,Total,2018,174
A,Annual,ITC1,Piemonte,KILLINJ,Killed and injured,9,Total,9,Total,9,Total,M,Killed,C,Driver,TOTAL,Total,9,Total,99,Total,2019,164
A,Annual,ITC1,Piemonte,KILLINJ,Killed and injured,9,Total,9,Total,9,Total,M,Killed,C,Driver,TOTAL,Total,9,Total,99,Total,2020,128
A,Annual,ITC1,Piemonte,KILLINJ,Killed and injured,9,Total,9,Total,9,Total,M,Killed,C,Driver,TOTAL,Total,9,Total,99,Total,2021,144
A,Annual,ITC1,Piemonte,KILLINJ,Killed and injured,9,Total,9,Total,9,Total,M,Killed,C,Driver,TOTAL,Total,9,Total,99,Total,2022,162
A,Annual,ITC1,Piemonte,KILLINJ,Killed and injured,9,Total,9,Total,9,Total,M,Killed,C,Driver,TOTAL,Total,9,Total,99,Total,2023,132
A,Annual,ITC1,Piemonte,KILLINJ,Killed and injured,9,Total,9,Total,9,Total,M,Killed,C,Driver,TOTAL,Total,9,Total,99,Total,2024,116
A,Annual,ITC1,Piemonte,KILLINJ,Killed and injured,9,Total,9,Total,9,Total,M,Killed,P,Passenger,TOTAL,Total,9,Total,99,Total,2010,40
A,Annual,ITC1,Piemonte,KILLINJ,Killed and injured,9,Total,9,Total,9,Total,M,Killed,P,Passenger,TOTAL,Total,9,Total,99,Total,2011,53
A,Annual,ITC1,Piemonte,KILLINJ,Killed and injured,9,Total,9,Total,9,Total,M,Killed,P,Passenger,TOTAL,Total,9,Total,99,Total,2012,26
A,Annual,ITC1,Piemonte,KILLINJ,Killed and injured,9,Total,9,Total,9,Total,M,Killed,P,Passenger,TOTAL,Total,9,Total,99,Total,2013,36
A,Annual,ITC1,Piemonte,KILLINJ,Killed and injured,9,Total,9,Total,9,Total,M,Killed,P,Passenger,TOTAL,Total,9,Total,99,Total,2014,34
A,Annual,ITC1,Piemonte,KILLINJ,Killed and injured,9,Total,9,Total,9,Total,M,Killed,P,Passenger,TOTAL,Total,9,Total,99,Total,2015,47
A,Annual,ITC1,Piemonte,KILLINJ,Killed and injured,9,Total,9,Total,9,Total,M,Killed,P,Passenger,TOTAL,Total,9,Total,99,Total,2016,32
A,Annual,ITC1,Piemonte,KILLINJ,Killed and injured,9,Total,9,Total,9,Total,M,Killed,P,Passenger,TOTAL,Total,9,Total,99,Total,2017,45
A,Annual,ITC1,Piemonte,KILLINJ,Killed and injured,9,Total,9,Total,9,Total,M,Killed,P,Passenger,TOTAL,Total,9,Total,99,Total,2018,28
A,Annual,ITC1,Piemonte,KILLINJ,Killed and injured,9,Total,9,Total,9,Total,M,Killed,P,Passenger,TOTAL,Total,9,Total,99,Total,2019,30
A,Annual,ITC1,Piemonte,KILLINJ,Killed and injured,9,Total,9,Total,9,Total,M,Killed,P,Passenger,TOTAL,Total,9,Total,99,Total,2020,25
A,Annual,ITC1,Piemonte,KILLINJ,Killed and injured,9,Total,9,Total,9,Total,M,Killed,P,Passenger,TOTAL,Total,9,Total,99,Total,2021,19
A,Annual,ITC1,Piemonte,KILLINJ,Killed and injured,9,Total,9,Total,9,Total,M,Killed,P,Passenger,TOTAL,Total,9,Total,99,Total,2022,39
A,Annual,ITC1,Piemonte,KILLINJ,Killed and injured,9,Total,9,Total,9,Total,M,Killed,P,Passenger,TOTAL,Total,9,Total,99,Total,2023,20
A,Annual,ITC1,Piemonte,KILLINJ,Killed and injured,9,Total,9,Total,9,Total,M,Killed,P,Passenger,TOTAL,Total,9,Total,99,Total,2024,23
A,Annual,ITC1,Piemonte,KILLINJ,Killed and injured,9,Total,9,Total,9,Total,M,Killed,X,Pedestrian,TOTAL,Total,9,Total,99,Total,2010,54
A,Annual,ITC1,Piemonte,KILLINJ,Killed and injured,9,Total,9,Total,9,Total,M,Killed,X,Pedestrian,TOTAL,Total,9,Total,99,Total,2011,61
A,Annual,ITC1,Piemonte,KILLINJ,Killed and injured,9,Total,9,Total,9,Total,M,Killed,X,Pedestrian,TOTAL,Total,9,Total,99,Total,2012,41
A,Annual,ITC1,Piemonte,KILLINJ,Killed and injured,9,Total,9,Total,9,Total,M,Killed,X,Pedestrian,TOTAL,Total,9,Total,99,Total,2013,39
A,Annual,ITC1,Piemonte,KILLINJ,Killed and injured,9,Total,9,Total,9,Total,M,Killed,X,Pedestrian,TOTAL,Total,9,Total,99,Total,2014,52
A,Annual,ITC1,Piemonte,KILLINJ,Killed and injured,9,Total,9,Total,9,Total,M,Killed,X,Pedestrian,TOTAL,Total,9,Total,99,Total,2015,34
A,Annual,ITC1,Piemonte,KILLINJ,Killed and injured,9,Total,9,Total,9,Total,M,Killed,X,Pedestrian,TOTAL,Total,9,Total,99,Total,2016,51
A,Annual,ITC1,Piemonte,KILLINJ,Killed and injured,9,Total,9,Total,9,Total,M,Killed,X,Pedestrian,TOTAL,Total,9,Total,99,Total,2017,50
A,Annual,ITC1,Piemonte,KILLINJ,Killed and injured,9,Total,9,Total,9,Total,M,Killed,X,Pedestrian,TOTAL,Total,9,Total,99,Total,2018,49
A,Annual,ITC1,Piemonte,KILLINJ,Killed and injured,9,Total,9,Total,9,Total,M,Killed,X,Pedestrian,TOTAL,Total,9,Total,99,Total,2019,38
A,Annual,ITC1,Piemonte,KILLINJ,Killed and injured,9,Total,9,Total,9,Total,M,Killed,X,Pedestrian,TOTAL,Total,9,Total,99,Total,2020,29
A,Annual,ITC1,Piemonte,KILLINJ,Killed and injured,9,Total,9,Total,9,Total,M,Killed,X,Pedestrian,TOTAL,Total,9,Total,99,Total,2021,29
A,Annual,ITC1,Piemonte,KILLINJ,Killed and injured,9,Total,9,Total,9,Total,M,Killed,X,Pedestrian,TOTAL,Total,9,Total,99,Total,2022,40
A,Annual,ITC1,Piemonte,KILLINJ,Killed and injured,9,Total,9,Total,9,Total,M,Killed,X,Pedestrian,TOTAL,Total,9,Total,99,Total,2023,26
A,Annual,ITC1,Piemonte,KILLINJ,Killed and injured,9,Total,9,Total,9,Total,M,Killed,X,Pedestrian,TOTAL,Total,9,Total,99,Total,2024,32
A,Annual,ITC1,Piemonte,KILLINJ,Killed and injured,9,Total,9,Total,9,Total,M,Killed,9,Total,TOTAL,Total,9,Total,99,Total,2010,327
A,Annual,ITC1,Piemonte,KILLINJ,Killed and injured,9,Total,9,Total,9,Total,M,Killed,9,Total,TOTAL,Total,9,Total,99,Total,2011,320
A,Annual,ITC1,Piemonte,KILLINJ,Killed and injured,9,Total,9,Total,9,Total,M,Killed,9,Total,TOTAL,Total,9,Total,99,Total,2012,286
A,Annual,ITC1,Piemonte,KILLINJ,Killed and injured,9,Total,9,Total,9,Total,M,Killed,9,Total,TOTAL,Total,9,Total,99,Total,2013,259
A,Annual,ITC1,Piemonte,KILLINJ,Killed and injured,9,Total,9,Total,9,Total,M,Killed,9,Total,TOTAL,Total,9,Total,99,Total,2014,265
A,Annual,ITC1,Piemonte,KILLINJ,Killed and injured,9,Total,9,Total,9,Total,M,Killed,9,Total,TOTAL,Total,9,Total,99,Total,2015,246
A,Annual,ITC1,Piemonte,KILLINJ,Killed and injured,9,Total,9,Total,9,Total,M,Killed,9,Total,TOTAL,Total,9,Total,99,Total,2016,247
A,Annual,ITC1,Piemonte,KILLINJ,Killed and injured,9,Total,9,Total,9,Total,M,Killed,9,Total,TOTAL,Total,9,Total,99,Total,2017,279
A,Annual,ITC1,Piemonte,KILLINJ,Killed and injured,9,Total,9,Total,9,Total,M,Killed,9,Total,TOTAL,Total,9,Total,99,Total,2018,251
A,Annual,ITC1,Piemonte,KILLINJ,Killed and injured,9,Total,9,Total,9,Total,M,Killed,9,Total,TOTAL,Total,9,Total,99,Total,2019,232
A,Annual,ITC1,Piemonte,KILLINJ,Killed and injured,9,Total,9,Total,9,Total,M,Killed,9,Total,TOTAL,Total,9,Total,99,Total,2020,182
A,Annual,ITC1,Piemonte,KILLINJ,Killed and injured,9,Total,9,Total,9,Total,M,Killed,9,Total,TOTAL,Total,9,Total,99,Total,2021,192
A,Annual,ITC1,Piemonte,KILLINJ,Killed and injured,9,Total,9,Total,9,Total,M,Killed,9,Total,TOTAL,Total,9,Total,99,Total,2022,241
A,Annual,ITC1,Piemonte,KILLINJ,Killed and injured,9,Total,9,Total,9,Total,M,Killed,9,Total,TOTAL,Total,9,Total,99,Total,2023,178
A,Annual,ITC1,Piemonte,KILLINJ,Killed and injured,9,Total,9,Total,9,Total,M,Killed,9,Total,TOTAL,Total,9,Total,99,Total,2024,171
A,Annual,ITC1,Piemonte,KILLINJ,Killed and injured,9,Total,9,Total,9,Total,F,Injured,C,Driver,TOTAL,Total,9,Total,99,Total,2010,12998
A,Annual,ITC1,Piemonte,KILLINJ,Killed and injured,9,Total,9,Total,9,Total,F,Injured,C,Driver,TOTAL,Total,9,Total,99,Total,2011,12727
A,Annual,ITC1,Piemonte,KILLINJ,Killed and injured,9,Total,9,Total,9,Total,F,Injured,C,Driver,TOTAL,Total,9,Total,99,Total,2012,11538
A,Annual,ITC1,Piemonte,KILLINJ,Killed and injured,9,Total,9,Total,9,Total,F,Injured,C,Driver,TOTAL,Total,9,Total,99,Total,2013,10610
A,Annual,ITC1,Piemonte,KILLINJ,Killed and injured,9,Total,9,Total,9,Total,F,Injured,C,Driver,TOTAL,Total,9,Total,99,Total,2014,10715
A,Annual,ITC1,Piemonte,KILLINJ,Killed and injured,9,Total,9,Total,9,Total,F,Injured,C,Driver,TOTAL,Total,9,Total,99,Total,2015,10544
A,Annual,ITC1,Piemonte,KILLINJ,Killed and injured,9,Total,9,Total,9,Total,F,Injured,C,Driver,TOTAL,Total,9,Total,99,Total,2016,10429
A,Annual,ITC1,Piemonte,KILLINJ,Killed and injured,9,Total,9,Total,9,Total,F,Injured,C,Driver,TOTAL,Total,9,Total,99,Total,2017,10343
A,Annual,ITC1,Piemonte,KILLINJ,Killed and injured,9,Total,9,Total,9,Total,F,Injured,C,Driver,TOTAL,Total,9,Total,99,Total,2018,10299
A,Annual,ITC1,Piemonte,KILLINJ,Killed and injured,9,Total,9,Total,9,Total,F,Injured,C,Driver,TOTAL,Total,9,Total,99,Total,2019,10038
A,Annual,ITC1,Piemonte,KILLINJ,Killed and injured,9,Total,9,Total,9,Total,F,Injured,C,Driver,TOTAL,Total,9,Total,99,Total,2020,6779
A,Annual,ITC1,Piemonte,KILLINJ,Killed and injured,9,Total,9,Total,9,Total,F,Injured,C,Driver,TOTAL,Total,9,Total,99,Total,2021,9330
A,Annual,ITC1,Piemonte,KILLINJ,Killed and injured,9,Total,9,Total,9,Total,F,Injured,C,Driver,TOTAL,Total,9,Total,99,Total,2022,9677
A,Annual,ITC1,Piemonte,KILLINJ,Killed and injured,9,Total,9,Total,9,Total,F,Injured,C,Driver,TOTAL,Total,9,Total,99,Total,2023,9420
A,Annual,ITC1,Piemonte,KILLINJ,Killed and injured,9,Total,9,Total,9,Total,F,Injured,C,Driver,TOTAL,Total,9,Total,99,Total,2024,9925
A,Annual,ITC1,Piemonte,KILLINJ,Killed and injured,9,Total,9,Total,9,Total,F,Injured,P,Passenger,TOTAL,Total,9,Total,99,Total,2010,5304
A,Annual,ITC1,Piemonte,KILLINJ,Killed and injured,9,Total,9,Total,9,Total,F,Injured,P,Passenger,TOTAL,Total,9,Total,99,Total,2011,4962
A,Annual,ITC1,Piemonte,KILLINJ,Killed and injured,9,Total,9,Total,9,Total,F,Injured,P,Passenger,TOTAL,Total,9,Total,99,Total,2012,4461
A,Annual,ITC1,Piemonte,KILLINJ,Killed and injured,9,Total,9,Total,9,Total,F,Injured,P,Passenger,TOTAL,Total,9,Total,99,Total,2013,4169
A,Annual,ITC1,Piemonte,KILLINJ,Killed and injured,9,Total,9,Total,9,Total,F,Injured,P,Passenger,TOTAL,Total,9,Total,99,Total,2014,4010
A,Annual,ITC1,Piemonte,KILLINJ,Killed and injured,9,Total,9,Total,9,Total,F,Injured,P,Passenger,TOTAL,Total,9,Total,99,Total,2015,4155
A,Annual,ITC1,Piemonte,KILLINJ,Killed and injured,9,Total,9,Total,9,Total,F,Injured,P,Passenger,TOTAL,Total,9,Total,99,Total,2016,3798
A,Annual,ITC1,Piemonte,KILLINJ,Killed and injured,9,Total,9,Total,9,Total,F,Injured,P,Passenger,TOTAL,Total,9,Total,99,Total,2017,3876
A,Annual,ITC1,Piemonte,KILLINJ,Killed and injured,9,Total,9,Total,9,Total,F,Injured,P,Passenger,TOTAL,Total,9,Total,99,Total,2018,3879
A,Annual,ITC1,Piemonte,KILLINJ,Killed and injured,9,Total,9,Total,9,Total,F,Injured,P,Passenger,TOTAL,Total,9,Total,99,Total,2019,3646
A,Annual,ITC1,Piemonte,KILLINJ,Killed and injured,9,Total,9,Total,9,Total,F,Injured,P,Passenger,TOTAL,Total,9,Total,99,Total,2020,2103
A,Annual,ITC1,Piemonte,KILLINJ,Killed and injured,9,Total,9,Total,9,Total,F,Injured,P,Passenger,TOTAL,Total,9,Total,99,Total,2021,2883
A,Annual,ITC1,Piemonte,KILLINJ,Killed and injured,9,Total,9,Total,9,Total,F,Injured,P,Passenger,TOTAL,Total,9,Total,99,Total,2022,3108
A,Annual,ITC1,Piemonte,KILLINJ,Killed and injured,9,Total,9,Total,9,Total,F,Injured,P,Passenger,TOTAL,Total,9,Total,99,Total,2023,3110
A,Annual,ITC1,Piemonte,KILLINJ,Killed and injured,9,Total,9,Total,9,Total,F,Injured,P,Passenger,TOTAL,Total,9,Total,99,Total,2024,3298
A,Annual,ITC1,Piemonte,KILLINJ,Killed and injured,9,Total,9,Total,9,Total,F,Injured,X,Pedestrian,TOTAL,Total,9,Total,99,Total,2010,1663
A,Annual,ITC1,Piemonte,KILLINJ,Killed and injured,9,Total,9,Total,9,Total,F,Injured,X,Pedestrian,TOTAL,Total,9,Total,99,Total,2011,1643
A,Annual,ITC1,Piemonte,KILLINJ,Killed and injured,9,Total,9,Total,9,Total,F,Injured,X,Pedestrian,TOTAL,Total,9,Total,99,Total,2012,1588
A,Annual,ITC1,Piemonte,KILLINJ,Killed and injured,9,Total,9,Total,9,Total,F,Injured,X,Pedestrian,TOTAL,Total,9,Total,99,Total,2013,1595
A,Annual,ITC1,Piemonte,KILLINJ,Killed and injured,9,Total,9,Total,9,Total,F,Injured,X,Pedestrian,TOTAL,Total,9,Total,99,Total,2014,1738
A,Annual,ITC1,Piemonte,KILLINJ,Killed and injured,9,Total,9,Total,9,Total,F,Injured,X,Pedestrian,TOTAL,Total,9,Total,99,Total,2015,1579
A,Annual,ITC1,Piemonte,KILLINJ,Killed and injured,9,Total,9,Total,9,Total,F,Injured,X,Pedestrian,TOTAL,Total,9,Total,99,Total,2016,1565
A,Annual,ITC1,Piemonte,KILLINJ,Killed and injured,9,Total,9,Total,9,Total,F,Injured,X,Pedestrian,TOTAL,Total,9,Total,99,Total,2017,1564
A,Annual,ITC1,Piemonte,KILLINJ,Killed and injured,9,Total,9,Total,9,Total,F,Injured,X,Pedestrian,TOTAL,Total,9,Total,99,Total,2018,1566
A,Annual,ITC1,Piemonte,KILLINJ,Killed and injured,9,Total,9,Total,9,Total,F,Injured,X,Pedestrian,TOTAL,Total,9,Total,99,Total,2019,1643
A,Annual,ITC1,Piemonte,KILLINJ,Killed and injured,9,Total,9,Total,9,Total,F,Injured,X,Pedestrian,TOTAL,Total,9,Total,99,Total,2020,955
A,Annual,ITC1,Piemonte,KILLINJ,Killed and injured,9,Total,9,Total,9,Total,F,Injured,X,Pedestrian,TOTAL,Total,9,Total,99,Total,2021,1264
A,Annual,ITC1,Piemonte,KILLINJ,Killed and injured,9,Total,9,Total,9,Total,F,Injured,X,Pedestrian,TOTAL,Total,9,Total,99,Total,2022,1299
A,Annual,ITC1,Piemonte,KILLINJ,Killed and injured,9,Total,9,Total,9,Total,F,Injured,X,Pedestrian,TOTAL,Total,9,Total,99,Total,2023,1388
A,Annual,ITC1,Piemonte,KILLINJ,Killed and injured,9,Total,9,Total,9,Total,F,Injured,X,Pedestrian,TOTAL,Total,9,Total,99,Total,2024,1469
A,Annual,ITC1,Piemonte,KILLINJ,Killed and injured,9,Total,9,Total,9,Total,F,Injured,9,Total,TOTAL,Total,9,Total,99,Total,2010,19965
A,Annual,ITC1,Piemonte,KILLINJ,Killed and injured,9,Total,9,Total,9,Total,F,Injured,9,Total,TOTAL,Total,9,Total,99,Total,2011,19332
A,Annual,ITC1,Piemonte,KILLINJ,Killed and injured,9,Total,9,Total,9,Total,F,Injured,9,Total,TOTAL,Total,9,Total,99,Total,2012,17587
A,Annual,ITC1,Piemonte,KILLINJ,Killed and injured,9,Total,9,Total,9,Total,F,Injured,9,Total,TOTAL,Total,9,Total,99,Total,2013,16374
A,Annual,ITC1,Piemonte,KILLINJ,Killed and injured,9,Total,9,Total,9,Total,F,Injured,9,Total,TOTAL,Total,9,Total,99,Total,2014,16463
A,Annual,ITC1,Piemonte,KILLINJ,Killed and injured,9,Total,9,Total,9,Total,F,Injured,9,Total,TOTAL,Total,9,Total,99,Total,2015,16278
A,Annual,ITC1,Piemonte,KILLINJ,Killed and injured,9,Total,9,Total,9,Total,F,Injured,9,Total,TOTAL,Total,9,Total,99,Total,2016,15792
A,Annual,ITC1,Piemonte,KILLINJ,Killed and injured,9,Total,9,Total,9,Total,F,Injured,9,Total,TOTAL,Total,9,Total,99,Total,2017,15783
A,Annual,ITC1,Piemonte,KILLINJ,Killed and injured,9,Total,9,Total,9,Total,F,Injured,9,Total,TOTAL,Total,9,Total,99,Total,2018,15744
A,Annual,ITC1,Piemonte,KILLINJ,Killed and injured,9,Total,9,Total,9,Total,F,Injured,9,Total,TOTAL,Total,9,Total,99,Total,2019,15327
A,Annual,ITC1,Piemonte,KILLINJ,Killed and injured,9,Total,9,Total,9,Total,F,Injured,9,Total,TOTAL,Total,9,Total,99,Total,2020,9837
A,Annual,ITC1,Piemonte,KILLINJ,Killed and injured,9,Total,9,Total,9,Total,F,Injured,9,Total,TOTAL,Total,9,Total,99,Total,2021,13477
A,Annual,ITC1,Piemonte,KILLINJ,Killed and injured,9,Total,9,Total,9,Total,F,Injured,9,Total,TOTAL,Total,9,Total,99,Total,2022,14084
A,Annual,ITC1,Piemonte,KILLINJ,Killed and injured,9,Total,9,Total,9,Total,F,Injured,9,Total,TOTAL,Total,9,Total,99,Total,2023,13918
A,Annual,ITC1,Piemonte,KILLINJ,Killed and injured,9,Total,9,Total,9,Total,F,Injured,9,Total,TOTAL,Total,9,Total,99,Total,2024,14692
A,Annual,ITC1,Piemonte,KILLINJ,Killed and injured,9,Total,9,Total,9,Total,9,Total,C,Driver,TOTAL,Total,9,Total,99,Total,2010,13231
A,Annual,ITC1,Piemonte,KILLINJ,Killed and injured,9,Total,9,Total,9,Total,9,Total,C,Driver,TOTAL,Total,9,Total,99,Total,2011,12933
A,Annual,ITC1,Piemonte,KILLINJ,Killed and injured,9,Total,9,Total,9,Total,9,Total,C,Driver,TOTAL,Total,9,Total,99,Total,2012,11757
A,Annual,ITC1,Piemonte,KILLINJ,Killed and injured,9,Total,9,Total,9,Total,9,Total,C,Driver,TOTAL,Total,9,Total,99,Total,2013,10794
A,Annual,ITC1,Piemonte,KILLINJ,Killed and injured,9,Total,9,Total,9,Total,9,Total,C,Driver,TOTAL,Total,9,Total,99,Total,2014,10894
A,Annual,ITC1,Piemonte,KILLINJ,Killed and injured,9,Total,9,Total,9,Total,9,Total,C,Driver,TOTAL,Total,9,Total,99,Total,2015,10709
A,Annual,ITC1,Piemonte,KILLINJ,Killed and injured,9,Total,9,Total,9,Total,9,Total,C,Driver,TOTAL,Total,9,Total,99,Total,2016,10593
A,Annual,ITC1,Piemonte,KILLINJ,Killed and injured,9,Total,9,Total,9,Total,9,Total,C,Driver,TOTAL,Total,9,Total,99,Total,2017,10527
A,Annual,ITC1,Piemonte,KILLINJ,Killed and injured,9,Total,9,Total,9,Total,9,Total,C,Driver,TOTAL,Total,9,Total,99,Total,2018,10473
A,Annual,ITC1,Piemonte,KILLINJ,Killed and injured,9,Total,9,Total,9,Total,9,Total,C,Driver,TOTAL,Total,9,Total,99,Total,2019,10202
A,Annual,ITC1,Piemonte,KILLINJ,Killed and injured,9,Total,9,Total,9,Total,9,Total,C,Driver,TOTAL,Total,9,Total,99,Total,2020,6907
A,Annual,ITC1,Piemonte,KILLINJ,Killed and injured,9,Total,9,Total,9,Total,9,Total,C,Driver,TOTAL,Total,9,Total,99,Total,2021,9474
A,Annual,ITC1,Piemonte,KILLINJ,Killed and injured,9,Total,9,Total,9,Total,9,Total,C,Driver,TOTAL,Total,9,Total,99,Total,2022,9839
A,Annual,ITC1,Piemonte,KILLINJ,Killed and injured,9,Total,9,Total,9,Total,9,Total,C,Driver,TOTAL,Total,9,Total,99,Total,2023,9552
A,Annual,ITC1,Piemonte,KILLINJ,Killed and injured,9,Total,9,Total,9,Total,9,Total,C,Driver,TOTAL,Total,9,Total,99,Total,2024,10041
A,Annual,ITC1,Piemonte,KILLINJ,Killed and injured,9,Total,9,Total,9,Total,9,Total,P,Passenger,TOTAL,Total,9,Total,99,Total,2010,5344
A,Annual,ITC1,Piemonte,KILLINJ,Killed and injured,9,Total,9,Total,9,Total,9,Total,P,Passenger,TOTAL,Total,9,Total,99,Total,2011,5015
A,Annual,ITC1,Piemonte,KILLINJ,Killed and injured,9,Total,9,Total,9,Total,9,Total,P,Passenger,TOTAL,Total,9,Total,99,Total,2012,4487
A,Annual,ITC1,Piemonte,KILLINJ,Killed and injured,9,Total,9,Total,9,Total,9,Total,P,Passenger,TOTAL,Total,9,Total,99,Total,2013,4205
A,Annual,ITC1,Piemonte,KILLINJ,Killed and injured,9,Total,9,Total,9,Total,9,Total,P,Passenger,TOTAL,Total,9,Total,99,Total,2014,4044
A,Annual,ITC1,Piemonte,KILLINJ,Killed and injured,9,Total,9,Total,9,Total,9,Total,P,Passenger,TOTAL,Total,9,Total,99,Total,2015,4202
A,Annual,ITC1,Piemonte,KILLINJ,Killed and injured,9,Total,9,Total,9,Total,9,Total,P,Passenger,TOTAL,Total,9,Total,99,Total,2016,3830
A,Annual,ITC1,Piemonte,KILLINJ,Killed and injured,9,Total,9,Total,9,Total,9,Total,P,Passenger,TOTAL,Total,9,Total,99,Total,2017,3921
A,Annual,ITC1,Piemonte,KILLINJ,Killed and injured,9,Total,9,Total,9,Total,9,Total,P,Passenger,TOTAL,Total,9,Total,99,Total,2018,3907
A,Annual,ITC1,Piemonte,KILLINJ,Killed and injured,9,Total,9,Total,9,Total,9,Total,P,Passenger,TOTAL,Total,9,Total,99,Total,2019,3676
A,Annual,ITC1,Piemonte,KILLINJ,Killed and injured,9,Total,9,Total,9,Total,9,Total,P,Passenger,TOTAL,Total,9,Total,99,Total,2020,2128
A,Annual,ITC1,Piemonte,KILLINJ,Killed and injured,9,Total,9,Total,9,Total,9,Total,P,Passenger,TOTAL,Total,9,Total,99,Total,2021,2902
A,Annual,ITC1,Piemonte,KILLINJ,Killed and injured,9,Total,9,Total,9,Total,9,Total,P,Passenger,TOTAL,Total,9,Total,99,Total,2022,3147
A,Annual,ITC1,Piemonte,KILLINJ,Killed and injured,9,Total,9,Total,9,Total,9,Total,P,Passenger,TOTAL,Total,9,Total,99,Total,2023,3130
A,Annual,ITC1,Piemonte,KILLINJ,Killed and injured,9,Total,9,Total,9,Total,9,Total,P,Passenger,TOTAL,Total,9,Total,99,Total,2024,3321
A,Annual,ITC1,Piemonte,KILLINJ,Killed and injured,9,Total,9,Total,9,Total,9,Total,X,Pedestrian,TOTAL,Total,9,Total,99,Total,2010,1717
A,Annual,ITC1,Piemonte,KILLINJ,Killed and injured,9,Total,9,Total,9,Total,9,Total,X,Pedestrian,TOTAL,Total,9,Total,99,Total,2011,1704
A,Annual,ITC1,Piemonte,KILLINJ,Killed and injured,9,Total,9,Total,9,Total,9,Total,X,Pedestrian,TOTAL,Total,9,Total,99,Total,2012,1629
A,Annual,ITC1,Piemonte,KILLINJ,Killed and injured,9,Total,9,Total,9,Total,9,Total,X,Pedestrian,TOTAL,Total,9,Total,99,Total,2013,1634
A,Annual,ITC1,Piemonte,KILLINJ,Killed and injured,9,Total,9,Total,9,Total,9,Total,X,Pedestrian,TOTAL,Total,9,Total,99,Total,2014,1790
A,Annual,ITC1,Piemonte,KILLINJ,Killed and injured,9,Total,9,Total,9,Total,9,Total,X,Pedestrian,TOTAL,Total,9,Total,99,Total,2015,1613
A,Annual,ITC1,Piemonte,KILLINJ,Killed and injured,9,Total,9,Total,9,Total,9,Total,X,Pedestrian,TOTAL,Total,9,Total,99,Total,2016,1616
A,Annual,ITC1,Piemonte,KILLINJ,Killed and injured,9,Total,9,Total,9,Total,9,Total,X,Pedestrian,TOTAL,Total,9,Total,99,Total,2017,1614
A,Annual,ITC1,Piemonte,KILLINJ,Killed and injured,9,Total,9,Total,9,Total,9,Total,X,Pedestrian,TOTAL,Total,9,Total,99,Total,2018,1615
A,Annual,ITC1,Piemonte,KILLINJ,Killed and injured,9,Total,9,Total,9,Total,9,Total,X,Pedestrian,TOTAL,Total,9,Total,99,Total,2019,1681
A,Annual,ITC1,Piemonte,KILLINJ,Killed and injured,9,Total,9,Total,9,Total,9,Total,X,Pedestrian,TOTAL,Total,9,Total,99,Total,2020,984
A,Annual,ITC1,Piemonte,KILLINJ,Killed and injured,9,Total,9,Total,9,Total,9,Total,X,Pedestrian,TOTAL,Total,9,Total,99,Total,2021,1293
A,Annual,ITC1,Piemonte,KILLINJ,Killed and injured,9,Total,9,Total,9,Total,9,Total,X,Pedestrian,TOTAL,Total,9,Total,99,Total,2022,1339
A,Annual,ITC1,Piemonte,KILLINJ,Killed and injured,9,Total,9,Total,9,Total,9,Total,X,Pedestrian,TOTAL,Total,9,Total,99,Total,2023,1414
A,Annual,ITC1,Piemonte,KILLINJ,Killed and injured,9,Total,9,Total,9,Total,9,Total,X,Pedestrian,TOTAL,Total,9,Total,99,Total,2024,1501
A,Annual,ITC1,Piemonte,KILLINJ,Killed and injured,9,Total,9,Total,9,Total,9,Total,9,Total,TOTAL,Total,9,Total,99,Total,2010,20292
A,Annual,ITC1,Piemonte,KILLINJ,Killed and injured,9,Total,9,Total,9,Total,9,Total,9,Total,TOTAL,Total,9,Total,99,Total,2011,19652
A,Annual,ITC1,Piemonte,KILLINJ,Killed and injured,9,Total,9,Total,9,Total,9,Total,9,Total,TOTAL,Total,9,Total,99,Total,2012,17873
A,Annual,ITC1,Piemonte,KILLINJ,Killed and injured,9,Total,9,Total,9,Total,9,Total,9,Total,TOTAL,Total,9,Total,99,Total,2013,16633
A,Annual,ITC1,Piemonte,KILLINJ,Killed and injured,9,Total,9,Total,9,Total,9,Total,9,Total,TOTAL,Total,9,Total,99,Total,2014,16728
A,Annual,ITC1,Piemonte,KILLINJ,Killed and injured,9,Total,9,Total,9,Total,9,Total,9,Total,TOTAL,Total,9,Total,99,Total,2015,16524
A,Annual,ITC1,Piemonte,KILLINJ,Killed and injured,9,Total,9,Total,9,Total,9,Total,9,Total,TOTAL,Total,9,Total,99,Total,2016,16039
A,Annual,ITC1,Piemonte,KILLINJ,Killed and injured,9,Total,9,Total,9,Total,9,Total,9,Total,TOTAL,Total,9,Total,99,Total,2017,16062
A,Annual,ITC1,Piemonte,KILLINJ,Killed and injured,9,Total,9,Total,9,Total,9,Total,9,Total,TOTAL,Total,9,Total,99,Total,2018,15995
A,Annual,ITC1,Piemonte,KILLINJ,Killed and injured,9,Total,9,Total,9,Total,9,Total,9,Total,TOTAL,Total,9,Total,99,Total,2019,15559
A,Annual,ITC1,Piemonte,KILLINJ,Killed and injured,9,Total,9,Total,9,Total,9,Total,9,Total,TOTAL,Total,9,Total,99,Total,2020,10019
A,Annual,ITC1,Piemonte,KILLINJ,Killed and injured,9,Total,9,Total,9,Total,9,Total,9,Total,TOTAL,Total,9,Total,99,Total,2021,13669
A,Annual,ITC1,Piemonte,KILLINJ,Killed and injured,9,Total,9,Total,9,Total,9,Total,9,Total,TOTAL,Total,9,Total,99,Total,2022,14325
A,Annual,ITC1,Piemonte,KILLINJ,Killed and injured,9,Total,9,Total,9,Total,9,Total,9,Total,TOTAL,Total,9,Total,99,Total,2023,14096
A,Annual,ITC1,Piemonte,KILLINJ,Killed and injured,9,Total,9,Total,9,Total,9,Total,9,Total,TOTAL,Total,9,Total,99,Total,2024,14863
A,Annual,ITC2,"'Valle d""'Aosta / Vallée d""'Aoste'",KILLINJ,Killed and injured,9,Total,9,Total,9,Total,M,Killed,C,Driver,TOTAL,Total,9,Total,99,Total,2010,8
A,Annual,ITC2,"'Valle d""'Aosta / Vallée d""'Aoste'",KILLINJ,Killed and injured,9,Total,9,Total,9,Total,M,Killed,C,Driver,TOTAL,Total,9,Total,99,Total,2011,8
A,Annual,ITC2,"'Valle d""'Aosta / Vallée d""'Aoste'",KILLINJ,Killed and injured,9,Total,9,Total,9,Total,M,Killed,C,Driver,TOTAL,Total,9,Total,99,Total,2012,9
A,Annual,ITC2,"'Valle d""'Aosta / Vallée d""'Aoste'",KILLINJ,Killed and injured,9,Total,9,Total,9,Total,M,Killed,C,Driver,TOTAL,Total,9,Total,99,Total,2013,7
A,Annual,ITC2,"'Valle d""'Aosta / Vallée d""'Aoste'",KILLINJ,Killed and injured,9,Total,9,Total,9,Total,M,Killed,C,Driver,TOTAL,Total,9,Total,99,Total,2014,9
A,Annual,ITC2,"'Valle d""'Aosta / Vallée d""'Aoste'",KILLINJ,Killed and injured,9,Total,9,Total,9,Total,M,Killed,C,Driver,TOTAL,Total,9,Total,99,Total,2015,4
A,Annual,ITC2,"'Valle d""'Aosta / Vallée d""'Aoste'",KILLINJ,Killed and injured,9,Total,9,Total,9,Total,M,Killed,C,Driver,TOTAL,Total,9,Total,99,Total,2016,2
A,Annual,ITC2,"'Valle d""'Aosta / Vallée d""'Aoste'",KILLINJ,Killed and injured,9,Total,9,Total,9,Total,M,Killed,C,Driver,TOTAL,Total,9,Total,99,Total,2017,6
A,Annual,ITC2,"'Valle d""'Aosta / Vallée d""'Aoste'",KILLINJ,Killed and injured,9,Total,9,Total,9,Total,M,Killed,C,Driver,TOTAL,Total,9,Total,99,Total,2018,9
A,Annual,ITC2,"'Valle d""'Aosta / Vallée d""'Aoste'",KILLINJ,Killed and injured,9,Total,9,Total,9,Total,M,Killed,C,Driver,TOTAL,Total,9,Total,99,Total,2019,2
A,Annual,ITC2,"'Valle d""'Aosta / Vallée d""'Aoste'",KILLINJ,Killed and injured,9,Total,9,Total,9,Total,M,Killed,C,Driver,TOTAL,Total,9,Total,99,Total,2021,1
A,Annual,ITC2,"'Valle d""'Aosta / Vallée d""'Aoste'",KILLINJ,Killed and injured,9,Total,9,Total,9,Total,M,Killed,C,Driver,TOTAL,Total,9,Total,99,Total,2022,9
A,Annual,ITC2,"'Valle d""'Aosta / Vallée d""'Aoste'",KILLINJ,Killed and injured,9,Total,9,Total,9,Total,M,Killed,C,Driver,TOTAL,Total,9,Total,99,Total,2023,4
A,Annual,ITC2,"'Valle d""'Aosta / Vallée d""'Aoste'",KILLINJ,Killed and injured,9,Total,9,Total,9,Total,M,Killed,C,Driver,TOTAL,Total,9,Total,99,Total,2024,5
A,Annual,ITC2,"'Valle d""'Aosta / Vallée d""'Aoste'",KILLINJ,Killed and injured,9,Total,9,Total,9,Total,M,Killed,P,Passenger,TOTAL,Total,9,Total,99,Total,2010,2
A,Annual,ITC2,"'Valle d""'Aosta / Vallée d""'Aoste'",KILLINJ,Killed and injured,9,Total,9,Total,9,Total,M,Killed,P,Passenger,TOTAL,Total,9,Total,99,Total,2012,2
A,Annual,ITC2,"'Valle d""'Aosta / Vallée d""'Aoste'",KILLINJ,Killed and injured,9,Total,9,Total,9,Total,M,Killed,P,Passenger,TOTAL,Total,9,Total,99,Total,2014,3
A,Annual,ITC2,"'Valle d""'Aosta / Vallée d""'Aoste'",KILLINJ,Killed and injured,9,Total,9,Total,9,Total,M,Killed,P,Passenger,TOTAL,Total,9,Total,99,Total,2015,1
A,Annual,ITC2,"'Valle d""'Aosta / Vallée d""'Aoste'",KILLINJ,Killed and injured,9,Total,9,Total,9,Total,M,Killed,P,Passenger,TOTAL,Total,9,Total,99,Total,2017,2
A,Annual,ITC2,"'Valle d""'Aosta / Vallée d""'Aoste'",KILLINJ,Killed and injured,9,Total,9,Total,9,Total,M,Killed,P,Passenger,TOTAL,Total,9,Total,99,Total,2018,3
A,Annual,ITC2,"'Valle d""'Aosta / Vallée d""'Aoste'",KILLINJ,Killed and injured,9,Total,9,Total,9,Total,M,Killed,P,Passenger,TOTAL,Total,9,Total,99,Total,2019,1
A,Annual,ITC2,"'Valle d""'Aosta / Vallée d""'Aoste'",KILLINJ,Killed and injured,9,Total,9,Total,9,Total,M,Killed,P,Passenger,TOTAL,Total,9,Total,99,Total,2022,1
A,Annual,ITC2,"'Valle d""'Aosta / Vallée d""'Aoste'",KILLINJ,Killed and injured,9,Total,9,Total,9,Total,M,Killed,P,Passenger,TOTAL,Total,9,Total,99,Total,2024,1
A,Annual,ITC2,"'Valle d""'Aosta / Vallée d""'Aoste'",KILLINJ,Killed and injured,9,Total,9,Total,9,Total,M,Killed,X,Pedestrian,TOTAL,Total,9,Total,99,Total,2010,1
A,Annual,ITC2,"'Valle d""'Aosta / Vallée d""'Aoste'",KILLINJ,Killed and injured,9,Total,9,Total,9,Total,M,Killed,X,Pedestrian,TOTAL,Total,9,Total,99,Total,2011,1
A,Annual,ITC2,"'Valle d""'Aosta / Vallée d""'Aoste'",KILLINJ,Killed and injured,9,Total,9,Total,9,Total,M,Killed,X,Pedestrian,TOTAL,Total,9,Total,99,Total,2014,1
A,Annual,ITC2,"'Valle d""'Aosta / Vallée d""'Aoste'",KILLINJ,Killed and injured,9,Total,9,Total,9,Total,M,Killed,X,Pedestrian,TOTAL,Total,9,Total,99,Total,2015,2
A,Annual,ITC2,"'Valle d""'Aosta / Vallée d""'Aoste'",KILLINJ,Killed and injured,9,Total,9,Total,9,Total,M,Killed,X,Pedestrian,TOTAL,Total,9,Total,99,Total,2016,1
A,Annual,ITC2,"'Valle d""'Aosta / Vallée d""'Aoste'",KILLINJ,Killed and injured,9,Total,9,Total,9,Total,M,Killed,X,Pedestrian,TOTAL,Total,9,Total,99,Total,2019,1
A,Annual,ITC2,"'Valle d""'Aosta / Vallée d""'Aoste'",KILLINJ,Killed and injured,9,Total,9,Total,9,Total,M,Killed,X,Pedestrian,TOTAL,Total,9,Total,99,Total,2023,1
A,Annual,ITC2,"'Valle d""'Aosta / Vallée d""'Aoste'",KILLINJ,Killed and injured,9,Total,9,Total,9,Total,M,Killed,X,Pedestrian,TOTAL,Total,9,Total,99,Total,2024,1
A,Annual,ITC2,"'Valle d""'Aosta / Vallée d""'Aoste'",KILLINJ,Killed and injured,9,Total,9,Total,9,Total,M,Killed,9,Total,TOTAL,Total,9,Total,99,Total,2010,11
A,Annual,ITC2,"'Valle d""'Aosta / Vallée d""'Aoste'",KILLINJ,Killed and injured,9,Total,9,Total,9,Total,M,Killed,9,Total,TOTAL,Total,9,Total,99,Total,2011,9
A,Annual,ITC2,"'Valle d""'Aosta / Vallée d""'Aoste'",KILLINJ,Killed and injured,9,Total,9,Total,9,Total,M,Killed,9,Total,TOTAL,Total,9,Total,99,Total,2012,11
A,Annual,ITC2,"'Valle d""'Aosta / Vallée d""'Aoste'",KILLINJ,Killed and injured,9,Total,9,Total,9,Total,M,Killed,9,Total,TOTAL,Total,9,Total,99,Total,2013,7
A,Annual,ITC2,"'Valle d""'Aosta / Vallée d""'Aoste'",KILLINJ,Killed and injured,9,Total,9,Total,9,Total,M,Killed,9,Total,TOTAL,Total,9,Total,99,Total,2014,13
A,Annual,ITC2,"'Valle d""'Aosta / Vallée d""'Aoste'",KILLINJ,Killed and injured,9,Total,9,Total,9,Total,M,Killed,9,Total,TOTAL,Total,9,Total,99,Total,2015,7
A,Annual,ITC2,"'Valle d""'Aosta / Vallée d""'Aoste'",KILLINJ,Killed and injured,9,Total,9,Total,9,Total,M,Killed,9,Total,TOTAL,Total,9,Total,99,Total,2016,3
A,Annual,ITC2,"'Valle d""'Aosta / Vallée d""'Aoste'",KILLINJ,Killed and injured,9,Total,9,Total,9,Total,M,Killed,9,Total,TOTAL,Total,9,Total,99,Total,2017,8
A,Annual,ITC2,"'Valle d""'Aosta / Vallée d""'Aoste'",KILLINJ,Killed and injured,9,Total,9,Total,9,Total,M,Killed,9,Total,TOTAL,Total,9,Total,99,Total,2018,12
A,Annual,ITC2,"'Valle d""'Aosta / Vallée d""'Aoste'",KILLINJ,Killed and injured,9,Total,9,Total,9,Total,M,Killed,9,Total,TOTAL,Total,9,Total,99,Total,2019,4
A,Annual,ITC2,"'Valle d""'Aosta / Vallée d""'Aoste'",KILLINJ,Killed and injured,9,Total,9,Total,9,Total,M,Killed,9,Total,TOTAL,Total,9,Total,99,Total,2021,1
A,Annual,ITC2,"'Valle d""'Aosta / Vallée d""'Aoste'",KILLINJ,Killed and injured,9,Total,9,Total,9,Total,M,Killed,9,Total,TOTAL,Total,9,Total,99,Total,2022,10
A,Annual,ITC2,"'Valle d""'Aosta / Vallée d""'Aoste'",KILLINJ,Killed and injured,9,Total,9,Total,9,Total,M,Killed,9,Total,TOTAL,Total,9,Total,99,Total,2023,5
A,Annual,ITC2,"'Valle d""'Aosta / Vallée d""'Aoste'",KILLINJ,Killed and injured,9,Total,9,Total,9,Total,M,Killed,9,Total,TOTAL,Total,9,Total,99,Total,2024,7
A,Annual,ITC2,"'Valle d""'Aosta / Vallée d""'Aoste'",KILLINJ,Killed and injured,9,Total,9,Total,9,Total,F,Injured,C,Driver,TOTAL,Total,9,Total,99,Total,2010,346
A,Annual,ITC2,"'Valle d""'Aosta / Vallée d""'Aoste'",KILLINJ,Killed and injured,9,Total,9,Total,9,Total,F,Injured,C,Driver,TOTAL,Total,9,Total,99,Total,2011,282
A,Annual,ITC2,"'Valle d""'Aosta / Vallée d""'Aoste'",KILLINJ,Killed and injured,9,Total,9,Total,9,Total,F,Injured,C,Driver,TOTAL,Total,9,Total,99,Total,2012,266
A,Annual,ITC2,"'Valle d""'Aosta / Vallée d""'Aoste'",KILLINJ,Killed and injured,9,Total,9,Total,9,Total,F,Injured,C,Driver,TOTAL,Total,9,Total,99,Total,2013,277
A,Annual,ITC2,"'Valle d""'Aosta / Vallée d""'Aoste'",KILLINJ,Killed and injured,9,Total,9,Total,9,Total,F,Injured,C,Driver,TOTAL,Total,9,Total,99,Total,2014,266
A,Annual,ITC2,"'Valle d""'Aosta / Vallée d""'Aoste'",KILLINJ,Killed and injured,9,Total,9,Total,9,Total,F,Injured,C,Driver,TOTAL,Total,9,Total,99,Total,2015,274
A,Annual,ITC2,"'Valle d""'Aosta / Vallée d""'Aoste'",KILLINJ,Killed and injured,9,Total,9,Total,9,Total,F,Injured,C,Driver,TOTAL,Total,9,Total,99,Total,2016,261
A,Annual,ITC2,"'Valle d""'Aosta / Vallée d""'Aoste'",KILLINJ,Killed and injured,9,Total,9,Total,9,Total,F,Injured,C,Driver,TOTAL,Total,9,Total,99,Total,2017,221
A,Annual,ITC2,"'Valle d""'Aosta / Vallée d""'Aoste'",KILLINJ,Killed and injured,9,Total,9,Total,9,Total,F,Injured,C,Driver,TOTAL,Total,9,Total,99,Total,2018,254
A,Annual,ITC2,"'Valle d""'Aosta / Vallée d""'Aoste'",KILLINJ,Killed and injured,9,Total,9,Total,9,Total,F,Injured,C,Driver,TOTAL,Total,9,Total,99,Total,2019,289
A,Annual,ITC2,"'Valle d""'Aosta / Vallée d""'Aoste'",KILLINJ,Killed and injured,9,Total,9,Total,9,Total,F,Injured,C,Driver,TOTAL,Total,9,Total,99,Total,2020,189
A,Annual,ITC2,"'Valle d""'Aosta / Vallée d""'Aoste'",KILLINJ,Killed and injured,9,Total,9,Total,9,Total,F,Injured,C,Driver,TOTAL,Total,9,Total,99,Total,2021,231
A,Annual,ITC2,"'Valle d""'Aosta / Vallée d""'Aoste'",KILLINJ,Killed and injured,9,Total,9,Total,9,Total,F,Injured,C,Driver,TOTAL,Total,9,Total,99,Total,2022,315
A,Annual,ITC2,"'Valle d""'Aosta / Vallée d""'Aoste'",KILLINJ,Killed and injured,9,Total,9,Total,9,Total,F,Injured,C,Driver,TOTAL,Total,9,Total,99,Total,2023,275
A,Annual,ITC2,"'Valle d""'Aosta / Vallée d""'Aoste'",KILLINJ,Killed and injured,9,Total,9,Total,9,Total,F,Injured,C,Driver,TOTAL,Total,9,Total,99,Total,2024,262
A,Annual,ITC2,"'Valle d""'Aosta / Vallée d""'Aoste'",KILLINJ,Killed and injured,9,Total,9,Total,9,Total,F,Injured,P,Passenger,TOTAL,Total,9,Total,99,Total,2010,110
A,Annual,ITC2,"'Valle d""'Aosta / Vallée d""'Aoste'",KILLINJ,Killed and injured,9,Total,9,Total,9,Total,F,Injured,P,Passenger,TOTAL,Total,9,Total,99,Total,2011,76
A,Annual,ITC2,"'Valle d""'Aosta / Vallée d""'Aoste'",KILLINJ,Killed and injured,9,Total,9,Total,9,Total,F,Injured,P,Passenger,TOTAL,Total,9,Total,99,Total,2012,94
A,Annual,ITC2,"'Valle d""'Aosta / Vallée d""'Aoste'",KILLINJ,Killed and injured,9,Total,9,Total,9,Total,F,Injured,P,Passenger,TOTAL,Total,9,Total,99,Total,2013,106
A,Annual,ITC2,"'Valle d""'Aosta / Vallée d""'Aoste'",KILLINJ,Killed and injured,9,Total,9,Total,9,Total,F,Injured,P,Passenger,TOTAL,Total,9,Total,99,Total,2014,89
A,Annual,ITC2,"'Valle d""'Aosta / Vallée d""'Aoste'",KILLINJ,Killed and injured,9,Total,9,Total,9,Total,F,Injured,P,Passenger,TOTAL,Total,9,Total,99,Total,2015,90
A,Annual,ITC2,"'Valle d""'Aosta / Vallée d""'Aoste'",KILLINJ,Killed and injured,9,Total,9,Total,9,Total,F,Injured,P,Passenger,TOTAL,Total,9,Total,99,Total,2016,79
A,Annual,ITC2,"'Valle d""'Aosta / Vallée d""'Aoste'",KILLINJ,Killed and injured,9,Total,9,Total,9,Total,F,Injured,P,Passenger,TOTAL,Total,9,Total,99,Total,2017,86
A,Annual,ITC2,"'Valle d""'Aosta / Vallée d""'Aoste'",KILLINJ,Killed and injured,9,Total,9,Total,9,Total,F,Injured,P,Passenger,TOTAL,Total,9,Total,99,Total,2018,90
A,Annual,ITC2,"'Valle d""'Aosta / Vallée d""'Aoste'",KILLINJ,Killed and injured,9,Total,9,Total,9,Total,F,Injured,P,Passenger,TOTAL,Total,9,Total,99,Total,2019,102
A,Annual,ITC2,"'Valle d""'Aosta / Vallée d""'Aoste'",KILLINJ,Killed and injured,9,Total,9,Total,9,Total,F,Injured,P,Passenger,TOTAL,Total,9,Total,99,Total,2020,67
A,Annual,ITC2,"'Valle d""'Aosta / Vallée d""'Aoste'",KILLINJ,Killed and injured,9,Total,9,Total,9,Total,F,Injured,P,Passenger,TOTAL,Total,9,Total,99,Total,2021,68
A,Annual,ITC2,"'Valle d""'Aosta / Vallée d""'Aoste'",KILLINJ,Killed and injured,9,Total,9,Total,9,Total,F,Injured,P,Passenger,TOTAL,Total,9,Total,99,Total,2022,90
A,Annual,ITC2,"'Valle d""'Aosta / Vallée d""'Aoste'",KILLINJ,Killed and injured,9,Total,9,Total,9,Total,F,Injured,P,Passenger,TOTAL,Total,9,Total,99,Total,2023,94
A,Annual,ITC2,"'Valle d""'Aosta / Vallée d""'Aoste'",KILLINJ,Killed and injured,9,Total,9,Total,9,Total,F,Injured,P,Passenger,TOTAL,Total,9,Total,99,Total,2024,83
A,Annual,ITC2,"'Valle d""'Aosta / Vallée d""'Aoste'",KILLINJ,Killed and injured,9,Total,9,Total,9,Total,F,Injured,X,Pedestrian,TOTAL,Total,9,Total,99,Total,2010,42
A,Annual,ITC2,"'Valle d""'Aosta / Vallée d""'Aoste'",KILLINJ,Killed and injured,9,Total,9,Total,9,Total,F,Injured,X,Pedestrian,TOTAL,Total,9,Total,99,Total,2011,40
A,Annual,ITC2,"'Valle d""'Aosta / Vallée d""'Aoste'",KILLINJ,Killed and injured,9,Total,9,Total,9,Total,F,Injured,X,Pedestrian,TOTAL,Total,9,Total,99,Total,2012,42
A,Annual,ITC2,"'Valle d""'Aosta / Vallée d""'Aoste'",KILLINJ,Killed and injured,9,Total,9,Total,9,Total,F,Injured,X,Pedestrian,TOTAL,Total,9,Total,99,Total,2013,65
A,Annual,ITC2,"'Valle d""'Aosta / Vallée d""'Aoste'",KILLINJ,Killed and injured,9,Total,9,Total,9,Total,F,Injured,X,Pedestrian,TOTAL,Total,9,Total,99,Total,2014,56
A,Annual,ITC2,"'Valle d""'Aosta / Vallée d""'Aoste'",KILLINJ,Killed and injured,9,Total,9,Total,9,Total,F,Injured,X,Pedestrian,TOTAL,Total,9,Total,99,Total,2015,44
A,Annual,ITC2,"'Valle d""'Aosta / Vallée d""'Aoste'",KILLINJ,Killed and injured,9,Total,9,Total,9,Total,F,Injured,X,Pedestrian,TOTAL,Total,9,Total,99,Total,2016,46
A,Annual,ITC2,"'Valle d""'Aosta / Vallée d""'Aoste'",KILLINJ,Killed and injured,9,Total,9,Total,9,Total,F,Injured,X,Pedestrian,TOTAL,Total,9,Total,99,Total,2017,41
A,Annual,ITC2,"'Valle d""'Aosta / Vallée d""'Aoste'",KILLINJ,Killed and injured,9,Total,9,Total,9,Total,F,Injured,X,Pedestrian,TOTAL,Total,9,Total,99,Total,2018,47
A,Annual,ITC2,"'Valle d""'Aosta / Vallée d""'Aoste'",KILLINJ,Killed and injured,9,Total,9,Total,9,Total,F,Injured,X,Pedestrian,TOTAL,Total,9,Total,99,Total,2019,47
A,Annual,ITC2,"'Valle d""'Aosta / Vallée d""'Aoste'",KILLINJ,Killed and injured,9,Total,9,Total,9,Total,F,Injured,X,Pedestrian,TOTAL,Total,9,Total,99,Total,2020,22
A,Annual,ITC2,"'Valle d""'Aosta / Vallée d""'Aoste'",KILLINJ,Killed and injured,9,Total,9,Total,9,Total,F,Injured,X,Pedestrian,TOTAL,Total,9,Total,99,Total,2021,28
A,Annual,ITC2,"'Valle d""'Aosta / Vallée d""'Aoste'",KILLINJ,Killed and injured,9,Total,9,Total,9,Total,F,Injured,X,Pedestrian,TOTAL,Total,9,Total,99,Total,2022,42
A,Annual,ITC2,"'Valle d""'Aosta / Vallée d""'Aoste'",KILLINJ,Killed and injured,9,Total,9,Total,9,Total,F,Injured,X,Pedestrian,TOTAL,Total,9,Total,99,Total,2023,42
A,Annual,ITC2,"'Valle d""'Aosta / Vallée d""'Aoste'",KILLINJ,Killed and injured,9,Total,9,Total,9,Total,F,Injured,X,Pedestrian,TOTAL,Total,9,Total,99,Total,2024,50
A,Annual,ITC2,"'Valle d""'Aosta / Vallée d""'Aoste'",KILLINJ,Killed and injured,9,Total,9,Total,9,Total,F,Injured,9,Total,TOTAL,Total,9,Total,99,Total,2010,498
A,Annual,ITC2,"'Valle d""'Aosta / Vallée d""'Aoste'",KILLINJ,Killed and injured,9,Total,9,Total,9,Total,F,Injured,9,Total,TOTAL,Total,9,Total,99,Total,2011,398
A,Annual,ITC2,"'Valle d""'Aosta / Vallée d""'Aoste'",KILLINJ,Killed and injured,9,Total,9,Total,9,Total,F,Injured,9,Total,TOTAL,Total,9,Total,99,Total,2012,402
A,Annual,ITC2,"'Valle d""'Aosta / Vallée d""'Aoste'",KILLINJ,Killed and injured,9,Total,9,Total,9,Total,F,Injured,9,Total,TOTAL,Total,9,Total,99,Total,2013,448
A,Annual,ITC2,"'Valle d""'Aosta / Vallée d""'Aoste'",KILLINJ,Killed and injured,9,Total,9,Total,9,Total,F,Injured,9,Total,TOTAL,Total,9,Total,99,Total,2014,411
A,Annual,ITC2,"'Valle d""'Aosta / Vallée d""'Aoste'",KILLINJ,Killed and injured,9,Total,9,Total,9,Total,F,Injured,9,Total,TOTAL,Total,9,Total,99,Total,2015,408
A,Annual,ITC2,"'Valle d""'Aosta / Vallée d""'Aoste'",KILLINJ,Killed and injured,9,Total,9,Total,9,Total,F,Injured,9,Total,TOTAL,Total,9,Total,99,Total,2016,386
A,Annual,ITC2,"'Valle d""'Aosta / Vallée d""'Aoste'",KILLINJ,Killed and injured,9,Total,9,Total,9,Total,F,Injured,9,Total,TOTAL,Total,9,Total,99,Total,2017,348
A,Annual,ITC2,"'Valle d""'Aosta / Vallée d""'Aoste'",KILLINJ,Killed and injured,9,Total,9,Total,9,Total,F,Injured,9,Total,TOTAL,Total,9,Total,99,Total,2018,391
A,Annual,ITC2,"'Valle d""'Aosta / Vallée d""'Aoste'",KILLINJ,Killed and injured,9,Total,9,Total,9,Total,F,Injured,9,Total,TOTAL,Total,9,Total,99,Total,2019,438
A,Annual,ITC2,"'Valle d""'Aosta / Vallée d""'Aoste'",KILLINJ,Killed and injured,9,Total,9,Total,9,Total,F,Injured,9,Total,TOTAL,Total,9,Total,99,Total,2020,278
A,Annual,ITC2,"'Valle d""'Aosta / Vallée d""'Aoste'",KILLINJ,Killed and injured,9,Total,9,Total,9,Total,F,Injured,9,Total,TOTAL,Total,9,Total,99,Total,2021,327
A,Annual,ITC2,"'Valle d""'Aosta / Vallée d""'Aoste'",KILLINJ,Killed and injured,9,Total,9,Total,9,Total,F,Injured,9,Total,TOTAL,Total,9,Total,99,Total,2022,447
A,Annual,ITC2,"'Valle d""'Aosta / Vallée d""'Aoste'",KILLINJ,Killed and injured,9,Total,9,Total,9,Total,F,Injured,9,Total,TOTAL,Total,9,Total,99,Total,2023,411
A,Annual,ITC2,"'Valle d""'Aosta / Vallée d""'Aoste'",KILLINJ,Killed and injured,9,Total,9,Total,9,Total,F,Injured,9,Total,TOTAL,Total,9,Total,99,Total,2024,395
A,Annual,ITC2,"'Valle d""'Aosta / Vallée d""'Aoste'",KILLINJ,Killed and injured,9,Total,9,Total,9,Total,9,Total,C,Driver,TOTAL,Total,9,Total,99,Total,2010,354
A,Annual,ITC2,"'Valle d""'Aosta / Vallée d""'Aoste'",KILLINJ,Killed and injured,9,Total,9,Total,9,Total,9,Total,C,Driver,TOTAL,Total,9,Total,99,Total,2011,290
A,Annual,ITC2,"'Valle d""'Aosta / Vallée d""'Aoste'",KILLINJ,Killed and injured,9,Total,9,Total,9,Total,9,Total,C,Driver,TOTAL,Total,9,Total,99,Total,2012,275
A,Annual,ITC2,"'Valle d""'Aosta / Vallée d""'Aoste'",KILLINJ,Killed and injured,9,Total,9,Total,9,Total,9,Total,C,Driver,TOTAL,Total,9,Total,99,Total,2013,284
A,Annual,ITC2,"'Valle d""'Aosta / Vallée d""'Aoste'",KILLINJ,Killed and injured,9,Total,9,Total,9,Total,9,Total,C,Driver,TOTAL,Total,9,Total,99,Total,2014,275
A,Annual,ITC2,"'Valle d""'Aosta / Vallée d""'Aoste'",KILLINJ,Killed and injured,9,Total,9,Total,9,Total,9,Total,C,Driver,TOTAL,Total,9,Total,99,Total,2015,278
A,Annual,ITC2,"'Valle d""'Aosta / Vallée d""'Aoste'",KILLINJ,Killed and injured,9,Total,9,Total,9,Total,9,Total,C,Driver,TOTAL,Total,9,Total,99,Total,2016,263
A,Annual,ITC2,"'Valle d""'Aosta / Vallée d""'Aoste'",KILLINJ,Killed and injured,9,Total,9,Total,9,Total,9,Total,C,Driver,TOTAL,Total,9,Total,99,Total,2017,227
A,Annual,ITC2,"'Valle d""'Aosta / Vallée d""'Aoste'",KILLINJ,Killed and injured,9,Total,9,Total,9,Total,9,Total,C,Driver,TOTAL,Total,9,Total,99,Total,2018,263
A,Annual,ITC2,"'Valle d""'Aosta / Vallée d""'Aoste'",KILLINJ,Killed and injured,9,Total,9,Total,9,Total,9,Total,C,Driver,TOTAL,Total,9,Total,99,Total,2019,291
A,Annual,ITC2,"'Valle d""'Aosta / Vallée d""'Aoste'",KILLINJ,Killed and injured,9,Total,9,Total,9,Total,9,Total,C,Driver,TOTAL,Total,9,Total,99,Total,2020,189
A,Annual,ITC2,"'Valle d""'Aosta / Vallée d""'Aoste'",KILLINJ,Killed and injured,9,Total,9,Total,9,Total,9,Total,C,Driver,TOTAL,Total,9,Total,99,Total,2021,232
A,Annual,ITC2,"'Valle d""'Aosta / Vallée d""'Aoste'",KILLINJ,Killed and injured,9,Total,9,Total,9,Total,9,Total,C,Driver,TOTAL,Total,9,Total,99,Total,2022,324
A,Annual,ITC2,"'Valle d""'Aosta / Vallée d""'Aoste'",KILLINJ,Killed and injured,9,Total,9,Total,9,Total,9,Total,C,Driver,TOTAL,Total,9,Total,99,Total,2023,279
A,Annual,ITC2,"'Valle d""'Aosta / Vallée d""'Aoste'",KILLINJ,Killed and injured,9,Total,9,Total,9,Total,9,Total,C,Driver,TOTAL,Total,9,Total,99,Total,2024,267
A,Annual,ITC2,"'Valle d""'Aosta / Vallée d""'Aoste'",KILLINJ,Killed and injured,9,Total,9,Total,9,Total,9,Total,P,Passenger,TOTAL,Total,9,Total,99,Total,2010,112
A,Annual,ITC2,"'Valle d""'Aosta / Vallée d""'Aoste'",KILLINJ,Killed and injured,9,Total,9,Total,9,Total,9,Total,P,Passenger,TOTAL,Total,9,Total,99,Total,2011,76
A,Annual,ITC2,"'Valle d""'Aosta / Vallée d""'Aoste'",KILLINJ,Killed and injured,9,Total,9,Total,9,Total,9,Total,P,Passenger,TOTAL,Total,9,Total,99,Total,2012,96
A,Annual,ITC2,"'Valle d""'Aosta / Vallée d""'Aoste'",KILLINJ,Killed and injured,9,Total,9,Total,9,Total,9,Total,P,Passenger,TOTAL,Total,9,Total,99,Total,2013,106
A,Annual,ITC2,"'Valle d""'Aosta / Vallée d""'Aoste'",KILLINJ,Killed and injured,9,Total,9,Total,9,Total,9,Total,P,Passenger,TOTAL,Total,9,Total,99,Total,2014,92
A,Annual,ITC2,"'Valle d""'Aosta / Vallée d""'Aoste'",KILLINJ,Killed and injured,9,Total,9,Total,9,Total,9,Total,P,Passenger,TOTAL,Total,9,Total,99,Total,2015,91
A,Annual,ITC2,"'Valle d""'Aosta / Vallée d""'Aoste'",KILLINJ,Killed and injured,9,Total,9,Total,9,Total,9,Total,P,Passenger,TOTAL,Total,9,Total,99,Total,2016,79
A,Annual,ITC2,"'Valle d""'Aosta / Vallée d""'Aoste'",KILLINJ,Killed and injured,9,Total,9,Total,9,Total,9,Total,P,Passenger,TOTAL,Total,9,Total,99,Total,2017,88
A,Annual,ITC2,"'Valle d""'Aosta / Vallée d""'Aoste'",KILLINJ,Killed and injured,9,Total,9,Total,9,Total,9,Total,P,Passenger,TOTAL,Total,9,Total,99,Total,2018,93
A,Annual,ITC2,"'Valle d""'Aosta / Vallée d""'Aoste'",KILLINJ,Killed and injured,9,Total,9,Total,9,Total,9,Total,P,Passenger,TOTAL,Total,9,Total,99,Total,2019,103
A,Annual,ITC2,"'Valle d""'Aosta / Vallée d""'Aoste'",KILLINJ,Killed and injured,9,Total,9,Total,9,Total,9,Total,P,Passenger,TOTAL,Total,9,Total,99,Total,2020,67
A,Annual,ITC2,"'Valle d""'Aosta / Vallée d""'Aoste'",KILLINJ,Killed and injured,9,Total,9,Total,9,Total,9,Total,P,Passenger,TOTAL,Total,9,Total,99,Total,2021,68
A,Annual,ITC2,"'Valle d""'Aosta / Vallée d""'Aoste'",KILLINJ,Killed and injured,9,Total,9,Total,9,Total,9,Total,P,Passenger,TOTAL,Total,9,Total,99,Total,2022,91
A,Annual,ITC2,"'Valle d""'Aosta / Vallée d""'Aoste'",KILLINJ,Killed and injured,9,Total,9,Total,9,Total,9,Total,P,Passenger,TOTAL,Total,9,Total,99,Total,2023,94
A,Annual,ITC2,"'Valle d""'Aosta / Vallée d""'Aoste'",KILLINJ,Killed and injured,9,Total,9,Total,9,Total,9,Total,P,Passenger,TOTAL,Total,9,Total,99,Total,2024,84
A,Annual,ITC2,"'Valle d""'Aosta / Vallée d""'Aoste'",KILLINJ,Killed and injured,9,Total,9,Total,9,Total,9,Total,X,Pedestrian,TOTAL,Total,9,Total,99,Total,2010,43
A,Annual,ITC2,"'Valle d""'Aosta / Vallée d""'Aoste'",KILLINJ,Killed and injured,9,Total,9,Total,9,Total,9,Total,X,Pedestrian,TOTAL,Total,9,Total,99,Total,2011,41
A,Annual,ITC2,"'Valle d""'Aosta / Vallée d""'Aoste'",KILLINJ,Killed and injured,9,Total,9,Total,9,Total,9,Total,X,Pedestrian,TOTAL,Total,9,Total,99,Total,2012,42
A,Annual,ITC2,"'Valle d""'Aosta / Vallée d""'Aoste'",KILLINJ,Killed and injured,9,Total,9,Total,9,Total,9,Total,X,Pedestrian,TOTAL,Total,9,Total,99,Total,2013,65
A,Annual,ITC2,"'Valle d""'Aosta / Vallée d""'Aoste'",KILLINJ,Killed and injured,9,Total,9,Total,9,Total,9,Total,X,Pedestrian,TOTAL,Total,9,Total,99,Total,2014,57
A,Annual,ITC2,"'Valle d""'Aosta / Vallée d""'Aoste'",KILLINJ,Killed and injured,9,Total,9,Total,9,Total,9,Total,X,Pedestrian,TOTAL,Total,9,Total,99,Total,2015,46
A,Annual,ITC2,"'Valle d""'Aosta / Vallée d""'Aoste'",KILLINJ,Killed and injured,9,Total,9,Total,9,Total,9,Total,X,Pedestrian,TOTAL,Total,9,Total,99,Total,2016,47
A,Annual,ITC2,"'Valle d""'Aosta / Vallée d""'Aoste'",KILLINJ,Killed and injured,9,Total,9,Total,9,Total,9,Total,X,Pedestrian,TOTAL,Total,9,Total,99,Total,2017,41
A,Annual,ITC2,"'Valle d""'Aosta / Vallée d""'Aoste'",KILLINJ,Killed and injured,9,Total,9,Total,9,Total,9,Total,X,Pedestrian,TOTAL,Total,9,Total,99,Total,2018,47
A,Annual,ITC2,"'Valle d""'Aosta / Vallée d""'Aoste'",KILLINJ,Killed and injured,9,Total,9,Total,9,Total,9,Total,X,Pedestrian,TOTAL,Total,9,Total,99,Total,2019,48
A,Annual,ITC2,"'Valle d""'Aosta / Vallée d""'Aoste'",KILLINJ,Killed and injured,9,Total,9,Total,9,Total,9,Total,X,Pedestrian,TOTAL,Total,9,Total,99,Total,2020,22
A,Annual,ITC2,"'Valle d""'Aosta / Vallée d""'Aoste'",KILLINJ,Killed and injured,9,Total,9,Total,9,Total,9,Total,X,Pedestrian,TOTAL,Total,9,Total,99,Total,2021,28
A,Annual,ITC2,"'Valle d""'Aosta / Vallée d""'Aoste'",KILLINJ,Killed and injured,9,Total,9,Total,9,Total,9,Total,X,Pedestrian,TOTAL,Total,9,Total,99,Total,2022,42
A,Annual,ITC2,"'Valle d""'Aosta / Vallée d""'Aoste'",KILLINJ,Killed and injured,9,Total,9,Total,9,Total,9,Total,X,Pedestrian,TOTAL,Total,9,Total,99,Total,2023,43
A,Annual,ITC2,"'Valle d""'Aosta / Vallée d""'Aoste'",KILLINJ,Killed and injured,9,Total,9,Total,9,Total,9,Total,X,Pedestrian,TOTAL,Total,9,Total,99,Total,2024,51
A,Annual,ITC2,"'Valle d""'Aosta / Vallée d""'Aoste'",KILLINJ,Killed and injured,9,Total,9,Total,9,Total,9,Total,9,Total,TOTAL,Total,9,Total,99,Total,2010,509
A,Annual,ITC2,"'Valle d""'Aosta / Vallée d""'Aoste'",KILLINJ,Killed and injured,9,Total,9,Total,9,Total,9,Total,9,Total,TOTAL,Total,9,Total,99,Total,2011,407
A,Annual,ITC2,"'Valle d""'Aosta / Vallée d""'Aoste'",KILLINJ,Killed and injured,9,Total,9,Total,9,Total,9,Total,9,Total,TOTAL,Total,9,Total,99,Total,2012,413
A,Annual,ITC2,"'Valle d""'Aosta / Vallée d""'Aoste'",KILLINJ,Killed and injured,9,Total,9,Total,9,Total,9,Total,9,Total,TOTAL,Total,9,Total,99,Total,2013,455
A,Annual,ITC2,"'Valle d""'Aosta / Vallée d""'Aoste'",KILLINJ,Killed and injured,9,Total,9,Total,9,Total,9,Total,9,Total,TOTAL,Total,9,Total,99,Total,2014,424
A,Annual,ITC2,"'Valle d""'Aosta / Vallée d""'Aoste'",KILLINJ,Killed and injured,9,Total,9,Total,9,Total,9,Total,9,Total,TOTAL,Total,9,Total,99,Total,2015,415
A,Annual,ITC2,"'Valle d""'Aosta / Vallée d""'Aoste'",KILLINJ,Killed and injured,9,Total,9,Total,9,Total,9,Total,9,Total,TOTAL,Total,9,Total,99,Total,2016,389
A,Annual,ITC2,"'Valle d""'Aosta / Vallée d""'Aoste'",KILLINJ,Killed and injured,9,Total,9,Total,9,Total,9,Total,9,Total,TOTAL,Total,9,Total,99,Total,2017,356
A,Annual,ITC2,"'Valle d""'Aosta / Vallée d""'Aoste'",KILLINJ,Killed and injured,9,Total,9,Total,9,Total,9,Total,9,Total,TOTAL,Total,9,Total,99,Total,2018,403
A,Annual,ITC2,"'Valle d""'Aosta / Vallée d""'Aoste'",KILLINJ,Killed and injured,9,Total,9,Total,9,Total,9,Total,9,Total,TOTAL,Total,9,Total,99,Total,2019,442
A,Annual,ITC2,"'Valle d""'Aosta / Vallée d""'Aoste'",KILLINJ,Killed and injured,9,Total,9,Total,9,Total,9,Total,9,Total,TOTAL,Total,9,Total,99,Total,2020,278
A,Annual,ITC2,"'Valle d""'Aosta / Vallée d""'Aoste'",KILLINJ,Killed and injured,9,Total,9,Total,9,Total,9,Total,9,Total,TOTAL,Total,9,Total,99,Total,2021,328
A,Annual,ITC2,"'Valle d""'Aosta / Vallée d""'Aoste'",KILLINJ,Killed and injured,9,Total,9,Total,9,Total,9,Total,9,Total,TOTAL,Total,9,Total,99,Total,2022,457
A,Annual,ITC2,"'Valle d""'Aosta / Vallée d""'Aoste'",KILLINJ,Killed and injured,9,Total,9,Total,9,Total,9,Total,9,Total,TOTAL,Total,9,Total,99,Total,2023,416
A,Annual,ITC2,"'Valle d""'Aosta / Vallée d""'Aoste'",KILLINJ,Killed and injured,9,Total,9,Total,9,Total,9,Total,9,Total,TOTAL,Total,9,Total,99,Total,2024,402
A,Annual,ITC3,Liguria,KILLINJ,Killed and injured,9,Total,9,Total,9,Total,M,Killed,C,Driver,TOTAL,Total,9,Total,99,Total,2010,59
A,Annual,ITC3,Liguria,KILLINJ,Killed and injured,9,Total,9,Total,9,Total,M,Killed,C,Driver,TOTAL,Total,9,Total,99,Total,2011,48
A,Annual,ITC3,Liguria,KILLINJ,Killed and injured,9,Total,9,Total,9,Total,M,Killed,C,Driver,TOTAL,Total,9,Total,99,Total,2012,61
A,Annual,ITC3,Liguria,KILLINJ,Killed and injured,9,Total,9,Total,9,Total,M,Killed,C,Driver,TOTAL,Total,9,Total,99,Total,2013,51
A,Annual,ITC3,Liguria,KILLINJ,Killed and injured,9,Total,9,Total,9,Total,M,Killed,C,Driver,TOTAL,Total,9,Total,99,Total,2014,38
A,Annual,ITC3,Liguria,KILLINJ,Killed and injured,9,Total,9,Total,9,Total,M,Killed,C,Driver,TOTAL,Total,9,Total,99,Total,2015,52
A,Annual,ITC3,Liguria,KILLINJ,Killed and injured,9,Total,9,Total,9,Total,M,Killed,C,Driver,TOTAL,Total,9,Total,99,Total,2016,45
A,Annual,ITC3,Liguria,KILLINJ,Killed and injured,9,Total,9,Total,9,Total,M,Killed,C,Driver,TOTAL,Total,9,Total,99,Total,2017,56
A,Annual,ITC3,Liguria,KILLINJ,Killed and injured,9,Total,9,Total,9,Total,M,Killed,C,Driver,TOTAL,Total,9,Total,99,Total,2018,77
A,Annual,ITC3,Liguria,KILLINJ,Killed and injured,9,Total,9,Total,9,Total,M,Killed,C,Driver,TOTAL,Total,9,Total,99,Total,2019,42
A,Annual,ITC3,Liguria,KILLINJ,Killed and injured,9,Total,9,Total,9,Total,M,Killed,C,Driver,TOTAL,Total,9,Total,99,Total,2020,36
A,Annual,ITC3,Liguria,KILLINJ,Killed and injured,9,Total,9,Total,9,Total,M,Killed,C,Driver,TOTAL,Total,9,Total,99,Total,2021,41
A,Annual,ITC3,Liguria,KILLINJ,Killed and injured,9,Total,9,Total,9,Total,M,Killed,C,Driver,TOTAL,Total,9,Total,99,Total,2022,39
A,Annual,ITC3,Liguria,KILLINJ,Killed and injured,9,Total,9,Total,9,Total,M,Killed,C,Driver,TOTAL,Total,9,Total,99,Total,2023,34
A,Annual,ITC3,Liguria,KILLINJ,Killed and injured,9,Total,9,Total,9,Total,M,Killed,C,Driver,TOTAL,Total,9,Total,99,Total,2024,41
A,Annual,ITC3,Liguria,KILLINJ,Killed and injured,9,Total,9,Total,9,Total,M,Killed,P,Passenger,TOTAL,Total,9,Total,99,Total,2010,11
A,Annual,ITC3,Liguria,KILLINJ,Killed and injured,9,Total,9,Total,9,Total,M,Killed,P,Passenger,TOTAL,Total,9,Total,99,Total,2011,10
A,Annual,ITC3,Liguria,KILLINJ,Killed and injured,9,Total,9,Total,9,Total,M,Killed,P,Passenger,TOTAL,Total,9,Total,99,Total,2012,5
A,Annual,ITC3,Liguria,KILLINJ,Killed and injured,9,Total,9,Total,9,Total,M,Killed,P,Passenger,TOTAL,Total,9,Total,99,Total,2013,12
A,Annual,ITC3,Liguria,KILLINJ,Killed and injured,9,Total,9,Total,9,Total,M,Killed,P,Passenger,TOTAL,Total,9,Total,99,Total,2014,5
A,Annual,ITC3,Liguria,KILLINJ,Killed and injured,9,Total,9,Total,9,Total,M,Killed,P,Passenger,TOTAL,Total,9,Total,99,Total,2015,16
A,Annual,ITC3,Liguria,KILLINJ,Killed and injured,9,Total,9,Total,9,Total,M,Killed,P,Passenger,TOTAL,Total,9,Total,99,Total,2016,2
A,Annual,ITC3,Liguria,KILLINJ,Killed and injured,9,Total,9,Total,9,Total,M,Killed,P,Passenger,TOTAL,Total,9,Total,99,Total,2017,9
A,Annual,ITC3,Liguria,KILLINJ,Killed and injured,9,Total,9,Total,9,Total,M,Killed,P,Passenger,TOTAL,Total,9,Total,99,Total,2018,25
A,Annual,ITC3,Liguria,KILLINJ,Killed and injured,9,Total,9,Total,9,Total,M,Killed,P,Passenger,TOTAL,Total,9,Total,99,Total,2019,5
A,Annual,ITC3,Liguria,KILLINJ,Killed and injured,9,Total,9,Total,9,Total,M,Killed,P,Passenger,TOTAL,Total,9,Total,99,Total,2020,3
A,Annual,ITC3,Liguria,KILLINJ,Killed and injured,9,Total,9,Total,9,Total,M,Killed,P,Passenger,TOTAL,Total,9,Total,99,Total,2021,5
A,Annual,ITC3,Liguria,KILLINJ,Killed and injured,9,Total,9,Total,9,Total,M,Killed,P,Passenger,TOTAL,Total,9,Total,99,Total,2022,7
A,Annual,ITC3,Liguria,KILLINJ,Killed and injured,9,Total,9,Total,9,Total,M,Killed,P,Passenger,TOTAL,Total,9,Total,99,Total,2023,9
A,Annual,ITC3,Liguria,KILLINJ,Killed and injured,9,Total,9,Total,9,Total,M,Killed,P,Passenger,TOTAL,Total,9,Total,99,Total,2024,4
A,Annual,ITC3,Liguria,KILLINJ,Killed and injured,9,Total,9,Total,9,Total,M,Killed,X,Pedestrian,TOTAL,Total,9,Total,99,Total,2010,14
A,Annual,ITC3,Liguria,KILLINJ,Killed and injured,9,Total,9,Total,9,Total,M,Killed,X,Pedestrian,TOTAL,Total,9,Total,99,Total,2011,22
A,Annual,ITC3,Liguria,KILLINJ,Killed and injured,9,Total,9,Total,9,Total,M,Killed,X,Pedestrian,TOTAL,Total,9,Total,99,Total,2012,22
A,Annual,ITC3,Liguria,KILLINJ,Killed and injured,9,Total,9,Total,9,Total,M,Killed,X,Pedestrian,TOTAL,Total,9,Total,99,Total,2013,22
A,Annual,ITC3,Liguria,KILLINJ,Killed and injured,9,Total,9,Total,9,Total,M,Killed,X,Pedestrian,TOTAL,Total,9,Total,99,Total,2014,15
A,Annual,ITC3,Liguria,KILLINJ,Killed and injured,9,Total,9,Total,9,Total,M,Killed,X,Pedestrian,TOTAL,Total,9,Total,99,Total,2015,21
A,Annual,ITC3,Liguria,KILLINJ,Killed and injured,9,Total,9,Total,9,Total,M,Killed,X,Pedestrian,TOTAL,Total,9,Total,99,Total,2016,11
A,Annual,ITC3,Liguria,KILLINJ,Killed and injured,9,Total,9,Total,9,Total,M,Killed,X,Pedestrian,TOTAL,Total,9,Total,99,Total,2017,22
A,Annual,ITC3,Liguria,KILLINJ,Killed and injured,9,Total,9,Total,9,Total,M,Killed,X,Pedestrian,TOTAL,Total,9,Total,99,Total,2018,22
A,Annual,ITC3,Liguria,KILLINJ,Killed and injured,9,Total,9,Total,9,Total,M,Killed,X,Pedestrian,TOTAL,Total,9,Total,99,Total,2019,17
A,Annual,ITC3,Liguria,KILLINJ,Killed and injured,9,Total,9,Total,9,Total,M,Killed,X,Pedestrian,TOTAL,Total,9,Total,99,Total,2020,20
A,Annual,ITC3,Liguria,KILLINJ,Killed and injured,9,Total,9,Total,9,Total,M,Killed,X,Pedestrian,TOTAL,Total,9,Total,99,Total,2021,18
A,Annual,ITC3,Liguria,KILLINJ,Killed and injured,9,Total,9,Total,9,Total,M,Killed,X,Pedestrian,TOTAL,Total,9,Total,99,Total,2022,11
A,Annual,ITC3,Liguria,KILLINJ,Killed and injured,9,Total,9,Total,9,Total,M,Killed,X,Pedestrian,TOTAL,Total,9,Total,99,Total,2023,12
A,Annual,ITC3,Liguria,KILLINJ,Killed and injured,9,Total,9,Total,9,Total,M,Killed,X,Pedestrian,TOTAL,Total,9,Total,99,Total,2024,17
A,Annual,ITC3,Liguria,KILLINJ,Killed and injured,9,Total,9,Total,9,Total,M,Killed,9,Total,TOTAL,Total,9,Total,99,Total,2010,84
A,Annual,ITC3,Liguria,KILLINJ,Killed and injured,9,Total,9,Total,9,Total,M,Killed,9,Total,TOTAL,Total,9,Total,99,Total,2011,80
A,Annual,ITC3,Liguria,KILLINJ,Killed and injured,9,Total,9,Total,9,Total,M,Killed,9,Total,TOTAL,Total,9,Total,99,Total,2012,88
A,Annual,ITC3,Liguria,KILLINJ,Killed and injured,9,Total,9,Total,9,Total,M,Killed,9,Total,TOTAL,Total,9,Total,99,Total,2013,85
A,Annual,ITC3,Liguria,KILLINJ,Killed and injured,9,Total,9,Total,9,Total,M,Killed,9,Total,TOTAL,Total,9,Total,99,Total,2014,58
A,Annual,ITC3,Liguria,KILLINJ,Killed and injured,9,Total,9,Total,9,Total,M,Killed,9,Total,TOTAL,Total,9,Total,99,Total,2015,89
A,Annual,ITC3,Liguria,KILLINJ,Killed and injured,9,Total,9,Total,9,Total,M,Killed,9,Total,TOTAL,Total,9,Total,99,Total,2016,58
A,Annual,ITC3,Liguria,KILLINJ,Killed and injured,9,Total,9,Total,9,Total,M,Killed,9,Total,TOTAL,Total,9,Total,99,Total,2017,87
A,Annual,ITC3,Liguria,KILLINJ,Killed and injured,9,Total,9,Total,9,Total,M,Killed,9,Total,TOTAL,Total,9,Total,99,Total,2018,124
A,Annual,ITC3,Liguria,KILLINJ,Killed and injured,9,Total,9,Total,9,Total,M,Killed,9,Total,TOTAL,Total,9,Total,99,Total,2019,64
A,Annual,ITC3,Liguria,KILLINJ,Killed and injured,9,Total,9,Total,9,Total,M,Killed,9,Total,TOTAL,Total,9,Total,99,Total,2020,59
A,Annual,ITC3,Liguria,KILLINJ,Killed and injured,9,Total,9,Total,9,Total,M,Killed,9,Total,TOTAL,Total,9,Total,99,Total,2021,64
A,Annual,ITC3,Liguria,KILLINJ,Killed and injured,9,Total,9,Total,9,Total,M,Killed,9,Total,TOTAL,Total,9,Total,99,Total,2022,57
A,Annual,ITC3,Liguria,KILLINJ,Killed and injured,9,Total,9,Total,9,Total,M,Killed,9,Total,TOTAL,Total,9,Total,99,Total,2023,55
A,Annual,ITC3,Liguria,KILLINJ,Killed and injured,9,Total,9,Total,9,Total,M,Killed,9,Total,TOTAL,Total,9,Total,99,Total,2024,62
A,Annual,ITC3,Liguria,KILLINJ,Killed and injured,9,Total,9,Total,9,Total,F,Injured,C,Driver,TOTAL,Total,9,Total,99,Total,2010,8453
A,Annual,ITC3,Liguria,KILLINJ,Killed and injured,9,Total,9,Total,9,Total,F,Injured,C,Driver,TOTAL,Total,9,Total,99,Total,2011,8073
A,Annual,ITC3,Liguria,KILLINJ,Killed and injured,9,Total,9,Total,9,Total,F,Injured,C,Driver,TOTAL,Total,9,Total,99,Total,2012,7562
A,Annual,ITC3,Liguria,KILLINJ,Killed and injured,9,Total,9,Total,9,Total,F,Injured,C,Driver,TOTAL,Total,9,Total,99,Total,2013,7485
A,Annual,ITC3,Liguria,KILLINJ,Killed and injured,9,Total,9,Total,9,Total,F,Injured,C,Driver,TOTAL,Total,9,Total,99,Total,2014,7055
A,Annual,ITC3,Liguria,KILLINJ,Killed and injured,9,Total,9,Total,9,Total,F,Injured,C,Driver,TOTAL,Total,9,Total,99,Total,2015,7103
A,Annual,ITC3,Liguria,KILLINJ,Killed and injured,9,Total,9,Total,9,Total,F,Injured,C,Driver,TOTAL,Total,9,Total,99,Total,2016,7011
A,Annual,ITC3,Liguria,KILLINJ,Killed and injured,9,Total,9,Total,9,Total,F,Injured,C,Driver,TOTAL,Total,9,Total,99,Total,2017,7407
A,Annual,ITC3,Liguria,KILLINJ,Killed and injured,9,Total,9,Total,9,Total,F,Injured,C,Driver,TOTAL,Total,9,Total,99,Total,2018,6968
A,Annual,ITC3,Liguria,KILLINJ,Killed and injured,9,Total,9,Total,9,Total,F,Injured,C,Driver,TOTAL,Total,9,Total,99,Total,2019,6704
A,Annual,ITC3,Liguria,KILLINJ,Killed and injured,9,Total,9,Total,9,Total,F,Injured,C,Driver,TOTAL,Total,9,Total,99,Total,2020,4826
A,Annual,ITC3,Liguria,KILLINJ,Killed and injured,9,Total,9,Total,9,Total,F,Injured,C,Driver,TOTAL,Total,9,Total,99,Total,2021,6074
A,Annual,ITC3,Liguria,KILLINJ,Killed and injured,9,Total,9,Total,9,Total,F,Injured,C,Driver,TOTAL,Total,9,Total,99,Total,2022,6652
A,Annual,ITC3,Liguria,KILLINJ,Killed and injured,9,Total,9,Total,9,Total,F,Injured,C,Driver,TOTAL,Total,9,Total,99,Total,2023,6285
A,Annual,ITC3,Liguria,KILLINJ,Killed and injured,9,Total,9,Total,9,Total,F,Injured,C,Driver,TOTAL,Total,9,Total,99,Total,2024,6602
A,Annual,ITC3,Liguria,KILLINJ,Killed and injured,9,Total,9,Total,9,Total,F,Injured,P,Passenger,TOTAL,Total,9,Total,99,Total,2010,2402
A,Annual,ITC3,Liguria,KILLINJ,Killed and injured,9,Total,9,Total,9,Total,F,Injured,P,Passenger,TOTAL,Total,9,Total,99,Total,2011,2328
A,Annual,ITC3,Liguria,KILLINJ,Killed and injured,9,Total,9,Total,9,Total,F,Injured,P,Passenger,TOTAL,Total,9,Total,99,Total,2012,2343
A,Annual,ITC3,Liguria,KILLINJ,Killed and injured,9,Total,9,Total,9,Total,F,Injured,P,Passenger,TOTAL,Total,9,Total,99,Total,2013,2216
A,Annual,ITC3,Liguria,KILLINJ,Killed and injured,9,Total,9,Total,9,Total,F,Injured,P,Passenger,TOTAL,Total,9,Total,99,Total,2014,2145
A,Annual,ITC3,Liguria,KILLINJ,Killed and injured,9,Total,9,Total,9,Total,F,Injured,P,Passenger,TOTAL,Total,9,Total,99,Total,2015,2131
A,Annual,ITC3,Liguria,KILLINJ,Killed and injured,9,Total,9,Total,9,Total,F,Injured,P,Passenger,TOTAL,Total,9,Total,99,Total,2016,2063
A,Annual,ITC3,Liguria,KILLINJ,Killed and injured,9,Total,9,Total,9,Total,F,Injured,P,Passenger,TOTAL,Total,9,Total,99,Total,2017,2365
A,Annual,ITC3,Liguria,KILLINJ,Killed and injured,9,Total,9,Total,9,Total,F,Injured,P,Passenger,TOTAL,Total,9,Total,99,Total,2018,2223
A,Annual,ITC3,Liguria,KILLINJ,Killed and injured,9,Total,9,Total,9,Total,F,Injured,P,Passenger,TOTAL,Total,9,Total,99,Total,2019,2080
A,Annual,ITC3,Liguria,KILLINJ,Killed and injured,9,Total,9,Total,9,Total,F,Injured,P,Passenger,TOTAL,Total,9,Total,99,Total,2020,1164
A,Annual,ITC3,Liguria,KILLINJ,Killed and injured,9,Total,9,Total,9,Total,F,Injured,P,Passenger,TOTAL,Total,9,Total,99,Total,2021,1617
A,Annual,ITC3,Liguria,KILLINJ,Killed and injured,9,Total,9,Total,9,Total,F,Injured,P,Passenger,TOTAL,Total,9,Total,99,Total,2022,1769
A,Annual,ITC3,Liguria,KILLINJ,Killed and injured,9,Total,9,Total,9,Total,F,Injured,P,Passenger,TOTAL,Total,9,Total,99,Total,2023,1765
A,Annual,ITC3,Liguria,KILLINJ,Killed and injured,9,Total,9,Total,9,Total,F,Injured,P,Passenger,TOTAL,Total,9,Total,99,Total,2024,1890
A,Annual,ITC3,Liguria,KILLINJ,Killed and injured,9,Total,9,Total,9,Total,F,Injured,X,Pedestrian,TOTAL,Total,9,Total,99,Total,2010,1505
A,Annual,ITC3,Liguria,KILLINJ,Killed and injured,9,Total,9,Total,9,Total,F,Injured,X,Pedestrian,TOTAL,Total,9,Total,99,Total,2011,1384
A,Annual,ITC3,Liguria,KILLINJ,Killed and injured,9,Total,9,Total,9,Total,F,Injured,X,Pedestrian,TOTAL,Total,9,Total,99,Total,2012,1355
A,Annual,ITC3,Liguria,KILLINJ,Killed and injured,9,Total,9,Total,9,Total,F,Injured,X,Pedestrian,TOTAL,Total,9,Total,99,Total,2013,1374
A,Annual,ITC3,Liguria,KILLINJ,Killed and injured,9,Total,9,Total,9,Total,F,Injured,X,Pedestrian,TOTAL,Total,9,Total,99,Total,2014,1437
A,Annual,ITC3,Liguria,KILLINJ,Killed and injured,9,Total,9,Total,9,Total,F,Injured,X,Pedestrian,TOTAL,Total,9,Total,99,Total,2015,1399
A,Annual,ITC3,Liguria,KILLINJ,Killed and injured,9,Total,9,Total,9,Total,F,Injured,X,Pedestrian,TOTAL,Total,9,Total,99,Total,2016,1301
A,Annual,ITC3,Liguria,KILLINJ,Killed and injured,9,Total,9,Total,9,Total,F,Injured,X,Pedestrian,TOTAL,Total,9,Total,99,Total,2017,1310
A,Annual,ITC3,Liguria,KILLINJ,Killed and injured,9,Total,9,Total,9,Total,F,Injured,X,Pedestrian,TOTAL,Total,9,Total,99,Total,2018,1234
A,Annual,ITC3,Liguria,KILLINJ,Killed and injured,9,Total,9,Total,9,Total,F,Injured,X,Pedestrian,TOTAL,Total,9,Total,99,Total,2019,1267
A,Annual,ITC3,Liguria,KILLINJ,Killed and injured,9,Total,9,Total,9,Total,F,Injured,X,Pedestrian,TOTAL,Total,9,Total,99,Total,2020,890
A,Annual,ITC3,Liguria,KILLINJ,Killed and injured,9,Total,9,Total,9,Total,F,Injured,X,Pedestrian,TOTAL,Total,9,Total,99,Total,2021,1075
A,Annual,ITC3,Liguria,KILLINJ,Killed and injured,9,Total,9,Total,9,Total,F,Injured,X,Pedestrian,TOTAL,Total,9,Total,99,Total,2022,1192
A,Annual,ITC3,Liguria,KILLINJ,Killed and injured,9,Total,9,Total,9,Total,F,Injured,X,Pedestrian,TOTAL,Total,9,Total,99,Total,2023,1144
A,Annual,ITC3,Liguria,KILLINJ,Killed and injured,9,Total,9,Total,9,Total,F,Injured,X,Pedestrian,TOTAL,Total,9,Total,99,Total,2024,1275
A,Annual,ITC3,Liguria,KILLINJ,Killed and injured,9,Total,9,Total,9,Total,F,Injured,9,Total,TOTAL,Total,9,Total,99,Total,2010,12360
A,Annual,ITC3,Liguria,KILLINJ,Killed and injured,9,Total,9,Total,9,Total,F,Injured,9,Total,TOTAL,Total,9,Total,99,Total,2011,11785
A,Annual,ITC3,Liguria,KILLINJ,Killed and injured,9,Total,9,Total,9,Total,F,Injured,9,Total,TOTAL,Total,9,Total,99,Total,2012,11260
A,Annual,ITC3,Liguria,KILLINJ,Killed and injured,9,Total,9,Total,9,Total,F,Injured,9,Total,TOTAL,Total,9,Total,99,Total,2013,11075
A,Annual,ITC3,Liguria,KILLINJ,Killed and injured,9,Total,9,Total,9,Total,F,Injured,9,Total,TOTAL,Total,9,Total,99,Total,2014,10637
A,Annual,ITC3,Liguria,KILLINJ,Killed and injured,9,Total,9,Total,9,Total,F,Injured,9,Total,TOTAL,Total,9,Total,99,Total,2015,10633
A,Annual,ITC3,Liguria,KILLINJ,Killed and injured,9,Total,9,Total,9,Total,F,Injured,9,Total,TOTAL,Total,9,Total,99,Total,2016,10375
A,Annual,ITC3,Liguria,KILLINJ,Killed and injured,9,Total,9,Total,9,Total,F,Injured,9,Total,TOTAL,Total,9,Total,99,Total,2017,11082
A,Annual,ITC3,Liguria,KILLINJ,Killed and injured,9,Total,9,Total,9,Total,F,Injured,9,Total,TOTAL,Total,9,Total,99,Total,2018,10425
A,Annual,ITC3,Liguria,KILLINJ,Killed and injured,9,Total,9,Total,9,Total,F,Injured,9,Total,TOTAL,Total,9,Total,99,Total,2019,10051
A,Annual,ITC3,Liguria,KILLINJ,Killed and injured,9,Total,9,Total,9,Total,F,Injured,9,Total,TOTAL,Total,9,Total,99,Total,2020,6880
A,Annual,ITC3,Liguria,KILLINJ,Killed and injured,9,Total,9,Total,9,Total,F,Injured,9,Total,TOTAL,Total,9,Total,99,Total,2021,8766
A,Annual,ITC3,Liguria,KILLINJ,Killed and injured,9,Total,9,Total,9,Total,F,Injured,9,Total,TOTAL,Total,9,Total,99,Total,2022,9613
A,Annual,ITC3,Liguria,KILLINJ,Killed and injured,9,Total,9,Total,9,Total,F,Injured,9,Total,TOTAL,Total,9,Total,99,Total,2023,9194
A,Annual,ITC3,Liguria,KILLINJ,Killed and injured,9,Total,9,Total,9,Total,F,Injured,9,Total,TOTAL,Total,9,Total,99,Total,2024,9767
A,Annual,ITC3,Liguria,KILLINJ,Killed and injured,9,Total,9,Total,9,Total,9,Total,C,Driver,TOTAL,Total,9,Total,99,Total,2010,8512
A,Annual,ITC3,Liguria,KILLINJ,Killed and injured,9,Total,9,Total,9,Total,9,Total,C,Driver,TOTAL,Total,9,Total,99,Total,2011,8121
A,Annual,ITC3,Liguria,KILLINJ,Killed and injured,9,Total,9,Total,9,Total,9,Total,C,Driver,TOTAL,Total,9,Total,99,Total,2012,7623
A,Annual,ITC3,Liguria,KILLINJ,Killed and injured,9,Total,9,Total,9,Total,9,Total,C,Driver,TOTAL,Total,9,Total,99,Total,2013,7536
A,Annual,ITC3,Liguria,KILLINJ,Killed and injured,9,Total,9,Total,9,Total,9,Total,C,Driver,TOTAL,Total,9,Total,99,Total,2014,7093
A,Annual,ITC3,Liguria,KILLINJ,Killed and injured,9,Total,9,Total,9,Total,9,Total,C,Driver,TOTAL,Total,9,Total,99,Total,2015,7155
A,Annual,ITC3,Liguria,KILLINJ,Killed and injured,9,Total,9,Total,9,Total,9,Total,C,Driver,TOTAL,Total,9,Total,99,Total,2016,7056
A,Annual,ITC3,Liguria,KILLINJ,Killed and injured,9,Total,9,Total,9,Total,9,Total,C,Driver,TOTAL,Total,9,Total,99,Total,2017,7463
A,Annual,ITC3,Liguria,KILLINJ,Killed and injured,9,Total,9,Total,9,Total,9,Total,C,Driver,TOTAL,Total,9,Total,99,Total,2018,7045
A,Annual,ITC3,Liguria,KILLINJ,Killed and injured,9,Total,9,Total,9,Total,9,Total,C,Driver,TOTAL,Total,9,Total,99,Total,2019,6746
A,Annual,ITC3,Liguria,KILLINJ,Killed and injured,9,Total,9,Total,9,Total,9,Total,C,Driver,TOTAL,Total,9,Total,99,Total,2020,4862
A,Annual,ITC3,Liguria,KILLINJ,Killed and injured,9,Total,9,Total,9,Total,9,Total,C,Driver,TOTAL,Total,9,Total,99,Total,2021,6115
A,Annual,ITC3,Liguria,KILLINJ,Killed and injured,9,Total,9,Total,9,Total,9,Total,C,Driver,TOTAL,Total,9,Total,99,Total,2022,6691
A,Annual,ITC3,Liguria,KILLINJ,Killed and injured,9,Total,9,Total,9,Total,9,Total,C,Driver,TOTAL,Total,9,Total,99,Total,2023,6319
A,Annual,ITC3,Liguria,KILLINJ,Killed and injured,9,Total,9,Total,9,Total,9,Total,C,Driver,TOTAL,Total,9,Total,99,Total,2024,6643
A,Annual,ITC3,Liguria,KILLINJ,Killed and injured,9,Total,9,Total,9,Total,9,Total,P,Passenger,TOTAL,Total,9,Total,99,Total,2010,2413
A,Annual,ITC3,Liguria,KILLINJ,Killed and injured,9,Total,9,Total,9,Total,9,Total,P,Passenger,TOTAL,Total,9,Total,99,Total,2011,2338
A,Annual,ITC3,Liguria,KILLINJ,Killed and injured,9,Total,9,Total,9,Total,9,Total,P,Passenger,TOTAL,Total,9,Total,99,Total,2012,2348
A,Annual,ITC3,Liguria,KILLINJ,Killed and injured,9,Total,9,Total,9,Total,9,Total,P,Passenger,TOTAL,Total,9,Total,99,Total,2013,2228
A,Annual,ITC3,Liguria,KILLINJ,Killed and injured,9,Total,9,Total,9,Total,9,Total,P,Passenger,TOTAL,Total,9,Total,99,Total,2014,2150
A,Annual,ITC3,Liguria,KILLINJ,Killed and injured,9,Total,9,Total,9,Total,9,Total,P,Passenger,TOTAL,Total,9,Total,99,Total,2015,2147
A,Annual,ITC3,Liguria,KILLINJ,Killed and injured,9,Total,9,Total,9,Total,9,Total,P,Passenger,TOTAL,Total,9,Total,99,Total,2016,2065
A,Annual,ITC3,Liguria,KILLINJ,Killed and injured,9,Total,9,Total,9,Total,9,Total,P,Passenger,TOTAL,Total,9,Total,99,Total,2017,2374
A,Annual,ITC3,Liguria,KILLINJ,Killed and injured,9,Total,9,Total,9,Total,9,Total,P,Passenger,TOTAL,Total,9,Total,99,Total,2018,2248
A,Annual,ITC3,Liguria,KILLINJ,Killed and injured,9,Total,9,Total,9,Total,9,Total,P,Passenger,TOTAL,Total,9,Total,99,Total,2019,2085
A,Annual,ITC3,Liguria,KILLINJ,Killed and injured,9,Total,9,Total,9,Total,9,Total,P,Passenger,TOTAL,Total,9,Total,99,Total,2020,1167
A,Annual,ITC3,Liguria,KILLINJ,Killed and injured,9,Total,9,Total,9,Total,9,Total,P,Passenger,TOTAL,Total,9,Total,99,Total,2021,1622
A,Annual,ITC3,Liguria,KILLINJ,Killed and injured,9,Total,9,Total,9,Total,9,Total,P,Passenger,TOTAL,Total,9,Total,99,Total,2022,1776
A,Annual,ITC3,Liguria,KILLINJ,Killed and injured,9,Total,9,Total,9,Total,9,Total,P,Passenger,TOTAL,Total,9,Total,99,Total,2023,1774
A,Annual,ITC3,Liguria,KILLINJ,Killed and injured,9,Total,9,Total,9,Total,9,Total,P,Passenger,TOTAL,Total,9,Total,99,Total,2024,1894
A,Annual,ITC3,Liguria,KILLINJ,Killed and injured,9,Total,9,Total,9,Total,9,Total,X,Pedestrian,TOTAL,Total,9,Total,99,Total,2010,1519
A,Annual,ITC3,Liguria,KILLINJ,Killed and injured,9,Total,9,Total,9,Total,9,Total,X,Pedestrian,TOTAL,Total,9,Total,99,Total,2011,1406
A,Annual,ITC3,Liguria,KILLINJ,Killed and injured,9,Total,9,Total,9,Total,9,Total,X,Pedestrian,TOTAL,Total,9,Total,99,Total,2012,1377
A,Annual,ITC3,Liguria,KILLINJ,Killed and injured,9,Total,9,Total,9,Total,9,Total,X,Pedestrian,TOTAL,Total,9,Total,99,Total,2013,1396
A,Annual,ITC3,Liguria,KILLINJ,Killed and injured,9,Total,9,Total,9,Total,9,Total,X,Pedestrian,TOTAL,Total,9,Total,99,Total,2014,1452
A,Annual,ITC3,Liguria,KILLINJ,Killed and injured,9,Total,9,Total,9,Total,9,Total,X,Pedestrian,TOTAL,Total,9,Total,99,Total,2015,1420
A,Annual,ITC3,Liguria,KILLINJ,Killed and injured,9,Total,9,Total,9,Total,9,Total,X,Pedestrian,TOTAL,Total,9,Total,99,Total,2016,1312
A,Annual,ITC3,Liguria,KILLINJ,Killed and injured,9,Total,9,Total,9,Total,9,Total,X,Pedestrian,TOTAL,Total,9,Total,99,Total,2017,1332
A,Annual,ITC3,Liguria,KILLINJ,Killed and injured,9,Total,9,Total,9,Total,9,Total,X,Pedestrian,TOTAL,Total,9,Total,99,Total,2018,1256
A,Annual,ITC3,Liguria,KILLINJ,Killed and injured,9,Total,9,Total,9,Total,9,Total,X,Pedestrian,TOTAL,Total,9,Total,99,Total,2019,1284
A,Annual,ITC3,Liguria,KILLINJ,Killed and injured,9,Total,9,Total,9,Total,9,Total,X,Pedestrian,TOTAL,Total,9,Total,99,Total,2020,910
A,Annual,ITC3,Liguria,KILLINJ,Killed and injured,9,Total,9,Total,9,Total,9,Total,X,Pedestrian,TOTAL,Total,9,Total,99,Total,2021,1093
A,Annual,ITC3,Liguria,KILLINJ,Killed and injured,9,Total,9,Total,9,Total,9,Total,X,Pedestrian,TOTAL,Total,9,Total,99,Total,2022,1203
A,Annual,ITC3,Liguria,KILLINJ,Killed and injured,9,Total,9,Total,9,Total,9,Total,X,Pedestrian,TOTAL,Total,9,Total,99,Total,2023,1156
A,Annual,ITC3,Liguria,KILLINJ,Killed and injured,9,Total,9,Total,9,Total,9,Total,X,Pedestrian,TOTAL,Total,9,Total,99,Total,2024,1292
A,Annual,ITC3,Liguria,KILLINJ,Killed and injured,9,Total,9,Total,9,Total,9,Total,9,Total,TOTAL,Total,9,Total,99,Total,2010,12444
A,Annual,ITC3,Liguria,KILLINJ,Killed and injured,9,Total,9,Total,9,Total,9,Total,9,Total,TOTAL,Total,9,Total,99,Total,2011,11865
A,Annual,ITC3,Liguria,KILLINJ,Killed and injured,9,Total,9,Total,9,Total,9,Total,9,Total,TOTAL,Total,9,Total,99,Total,2012,11348
A,Annual,ITC3,Liguria,KILLINJ,Killed and injured,9,Total,9,Total,9,Total,9,Total,9,Total,TOTAL,Total,9,Total,99,Total,2013,11160
A,Annual,ITC3,Liguria,KILLINJ,Killed and injured,9,Total,9,Total,9,Total,9,Total,9,Total,TOTAL,Total,9,Total,99,Total,2014,10695
A,Annual,ITC3,Liguria,KILLINJ,Killed and injured,9,Total,9,Total,9,Total,9,Total,9,Total,TOTAL,Total,9,Total,99,Total,2015,10722
A,Annual,ITC3,Liguria,KILLINJ,Killed and injured,9,Total,9,Total,9,Total,9,Total,9,Total,TOTAL,Total,9,Total,99,Total,2016,10433
A,Annual,ITC3,Liguria,KILLINJ,Killed and injured,9,Total,9,Total,9,Total,9,Total,9,Total,TOTAL,Total,9,Total,99,Total,2017,11169
A,Annual,ITC3,Liguria,KILLINJ,Killed and injured,9,Total,9,Total,9,Total,9,Total,9,Total,TOTAL,Total,9,Total,99,Total,2018,10549
A,Annual,ITC3,Liguria,KILLINJ,Killed and injured,9,Total,9,Total,9,Total,9,Total,9,Total,TOTAL,Total,9,Total,99,Total,2019,10115
A,Annual,ITC3,Liguria,KILLINJ,Killed and injured,9,Total,9,Total,9,Total,9,Total,9,Total,TOTAL,Total,9,Total,99,Total,2020,6939
A,Annual,ITC3,Liguria,KILLINJ,Killed and injured,9,Total,9,Total,9,Total,9,Total,9,Total,TOTAL,Total,9,Total,99,Total,2021,8830
A,Annual,ITC3,Liguria,KILLINJ,Killed and injured,9,Total,9,Total,9,Total,9,Total,9,Total,TOTAL,Total,9,Total,99,Total,2022,9670
A,Annual,ITC3,Liguria,KILLINJ,Killed and injured,9,Total,9,Total,9,Total,9,Total,9,Total,TOTAL,Total,9,Total,99,Total,2023,9249
A,Annual,ITC3,Liguria,KILLINJ,Killed and injured,9,Total,9,Total,9,Total,9,Total,9,Total,TOTAL,Total,9,Total,99,Total,2024,9829
A,Annual,ITC4,Lombardia,KILLINJ,Killed and injured,9,Total,9,Total,9,Total,M,Killed,C,Driver,TOTAL,Total,9,Total,99,Total,2010,399
A,Annual,ITC4,Lombardia,KILLINJ,Killed and injured,9,Total,9,Total,9,Total,M,Killed,C,Driver,TOTAL,Total,9,Total,99,Total,2011,382
A,Annual,ITC4,Lombardia,KILLINJ,Killed and injured,9,Total,9,Total,9,Total,M,Killed,C,Driver,TOTAL,Total,9,Total,99,Total,2012,399
A,Annual,ITC4,Lombardia,KILLINJ,Killed and injured,9,Total,9,Total,9,Total,M,Killed,C,Driver,TOTAL,Total,9,Total,99,Total,2013,310
A,Annual,ITC4,Lombardia,KILLINJ,Killed and injured,9,Total,9,Total,9,Total,M,Killed,C,Driver,TOTAL,Total,9,Total,99,Total,2014,299
A,Annual,ITC4,Lombardia,KILLINJ,Killed and injured,9,Total,9,Total,9,Total,M,Killed,C,Driver,TOTAL,Total,9,Total,99,Total,2015,338
A,Annual,ITC4,Lombardia,KILLINJ,Killed and injured,9,Total,9,Total,9,Total,M,Killed,C,Driver,TOTAL,Total,9,Total,99,Total,2016,297
A,Annual,ITC4,Lombardia,KILLINJ,Killed and injured,9,Total,9,Total,9,Total,M,Killed,C,Driver,TOTAL,Total,9,Total,99,Total,2017,285
A,Annual,ITC4,Lombardia,KILLINJ,Killed and injured,9,Total,9,Total,9,Total,M,Killed,C,Driver,TOTAL,Total,9,Total,99,Total,2018,331
A,Annual,ITC4,Lombardia,KILLINJ,Killed and injured,9,Total,9,Total,9,Total,M,Killed,C,Driver,TOTAL,Total,9,Total,99,Total,2019,305
A,Annual,ITC4,Lombardia,KILLINJ,Killed and injured,9,Total,9,Total,9,Total,M,Killed,C,Driver,TOTAL,Total,9,Total,99,Total,2020,232
A,Annual,ITC4,Lombardia,KILLINJ,Killed and injured,9,Total,9,Total,9,Total,M,Killed,C,Driver,TOTAL,Total,9,Total,99,Total,2021,278
A,Annual,ITC4,Lombardia,KILLINJ,Killed and injured,9,Total,9,Total,9,Total,M,Killed,C,Driver,TOTAL,Total,9,Total,99,Total,2022,281
A,Annual,ITC4,Lombardia,KILLINJ,Killed and injured,9,Total,9,Total,9,Total,M,Killed,C,Driver,TOTAL,Total,9,Total,99,Total,2023,283
A,Annual,ITC4,Lombardia,KILLINJ,Killed and injured,9,Total,9,Total,9,Total,M,Killed,C,Driver,TOTAL,Total,9,Total,99,Total,2024,271
A,Annual,ITC4,Lombardia,KILLINJ,Killed and injured,9,Total,9,Total,9,Total,M,Killed,P,Passenger,TOTAL,Total,9,Total,99,Total,2010,69
A,Annual,ITC4,Lombardia,KILLINJ,Killed and injured,9,Total,9,Total,9,Total,M,Killed,P,Passenger,TOTAL,Total,9,Total,99,Total,2011,73
A,Annual,ITC4,Lombardia,KILLINJ,Killed and injured,9,Total,9,Total,9,Total,M,Killed,P,Passenger,TOTAL,Total,9,Total,99,Total,2012,71
A,Annual,ITC4,Lombardia,KILLINJ,Killed and injured,9,Total,9,Total,9,Total,M,Killed,P,Passenger,TOTAL,Total,9,Total,99,Total,2013,55
A,Annual,ITC4,Lombardia,KILLINJ,Killed and injured,9,Total,9,Total,9,Total,M,Killed,P,Passenger,TOTAL,Total,9,Total,99,Total,2014,60
A,Annual,ITC4,Lombardia,KILLINJ,Killed and injured,9,Total,9,Total,9,Total,M,Killed,P,Passenger,TOTAL,Total,9,Total,99,Total,2015,58
A,Annual,ITC4,Lombardia,KILLINJ,Killed and injured,9,Total,9,Total,9,Total,M,Killed,P,Passenger,TOTAL,Total,9,Total,99,Total,2016,47
A,Annual,ITC4,Lombardia,KILLINJ,Killed and injured,9,Total,9,Total,9,Total,M,Killed,P,Passenger,TOTAL,Total,9,Total,99,Total,2017,45
A,Annual,ITC4,Lombardia,KILLINJ,Killed and injured,9,Total,9,Total,9,Total,M,Killed,P,Passenger,TOTAL,Total,9,Total,99,Total,2018,51
A,Annual,ITC4,Lombardia,KILLINJ,Killed and injured,9,Total,9,Total,9,Total,M,Killed,P,Passenger,TOTAL,Total,9,Total,99,Total,2019,37
A,Annual,ITC4,Lombardia,KILLINJ,Killed and injured,9,Total,9,Total,9,Total,M,Killed,P,Passenger,TOTAL,Total,9,Total,99,Total,2020,37
A,Annual,ITC4,Lombardia,KILLINJ,Killed and injured,9,Total,9,Total,9,Total,M,Killed,P,Passenger,TOTAL,Total,9,Total,99,Total,2021,21
A,Annual,ITC4,Lombardia,KILLINJ,Killed and injured,9,Total,9,Total,9,Total,M,Killed,P,Passenger,TOTAL,Total,9,Total,99,Total,2022,52
A,Annual,ITC4,Lombardia,KILLINJ,Killed and injured,9,Total,9,Total,9,Total,M,Killed,P,Passenger,TOTAL,Total,9,Total,99,Total,2023,36
A,Annual,ITC4,Lombardia,KILLINJ,Killed and injured,9,Total,9,Total,9,Total,M,Killed,P,Passenger,TOTAL,Total,9,Total,99,Total,2024,37
A,Annual,ITC4,Lombardia,KILLINJ,Killed and injured,9,Total,9,Total,9,Total,M,Killed,X,Pedestrian,TOTAL,Total,9,Total,99,Total,2010,97
A,Annual,ITC4,Lombardia,KILLINJ,Killed and injured,9,Total,9,Total,9,Total,M,Killed,X,Pedestrian,TOTAL,Total,9,Total,99,Total,2011,77
A,Annual,ITC4,Lombardia,KILLINJ,Killed and injured,9,Total,9,Total,9,Total,M,Killed,X,Pedestrian,TOTAL,Total,9,Total,99,Total,2012,79
A,Annual,ITC4,Lombardia,KILLINJ,Killed and injured,9,Total,9,Total,9,Total,M,Killed,X,Pedestrian,TOTAL,Total,9,Total,99,Total,2013,73
A,Annual,ITC4,Lombardia,KILLINJ,Killed and injured,9,Total,9,Total,9,Total,M,Killed,X,Pedestrian,TOTAL,Total,9,Total,99,Total,2014,89
A,Annual,ITC4,Lombardia,KILLINJ,Killed and injured,9,Total,9,Total,9,Total,M,Killed,X,Pedestrian,TOTAL,Total,9,Total,99,Total,2015,82
A,Annual,ITC4,Lombardia,KILLINJ,Killed and injured,9,Total,9,Total,9,Total,M,Killed,X,Pedestrian,TOTAL,Total,9,Total,99,Total,2016,90
A,Annual,ITC4,Lombardia,KILLINJ,Killed and injured,9,Total,9,Total,9,Total,M,Killed,X,Pedestrian,TOTAL,Total,9,Total,99,Total,2017,93
A,Annual,ITC4,Lombardia,KILLINJ,Killed and injured,9,Total,9,Total,9,Total,M,Killed,X,Pedestrian,TOTAL,Total,9,Total,99,Total,2018,101
A,Annual,ITC4,Lombardia,KILLINJ,Killed and injured,9,Total,9,Total,9,Total,M,Killed,X,Pedestrian,TOTAL,Total,9,Total,99,Total,2019,96
A,Annual,ITC4,Lombardia,KILLINJ,Killed and injured,9,Total,9,Total,9,Total,M,Killed,X,Pedestrian,TOTAL,Total,9,Total,99,Total,2020,48
A,Annual,ITC4,Lombardia,KILLINJ,Killed and injured,9,Total,9,Total,9,Total,M,Killed,X,Pedestrian,TOTAL,Total,9,Total,99,Total,2021,58
A,Annual,ITC4,Lombardia,KILLINJ,Killed and injured,9,Total,9,Total,9,Total,M,Killed,X,Pedestrian,TOTAL,Total,9,Total,99,Total,2022,69
A,Annual,ITC4,Lombardia,KILLINJ,Killed and injured,9,Total,9,Total,9,Total,M,Killed,X,Pedestrian,TOTAL,Total,9,Total,99,Total,2023,58
A,Annual,ITC4,Lombardia,KILLINJ,Killed and injured,9,Total,9,Total,9,Total,M,Killed,X,Pedestrian,TOTAL,Total,9,Total,99,Total,2024,75
A,Annual,ITC4,Lombardia,KILLINJ,Killed and injured,9,Total,9,Total,9,Total,M,Killed,9,Total,TOTAL,Total,9,Total,99,Total,2010,565
A,Annual,ITC4,Lombardia,KILLINJ,Killed and injured,9,Total,9,Total,9,Total,M,Killed,9,Total,TOTAL,Total,9,Total,99,Total,2011,532
A,Annual,ITC4,Lombardia,KILLINJ,Killed and injured,9,Total,9,Total,9,Total,M,Killed,9,Total,TOTAL,Total,9,Total,99,Total,2012,549
A,Annual,ITC4,Lombardia,KILLINJ,Killed and injured,9,Total,9,Total,9,Total,M,Killed,9,Total,TOTAL,Total,9,Total,99,Total,2013,438
A,Annual,ITC4,Lombardia,KILLINJ,Killed and injured,9,Total,9,Total,9,Total,M,Killed,9,Total,TOTAL,Total,9,Total,99,Total,2014,448
A,Annual,ITC4,Lombardia,KILLINJ,Killed and injured,9,Total,9,Total,9,Total,M,Killed,9,Total,TOTAL,Total,9,Total,99,Total,2015,478
A,Annual,ITC4,Lombardia,KILLINJ,Killed and injured,9,Total,9,Total,9,Total,M,Killed,9,Total,TOTAL,Total,9,Total,99,Total,2016,434
A,Annual,ITC4,Lombardia,KILLINJ,Killed and injured,9,Total,9,Total,9,Total,M,Killed,9,Total,TOTAL,Total,9,Total,99,Total,2017,423
A,Annual,ITC4,Lombardia,KILLINJ,Killed and injured,9,Total,9,Total,9,Total,M,Killed,9,Total,TOTAL,Total,9,Total,99,Total,2018,483
A,Annual,ITC4,Lombardia,KILLINJ,Killed and injured,9,Total,9,Total,9,Total,M,Killed,9,Total,TOTAL,Total,9,Total,99,Total,2019,438
A,Annual,ITC4,Lombardia,KILLINJ,Killed and injured,9,Total,9,Total,9,Total,M,Killed,9,Total,TOTAL,Total,9,Total,99,Total,2020,317
A,Annual,ITC4,Lombardia,KILLINJ,Killed and injured,9,Total,9,Total,9,Total,M,Killed,9,Total,TOTAL,Total,9,Total,99,Total,2021,357
A,Annual,ITC4,Lombardia,KILLINJ,Killed and injured,9,Total,9,Total,9,Total,M,Killed,9,Total,TOTAL,Total,9,Total,99,Total,2022,402
A,Annual,ITC4,Lombardia,KILLINJ,Killed and injured,9,Total,9,Total,9,Total,M,Killed,9,Total,TOTAL,Total,9,Total,99,Total,2023,377
A,Annual,ITC4,Lombardia,KILLINJ,Killed and injured,9,Total,9,Total,9,Total,M,Killed,9,Total,TOTAL,Total,9,Total,99,Total,2024,383
A,Annual,ITC4,Lombardia,KILLINJ,Killed and injured,9,Total,9,Total,9,Total,F,Injured,C,Driver,TOTAL,Total,9,Total,99,Total,2010,38296
A,Annual,ITC4,Lombardia,KILLINJ,Killed and injured,9,Total,9,Total,9,Total,F,Injured,C,Driver,TOTAL,Total,9,Total,99,Total,2011,36095
A,Annual,ITC4,Lombardia,KILLINJ,Killed and injured,9,Total,9,Total,9,Total,F,Injured,C,Driver,TOTAL,Total,9,Total,99,Total,2012,34501
A,Annual,ITC4,Lombardia,KILLINJ,Killed and injured,9,Total,9,Total,9,Total,F,Injured,C,Driver,TOTAL,Total,9,Total,99,Total,2013,33018
A,Annual,ITC4,Lombardia,KILLINJ,Killed and injured,9,Total,9,Total,9,Total,F,Injured,C,Driver,TOTAL,Total,9,Total,99,Total,2014,31829
A,Annual,ITC4,Lombardia,KILLINJ,Killed and injured,9,Total,9,Total,9,Total,F,Injured,C,Driver,TOTAL,Total,9,Total,99,Total,2015,31941
A,Annual,ITC4,Lombardia,KILLINJ,Killed and injured,9,Total,9,Total,9,Total,F,Injured,C,Driver,TOTAL,Total,9,Total,99,Total,2016,31844
A,Annual,ITC4,Lombardia,KILLINJ,Killed and injured,9,Total,9,Total,9,Total,F,Injured,C,Driver,TOTAL,Total,9,Total,99,Total,2017,31589
A,Annual,ITC4,Lombardia,KILLINJ,Killed and injured,9,Total,9,Total,9,Total,F,Injured,C,Driver,TOTAL,Total,9,Total,99,Total,2018,31664
A,Annual,ITC4,Lombardia,KILLINJ,Killed and injured,9,Total,9,Total,9,Total,F,Injured,C,Driver,TOTAL,Total,9,Total,99,Total,2019,31292
A,Annual,ITC4,Lombardia,KILLINJ,Killed and injured,9,Total,9,Total,9,Total,F,Injured,C,Driver,TOTAL,Total,9,Total,99,Total,2020,19313
A,Annual,ITC4,Lombardia,KILLINJ,Killed and injured,9,Total,9,Total,9,Total,F,Injured,C,Driver,TOTAL,Total,9,Total,99,Total,2021,25095
A,Annual,ITC4,Lombardia,KILLINJ,Killed and injured,9,Total,9,Total,9,Total,F,Injured,C,Driver,TOTAL,Total,9,Total,99,Total,2022,27584
A,Annual,ITC4,Lombardia,KILLINJ,Killed and injured,9,Total,9,Total,9,Total,F,Injured,C,Driver,TOTAL,Total,9,Total,99,Total,2023,27572
A,Annual,ITC4,Lombardia,KILLINJ,Killed and injured,9,Total,9,Total,9,Total,F,Injured,C,Driver,TOTAL,Total,9,Total,99,Total,2024,28338
A,Annual,ITC4,Lombardia,KILLINJ,Killed and injured,9,Total,9,Total,9,Total,F,Injured,P,Passenger,TOTAL,Total,9,Total,99,Total,2010,11342
A,Annual,ITC4,Lombardia,KILLINJ,Killed and injured,9,Total,9,Total,9,Total,F,Injured,P,Passenger,TOTAL,Total,9,Total,99,Total,2011,10817
A,Annual,ITC4,Lombardia,KILLINJ,Killed and injured,9,Total,9,Total,9,Total,F,Injured,P,Passenger,TOTAL,Total,9,Total,99,Total,2012,10566
A,Annual,ITC4,Lombardia,KILLINJ,Killed and injured,9,Total,9,Total,9,Total,F,Injured,P,Passenger,TOTAL,Total,9,Total,99,Total,2013,9943
A,Annual,ITC4,Lombardia,KILLINJ,Killed and injured,9,Total,9,Total,9,Total,F,Injured,P,Passenger,TOTAL,Total,9,Total,99,Total,2014,9579
A,Annual,ITC4,Lombardia,KILLINJ,Killed and injured,9,Total,9,Total,9,Total,F,Injured,P,Passenger,TOTAL,Total,9,Total,99,Total,2015,9450
A,Annual,ITC4,Lombardia,KILLINJ,Killed and injured,9,Total,9,Total,9,Total,F,Injured,P,Passenger,TOTAL,Total,9,Total,99,Total,2016,9429
A,Annual,ITC4,Lombardia,KILLINJ,Killed and injured,9,Total,9,Total,9,Total,F,Injured,P,Passenger,TOTAL,Total,9,Total,99,Total,2017,9313
A,Annual,ITC4,Lombardia,KILLINJ,Killed and injured,9,Total,9,Total,9,Total,F,Injured,P,Passenger,TOTAL,Total,9,Total,99,Total,2018,8990
A,Annual,ITC4,Lombardia,KILLINJ,Killed and injured,9,Total,9,Total,9,Total,F,Injured,P,Passenger,TOTAL,Total,9,Total,99,Total,2019,8903
A,Annual,ITC4,Lombardia,KILLINJ,Killed and injured,9,Total,9,Total,9,Total,F,Injured,P,Passenger,TOTAL,Total,9,Total,99,Total,2020,4484
A,Annual,ITC4,Lombardia,KILLINJ,Killed and injured,9,Total,9,Total,9,Total,F,Injured,P,Passenger,TOTAL,Total,9,Total,99,Total,2021,5838
A,Annual,ITC4,Lombardia,KILLINJ,Killed and injured,9,Total,9,Total,9,Total,F,Injured,P,Passenger,TOTAL,Total,9,Total,99,Total,2022,7033
A,Annual,ITC4,Lombardia,KILLINJ,Killed and injured,9,Total,9,Total,9,Total,F,Injured,P,Passenger,TOTAL,Total,9,Total,99,Total,2023,6793
A,Annual,ITC4,Lombardia,KILLINJ,Killed and injured,9,Total,9,Total,9,Total,F,Injured,P,Passenger,TOTAL,Total,9,Total,99,Total,2024,6954
A,Annual,ITC4,Lombardia,KILLINJ,Killed and injured,9,Total,9,Total,9,Total,F,Injured,X,Pedestrian,TOTAL,Total,9,Total,99,Total,2010,4168
A,Annual,ITC4,Lombardia,KILLINJ,Killed and injured,9,Total,9,Total,9,Total,F,Injured,X,Pedestrian,TOTAL,Total,9,Total,99,Total,2011,3926
A,Annual,ITC4,Lombardia,KILLINJ,Killed and injured,9,Total,9,Total,9,Total,F,Injured,X,Pedestrian,TOTAL,Total,9,Total,99,Total,2012,4013
A,Annual,ITC4,Lombardia,KILLINJ,Killed and injured,9,Total,9,Total,9,Total,F,Injured,X,Pedestrian,TOTAL,Total,9,Total,99,Total,2013,4001
A,Annual,ITC4,Lombardia,KILLINJ,Killed and injured,9,Total,9,Total,9,Total,F,Injured,X,Pedestrian,TOTAL,Total,9,Total,99,Total,2014,4347
A,Annual,ITC4,Lombardia,KILLINJ,Killed and injured,9,Total,9,Total,9,Total,F,Injured,X,Pedestrian,TOTAL,Total,9,Total,99,Total,2015,3812
A,Annual,ITC4,Lombardia,KILLINJ,Killed and injured,9,Total,9,Total,9,Total,F,Injured,X,Pedestrian,TOTAL,Total,9,Total,99,Total,2016,4162
A,Annual,ITC4,Lombardia,KILLINJ,Killed and injured,9,Total,9,Total,9,Total,F,Injured,X,Pedestrian,TOTAL,Total,9,Total,99,Total,2017,4094
A,Annual,ITC4,Lombardia,KILLINJ,Killed and injured,9,Total,9,Total,9,Total,F,Injured,X,Pedestrian,TOTAL,Total,9,Total,99,Total,2018,3971
A,Annual,ITC4,Lombardia,KILLINJ,Killed and injured,9,Total,9,Total,9,Total,F,Injured,X,Pedestrian,TOTAL,Total,9,Total,99,Total,2019,4205
A,Annual,ITC4,Lombardia,KILLINJ,Killed and injured,9,Total,9,Total,9,Total,F,Injured,X,Pedestrian,TOTAL,Total,9,Total,99,Total,2020,2143
A,Annual,ITC4,Lombardia,KILLINJ,Killed and injured,9,Total,9,Total,9,Total,F,Injured,X,Pedestrian,TOTAL,Total,9,Total,99,Total,2021,2739
A,Annual,ITC4,Lombardia,KILLINJ,Killed and injured,9,Total,9,Total,9,Total,F,Injured,X,Pedestrian,TOTAL,Total,9,Total,99,Total,2022,3295
A,Annual,ITC4,Lombardia,KILLINJ,Killed and injured,9,Total,9,Total,9,Total,F,Injured,X,Pedestrian,TOTAL,Total,9,Total,99,Total,2023,3663
A,Annual,ITC4,Lombardia,KILLINJ,Killed and injured,9,Total,9,Total,9,Total,F,Injured,X,Pedestrian,TOTAL,Total,9,Total,99,Total,2024,3677
A,Annual,ITC4,Lombardia,KILLINJ,Killed and injured,9,Total,9,Total,9,Total,F,Injured,9,Total,TOTAL,Total,9,Total,99,Total,2010,53806
A,Annual,ITC4,Lombardia,KILLINJ,Killed and injured,9,Total,9,Total,9,Total,F,Injured,9,Total,TOTAL,Total,9,Total,99,Total,2011,50838
A,Annual,ITC4,Lombardia,KILLINJ,Killed and injured,9,Total,9,Total,9,Total,F,Injured,9,Total,TOTAL,Total,9,Total,99,Total,2012,49080
A,Annual,ITC4,Lombardia,KILLINJ,Killed and injured,9,Total,9,Total,9,Total,F,Injured,9,Total,TOTAL,Total,9,Total,99,Total,2013,46962
A,Annual,ITC4,Lombardia,KILLINJ,Killed and injured,9,Total,9,Total,9,Total,F,Injured,9,Total,TOTAL,Total,9,Total,99,Total,2014,45755
A,Annual,ITC4,Lombardia,KILLINJ,Killed and injured,9,Total,9,Total,9,Total,F,Injured,9,Total,TOTAL,Total,9,Total,99,Total,2015,45203
A,Annual,ITC4,Lombardia,KILLINJ,Killed and injured,9,Total,9,Total,9,Total,F,Injured,9,Total,TOTAL,Total,9,Total,99,Total,2016,45435
A,Annual,ITC4,Lombardia,KILLINJ,Killed and injured,9,Total,9,Total,9,Total,F,Injured,9,Total,TOTAL,Total,9,Total,99,Total,2017,44996
A,Annual,ITC4,Lombardia,KILLINJ,Killed and injured,9,Total,9,Total,9,Total,F,Injured,9,Total,TOTAL,Total,9,Total,99,Total,2018,44625
A,Annual,ITC4,Lombardia,KILLINJ,Killed and injured,9,Total,9,Total,9,Total,F,Injured,9,Total,TOTAL,Total,9,Total,99,Total,2019,44400
A,Annual,ITC4,Lombardia,KILLINJ,Killed and injured,9,Total,9,Total,9,Total,F,Injured,9,Total,TOTAL,Total,9,Total,99,Total,2020,25940
A,Annual,ITC4,Lombardia,KILLINJ,Killed and injured,9,Total,9,Total,9,Total,F,Injured,9,Total,TOTAL,Total,9,Total,99,Total,2021,33672
A,Annual,ITC4,Lombardia,KILLINJ,Killed and injured,9,Total,9,Total,9,Total,F,Injured,9,Total,TOTAL,Total,9,Total,99,Total,2022,37912
A,Annual,ITC4,Lombardia,KILLINJ,Killed and injured,9,Total,9,Total,9,Total,F,Injured,9,Total,TOTAL,Total,9,Total,99,Total,2023,38028
A,Annual,ITC4,Lombardia,KILLINJ,Killed and injured,9,Total,9,Total,9,Total,F,Injured,9,Total,TOTAL,Total,9,Total,99,Total,2024,38969
A,Annual,ITC4,Lombardia,KILLINJ,Killed and injured,9,Total,9,Total,9,Total,9,Total,C,Driver,TOTAL,Total,9,Total,99,Total,2010,38695
A,Annual,ITC4,Lombardia,KILLINJ,Killed and injured,9,Total,9,Total,9,Total,9,Total,C,Driver,TOTAL,Total,9,Total,99,Total,2011,36477
A,Annual,ITC4,Lombardia,KILLINJ,Killed and injured,9,Total,9,Total,9,Total,9,Total,C,Driver,TOTAL,Total,9,Total,99,Total,2012,34900
A,Annual,ITC4,Lombardia,KILLINJ,Killed and injured,9,Total,9,Total,9,Total,9,Total,C,Driver,TOTAL,Total,9,Total,99,Total,2013,33328
A,Annual,ITC4,Lombardia,KILLINJ,Killed and injured,9,Total,9,Total,9,Total,9,Total,C,Driver,TOTAL,Total,9,Total,99,Total,2014,32128
A,Annual,ITC4,Lombardia,KILLINJ,Killed and injured,9,Total,9,Total,9,Total,9,Total,C,Driver,TOTAL,Total,9,Total,99,Total,2015,32279
A,Annual,ITC4,Lombardia,KILLINJ,Killed and injured,9,Total,9,Total,9,Total,9,Total,C,Driver,TOTAL,Total,9,Total,99,Total,2016,32141
A,Annual,ITC4,Lombardia,KILLINJ,Killed and injured,9,Total,9,Total,9,Total,9,Total,C,Driver,TOTAL,Total,9,Total,99,Total,2017,31874
A,Annual,ITC4,Lombardia,KILLINJ,Killed and injured,9,Total,9,Total,9,Total,9,Total,C,Driver,TOTAL,Total,9,Total,99,Total,2018,31995
A,Annual,ITC4,Lombardia,KILLINJ,Killed and injured,9,Total,9,Total,9,Total,9,Total,C,Driver,TOTAL,Total,9,Total,99,Total,2019,31597
A,Annual,ITC4,Lombardia,KILLINJ,Killed and injured,9,Total,9,Total,9,Total,9,Total,C,Driver,TOTAL,Total,9,Total,99,Total,2020,19545
A,Annual,ITC4,Lombardia,KILLINJ,Killed and injured,9,Total,9,Total,9,Total,9,Total,C,Driver,TOTAL,Total,9,Total,99,Total,2021,25373
A,Annual,ITC4,Lombardia,KILLINJ,Killed and injured,9,Total,9,Total,9,Total,9,Total,C,Driver,TOTAL,Total,9,Total,99,Total,2022,27865
A,Annual,ITC4,Lombardia,KILLINJ,Killed and injured,9,Total,9,Total,9,Total,9,Total,C,Driver,TOTAL,Total,9,Total,99,Total,2023,27855
A,Annual,ITC4,Lombardia,KILLINJ,Killed and injured,9,Total,9,Total,9,Total,9,Total,C,Driver,TOTAL,Total,9,Total,99,Total,2024,28609
A,Annual,ITC4,Lombardia,KILLINJ,Killed and injured,9,Total,9,Total,9,Total,9,Total,P,Passenger,TOTAL,Total,9,Total,99,Total,2010,11411
A,Annual,ITC4,Lombardia,KILLINJ,Killed and injured,9,Total,9,Total,9,Total,9,Total,P,Passenger,TOTAL,Total,9,Total,99,Total,2011,10890
A,Annual,ITC4,Lombardia,KILLINJ,Killed and injured,9,Total,9,Total,9,Total,9,Total,P,Passenger,TOTAL,Total,9,Total,99,Total,2012,10637
A,Annual,ITC4,Lombardia,KILLINJ,Killed and injured,9,Total,9,Total,9,Total,9,Total,P,Passenger,TOTAL,Total,9,Total,99,Total,2013,9998
A,Annual,ITC4,Lombardia,KILLINJ,Killed and injured,9,Total,9,Total,9,Total,9,Total,P,Passenger,TOTAL,Total,9,Total,99,Total,2014,9639
A,Annual,ITC4,Lombardia,KILLINJ,Killed and injured,9,Total,9,Total,9,Total,9,Total,P,Passenger,TOTAL,Total,9,Total,99,Total,2015,9508
A,Annual,ITC4,Lombardia,KILLINJ,Killed and injured,9,Total,9,Total,9,Total,9,Total,P,Passenger,TOTAL,Total,9,Total,99,Total,2016,9476
A,Annual,ITC4,Lombardia,KILLINJ,Killed and injured,9,Total,9,Total,9,Total,9,Total,P,Passenger,TOTAL,Total,9,Total,99,Total,2017,9358
A,Annual,ITC4,Lombardia,KILLINJ,Killed and injured,9,Total,9,Total,9,Total,9,Total,P,Passenger,TOTAL,Total,9,Total,99,Total,2018,9041
A,Annual,ITC4,Lombardia,KILLINJ,Killed and injured,9,Total,9,Total,9,Total,9,Total,P,Passenger,TOTAL,Total,9,Total,99,Total,2019,8940
A,Annual,ITC4,Lombardia,KILLINJ,Killed and injured,9,Total,9,Total,9,Total,9,Total,P,Passenger,TOTAL,Total,9,Total,99,Total,2020,4521
A,Annual,ITC4,Lombardia,KILLINJ,Killed and injured,9,Total,9,Total,9,Total,9,Total,P,Passenger,TOTAL,Total,9,Total,99,Total,2021,5859
A,Annual,ITC4,Lombardia,KILLINJ,Killed and injured,9,Total,9,Total,9,Total,9,Total,P,Passenger,TOTAL,Total,9,Total,99,Total,2022,7085
A,Annual,ITC4,Lombardia,KILLINJ,Killed and injured,9,Total,9,Total,9,Total,9,Total,P,Passenger,TOTAL,Total,9,Total,99,Total,2023,6829
A,Annual,ITC4,Lombardia,KILLINJ,Killed and injured,9,Total,9,Total,9,Total,9,Total,P,Passenger,TOTAL,Total,9,Total,99,Total,2024,6991
A,Annual,ITC4,Lombardia,KILLINJ,Killed and injured,9,Total,9,Total,9,Total,9,Total,X,Pedestrian,TOTAL,Total,9,Total,99,Total,2010,4265
A,Annual,ITC4,Lombardia,KILLINJ,Killed and injured,9,Total,9,Total,9,Total,9,Total,X,Pedestrian,TOTAL,Total,9,Total,99,Total,2011,4003
A,Annual,ITC4,Lombardia,KILLINJ,Killed and injured,9,Total,9,Total,9,Total,9,Total,X,Pedestrian,TOTAL,Total,9,Total,99,Total,2012,4092
A,Annual,ITC4,Lombardia,KILLINJ,Killed and injured,9,Total,9,Total,9,Total,9,Total,X,Pedestrian,TOTAL,Total,9,Total,99,Total,2013,4074
A,Annual,ITC4,Lombardia,KILLINJ,Killed and injured,9,Total,9,Total,9,Total,9,Total,X,Pedestrian,TOTAL,Total,9,Total,99,Total,2014,4436
A,Annual,ITC4,Lombardia,KILLINJ,Killed and injured,9,Total,9,Total,9,Total,9,Total,X,Pedestrian,TOTAL,Total,9,Total,99,Total,2015,3894
A,Annual,ITC4,Lombardia,KILLINJ,Killed and injured,9,Total,9,Total,9,Total,9,Total,X,Pedestrian,TOTAL,Total,9,Total,99,Total,2016,4252
A,Annual,ITC4,Lombardia,KILLINJ,Killed and injured,9,Total,9,Total,9,Total,9,Total,X,Pedestrian,TOTAL,Total,9,Total,99,Total,2017,4187
A,Annual,ITC4,Lombardia,KILLINJ,Killed and injured,9,Total,9,Total,9,Total,9,Total,X,Pedestrian,TOTAL,Total,9,Total,99,Total,2018,4072
A,Annual,ITC4,Lombardia,KILLINJ,Killed and injured,9,Total,9,Total,9,Total,9,Total,X,Pedestrian,TOTAL,Total,9,Total,99,Total,2019,4301
A,Annual,ITC4,Lombardia,KILLINJ,Killed and injured,9,Total,9,Total,9,Total,9,Total,X,Pedestrian,TOTAL,Total,9,Total,99,Total,2020,2191
A,Annual,ITC4,Lombardia,KILLINJ,Killed and injured,9,Total,9,Total,9,Total,9,Total,X,Pedestrian,TOTAL,Total,9,Total,99,Total,2021,2797
A,Annual,ITC4,Lombardia,KILLINJ,Killed and injured,9,Total,9,Total,9,Total,9,Total,X,Pedestrian,TOTAL,Total,9,Total,99,Total,2022,3364
A,Annual,ITC4,Lombardia,KILLINJ,Killed and injured,9,Total,9,Total,9,Total,9,Total,X,Pedestrian,TOTAL,Total,9,Total,99,Total,2023,3721
A,Annual,ITC4,Lombardia,KILLINJ,Killed and injured,9,Total,9,Total,9,Total,9,Total,X,Pedestrian,TOTAL,Total,9,Total,99,Total,2024,3752
A,Annual,ITC4,Lombardia,KILLINJ,Killed and injured,9,Total,9,Total,9,Total,9,Total,9,Total,TOTAL,Total,9,Total,99,Total,2010,54371
A,Annual,ITC4,Lombardia,KILLINJ,Killed and injured,9,Total,9,Total,9,Total,9,Total,9,Total,TOTAL,Total,9,Total,99,Total,2011,51370
A,Annual,ITC4,Lombardia,KILLINJ,Killed and injured,9,Total,9,Total,9,Total,9,Total,9,Total,TOTAL,Total,9,Total,99,Total,2012,49629
A,Annual,ITC4,Lombardia,KILLINJ,Killed and injured,9,Total,9,Total,9,Total,9,Total,9,Total,TOTAL,Total,9,Total,99,Total,2013,47400
A,Annual,ITC4,Lombardia,KILLINJ,Killed and injured,9,Total,9,Total,9,Total,9,Total,9,Total,TOTAL,Total,9,Total,99,Total,2014,46203
A,Annual,ITC4,Lombardia,KILLINJ,Killed and injured,9,Total,9,Total,9,Total,9,Total,9,Total,TOTAL,Total,9,Total,99,Total,2015,45681
A,Annual,ITC4,Lombardia,KILLINJ,Killed and injured,9,Total,9,Total,9,Total,9,Total,9,Total,TOTAL,Total,9,Total,99,Total,2016,45869
A,Annual,ITC4,Lombardia,KILLINJ,Killed and injured,9,Total,9,Total,9,Total,9,Total,9,Total,TOTAL,Total,9,Total,99,Total,2017,45419
A,Annual,ITC4,Lombardia,KILLINJ,Killed and injured,9,Total,9,Total,9,Total,9,Total,9,Total,TOTAL,Total,9,Total,99,Total,2018,45108
A,Annual,ITC4,Lombardia,KILLINJ,Killed and injured,9,Total,9,Total,9,Total,9,Total,9,Total,TOTAL,Total,9,Total,99,Total,2019,44838
A,Annual,ITC4,Lombardia,KILLINJ,Killed and injured,9,Total,9,Total,9,Total,9,Total,9,Total,TOTAL,Total,9,Total,99,Total,2020,26257
A,Annual,ITC4,Lombardia,KILLINJ,Killed and injured,9,Total,9,Total,9,Total,9,Total,9,Total,TOTAL,Total,9,Total,99,Total,2021,34029
A,Annual,ITC4,Lombardia,KILLINJ,Killed and injured,9,Total,9,Total,9,Total,9,Total,9,Total,TOTAL,Total,9,Total,99,Total,2022,38314
A,Annual,ITC4,Lombardia,KILLINJ,Killed and injured,9,Total,9,Total,9,Total,9,Total,9,Total,TOTAL,Total,9,Total,99,Total,2023,38405
A,Annual,ITC4,Lombardia,KILLINJ,Killed and injured,9,Total,9,Total,9,Total,9,Total,9,Total,TOTAL,Total,9,Total,99,Total,2024,39352
A,Annual,ITDA,Trentino Alto Adige / Südtirol,KILLINJ,Killed and injured,9,Total,9,Total,9,Total,M,Killed,C,Driver,TOTAL,Total,9,Total,99,Total,2010,45
A,Annual,ITDA,Trentino Alto Adige / Südtirol,KILLINJ,Killed and injured,9,Total,9,Total,9,Total,M,Killed,C,Driver,TOTAL,Total,9,Total,99,Total,2011,39
A,Annual,ITDA,Trentino Alto Adige / Südtirol,KILLINJ,Killed and injured,9,Total,9,Total,9,Total,M,Killed,C,Driver,TOTAL,Total,9,Total,99,Total,2012,54
A,Annual,ITDA,Trentino Alto Adige / Südtirol,KILLINJ,Killed and injured,9,Total,9,Total,9,Total,M,Killed,C,Driver,TOTAL,Total,9,Total,99,Total,2013,48
A,Annual,ITDA,Trentino Alto Adige / Südtirol,KILLINJ,Killed and injured,9,Total,9,Total,9,Total,M,Killed,C,Driver,TOTAL,Total,9,Total,99,Total,2014,50
A,Annual,ITDA,Trentino Alto Adige / Südtirol,KILLINJ,Killed and injured,9,Total,9,Total,9,Total,M,Killed,C,Driver,TOTAL,Total,9,Total,99,Total,2015,59
A,Annual,ITDA,Trentino Alto Adige / Südtirol,KILLINJ,Killed and injured,9,Total,9,Total,9,Total,M,Killed,C,Driver,TOTAL,Total,9,Total,99,Total,2016,46
A,Annual,ITDA,Trentino Alto Adige / Südtirol,KILLINJ,Killed and injured,9,Total,9,Total,9,Total,M,Killed,C,Driver,TOTAL,Total,9,Total,99,Total,2017,44
A,Annual,ITDA,Trentino Alto Adige / Südtirol,KILLINJ,Killed and injured,9,Total,9,Total,9,Total,M,Killed,C,Driver,TOTAL,Total,9,Total,99,Total,2018,53
A,Annual,ITDA,Trentino Alto Adige / Südtirol,KILLINJ,Killed and injured,9,Total,9,Total,9,Total,M,Killed,C,Driver,TOTAL,Total,9,Total,99,Total,2019,58
A,Annual,ITDA,Trentino Alto Adige / Südtirol,KILLINJ,Killed and injured,9,Total,9,Total,9,Total,M,Killed,C,Driver,TOTAL,Total,9,Total,99,Total,2020,41
A,Annual,ITDA,Trentino Alto Adige / Südtirol,KILLINJ,Killed and injured,9,Total,9,Total,9,Total,M,Killed,C,Driver,TOTAL,Total,9,Total,99,Total,2021,37
A,Annual,ITDA,Trentino Alto Adige / Südtirol,KILLINJ,Killed and injured,9,Total,9,Total,9,Total,M,Killed,C,Driver,TOTAL,Total,9,Total,99,Total,2022,46
A,Annual,ITDA,Trentino Alto Adige / Südtirol,KILLINJ,Killed and injured,9,Total,9,Total,9,Total,M,Killed,C,Driver,TOTAL,Total,9,Total,99,Total,2023,59
A,Annual,ITDA,Trentino Alto Adige / Südtirol,KILLINJ,Killed and injured,9,Total,9,Total,9,Total,M,Killed,C,Driver,TOTAL,Total,9,Total,99,Total,2024,56
A,Annual,ITDA,Trentino Alto Adige / Südtirol,KILLINJ,Killed and injured,9,Total,9,Total,9,Total,M,Killed,P,Passenger,TOTAL,Total,9,Total,99,Total,2010,4
A,Annual,ITDA,Trentino Alto Adige / Südtirol,KILLINJ,Killed and injured,9,Total,9,Total,9,Total,M,Killed,P,Passenger,TOTAL,Total,9,Total,99,Total,2011,9
A,Annual,ITDA,Trentino Alto Adige / Südtirol,KILLINJ,Killed and injured,9,Total,9,Total,9,Total,M,Killed,P,Passenger,TOTAL,Total,9,Total,99,Total,2012,8
A,Annual,ITDA,Trentino Alto Adige / Südtirol,KILLINJ,Killed and injured,9,Total,9,Total,9,Total,M,Killed,P,Passenger,TOTAL,Total,9,Total,99,Total,2013,4
A,Annual,ITDA,Trentino Alto Adige / Südtirol,KILLINJ,Killed and injured,9,Total,9,Total,9,Total,M,Killed,P,Passenger,TOTAL,Total,9,Total,99,Total,2014,3
A,Annual,ITDA,Trentino Alto Adige / Südtirol,KILLINJ,Killed and injured,9,Total,9,Total,9,Total,M,Killed,P,Passenger,TOTAL,Total,9,Total,99,Total,2015,8
A,Annual,ITDA,Trentino Alto Adige / Südtirol,KILLINJ,Killed and injured,9,Total,9,Total,9,Total,M,Killed,P,Passenger,TOTAL,Total,9,Total,99,Total,2016,13
A,Annual,ITDA,Trentino Alto Adige / Südtirol,KILLINJ,Killed and injured,9,Total,9,Total,9,Total,M,Killed,P,Passenger,TOTAL,Total,9,Total,99,Total,2017,8
A,Annual,ITDA,Trentino Alto Adige / Südtirol,KILLINJ,Killed and injured,9,Total,9,Total,9,Total,M,Killed,P,Passenger,TOTAL,Total,9,Total,99,Total,2018,4
A,Annual,ITDA,Trentino Alto Adige / Südtirol,KILLINJ,Killed and injured,9,Total,9,Total,9,Total,M,Killed,P,Passenger,TOTAL,Total,9,Total,99,Total,2019,5
A,Annual,ITDA,Trentino Alto Adige / Südtirol,KILLINJ,Killed and injured,9,Total,9,Total,9,Total,M,Killed,P,Passenger,TOTAL,Total,9,Total,99,Total,2020,10
A,Annual,ITDA,Trentino Alto Adige / Südtirol,KILLINJ,Killed and injured,9,Total,9,Total,9,Total,M,Killed,P,Passenger,TOTAL,Total,9,Total,99,Total,2021,4
A,Annual,ITDA,Trentino Alto Adige / Südtirol,KILLINJ,Killed and injured,9,Total,9,Total,9,Total,M,Killed,P,Passenger,TOTAL,Total,9,Total,99,Total,2022,12
A,Annual,ITDA,Trentino Alto Adige / Südtirol,KILLINJ,Killed and injured,9,Total,9,Total,9,Total,M,Killed,P,Passenger,TOTAL,Total,9,Total,99,Total,2023,3
A,Annual,ITDA,Trentino Alto Adige / Südtirol,KILLINJ,Killed and injured,9,Total,9,Total,9,Total,M,Killed,P,Passenger,TOTAL,Total,9,Total,99,Total,2024,7
A,Annual,ITDA,Trentino Alto Adige / Südtirol,KILLINJ,Killed and injured,9,Total,9,Total,9,Total,M,Killed,X,Pedestrian,TOTAL,Total,9,Total,99,Total,2010,10
A,Annual,ITDA,Trentino Alto Adige / Südtirol,KILLINJ,Killed and injured,9,Total,9,Total,9,Total,M,Killed,X,Pedestrian,TOTAL,Total,9,Total,99,Total,2011,10
A,Annual,ITDA,Trentino Alto Adige / Südtirol,KILLINJ,Killed and injured,9,Total,9,Total,9,Total,M,Killed,X,Pedestrian,TOTAL,Total,9,Total,99,Total,2012,11
A,Annual,ITDA,Trentino Alto Adige / Südtirol,KILLINJ,Killed and injured,9,Total,9,Total,9,Total,M,Killed,X,Pedestrian,TOTAL,Total,9,Total,99,Total,2013,7
A,Annual,ITDA,Trentino Alto Adige / Südtirol,KILLINJ,Killed and injured,9,Total,9,Total,9,Total,M,Killed,X,Pedestrian,TOTAL,Total,9,Total,99,Total,2014,7
A,Annual,ITDA,Trentino Alto Adige / Südtirol,KILLINJ,Killed and injured,9,Total,9,Total,9,Total,M,Killed,X,Pedestrian,TOTAL,Total,9,Total,99,Total,2015,11
A,Annual,ITDA,Trentino Alto Adige / Südtirol,KILLINJ,Killed and injured,9,Total,9,Total,9,Total,M,Killed,X,Pedestrian,TOTAL,Total,9,Total,99,Total,2016,11
A,Annual,ITDA,Trentino Alto Adige / Südtirol,KILLINJ,Killed and injured,9,Total,9,Total,9,Total,M,Killed,X,Pedestrian,TOTAL,Total,9,Total,99,Total,2017,7
A,Annual,ITDA,Trentino Alto Adige / Südtirol,KILLINJ,Killed and injured,9,Total,9,Total,9,Total,M,Killed,X,Pedestrian,TOTAL,Total,9,Total,99,Total,2018,6
A,Annual,ITDA,Trentino Alto Adige / Südtirol,KILLINJ,Killed and injured,9,Total,9,Total,9,Total,M,Killed,X,Pedestrian,TOTAL,Total,9,Total,99,Total,2019,8
A,Annual,ITDA,Trentino Alto Adige / Südtirol,KILLINJ,Killed and injured,9,Total,9,Total,9,Total,M,Killed,X,Pedestrian,TOTAL,Total,9,Total,99,Total,2020,5
A,Annual,ITDA,Trentino Alto Adige / Südtirol,KILLINJ,Killed and injured,9,Total,9,Total,9,Total,M,Killed,X,Pedestrian,TOTAL,Total,9,Total,99,Total,2021,8
A,Annual,ITDA,Trentino Alto Adige / Südtirol,KILLINJ,Killed and injured,9,Total,9,Total,9,Total,M,Killed,X,Pedestrian,TOTAL,Total,9,Total,99,Total,2022,8
A,Annual,ITDA,Trentino Alto Adige / Südtirol,KILLINJ,Killed and injured,9,Total,9,Total,9,Total,M,Killed,X,Pedestrian,TOTAL,Total,9,Total,99,Total,2023,9
A,Annual,ITDA,Trentino Alto Adige / Südtirol,KILLINJ,Killed and injured,9,Total,9,Total,9,Total,M,Killed,X,Pedestrian,TOTAL,Total,9,Total,99,Total,2024,7
A,Annual,ITDA,Trentino Alto Adige / Südtirol,KILLINJ,Killed and injured,9,Total,9,Total,9,Total,M,Killed,9,Total,TOTAL,Total,9,Total,99,Total,2010,59
A,Annual,ITDA,Trentino Alto Adige / Südtirol,KILLINJ,Killed and injured,9,Total,9,Total,9,Total,M,Killed,9,Total,TOTAL,Total,9,Total,99,Total,2011,58
A,Annual,ITDA,Trentino Alto Adige / Südtirol,KILLINJ,Killed and injured,9,Total,9,Total,9,Total,M,Killed,9,Total,TOTAL,Total,9,Total,99,Total,2012,73
A,Annual,ITDA,Trentino Alto Adige / Südtirol,KILLINJ,Killed and injured,9,Total,9,Total,9,Total,M,Killed,9,Total,TOTAL,Total,9,Total,99,Total,2013,59
A,Annual,ITDA,Trentino Alto Adige / Südtirol,KILLINJ,Killed and injured,9,Total,9,Total,9,Total,M,Killed,9,Total,TOTAL,Total,9,Total,99,Total,2014,60
A,Annual,ITDA,Trentino Alto Adige / Südtirol,KILLINJ,Killed and injured,9,Total,9,Total,9,Total,M,Killed,9,Total,TOTAL,Total,9,Total,99,Total,2015,78
A,Annual,ITDA,Trentino Alto Adige / Südtirol,KILLINJ,Killed and injured,9,Total,9,Total,9,Total,M,Killed,9,Total,TOTAL,Total,9,Total,99,Total,2016,70
A,Annual,ITDA,Trentino Alto Adige / Südtirol,KILLINJ,Killed and injured,9,Total,9,Total,9,Total,M,Killed,9,Total,TOTAL,Total,9,Total,99,Total,2017,59
A,Annual,ITDA,Trentino Alto Adige / Südtirol,KILLINJ,Killed and injured,9,Total,9,Total,9,Total,M,Killed,9,Total,TOTAL,Total,9,Total,99,Total,2018,63
A,Annual,ITDA,Trentino Alto Adige / Südtirol,KILLINJ,Killed and injured,9,Total,9,Total,9,Total,M,Killed,9,Total,TOTAL,Total,9,Total,99,Total,2019,71
A,Annual,ITDA,Trentino Alto Adige / Südtirol,KILLINJ,Killed and injured,9,Total,9,Total,9,Total,M,Killed,9,Total,TOTAL,Total,9,Total,99,Total,2020,56
A,Annual,ITDA,Trentino Alto Adige / Südtirol,KILLINJ,Killed and injured,9,Total,9,Total,9,Total,M,Killed,9,Total,TOTAL,Total,9,Total,99,Total,2021,49
A,Annual,ITDA,Trentino Alto Adige / Südtirol,KILLINJ,Killed and injured,9,Total,9,Total,9,Total,M,Killed,9,Total,TOTAL,Total,9,Total,99,Total,2022,66
A,Annual,ITDA,Trentino Alto Adige / Südtirol,KILLINJ,Killed and injured,9,Total,9,Total,9,Total,M,Killed,9,Total,TOTAL,Total,9,Total,99,Total,2023,71
A,Annual,ITDA,Trentino Alto Adige / Südtirol,KILLINJ,Killed and injured,9,Total,9,Total,9,Total,M,Killed,9,Total,TOTAL,Total,9,Total,99,Total,2024,70
A,Annual,ITDA,Trentino Alto Adige / Südtirol,KILLINJ,Killed and injured,9,Total,9,Total,9,Total,F,Injured,C,Driver,TOTAL,Total,9,Total,99,Total,2010,2416
A,Annual,ITDA,Trentino Alto Adige / Südtirol,KILLINJ,Killed and injured,9,Total,9,Total,9,Total,F,Injured,C,Driver,TOTAL,Total,9,Total,99,Total,2011,2721
A,Annual,ITDA,Trentino Alto Adige / Südtirol,KILLINJ,Killed and injured,9,Total,9,Total,9,Total,F,Injured,C,Driver,TOTAL,Total,9,Total,99,Total,2012,2977
A,Annual,ITDA,Trentino Alto Adige / Südtirol,KILLINJ,Killed and injured,9,Total,9,Total,9,Total,F,Injured,C,Driver,TOTAL,Total,9,Total,99,Total,2013,2924
A,Annual,ITDA,Trentino Alto Adige / Südtirol,KILLINJ,Killed and injured,9,Total,9,Total,9,Total,F,Injured,C,Driver,TOTAL,Total,9,Total,99,Total,2014,2761
A,Annual,ITDA,Trentino Alto Adige / Südtirol,KILLINJ,Killed and injured,9,Total,9,Total,9,Total,F,Injured,C,Driver,TOTAL,Total,9,Total,99,Total,2015,2814
A,Annual,ITDA,Trentino Alto Adige / Südtirol,KILLINJ,Killed and injured,9,Total,9,Total,9,Total,F,Injured,C,Driver,TOTAL,Total,9,Total,99,Total,2016,2891
A,Annual,ITDA,Trentino Alto Adige / Südtirol,KILLINJ,Killed and injured,9,Total,9,Total,9,Total,F,Injured,C,Driver,TOTAL,Total,9,Total,99,Total,2017,2797
A,Annual,ITDA,Trentino Alto Adige / Südtirol,KILLINJ,Killed and injured,9,Total,9,Total,9,Total,F,Injured,C,Driver,TOTAL,Total,9,Total,99,Total,2018,2900
A,Annual,ITDA,Trentino Alto Adige / Südtirol,KILLINJ,Killed and injured,9,Total,9,Total,9,Total,F,Injured,C,Driver,TOTAL,Total,9,Total,99,Total,2019,2831
A,Annual,ITDA,Trentino Alto Adige / Südtirol,KILLINJ,Killed and injured,9,Total,9,Total,9,Total,F,Injured,C,Driver,TOTAL,Total,9,Total,99,Total,2020,1983
A,Annual,ITDA,Trentino Alto Adige / Südtirol,KILLINJ,Killed and injured,9,Total,9,Total,9,Total,F,Injured,C,Driver,TOTAL,Total,9,Total,99,Total,2021,2526
A,Annual,ITDA,Trentino Alto Adige / Südtirol,KILLINJ,Killed and injured,9,Total,9,Total,9,Total,F,Injured,C,Driver,TOTAL,Total,9,Total,99,Total,2022,2929
A,Annual,ITDA,Trentino Alto Adige / Südtirol,KILLINJ,Killed and injured,9,Total,9,Total,9,Total,F,Injured,C,Driver,TOTAL,Total,9,Total,99,Total,2023,2891
A,Annual,ITDA,Trentino Alto Adige / Südtirol,KILLINJ,Killed and injured,9,Total,9,Total,9,Total,F,Injured,C,Driver,TOTAL,Total,9,Total,99,Total,2024,2779
A,Annual,ITDA,Trentino Alto Adige / Südtirol,KILLINJ,Killed and injured,9,Total,9,Total,9,Total,F,Injured,P,Passenger,TOTAL,Total,9,Total,99,Total,2010,871
A,Annual,ITDA,Trentino Alto Adige / Südtirol,KILLINJ,Killed and injured,9,Total,9,Total,9,Total,F,Injured,P,Passenger,TOTAL,Total,9,Total,99,Total,2011,830
A,Annual,ITDA,Trentino Alto Adige / Südtirol,KILLINJ,Killed and injured,9,Total,9,Total,9,Total,F,Injured,P,Passenger,TOTAL,Total,9,Total,99,Total,2012,928
A,Annual,ITDA,Trentino Alto Adige / Südtirol,KILLINJ,Killed and injured,9,Total,9,Total,9,Total,F,Injured,P,Passenger,TOTAL,Total,9,Total,99,Total,2013,853
A,Annual,ITDA,Trentino Alto Adige / Südtirol,KILLINJ,Killed and injured,9,Total,9,Total,9,Total,F,Injured,P,Passenger,TOTAL,Total,9,Total,99,Total,2014,796
A,Annual,ITDA,Trentino Alto Adige / Südtirol,KILLINJ,Killed and injured,9,Total,9,Total,9,Total,F,Injured,P,Passenger,TOTAL,Total,9,Total,99,Total,2015,829
A,Annual,ITDA,Trentino Alto Adige / Südtirol,KILLINJ,Killed and injured,9,Total,9,Total,9,Total,F,Injured,P,Passenger,TOTAL,Total,9,Total,99,Total,2016,927
A,Annual,ITDA,Trentino Alto Adige / Südtirol,KILLINJ,Killed and injured,9,Total,9,Total,9,Total,F,Injured,P,Passenger,TOTAL,Total,9,Total,99,Total,2017,963
A,Annual,ITDA,Trentino Alto Adige / Südtirol,KILLINJ,Killed and injured,9,Total,9,Total,9,Total,F,Injured,P,Passenger,TOTAL,Total,9,Total,99,Total,2018,867
A,Annual,ITDA,Trentino Alto Adige / Südtirol,KILLINJ,Killed and injured,9,Total,9,Total,9,Total,F,Injured,P,Passenger,TOTAL,Total,9,Total,99,Total,2019,857
A,Annual,ITDA,Trentino Alto Adige / Südtirol,KILLINJ,Killed and injured,9,Total,9,Total,9,Total,F,Injured,P,Passenger,TOTAL,Total,9,Total,99,Total,2020,606
A,Annual,ITDA,Trentino Alto Adige / Südtirol,KILLINJ,Killed and injured,9,Total,9,Total,9,Total,F,Injured,P,Passenger,TOTAL,Total,9,Total,99,Total,2021,711
A,Annual,ITDA,Trentino Alto Adige / Südtirol,KILLINJ,Killed and injured,9,Total,9,Total,9,Total,F,Injured,P,Passenger,TOTAL,Total,9,Total,99,Total,2022,845
A,Annual,ITDA,Trentino Alto Adige / Südtirol,KILLINJ,Killed and injured,9,Total,9,Total,9,Total,F,Injured,P,Passenger,TOTAL,Total,9,Total,99,Total,2023,863
A,Annual,ITDA,Trentino Alto Adige / Südtirol,KILLINJ,Killed and injured,9,Total,9,Total,9,Total,F,Injured,P,Passenger,TOTAL,Total,9,Total,99,Total,2024,862
A,Annual,ITDA,Trentino Alto Adige / Südtirol,KILLINJ,Killed and injured,9,Total,9,Total,9,Total,F,Injured,X,Pedestrian,TOTAL,Total,9,Total,99,Total,2010,291
A,Annual,ITDA,Trentino Alto Adige / Südtirol,KILLINJ,Killed and injured,9,Total,9,Total,9,Total,F,Injured,X,Pedestrian,TOTAL,Total,9,Total,99,Total,2011,374
A,Annual,ITDA,Trentino Alto Adige / Südtirol,KILLINJ,Killed and injured,9,Total,9,Total,9,Total,F,Injured,X,Pedestrian,TOTAL,Total,9,Total,99,Total,2012,409
A,Annual,ITDA,Trentino Alto Adige / Südtirol,KILLINJ,Killed and injured,9,Total,9,Total,9,Total,F,Injured,X,Pedestrian,TOTAL,Total,9,Total,99,Total,2013,403
A,Annual,ITDA,Trentino Alto Adige / Südtirol,KILLINJ,Killed and injured,9,Total,9,Total,9,Total,F,Injured,X,Pedestrian,TOTAL,Total,9,Total,99,Total,2014,406
A,Annual,ITDA,Trentino Alto Adige / Südtirol,KILLINJ,Killed and injured,9,Total,9,Total,9,Total,F,Injured,X,Pedestrian,TOTAL,Total,9,Total,99,Total,2015,385
A,Annual,ITDA,Trentino Alto Adige / Südtirol,KILLINJ,Killed and injured,9,Total,9,Total,9,Total,F,Injured,X,Pedestrian,TOTAL,Total,9,Total,99,Total,2016,394
A,Annual,ITDA,Trentino Alto Adige / Südtirol,KILLINJ,Killed and injured,9,Total,9,Total,9,Total,F,Injured,X,Pedestrian,TOTAL,Total,9,Total,99,Total,2017,384
A,Annual,ITDA,Trentino Alto Adige / Südtirol,KILLINJ,Killed and injured,9,Total,9,Total,9,Total,F,Injured,X,Pedestrian,TOTAL,Total,9,Total,99,Total,2018,364
A,Annual,ITDA,Trentino Alto Adige / Südtirol,KILLINJ,Killed and injured,9,Total,9,Total,9,Total,F,Injured,X,Pedestrian,TOTAL,Total,9,Total,99,Total,2019,378
A,Annual,ITDA,Trentino Alto Adige / Südtirol,KILLINJ,Killed and injured,9,Total,9,Total,9,Total,F,Injured,X,Pedestrian,TOTAL,Total,9,Total,99,Total,2020,225
A,Annual,ITDA,Trentino Alto Adige / Südtirol,KILLINJ,Killed and injured,9,Total,9,Total,9,Total,F,Injured,X,Pedestrian,TOTAL,Total,9,Total,99,Total,2021,261
A,Annual,ITDA,Trentino Alto Adige / Südtirol,KILLINJ,Killed and injured,9,Total,9,Total,9,Total,F,Injured,X,Pedestrian,TOTAL,Total,9,Total,99,Total,2022,316
A,Annual,ITDA,Trentino Alto Adige / Südtirol,KILLINJ,Killed and injured,9,Total,9,Total,9,Total,F,Injured,X,Pedestrian,TOTAL,Total,9,Total,99,Total,2023,314
A,Annual,ITDA,Trentino Alto Adige / Südtirol,KILLINJ,Killed and injured,9,Total,9,Total,9,Total,F,Injured,X,Pedestrian,TOTAL,Total,9,Total,99,Total,2024,320
A,Annual,ITDA,Trentino Alto Adige / Südtirol,KILLINJ,Killed and injured,9,Total,9,Total,9,Total,F,Injured,9,Total,TOTAL,Total,9,Total,99,Total,2010,3578
A,Annual,ITDA,Trentino Alto Adige / Südtirol,KILLINJ,Killed and injured,9,Total,9,Total,9,Total,F,Injured,9,Total,TOTAL,Total,9,Total,99,Total,2011,3925
A,Annual,ITDA,Trentino Alto Adige / Südtirol,KILLINJ,Killed and injured,9,Total,9,Total,9,Total,F,Injured,9,Total,TOTAL,Total,9,Total,99,Total,2012,4314
A,Annual,ITDA,Trentino Alto Adige / Südtirol,KILLINJ,Killed and injured,9,Total,9,Total,9,Total,F,Injured,9,Total,TOTAL,Total,9,Total,99,Total,2013,4180
A,Annual,ITDA,Trentino Alto Adige / Südtirol,KILLINJ,Killed and injured,9,Total,9,Total,9,Total,F,Injured,9,Total,TOTAL,Total,9,Total,99,Total,2014,3963
A,Annual,ITDA,Trentino Alto Adige / Südtirol,KILLINJ,Killed and injured,9,Total,9,Total,9,Total,F,Injured,9,Total,TOTAL,Total,9,Total,99,Total,2015,4028
A,Annual,ITDA,Trentino Alto Adige / Südtirol,KILLINJ,Killed and injured,9,Total,9,Total,9,Total,F,Injured,9,Total,TOTAL,Total,9,Total,99,Total,2016,4212
A,Annual,ITDA,Trentino Alto Adige / Südtirol,KILLINJ,Killed and injured,9,Total,9,Total,9,Total,F,Injured,9,Total,TOTAL,Total,9,Total,99,Total,2017,4144
A,Annual,ITDA,Trentino Alto Adige / Südtirol,KILLINJ,Killed and injured,9,Total,9,Total,9,Total,F,Injured,9,Total,TOTAL,Total,9,Total,99,Total,2018,4131
A,Annual,ITDA,Trentino Alto Adige / Südtirol,KILLINJ,Killed and injured,9,Total,9,Total,9,Total,F,Injured,9,Total,TOTAL,Total,9,Total,99,Total,2019,4066
A,Annual,ITDA,Trentino Alto Adige / Südtirol,KILLINJ,Killed and injured,9,Total,9,Total,9,Total,F,Injured,9,Total,TOTAL,Total,9,Total,99,Total,2020,2814
A,Annual,ITDA,Trentino Alto Adige / Südtirol,KILLINJ,Killed and injured,9,Total,9,Total,9,Total,F,Injured,9,Total,TOTAL,Total,9,Total,99,Total,2021,3498
A,Annual,ITDA,Trentino Alto Adige / Südtirol,KILLINJ,Killed and injured,9,Total,9,Total,9,Total,F,Injured,9,Total,TOTAL,Total,9,Total,99,Total,2022,4090
A,Annual,ITDA,Trentino Alto Adige / Südtirol,KILLINJ,Killed and injured,9,Total,9,Total,9,Total,F,Injured,9,Total,TOTAL,Total,9,Total,99,Total,2023,4068
A,Annual,ITDA,Trentino Alto Adige / Südtirol,KILLINJ,Killed and injured,9,Total,9,Total,9,Total,F,Injured,9,Total,TOTAL,Total,9,Total,99,Total,2024,3961
A,Annual,ITDA,Trentino Alto Adige / Südtirol,KILLINJ,Killed and injured,9,Total,9,Total,9,Total,9,Total,C,Driver,TOTAL,Total,9,Total,99,Total,2010,2461
A,Annual,ITDA,Trentino Alto Adige / Südtirol,KILLINJ,Killed and injured,9,Total,9,Total,9,Total,9,Total,C,Driver,TOTAL,Total,9,Total,99,Total,2011,2760
A,Annual,ITDA,Trentino Alto Adige / Südtirol,KILLINJ,Killed and injured,9,Total,9,Total,9,Total,9,Total,C,Driver,TOTAL,Total,9,Total,99,Total,2012,3031
A,Annual,ITDA,Trentino Alto Adige / Südtirol,KILLINJ,Killed and injured,9,Total,9,Total,9,Total,9,Total,C,Driver,TOTAL,Total,9,Total,99,Total,2013,2972
A,Annual,ITDA,Trentino Alto Adige / Südtirol,KILLINJ,Killed and injured,9,Total,9,Total,9,Total,9,Total,C,Driver,TOTAL,Total,9,Total,99,Total,2014,2811
A,Annual,ITDA,Trentino Alto Adige / Südtirol,KILLINJ,Killed and injured,9,Total,9,Total,9,Total,9,Total,C,Driver,TOTAL,Total,9,Total,99,Total,2015,2873
A,Annual,ITDA,Trentino Alto Adige / Südtirol,KILLINJ,Killed and injured,9,Total,9,Total,9,Total,9,Total,C,Driver,TOTAL,Total,9,Total,99,Total,2016,2937
A,Annual,ITDA,Trentino Alto Adige / Südtirol,KILLINJ,Killed and injured,9,Total,9,Total,9,Total,9,Total,C,Driver,TOTAL,Total,9,Total,99,Total,2017,2841
A,Annual,ITDA,Trentino Alto Adige / Südtirol,KILLINJ,Killed and injured,9,Total,9,Total,9,Total,9,Total,C,Driver,TOTAL,Total,9,Total,99,Total,2018,2953
A,Annual,ITDA,Trentino Alto Adige / Südtirol,KILLINJ,Killed and injured,9,Total,9,Total,9,Total,9,Total,C,Driver,TOTAL,Total,9,Total,99,Total,2019,2889
A,Annual,ITDA,Trentino Alto Adige / Südtirol,KILLINJ,Killed and injured,9,Total,9,Total,9,Total,9,Total,C,Driver,TOTAL,Total,9,Total,99,Total,2020,2024
A,Annual,ITDA,Trentino Alto Adige / Südtirol,KILLINJ,Killed and injured,9,Total,9,Total,9,Total,9,Total,C,Driver,TOTAL,Total,9,Total,99,Total,2021,2563
A,Annual,ITDA,Trentino Alto Adige / Südtirol,KILLINJ,Killed and injured,9,Total,9,Total,9,Total,9,Total,C,Driver,TOTAL,Total,9,Total,99,Total,2022,2975
A,Annual,ITDA,Trentino Alto Adige / Südtirol,KILLINJ,Killed and injured,9,Total,9,Total,9,Total,9,Total,C,Driver,TOTAL,Total,9,Total,99,Total,2023,2950
A,Annual,ITDA,Trentino Alto Adige / Südtirol,KILLINJ,Killed and injured,9,Total,9,Total,9,Total,9,Total,C,Driver,TOTAL,Total,9,Total,99,Total,2024,2835
A,Annual,ITDA,Trentino Alto Adige / Südtirol,KILLINJ,Killed and injured,9,Total,9,Total,9,Total,9,Total,P,Passenger,TOTAL,Total,9,Total,99,Total,2010,875
A,Annual,ITDA,Trentino Alto Adige / Südtirol,KILLINJ,Killed and injured,9,Total,9,Total,9,Total,9,Total,P,Passenger,TOTAL,Total,9,Total,99,Total,2011,839
A,Annual,ITDA,Trentino Alto Adige / Südtirol,KILLINJ,Killed and injured,9,Total,9,Total,9,Total,9,Total,P,Passenger,TOTAL,Total,9,Total,99,Total,2012,936
A,Annual,ITDA,Trentino Alto Adige / Südtirol,KILLINJ,Killed and injured,9,Total,9,Total,9,Total,9,Total,P,Passenger,TOTAL,Total,9,Total,99,Total,2013,857
A,Annual,ITDA,Trentino Alto Adige / Südtirol,KILLINJ,Killed and injured,9,Total,9,Total,9,Total,9,Total,P,Passenger,TOTAL,Total,9,Total,99,Total,2014,799
A,Annual,ITDA,Trentino Alto Adige / Südtirol,KILLINJ,Killed and injured,9,Total,9,Total,9,Total,9,Total,P,Passenger,TOTAL,Total,9,Total,99,Total,2015,837
A,Annual,ITDA,Trentino Alto Adige / Südtirol,KILLINJ,Killed and injured,9,Total,9,Total,9,Total,9,Total,P,Passenger,TOTAL,Total,9,Total,99,Total,2016,940
A,Annual,ITDA,Trentino Alto Adige / Südtirol,KILLINJ,Killed and injured,9,Total,9,Total,9,Total,9,Total,P,Passenger,TOTAL,Total,9,Total,99,Total,2017,971
A,Annual,ITDA,Trentino Alto Adige / Südtirol,KILLINJ,Killed and injured,9,Total,9,Total,9,Total,9,Total,P,Passenger,TOTAL,Total,9,Total,99,Total,2018,871
A,Annual,ITDA,Trentino Alto Adige / Südtirol,KILLINJ,Killed and injured,9,Total,9,Total,9,Total,9,Total,P,Passenger,TOTAL,Total,9,Total,99,Total,2019,862
A,Annual,ITDA,Trentino Alto Adige / Südtirol,KILLINJ,Killed and injured,9,Total,9,Total,9,Total,9,Total,P,Passenger,TOTAL,Total,9,Total,99,Total,2020,616
A,Annual,ITDA,Trentino Alto Adige / Südtirol,KILLINJ,Killed and injured,9,Total,9,Total,9,Total,9,Total,P,Passenger,TOTAL,Total,9,Total,99,Total,2021,715
A,Annual,ITDA,Trentino Alto Adige / Südtirol,KILLINJ,Killed and injured,9,Total,9,Total,9,Total,9,Total,P,Passenger,TOTAL,Total,9,Total,99,Total,2022,857
A,Annual,ITDA,Trentino Alto Adige / Südtirol,KILLINJ,Killed and injured,9,Total,9,Total,9,Total,9,Total,P,Passenger,TOTAL,Total,9,Total,99,Total,2023,866
A,Annual,ITDA,Trentino Alto Adige / Südtirol,KILLINJ,Killed and injured,9,Total,9,Total,9,Total,9,Total,P,Passenger,TOTAL,Total,9,Total,99,Total,2024,869
A,Annual,ITDA,Trentino Alto Adige / Südtirol,KILLINJ,Killed and injured,9,Total,9,Total,9,Total,9,Total,X,Pedestrian,TOTAL,Total,9,Total,99,Total,2010,301
A,Annual,ITDA,Trentino Alto Adige / Südtirol,KILLINJ,Killed and injured,9,Total,9,Total,9,Total,9,Total,X,Pedestrian,TOTAL,Total,9,Total,99,Total,2011,384
A,Annual,ITDA,Trentino Alto Adige / Südtirol,KILLINJ,Killed and injured,9,Total,9,Total,9,Total,9,Total,X,Pedestrian,TOTAL,Total,9,Total,99,Total,2012,420
A,Annual,ITDA,Trentino Alto Adige / Südtirol,KILLINJ,Killed and injured,9,Total,9,Total,9,Total,9,Total,X,Pedestrian,TOTAL,Total,9,Total,99,Total,2013,410
A,Annual,ITDA,Trentino Alto Adige / Südtirol,KILLINJ,Killed and injured,9,Total,9,Total,9,Total,9,Total,X,Pedestrian,TOTAL,Total,9,Total,99,Total,2014,413
A,Annual,ITDA,Trentino Alto Adige / Südtirol,KILLINJ,Killed and injured,9,Total,9,Total,9,Total,9,Total,X,Pedestrian,TOTAL,Total,9,Total,99,Total,2015,396
A,Annual,ITDA,Trentino Alto Adige / Südtirol,KILLINJ,Killed and injured,9,Total,9,Total,9,Total,9,Total,X,Pedestrian,TOTAL,Total,9,Total,99,Total,2016,405
A,Annual,ITDA,Trentino Alto Adige / Südtirol,KILLINJ,Killed and injured,9,Total,9,Total,9,Total,9,Total,X,Pedestrian,TOTAL,Total,9,Total,99,Total,2017,391
A,Annual,ITDA,Trentino Alto Adige / Südtirol,KILLINJ,Killed and injured,9,Total,9,Total,9,Total,9,Total,X,Pedestrian,TOTAL,Total,9,Total,99,Total,2018,370
A,Annual,ITDA,Trentino Alto Adige / Südtirol,KILLINJ,Killed and injured,9,Total,9,Total,9,Total,9,Total,X,Pedestrian,TOTAL,Total,9,Total,99,Total,2019,386
A,Annual,ITDA,Trentino Alto Adige / Südtirol,KILLINJ,Killed and injured,9,Total,9,Total,9,Total,9,Total,X,Pedestrian,TOTAL,Total,9,Total,99,Total,2020,230
A,Annual,ITDA,Trentino Alto Adige / Südtirol,KILLINJ,Killed and injured,9,Total,9,Total,9,Total,9,Total,X,Pedestrian,TOTAL,Total,9,Total,99,Total,2021,269
A,Annual,ITDA,Trentino Alto Adige / Südtirol,KILLINJ,Killed and injured,9,Total,9,Total,9,Total,9,Total,X,Pedestrian,TOTAL,Total,9,Total,99,Total,2022,324
A,Annual,ITDA,Trentino Alto Adige / Südtirol,KILLINJ,Killed and injured,9,Total,9,Total,9,Total,9,Total,X,Pedestrian,TOTAL,Total,9,Total,99,Total,2023,323
A,Annual,ITDA,Trentino Alto Adige / Südtirol,KILLINJ,Killed and injured,9,Total,9,Total,9,Total,9,Total,X,Pedestrian,TOTAL,Total,9,Total,99,Total,2024,327
A,Annual,ITDA,Trentino Alto Adige / Südtirol,KILLINJ,Killed and injured,9,Total,9,Total,9,Total,9,Total,9,Total,TOTAL,Total,9,Total,99,Total,2010,3637
A,Annual,ITDA,Trentino Alto Adige / Südtirol,KILLINJ,Killed and injured,9,Total,9,Total,9,Total,9,Total,9,Total,TOTAL,Total,9,Total,99,Total,2011,3983
A,Annual,ITDA,Trentino Alto Adige / Südtirol,KILLINJ,Killed and injured,9,Total,9,Total,9,Total,9,Total,9,Total,TOTAL,Total,9,Total,99,Total,2012,4387
A,Annual,ITDA,Trentino Alto Adige / Südtirol,KILLINJ,Killed and injured,9,Total,9,Total,9,Total,9,Total,9,Total,TOTAL,Total,9,Total,99,Total,2013,4239
A,Annual,ITDA,Trentino Alto Adige / Südtirol,KILLINJ,Killed and injured,9,Total,9,Total,9,Total,9,Total,9,Total,TOTAL,Total,9,Total,99,Total,2014,4023
A,Annual,ITDA,Trentino Alto Adige / Südtirol,KILLINJ,Killed and injured,9,Total,9,Total,9,Total,9,Total,9,Total,TOTAL,Total,9,Total,99,Total,2015,4106
A,Annual,ITDA,Trentino Alto Adige / Südtirol,KILLINJ,Killed and injured,9,Total,9,Total,9,Total,9,Total,9,Total,TOTAL,Total,9,Total,99,Total,2016,4282
A,Annual,ITDA,Trentino Alto Adige / Südtirol,KILLINJ,Killed and injured,9,Total,9,Total,9,Total,9,Total,9,Total,TOTAL,Total,9,Total,99,Total,2017,4203
A,Annual,ITDA,Trentino Alto Adige / Südtirol,KILLINJ,Killed and injured,9,Total,9,Total,9,Total,9,Total,9,Total,TOTAL,Total,9,Total,99,Total,2018,4194
A,Annual,ITDA,Trentino Alto Adige / Südtirol,KILLINJ,Killed and injured,9,Total,9,Total,9,Total,9,Total,9,Total,TOTAL,Total,9,Total,99,Total,2019,4137
A,Annual,ITDA,Trentino Alto Adige / Südtirol,KILLINJ,Killed and injured,9,Total,9,Total,9,Total,9,Total,9,Total,TOTAL,Total,9,Total,99,Total,2020,2870
A,Annual,ITDA,Trentino Alto Adige / Südtirol,KILLINJ,Killed and injured,9,Total,9,Total,9,Total,9,Total,9,Total,TOTAL,Total,9,Total,99,Total,2021,3547
A,Annual,ITDA,Trentino Alto Adige / Südtirol,KILLINJ,Killed and injured,9,Total,9,Total,9,Total,9,Total,9,Total,TOTAL,Total,9,Total,99,Total,2022,4156
A,Annual,ITDA,Trentino Alto Adige / Südtirol,KILLINJ,Killed and injured,9,Total,9,Total,9,Total,9,Total,9,Total,TOTAL,Total,9,Total,99,Total,2023,4139
A,Annual,ITDA,Trentino Alto Adige / Südtirol,KILLINJ,Killed and injured,9,Total,9,Total,9,Total,9,Total,9,Total,TOTAL,Total,9,Total,99,Total,2024,4031
A,Annual,ITD1,Provincia Autonoma Bolzano / Bozen,KILLINJ,Killed and injured,9,Total,9,Total,9,Total,M,Killed,C,Driver,TOTAL,Total,9,Total,99,Total,2010,23
A,Annual,ITD1,Provincia Autonoma Bolzano / Bozen,KILLINJ,Killed and injured,9,Total,9,Total,9,Total,M,Killed,C,Driver,TOTAL,Total,9,Total,99,Total,2011,21
A,Annual,ITD1,Provincia Autonoma Bolzano / Bozen,KILLINJ,Killed and injured,9,Total,9,Total,9,Total,M,Killed,C,Driver,TOTAL,Total,9,Total,99,Total,2012,29
A,Annual,ITD1,Provincia Autonoma Bolzano / Bozen,KILLINJ,Killed and injured,9,Total,9,Total,9,Total,M,Killed,C,Driver,TOTAL,Total,9,Total,99,Total,2013,22
A,Annual,ITD1,Provincia Autonoma Bolzano / Bozen,KILLINJ,Killed and injured,9,Total,9,Total,9,Total,M,Killed,C,Driver,TOTAL,Total,9,Total,99,Total,2014,25
A,Annual,ITD1,Provincia Autonoma Bolzano / Bozen,KILLINJ,Killed and injured,9,Total,9,Total,9,Total,M,Killed,C,Driver,TOTAL,Total,9,Total,99,Total,2015,29
A,Annual,ITD1,Provincia Autonoma Bolzano / Bozen,KILLINJ,Killed and injured,9,Total,9,Total,9,Total,M,Killed,C,Driver,TOTAL,Total,9,Total,99,Total,2016,23
A,Annual,ITD1,Provincia Autonoma Bolzano / Bozen,KILLINJ,Killed and injured,9,Total,9,Total,9,Total,M,Killed,C,Driver,TOTAL,Total,9,Total,99,Total,2017,21
A,Annual,ITD1,Provincia Autonoma Bolzano / Bozen,KILLINJ,Killed and injured,9,Total,9,Total,9,Total,M,Killed,C,Driver,TOTAL,Total,9,Total,99,Total,2018,27
A,Annual,ITD1,Provincia Autonoma Bolzano / Bozen,KILLINJ,Killed and injured,9,Total,9,Total,9,Total,M,Killed,C,Driver,TOTAL,Total,9,Total,99,Total,2019,37
A,Annual,ITD1,Provincia Autonoma Bolzano / Bozen,KILLINJ,Killed and injured,9,Total,9,Total,9,Total,M,Killed,C,Driver,TOTAL,Total,9,Total,99,Total,2020,20
A,Annual,ITD1,Provincia Autonoma Bolzano / Bozen,KILLINJ,Killed and injured,9,Total,9,Total,9,Total,M,Killed,C,Driver,TOTAL,Total,9,Total,99,Total,2021,19
A,Annual,ITD1,Provincia Autonoma Bolzano / Bozen,KILLINJ,Killed and injured,9,Total,9,Total,9,Total,M,Killed,C,Driver,TOTAL,Total,9,Total,99,Total,2022,19
A,Annual,ITD1,Provincia Autonoma Bolzano / Bozen,KILLINJ,Killed and injured,9,Total,9,Total,9,Total,M,Killed,C,Driver,TOTAL,Total,9,Total,99,Total,2023,27
A,Annual,ITD1,Provincia Autonoma Bolzano / Bozen,KILLINJ,Killed and injured,9,Total,9,Total,9,Total,M,Killed,C,Driver,TOTAL,Total,9,Total,99,Total,2024,26
A,Annual,ITD1,Provincia Autonoma Bolzano / Bozen,KILLINJ,Killed and injured,9,Total,9,Total,9,Total,M,Killed,P,Passenger,TOTAL,Total,9,Total,99,Total,2010,2
A,Annual,ITD1,Provincia Autonoma Bolzano / Bozen,KILLINJ,Killed and injured,9,Total,9,Total,9,Total,M,Killed,P,Passenger,TOTAL,Total,9,Total,99,Total,2011,6
A,Annual,ITD1,Provincia Autonoma Bolzano / Bozen,KILLINJ,Killed and injured,9,Total,9,Total,9,Total,M,Killed,P,Passenger,TOTAL,Total,9,Total,99,Total,2012,2
A,Annual,ITD1,Provincia Autonoma Bolzano / Bozen,KILLINJ,Killed and injured,9,Total,9,Total,9,Total,M,Killed,P,Passenger,TOTAL,Total,9,Total,99,Total,2013,3
A,Annual,ITD1,Provincia Autonoma Bolzano / Bozen,KILLINJ,Killed and injured,9,Total,9,Total,9,Total,M,Killed,P,Passenger,TOTAL,Total,9,Total,99,Total,2014,3
A,Annual,ITD1,Provincia Autonoma Bolzano / Bozen,KILLINJ,Killed and injured,9,Total,9,Total,9,Total,M,Killed,P,Passenger,TOTAL,Total,9,Total,99,Total,2015,3
A,Annual,ITD1,Provincia Autonoma Bolzano / Bozen,KILLINJ,Killed and injured,9,Total,9,Total,9,Total,M,Killed,P,Passenger,TOTAL,Total,9,Total,99,Total,2016,7
A,Annual,ITD1,Provincia Autonoma Bolzano / Bozen,KILLINJ,Killed and injured,9,Total,9,Total,9,Total,M,Killed,P,Passenger,TOTAL,Total,9,Total,99,Total,2017,2
A,Annual,ITD1,Provincia Autonoma Bolzano / Bozen,KILLINJ,Killed and injured,9,Total,9,Total,9,Total,M,Killed,P,Passenger,TOTAL,Total,9,Total,99,Total,2018,1
A,Annual,ITD1,Provincia Autonoma Bolzano / Bozen,KILLINJ,Killed and injured,9,Total,9,Total,9,Total,M,Killed,P,Passenger,TOTAL,Total,9,Total,99,Total,2019,4
A,Annual,ITD1,Provincia Autonoma Bolzano / Bozen,KILLINJ,Killed and injured,9,Total,9,Total,9,Total,M,Killed,P,Passenger,TOTAL,Total,9,Total,99,Total,2020,6
A,Annual,ITD1,Provincia Autonoma Bolzano / Bozen,KILLINJ,Killed and injured,9,Total,9,Total,9,Total,M,Killed,P,Passenger,TOTAL,Total,9,Total,99,Total,2021,1
A,Annual,ITD1,Provincia Autonoma Bolzano / Bozen,KILLINJ,Killed and injured,9,Total,9,Total,9,Total,M,Killed,P,Passenger,TOTAL,Total,9,Total,99,Total,2022,8
A,Annual,ITD1,Provincia Autonoma Bolzano / Bozen,KILLINJ,Killed and injured,9,Total,9,Total,9,Total,M,Killed,P,Passenger,TOTAL,Total,9,Total,99,Total,2023,2
A,Annual,ITD1,Provincia Autonoma Bolzano / Bozen,KILLINJ,Killed and injured,9,Total,9,Total,9,Total,M,Killed,P,Passenger,TOTAL,Total,9,Total,99,Total,2024,5
A,Annual,ITD1,Provincia Autonoma Bolzano / Bozen,KILLINJ,Killed and injured,9,Total,9,Total,9,Total,M,Killed,X,Pedestrian,TOTAL,Total,9,Total,99,Total,2010,5
A,Annual,ITD1,Provincia Autonoma Bolzano / Bozen,KILLINJ,Killed and injured,9,Total,9,Total,9,Total,M,Killed,X,Pedestrian,TOTAL,Total,9,Total,99,Total,2011,8
A,Annual,ITD1,Provincia Autonoma Bolzano / Bozen,KILLINJ,Killed and injured,9,Total,9,Total,9,Total,M,Killed,X,Pedestrian,TOTAL,Total,9,Total,99,Total,2012,4
A,Annual,ITD1,Provincia Autonoma Bolzano / Bozen,KILLINJ,Killed and injured,9,Total,9,Total,9,Total,M,Killed,X,Pedestrian,TOTAL,Total,9,Total,99,Total,2013,6
A,Annual,ITD1,Provincia Autonoma Bolzano / Bozen,KILLINJ,Killed and injured,9,Total,9,Total,9,Total,M,Killed,X,Pedestrian,TOTAL,Total,9,Total,99,Total,2014,4
A,Annual,ITD1,Provincia Autonoma Bolzano / Bozen,KILLINJ,Killed and injured,9,Total,9,Total,9,Total,M,Killed,X,Pedestrian,TOTAL,Total,9,Total,99,Total,2015,4
A,Annual,ITD1,Provincia Autonoma Bolzano / Bozen,KILLINJ,Killed and injured,9,Total,9,Total,9,Total,M,Killed,X,Pedestrian,TOTAL,Total,9,Total,99,Total,2016,8
A,Annual,ITD1,Provincia Autonoma Bolzano / Bozen,KILLINJ,Killed and injured,9,Total,9,Total,9,Total,M,Killed,X,Pedestrian,TOTAL,Total,9,Total,99,Total,2017,7
A,Annual,ITD1,Provincia Autonoma Bolzano / Bozen,KILLINJ,Killed and injured,9,Total,9,Total,9,Total,M,Killed,X,Pedestrian,TOTAL,Total,9,Total,99,Total,2018,5
A,Annual,ITD1,Provincia Autonoma Bolzano / Bozen,KILLINJ,Killed and injured,9,Total,9,Total,9,Total,M,Killed,X,Pedestrian,TOTAL,Total,9,Total,99,Total,2019,5
A,Annual,ITD1,Provincia Autonoma Bolzano / Bozen,KILLINJ,Killed and injured,9,Total,9,Total,9,Total,M,Killed,X,Pedestrian,TOTAL,Total,9,Total,99,Total,2020,5
A,Annual,ITD1,Provincia Autonoma Bolzano / Bozen,KILLINJ,Killed and injured,9,Total,9,Total,9,Total,M,Killed,X,Pedestrian,TOTAL,Total,9,Total,99,Total,2021,4
A,Annual,ITD1,Provincia Autonoma Bolzano / Bozen,KILLINJ,Killed and injured,9,Total,9,Total,9,Total,M,Killed,X,Pedestrian,TOTAL,Total,9,Total,99,Total,2022,6
A,Annual,ITD1,Provincia Autonoma Bolzano / Bozen,KILLINJ,Killed and injured,9,Total,9,Total,9,Total,M,Killed,X,Pedestrian,TOTAL,Total,9,Total,99,Total,2023,6
A,Annual,ITD1,Provincia Autonoma Bolzano / Bozen,KILLINJ,Killed and injured,9,Total,9,Total,9,Total,M,Killed,X,Pedestrian,TOTAL,Total,9,Total,99,Total,2024,1
A,Annual,ITD1,Provincia Autonoma Bolzano / Bozen,KILLINJ,Killed and injured,9,Total,9,Total,9,Total,M,Killed,9,Total,TOTAL,Total,9,Total,99,Total,2010,30
A,Annual,ITD1,Provincia Autonoma Bolzano / Bozen,KILLINJ,Killed and injured,9,Total,9,Total,9,Total,M,Killed,9,Total,TOTAL,Total,9,Total,99,Total,2011,35
A,Annual,ITD1,Provincia Autonoma Bolzano / Bozen,KILLINJ,Killed and injured,9,Total,9,Total,9,Total,M,Killed,9,Total,TOTAL,Total,9,Total,99,Total,2012,35
A,Annual,ITD1,Provincia Autonoma Bolzano / Bozen,KILLINJ,Killed and injured,9,Total,9,Total,9,Total,M,Killed,9,Total,TOTAL,Total,9,Total,99,Total,2013,31
A,Annual,ITD1,Provincia Autonoma Bolzano / Bozen,KILLINJ,Killed and injured,9,Total,9,Total,9,Total,M,Killed,9,Total,TOTAL,Total,9,Total,99,Total,2014,32
A,Annual,ITD1,Provincia Autonoma Bolzano / Bozen,KILLINJ,Killed and injured,9,Total,9,Total,9,Total,M,Killed,9,Total,TOTAL,Total,9,Total,99,Total,2015,36
A,Annual,ITD1,Provincia Autonoma Bolzano / Bozen,KILLINJ,Killed and injured,9,Total,9,Total,9,Total,M,Killed,9,Total,TOTAL,Total,9,Total,99,Total,2016,38
A,Annual,ITD1,Provincia Autonoma Bolzano / Bozen,KILLINJ,Killed and injured,9,Total,9,Total,9,Total,M,Killed,9,Total,TOTAL,Total,9,Total,99,Total,2017,30
A,Annual,ITD1,Provincia Autonoma Bolzano / Bozen,KILLINJ,Killed and injured,9,Total,9,Total,9,Total,M,Killed,9,Total,TOTAL,Total,9,Total,99,Total,2018,33
A,Annual,ITD1,Provincia Autonoma Bolzano / Bozen,KILLINJ,Killed and injured,9,Total,9,Total,9,Total,M,Killed,9,Total,TOTAL,Total,9,Total,99,Total,2019,46
A,Annual,ITD1,Provincia Autonoma Bolzano / Bozen,KILLINJ,Killed and injured,9,Total,9,Total,9,Total,M,Killed,9,Total,TOTAL,Total,9,Total,99,Total,2020,31
A,Annual,ITD1,Provincia Autonoma Bolzano / Bozen,KILLINJ,Killed and injured,9,Total,9,Total,9,Total,M,Killed,9,Total,TOTAL,Total,9,Total,99,Total,2021,24
A,Annual,ITD1,Provincia Autonoma Bolzano / Bozen,KILLINJ,Killed and injured,9,Total,9,Total,9,Total,M,Killed,9,Total,TOTAL,Total,9,Total,99,Total,2022,33
A,Annual,ITD1,Provincia Autonoma Bolzano / Bozen,KILLINJ,Killed and injured,9,Total,9,Total,9,Total,M,Killed,9,Total,TOTAL,Total,9,Total,99,Total,2023,35
A,Annual,ITD1,Provincia Autonoma Bolzano / Bozen,KILLINJ,Killed and injured,9,Total,9,Total,9,Total,M,Killed,9,Total,TOTAL,Total,9,Total,99,Total,2024,32
A,Annual,ITD1,Provincia Autonoma Bolzano / Bozen,KILLINJ,Killed and injured,9,Total,9,Total,9,Total,F,Injured,C,Driver,TOTAL,Total,9,Total,99,Total,2010,1000
A,Annual,ITD1,Provincia Autonoma Bolzano / Bozen,KILLINJ,Killed and injured,9,Total,9,Total,9,Total,F,Injured,C,Driver,TOTAL,Total,9,Total,99,Total,2011,1294
A,Annual,ITD1,Provincia Autonoma Bolzano / Bozen,KILLINJ,Killed and injured,9,Total,9,Total,9,Total,F,Injured,C,Driver,TOTAL,Total,9,Total,99,Total,2012,1575
A,Annual,ITD1,Provincia Autonoma Bolzano / Bozen,KILLINJ,Killed and injured,9,Total,9,Total,9,Total,F,Injured,C,Driver,TOTAL,Total,9,Total,99,Total,2013,1489
A,Annual,ITD1,Provincia Autonoma Bolzano / Bozen,KILLINJ,Killed and injured,9,Total,9,Total,9,Total,F,Injured,C,Driver,TOTAL,Total,9,Total,99,Total,2014,1418
A,Annual,ITD1,Provincia Autonoma Bolzano / Bozen,KILLINJ,Killed and injured,9,Total,9,Total,9,Total,F,Injured,C,Driver,TOTAL,Total,9,Total,99,Total,2015,1451
A,Annual,ITD1,Provincia Autonoma Bolzano / Bozen,KILLINJ,Killed and injured,9,Total,9,Total,9,Total,F,Injured,C,Driver,TOTAL,Total,9,Total,99,Total,2016,1574
A,Annual,ITD1,Provincia Autonoma Bolzano / Bozen,KILLINJ,Killed and injured,9,Total,9,Total,9,Total,F,Injured,C,Driver,TOTAL,Total,9,Total,99,Total,2017,1482
A,Annual,ITD1,Provincia Autonoma Bolzano / Bozen,KILLINJ,Killed and injured,9,Total,9,Total,9,Total,F,Injured,C,Driver,TOTAL,Total,9,Total,99,Total,2018,1535
A,Annual,ITD1,Provincia Autonoma Bolzano / Bozen,KILLINJ,Killed and injured,9,Total,9,Total,9,Total,F,Injured,C,Driver,TOTAL,Total,9,Total,99,Total,2019,1541
A,Annual,ITD1,Provincia Autonoma Bolzano / Bozen,KILLINJ,Killed and injured,9,Total,9,Total,9,Total,F,Injured,C,Driver,TOTAL,Total,9,Total,99,Total,2020,1139
A,Annual,ITD1,Provincia Autonoma Bolzano / Bozen,KILLINJ,Killed and injured,9,Total,9,Total,9,Total,F,Injured,C,Driver,TOTAL,Total,9,Total,99,Total,2021,1441
A,Annual,ITD1,Provincia Autonoma Bolzano / Bozen,KILLINJ,Killed and injured,9,Total,9,Total,9,Total,F,Injured,C,Driver,TOTAL,Total,9,Total,99,Total,2022,1648
A,Annual,ITD1,Provincia Autonoma Bolzano / Bozen,KILLINJ,Killed and injured,9,Total,9,Total,9,Total,F,Injured,C,Driver,TOTAL,Total,9,Total,99,Total,2023,1662
A,Annual,ITD1,Provincia Autonoma Bolzano / Bozen,KILLINJ,Killed and injured,9,Total,9,Total,9,Total,F,Injured,C,Driver,TOTAL,Total,9,Total,99,Total,2024,1567
A,Annual,ITD1,Provincia Autonoma Bolzano / Bozen,KILLINJ,Killed and injured,9,Total,9,Total,9,Total,F,Injured,P,Passenger,TOTAL,Total,9,Total,99,Total,2010,349
A,Annual,ITD1,Provincia Autonoma Bolzano / Bozen,KILLINJ,Killed and injured,9,Total,9,Total,9,Total,F,Injured,P,Passenger,TOTAL,Total,9,Total,99,Total,2011,335
A,Annual,ITD1,Provincia Autonoma Bolzano / Bozen,KILLINJ,Killed and injured,9,Total,9,Total,9,Total,F,Injured,P,Passenger,TOTAL,Total,9,Total,99,Total,2012,473
A,Annual,ITD1,Provincia Autonoma Bolzano / Bozen,KILLINJ,Killed and injured,9,Total,9,Total,9,Total,F,Injured,P,Passenger,TOTAL,Total,9,Total,99,Total,2013,446
A,Annual,ITD1,Provincia Autonoma Bolzano / Bozen,KILLINJ,Killed and injured,9,Total,9,Total,9,Total,F,Injured,P,Passenger,TOTAL,Total,9,Total,99,Total,2014,439
A,Annual,ITD1,Provincia Autonoma Bolzano / Bozen,KILLINJ,Killed and injured,9,Total,9,Total,9,Total,F,Injured,P,Passenger,TOTAL,Total,9,Total,99,Total,2015,394
A,Annual,ITD1,Provincia Autonoma Bolzano / Bozen,KILLINJ,Killed and injured,9,Total,9,Total,9,Total,F,Injured,P,Passenger,TOTAL,Total,9,Total,99,Total,2016,481
A,Annual,ITD1,Provincia Autonoma Bolzano / Bozen,KILLINJ,Killed and injured,9,Total,9,Total,9,Total,F,Injured,P,Passenger,TOTAL,Total,9,Total,99,Total,2017,438
A,Annual,ITD1,Provincia Autonoma Bolzano / Bozen,KILLINJ,Killed and injured,9,Total,9,Total,9,Total,F,Injured,P,Passenger,TOTAL,Total,9,Total,99,Total,2018,459
A,Annual,ITD1,Provincia Autonoma Bolzano / Bozen,KILLINJ,Killed and injured,9,Total,9,Total,9,Total,F,Injured,P,Passenger,TOTAL,Total,9,Total,99,Total,2019,460
A,Annual,ITD1,Provincia Autonoma Bolzano / Bozen,KILLINJ,Killed and injured,9,Total,9,Total,9,Total,F,Injured,P,Passenger,TOTAL,Total,9,Total,99,Total,2020,361
A,Annual,ITD1,Provincia Autonoma Bolzano / Bozen,KILLINJ,Killed and injured,9,Total,9,Total,9,Total,F,Injured,P,Passenger,TOTAL,Total,9,Total,99,Total,2021,381
A,Annual,ITD1,Provincia Autonoma Bolzano / Bozen,KILLINJ,Killed and injured,9,Total,9,Total,9,Total,F,Injured,P,Passenger,TOTAL,Total,9,Total,99,Total,2022,470
A,Annual,ITD1,Provincia Autonoma Bolzano / Bozen,KILLINJ,Killed and injured,9,Total,9,Total,9,Total,F,Injured,P,Passenger,TOTAL,Total,9,Total,99,Total,2023,478
A,Annual,ITD1,Provincia Autonoma Bolzano / Bozen,KILLINJ,Killed and injured,9,Total,9,Total,9,Total,F,Injured,P,Passenger,TOTAL,Total,9,Total,99,Total,2024,499
A,Annual,ITD1,Provincia Autonoma Bolzano / Bozen,KILLINJ,Killed and injured,9,Total,9,Total,9,Total,F,Injured,X,Pedestrian,TOTAL,Total,9,Total,99,Total,2010,136
A,Annual,ITD1,Provincia Autonoma Bolzano / Bozen,KILLINJ,Killed and injured,9,Total,9,Total,9,Total,F,Injured,X,Pedestrian,TOTAL,Total,9,Total,99,Total,2011,198
A,Annual,ITD1,Provincia Autonoma Bolzano / Bozen,KILLINJ,Killed and injured,9,Total,9,Total,9,Total,F,Injured,X,Pedestrian,TOTAL,Total,9,Total,99,Total,2012,238
A,Annual,ITD1,Provincia Autonoma Bolzano / Bozen,KILLINJ,Killed and injured,9,Total,9,Total,9,Total,F,Injured,X,Pedestrian,TOTAL,Total,9,Total,99,Total,2013,246
A,Annual,ITD1,Provincia Autonoma Bolzano / Bozen,KILLINJ,Killed and injured,9,Total,9,Total,9,Total,F,Injured,X,Pedestrian,TOTAL,Total,9,Total,99,Total,2014,216
A,Annual,ITD1,Provincia Autonoma Bolzano / Bozen,KILLINJ,Killed and injured,9,Total,9,Total,9,Total,F,Injured,X,Pedestrian,TOTAL,Total,9,Total,99,Total,2015,241
A,Annual,ITD1,Provincia Autonoma Bolzano / Bozen,KILLINJ,Killed and injured,9,Total,9,Total,9,Total,F,Injured,X,Pedestrian,TOTAL,Total,9,Total,99,Total,2016,231
A,Annual,ITD1,Provincia Autonoma Bolzano / Bozen,KILLINJ,Killed and injured,9,Total,9,Total,9,Total,F,Injured,X,Pedestrian,TOTAL,Total,9,Total,99,Total,2017,244
A,Annual,ITD1,Provincia Autonoma Bolzano / Bozen,KILLINJ,Killed and injured,9,Total,9,Total,9,Total,F,Injured,X,Pedestrian,TOTAL,Total,9,Total,99,Total,2018,217
A,Annual,ITD1,Provincia Autonoma Bolzano / Bozen,KILLINJ,Killed and injured,9,Total,9,Total,9,Total,F,Injured,X,Pedestrian,TOTAL,Total,9,Total,99,Total,2019,208
A,Annual,ITD1,Provincia Autonoma Bolzano / Bozen,KILLINJ,Killed and injured,9,Total,9,Total,9,Total,F,Injured,X,Pedestrian,TOTAL,Total,9,Total,99,Total,2020,137
A,Annual,ITD1,Provincia Autonoma Bolzano / Bozen,KILLINJ,Killed and injured,9,Total,9,Total,9,Total,F,Injured,X,Pedestrian,TOTAL,Total,9,Total,99,Total,2021,143
A,Annual,ITD1,Provincia Autonoma Bolzano / Bozen,KILLINJ,Killed and injured,9,Total,9,Total,9,Total,F,Injured,X,Pedestrian,TOTAL,Total,9,Total,99,Total,2022,173
A,Annual,ITD1,Provincia Autonoma Bolzano / Bozen,KILLINJ,Killed and injured,9,Total,9,Total,9,Total,F,Injured,X,Pedestrian,TOTAL,Total,9,Total,99,Total,2023,170
A,Annual,ITD1,Provincia Autonoma Bolzano / Bozen,KILLINJ,Killed and injured,9,Total,9,Total,9,Total,F,Injured,X,Pedestrian,TOTAL,Total,9,Total,99,Total,2024,175
A,Annual,ITD1,Provincia Autonoma Bolzano / Bozen,KILLINJ,Killed and injured,9,Total,9,Total,9,Total,F,Injured,9,Total,TOTAL,Total,9,Total,99,Total,2010,1485
A,Annual,ITD1,Provincia Autonoma Bolzano / Bozen,KILLINJ,Killed and injured,9,Total,9,Total,9,Total,F,Injured,9,Total,TOTAL,Total,9,Total,99,Total,2011,1827
A,Annual,ITD1,Provincia Autonoma Bolzano / Bozen,KILLINJ,Killed and injured,9,Total,9,Total,9,Total,F,Injured,9,Total,TOTAL,Total,9,Total,99,Total,2012,2286
A,Annual,ITD1,Provincia Autonoma Bolzano / Bozen,KILLINJ,Killed and injured,9,Total,9,Total,9,Total,F,Injured,9,Total,TOTAL,Total,9,Total,99,Total,2013,2181
A,Annual,ITD1,Provincia Autonoma Bolzano / Bozen,KILLINJ,Killed and injured,9,Total,9,Total,9,Total,F,Injured,9,Total,TOTAL,Total,9,Total,99,Total,2014,2073
A,Annual,ITD1,Provincia Autonoma Bolzano / Bozen,KILLINJ,Killed and injured,9,Total,9,Total,9,Total,F,Injured,9,Total,TOTAL,Total,9,Total,99,Total,2015,2086
A,Annual,ITD1,Provincia Autonoma Bolzano / Bozen,KILLINJ,Killed and injured,9,Total,9,Total,9,Total,F,Injured,9,Total,TOTAL,Total,9,Total,99,Total,2016,2286
A,Annual,ITD1,Provincia Autonoma Bolzano / Bozen,KILLINJ,Killed and injured,9,Total,9,Total,9,Total,F,Injured,9,Total,TOTAL,Total,9,Total,99,Total,2017,2164
A,Annual,ITD1,Provincia Autonoma Bolzano / Bozen,KILLINJ,Killed and injured,9,Total,9,Total,9,Total,F,Injured,9,Total,TOTAL,Total,9,Total,99,Total,2018,2211
A,Annual,ITD1,Provincia Autonoma Bolzano / Bozen,KILLINJ,Killed and injured,9,Total,9,Total,9,Total,F,Injured,9,Total,TOTAL,Total,9,Total,99,Total,2019,2209
A,Annual,ITD1,Provincia Autonoma Bolzano / Bozen,KILLINJ,Killed and injured,9,Total,9,Total,9,Total,F,Injured,9,Total,TOTAL,Total,9,Total,99,Total,2020,1637
A,Annual,ITD1,Provincia Autonoma Bolzano / Bozen,KILLINJ,Killed and injured,9,Total,9,Total,9,Total,F,Injured,9,Total,TOTAL,Total,9,Total,99,Total,2021,1965
A,Annual,ITD1,Provincia Autonoma Bolzano / Bozen,KILLINJ,Killed and injured,9,Total,9,Total,9,Total,F,Injured,9,Total,TOTAL,Total,9,Total,99,Total,2022,2291
A,Annual,ITD1,Provincia Autonoma Bolzano / Bozen,KILLINJ,Killed and injured,9,Total,9,Total,9,Total,F,Injured,9,Total,TOTAL,Total,9,Total,99,Total,2023,2310
A,Annual,ITD1,Provincia Autonoma Bolzano / Bozen,KILLINJ,Killed and injured,9,Total,9,Total,9,Total,F,Injured,9,Total,TOTAL,Total,9,Total,99,Total,2024,2241
A,Annual,ITD1,Provincia Autonoma Bolzano / Bozen,KILLINJ,Killed and injured,9,Total,9,Total,9,Total,9,Total,C,Driver,TOTAL,Total,9,Total,99,Total,2010,1023
A,Annual,ITD1,Provincia Autonoma Bolzano / Bozen,KILLINJ,Killed and injured,9,Total,9,Total,9,Total,9,Total,C,Driver,TOTAL,Total,9,Total,99,Total,2011,1315
A,Annual,ITD1,Provincia Autonoma Bolzano / Bozen,KILLINJ,Killed and injured,9,Total,9,Total,9,Total,9,Total,C,Driver,TOTAL,Total,9,Total,99,Total,2012,1604
A,Annual,ITD1,Provincia Autonoma Bolzano / Bozen,KILLINJ,Killed and injured,9,Total,9,Total,9,Total,9,Total,C,Driver,TOTAL,Total,9,Total,99,Total,2013,1511
A,Annual,ITD1,Provincia Autonoma Bolzano / Bozen,KILLINJ,Killed and injured,9,Total,9,Total,9,Total,9,Total,C,Driver,TOTAL,Total,9,Total,99,Total,2014,1443
A,Annual,ITD1,Provincia Autonoma Bolzano / Bozen,KILLINJ,Killed and injured,9,Total,9,Total,9,Total,9,Total,C,Driver,TOTAL,Total,9,Total,99,Total,2015,1480
A,Annual,ITD1,Provincia Autonoma Bolzano / Bozen,KILLINJ,Killed and injured,9,Total,9,Total,9,Total,9,Total,C,Driver,TOTAL,Total,9,Total,99,Total,2016,1597
A,Annual,ITD1,Provincia Autonoma Bolzano / Bozen,KILLINJ,Killed and injured,9,Total,9,Total,9,Total,9,Total,C,Driver,TOTAL,Total,9,Total,99,Total,2017,1503
A,Annual,ITD1,Provincia Autonoma Bolzano / Bozen,KILLINJ,Killed and injured,9,Total,9,Total,9,Total,9,Total,C,Driver,TOTAL,Total,9,Total,99,Total,2018,1562
A,Annual,ITD1,Provincia Autonoma Bolzano / Bozen,KILLINJ,Killed and injured,9,Total,9,Total,9,Total,9,Total,C,Driver,TOTAL,Total,9,Total,99,Total,2019,1578
A,Annual,ITD1,Provincia Autonoma Bolzano / Bozen,KILLINJ,Killed and injured,9,Total,9,Total,9,Total,9,Total,C,Driver,TOTAL,Total,9,Total,99,Total,2020,1159
A,Annual,ITD1,Provincia Autonoma Bolzano / Bozen,KILLINJ,Killed and injured,9,Total,9,Total,9,Total,9,Total,C,Driver,TOTAL,Total,9,Total,99,Total,2021,1460
A,Annual,ITD1,Provincia Autonoma Bolzano / Bozen,KILLINJ,Killed and injured,9,Total,9,Total,9,Total,9,Total,C,Driver,TOTAL,Total,9,Total,99,Total,2022,1667
A,Annual,ITD1,Provincia Autonoma Bolzano / Bozen,KILLINJ,Killed and injured,9,Total,9,Total,9,Total,9,Total,C,Driver,TOTAL,Total,9,Total,99,Total,2023,1689
A,Annual,ITD1,Provincia Autonoma Bolzano / Bozen,KILLINJ,Killed and injured,9,Total,9,Total,9,Total,9,Total,C,Driver,TOTAL,Total,9,Total,99,Total,2024,1593
A,Annual,ITD1,Provincia Autonoma Bolzano / Bozen,KILLINJ,Killed and injured,9,Total,9,Total,9,Total,9,Total,P,Passenger,TOTAL,Total,9,Total,99,Total,2010,351
A,Annual,ITD1,Provincia Autonoma Bolzano / Bozen,KILLINJ,Killed and injured,9,Total,9,Total,9,Total,9,Total,P,Passenger,TOTAL,Total,9,Total,99,Total,2011,341
A,Annual,ITD1,Provincia Autonoma Bolzano / Bozen,KILLINJ,Killed and injured,9,Total,9,Total,9,Total,9,Total,P,Passenger,TOTAL,Total,9,Total,99,Total,2012,475
A,Annual,ITD1,Provincia Autonoma Bolzano / Bozen,KILLINJ,Killed and injured,9,Total,9,Total,9,Total,9,Total,P,Passenger,TOTAL,Total,9,Total,99,Total,2013,449
A,Annual,ITD1,Provincia Autonoma Bolzano / Bozen,KILLINJ,Killed and injured,9,Total,9,Total,9,Total,9,Total,P,Passenger,TOTAL,Total,9,Total,99,Total,2014,442
A,Annual,ITD1,Provincia Autonoma Bolzano / Bozen,KILLINJ,Killed and injured,9,Total,9,Total,9,Total,9,Total,P,Passenger,TOTAL,Total,9,Total,99,Total,2015,397
A,Annual,ITD1,Provincia Autonoma Bolzano / Bozen,KILLINJ,Killed and injured,9,Total,9,Total,9,Total,9,Total,P,Passenger,TOTAL,Total,9,Total,99,Total,2016,488
A,Annual,ITD1,Provincia Autonoma Bolzano / Bozen,KILLINJ,Killed and injured,9,Total,9,Total,9,Total,9,Total,P,Passenger,TOTAL,Total,9,Total,99,Total,2017,440
A,Annual,ITD1,Provincia Autonoma Bolzano / Bozen,KILLINJ,Killed and injured,9,Total,9,Total,9,Total,9,Total,P,Passenger,TOTAL,Total,9,Total,99,Total,2018,460
A,Annual,ITD1,Provincia Autonoma Bolzano / Bozen,KILLINJ,Killed and injured,9,Total,9,Total,9,Total,9,Total,P,Passenger,TOTAL,Total,9,Total,99,Total,2019,464
A,Annual,ITD1,Provincia Autonoma Bolzano / Bozen,KILLINJ,Killed and injured,9,Total,9,Total,9,Total,9,Total,P,Passenger,TOTAL,Total,9,Total,99,Total,2020,367
A,Annual,ITD1,Provincia Autonoma Bolzano / Bozen,KILLINJ,Killed and injured,9,Total,9,Total,9,Total,9,Total,P,Passenger,TOTAL,Total,9,Total,99,Total,2021,382
A,Annual,ITD1,Provincia Autonoma Bolzano / Bozen,KILLINJ,Killed and injured,9,Total,9,Total,9,Total,9,Total,P,Passenger,TOTAL,Total,9,Total,99,Total,2022,478
A,Annual,ITD1,Provincia Autonoma Bolzano / Bozen,KILLINJ,Killed and injured,9,Total,9,Total,9,Total,9,Total,P,Passenger,TOTAL,Total,9,Total,99,Total,2023,480
A,Annual,ITD1,Provincia Autonoma Bolzano / Bozen,KILLINJ,Killed and injured,9,Total,9,Total,9,Total,9,Total,P,Passenger,TOTAL,Total,9,Total,99,Total,2024,504
A,Annual,ITD1,Provincia Autonoma Bolzano / Bozen,KILLINJ,Killed and injured,9,Total,9,Total,9,Total,9,Total,X,Pedestrian,TOTAL,Total,9,Total,99,Total,2010,141
A,Annual,ITD1,Provincia Autonoma Bolzano / Bozen,KILLINJ,Killed and injured,9,Total,9,Total,9,Total,9,Total,X,Pedestrian,TOTAL,Total,9,Total,99,Total,2011,206
A,Annual,ITD1,Provincia Autonoma Bolzano / Bozen,KILLINJ,Killed and injured,9,Total,9,Total,9,Total,9,Total,X,Pedestrian,TOTAL,Total,9,Total,99,Total,2012,242
A,Annual,ITD1,Provincia Autonoma Bolzano / Bozen,KILLINJ,Killed and injured,9,Total,9,Total,9,Total,9,Total,X,Pedestrian,TOTAL,Total,9,Total,99,Total,2013,252
A,Annual,ITD1,Provincia Autonoma Bolzano / Bozen,KILLINJ,Killed and injured,9,Total,9,Total,9,Total,9,Total,X,Pedestrian,TOTAL,Total,9,Total,99,Total,2014,220
A,Annual,ITD1,Provincia Autonoma Bolzano / Bozen,KILLINJ,Killed and injured,9,Total,9,Total,9,Total,9,Total,X,Pedestrian,TOTAL,Total,9,Total,99,Total,2015,245
A,Annual,ITD1,Provincia Autonoma Bolzano / Bozen,KILLINJ,Killed and injured,9,Total,9,Total,9,Total,9,Total,X,Pedestrian,TOTAL,Total,9,Total,99,Total,2016,239
A,Annual,ITD1,Provincia Autonoma Bolzano / Bozen,KILLINJ,Killed and injured,9,Total,9,Total,9,Total,9,Total,X,Pedestrian,TOTAL,Total,9,Total,99,Total,2017,251
A,Annual,ITD1,Provincia Autonoma Bolzano / Bozen,KILLINJ,Killed and injured,9,Total,9,Total,9,Total,9,Total,X,Pedestrian,TOTAL,Total,9,Total,99,Total,2018,222
A,Annual,ITD1,Provincia Autonoma Bolzano / Bozen,KILLINJ,Killed and injured,9,Total,9,Total,9,Total,9,Total,X,Pedestrian,TOTAL,Total,9,Total,99,Total,2019,213
A,Annual,ITD1,Provincia Autonoma Bolzano / Bozen,KILLINJ,Killed and injured,9,Total,9,Total,9,Total,9,Total,X,Pedestrian,TOTAL,Total,9,Total,99,Total,2020,142
A,Annual,ITD1,Provincia Autonoma Bolzano / Bozen,KILLINJ,Killed and injured,9,Total,9,Total,9,Total,9,Total,X,Pedestrian,TOTAL,Total,9,Total,99,Total,2021,147
A,Annual,ITD1,Provincia Autonoma Bolzano / Bozen,KILLINJ,Killed and injured,9,Total,9,Total,9,Total,9,Total,X,Pedestrian,TOTAL,Total,9,Total,99,Total,2022,179
A,Annual,ITD1,Provincia Autonoma Bolzano / Bozen,KILLINJ,Killed and injured,9,Total,9,Total,9,Total,9,Total,X,Pedestrian,TOTAL,Total,9,Total,99,Total,2023,176
A,Annual,ITD1,Provincia Autonoma Bolzano / Bozen,KILLINJ,Killed and injured,9,Total,9,Total,9,Total,9,Total,X,Pedestrian,TOTAL,Total,9,Total,99,Total,2024,176
A,Annual,ITD1,Provincia Autonoma Bolzano / Bozen,KILLINJ,Killed and injured,9,Total,9,Total,9,Total,9,Total,9,Total,TOTAL,Total,9,Total,99,Total,2010,1515
A,Annual,ITD1,Provincia Autonoma Bolzano / Bozen,KILLINJ,Killed and injured,9,Total,9,Total,9,Total,9,Total,9,Total,TOTAL,Total,9,Total,99,Total,2011,1862
A,Annual,ITD1,Provincia Autonoma Bolzano / Bozen,KILLINJ,Killed and injured,9,Total,9,Total,9,Total,9,Total,9,Total,TOTAL,Total,9,Total,99,Total,2012,2321
A,Annual,ITD1,Provincia Autonoma Bolzano / Bozen,KILLINJ,Killed and injured,9,Total,9,Total,9,Total,9,Total,9,Total,TOTAL,Total,9,Total,99,Total,2013,2212
A,Annual,ITD1,Provincia Autonoma Bolzano / Bozen,KILLINJ,Killed and injured,9,Total,9,Total,9,Total,9,Total,9,Total,TOTAL,Total,9,Total,99,Total,2014,2105
A,Annual,ITD1,Provincia Autonoma Bolzano / Bozen,KILLINJ,Killed and injured,9,Total,9,Total,9,Total,9,Total,9,Total,TOTAL,Total,9,Total,99,Total,2015,2122
A,Annual,ITD1,Provincia Autonoma Bolzano / Bozen,KILLINJ,Killed and injured,9,Total,9,Total,9,Total,9,Total,9,Total,TOTAL,Total,9,Total,99,Total,2016,2324
A,Annual,ITD1,Provincia Autonoma Bolzano / Bozen,KILLINJ,Killed and injured,9,Total,9,Total,9,Total,9,Total,9,Total,TOTAL,Total,9,Total,99,Total,2017,2194
A,Annual,ITD1,Provincia Autonoma Bolzano / Bozen,KILLINJ,Killed and injured,9,Total,9,Total,9,Total,9,Total,9,Total,TOTAL,Total,9,Total,99,Total,2018,2244
A,Annual,ITD1,Provincia Autonoma Bolzano / Bozen,KILLINJ,Killed and injured,9,Total,9,Total,9,Total,9,Total,9,Total,TOTAL,Total,9,Total,99,Total,2019,2255
A,Annual,ITD1,Provincia Autonoma Bolzano / Bozen,KILLINJ,Killed and injured,9,Total,9,Total,9,Total,9,Total,9,Total,TOTAL,Total,9,Total,99,Total,2020,1668
A,Annual,ITD1,Provincia Autonoma Bolzano / Bozen,KILLINJ,Killed and injured,9,Total,9,Total,9,Total,9,Total,9,Total,TOTAL,Total,9,Total,99,Total,2021,1989
A,Annual,ITD1,Provincia Autonoma Bolzano / Bozen,KILLINJ,Killed and injured,9,Total,9,Total,9,Total,9,Total,9,Total,TOTAL,Total,9,Total,99,Total,2022,2324
A,Annual,ITD1,Provincia Autonoma Bolzano / Bozen,KILLINJ,Killed and injured,9,Total,9,Total,9,Total,9,Total,9,Total,TOTAL,Total,9,Total,99,Total,2023,2345
A,Annual,ITD1,Provincia Autonoma Bolzano / Bozen,KILLINJ,Killed and injured,9,Total,9,Total,9,Total,9,Total,9,Total,TOTAL,Total,9,Total,99,Total,2024,2273
A,Annual,ITD2,Provincia Autonoma Trento,KILLINJ,Killed and injured,9,Total,9,Total,9,Total,M,Killed,C,Driver,TOTAL,Total,9,Total,99,Total,2010,22
A,Annual,ITD2,Provincia Autonoma Trento,KILLINJ,Killed and injured,9,Total,9,Total,9,Total,M,Killed,C,Driver,TOTAL,Total,9,Total,99,Total,2011,18
A,Annual,ITD2,Provincia Autonoma Trento,KILLINJ,Killed and injured,9,Total,9,Total,9,Total,M,Killed,C,Driver,TOTAL,Total,9,Total,99,Total,2012,25
A,Annual,ITD2,Provincia Autonoma Trento,KILLINJ,Killed and injured,9,Total,9,Total,9,Total,M,Killed,C,Driver,TOTAL,Total,9,Total,99,Total,2013,26
A,Annual,ITD2,Provincia Autonoma Trento,KILLINJ,Killed and injured,9,Total,9,Total,9,Total,M,Killed,C,Driver,TOTAL,Total,9,Total,99,Total,2014,25
A,Annual,ITD2,Provincia Autonoma Trento,KILLINJ,Killed and injured,9,Total,9,Total,9,Total,M,Killed,C,Driver,TOTAL,Total,9,Total,99,Total,2015,30
A,Annual,ITD2,Provincia Autonoma Trento,KILLINJ,Killed and injured,9,Total,9,Total,9,Total,M,Killed,C,Driver,TOTAL,Total,9,Total,99,Total,2016,23
A,Annual,ITD2,Provincia Autonoma Trento,KILLINJ,Killed and injured,9,Total,9,Total,9,Total,M,Killed,C,Driver,TOTAL,Total,9,Total,99,Total,2017,23
A,Annual,ITD2,Provincia Autonoma Trento,KILLINJ,Killed and injured,9,Total,9,Total,9,Total,M,Killed,C,Driver,TOTAL,Total,9,Total,99,Total,2018,26
A,Annual,ITD2,Provincia Autonoma Trento,KILLINJ,Killed and injured,9,Total,9,Total,9,Total,M,Killed,C,Driver,TOTAL,Total,9,Total,99,Total,2019,21
A,Annual,ITD2,Provincia Autonoma Trento,KILLINJ,Killed and injured,9,Total,9,Total,9,Total,M,Killed,C,Driver,TOTAL,Total,9,Total,99,Total,2020,21
A,Annual,ITD2,Provincia Autonoma Trento,KILLINJ,Killed and injured,9,Total,9,Total,9,Total,M,Killed,C,Driver,TOTAL,Total,9,Total,99,Total,2021,18
A,Annual,ITD2,Provincia Autonoma Trento,KILLINJ,Killed and injured,9,Total,9,Total,9,Total,M,Killed,C,Driver,TOTAL,Total,9,Total,99,Total,2022,27
A,Annual,ITD2,Provincia Autonoma Trento,KILLINJ,Killed and injured,9,Total,9,Total,9,Total,M,Killed,C,Driver,TOTAL,Total,9,Total,99,Total,2023,32
A,Annual,ITD2,Provincia Autonoma Trento,KILLINJ,Killed and injured,9,Total,9,Total,9,Total,M,Killed,C,Driver,TOTAL,Total,9,Total,99,Total,2024,30
A,Annual,ITD2,Provincia Autonoma Trento,KILLINJ,Killed and injured,9,Total,9,Total,9,Total,M,Killed,P,Passenger,TOTAL,Total,9,Total,99,Total,2010,2
A,Annual,ITD2,Provincia Autonoma Trento,KILLINJ,Killed and injured,9,Total,9,Total,9,Total,M,Killed,P,Passenger,TOTAL,Total,9,Total,99,Total,2011,3
A,Annual,ITD2,Provincia Autonoma Trento,KILLINJ,Killed and injured,9,Total,9,Total,9,Total,M,Killed,P,Passenger,TOTAL,Total,9,Total,99,Total,2012,6
A,Annual,ITD2,Provincia Autonoma Trento,KILLINJ,Killed and injured,9,Total,9,Total,9,Total,M,Killed,P,Passenger,TOTAL,Total,9,Total,99,Total,2013,1
A,Annual,ITD2,Provincia Autonoma Trento,KILLINJ,Killed and injured,9,Total,9,Total,9,Total,M,Killed,P,Passenger,TOTAL,Total,9,Total,99,Total,2015,5
A,Annual,ITD2,Provincia Autonoma Trento,KILLINJ,Killed and injured,9,Total,9,Total,9,Total,M,Killed,P,Passenger,TOTAL,Total,9,Total,99,Total,2016,6
A,Annual,ITD2,Provincia Autonoma Trento,KILLINJ,Killed and injured,9,Total,9,Total,9,Total,M,Killed,P,Passenger,TOTAL,Total,9,Total,99,Total,2017,6
A,Annual,ITD2,Provincia Autonoma Trento,KILLINJ,Killed and injured,9,Total,9,Total,9,Total,M,Killed,P,Passenger,TOTAL,Total,9,Total,99,Total,2018,3
A,Annual,ITD2,Provincia Autonoma Trento,KILLINJ,Killed and injured,9,Total,9,Total,9,Total,M,Killed,P,Passenger,TOTAL,Total,9,Total,99,Total,2019,1
A,Annual,ITD2,Provincia Autonoma Trento,KILLINJ,Killed and injured,9,Total,9,Total,9,Total,M,Killed,P,Passenger,TOTAL,Total,9,Total,99,Total,2020,4
A,Annual,ITD2,Provincia Autonoma Trento,KILLINJ,Killed and injured,9,Total,9,Total,9,Total,M,Killed,P,Passenger,TOTAL,Total,9,Total,99,Total,2021,3
A,Annual,ITD2,Provincia Autonoma Trento,KILLINJ,Killed and injured,9,Total,9,Total,9,Total,M,Killed,P,Passenger,TOTAL,Total,9,Total,99,Total,2022,4
A,Annual,ITD2,Provincia Autonoma Trento,KILLINJ,Killed and injured,9,Total,9,Total,9,Total,M,Killed,P,Passenger,TOTAL,Total,9,Total,99,Total,2023,1
A,Annual,ITD2,Provincia Autonoma Trento,KILLINJ,Killed and injured,9,Total,9,Total,9,Total,M,Killed,P,Passenger,TOTAL,Total,9,Total,99,Total,2024,2
A,Annual,ITD2,Provincia Autonoma Trento,KILLINJ,Killed and injured,9,Total,9,Total,9,Total,M,Killed,X,Pedestrian,TOTAL,Total,9,Total,99,Total,2010,5
A,Annual,ITD2,Provincia Autonoma Trento,KILLINJ,Killed and injured,9,Total,9,Total,9,Total,M,Killed,X,Pedestrian,TOTAL,Total,9,Total,99,Total,2011,2
A,Annual,ITD2,Provincia Autonoma Trento,KILLINJ,Killed and injured,9,Total,9,Total,9,Total,M,Killed,X,Pedestrian,TOTAL,Total,9,Total,99,Total,2012,7
A,Annual,ITD2,Provincia Autonoma Trento,KILLINJ,Killed and injured,9,Total,9,Total,9,Total,M,Killed,X,Pedestrian,TOTAL,Total,9,Total,99,Total,2013,1
A,Annual,ITD2,Provincia Autonoma Trento,KILLINJ,Killed and injured,9,Total,9,Total,9,Total,M,Killed,X,Pedestrian,TOTAL,Total,9,Total,99,Total,2014,3
A,Annual,ITD2,Provincia Autonoma Trento,KILLINJ,Killed and injured,9,Total,9,Total,9,Total,M,Killed,X,Pedestrian,TOTAL,Total,9,Total,99,Total,2015,7
A,Annual,ITD2,Provincia Autonoma Trento,KILLINJ,Killed and injured,9,Total,9,Total,9,Total,M,Killed,X,Pedestrian,TOTAL,Total,9,Total,99,Total,2016,3
A,Annual,ITD2,Provincia Autonoma Trento,KILLINJ,Killed and injured,9,Total,9,Total,9,Total,M,Killed,X,Pedestrian,TOTAL,Total,9,Total,99,Total,2018,1
A,Annual,ITD2,Provincia Autonoma Trento,KILLINJ,Killed and injured,9,Total,9,Total,9,Total,M,Killed,X,Pedestrian,TOTAL,Total,9,Total,99,Total,2019,3
A,Annual,ITD2,Provincia Autonoma Trento,KILLINJ,Killed and injured,9,Total,9,Total,9,Total,M,Killed,X,Pedestrian,TOTAL,Total,9,Total,99,Total,2021,4
A,Annual,ITD2,Provincia Autonoma Trento,KILLINJ,Killed and injured,9,Total,9,Total,9,Total,M,Killed,X,Pedestrian,TOTAL,Total,9,Total,99,Total,2022,2
A,Annual,ITD2,Provincia Autonoma Trento,KILLINJ,Killed and injured,9,Total,9,Total,9,Total,M,Killed,X,Pedestrian,TOTAL,Total,9,Total,99,Total,2023,3
A,Annual,ITD2,Provincia Autonoma Trento,KILLINJ,Killed and injured,9,Total,9,Total,9,Total,M,Killed,X,Pedestrian,TOTAL,Total,9,Total,99,Total,2024,6
A,Annual,ITD2,Provincia Autonoma Trento,KILLINJ,Killed and injured,9,Total,9,Total,9,Total,M,Killed,9,Total,TOTAL,Total,9,Total,99,Total,2010,29
A,Annual,ITD2,Provincia Autonoma Trento,KILLINJ,Killed and injured,9,Total,9,Total,9,Total,M,Killed,9,Total,TOTAL,Total,9,Total,99,Total,2011,23
A,Annual,ITD2,Provincia Autonoma Trento,KILLINJ,Killed and injured,9,Total,9,Total,9,Total,M,Killed,9,Total,TOTAL,Total,9,Total,99,Total,2012,38
A,Annual,ITD2,Provincia Autonoma Trento,KILLINJ,Killed and injured,9,Total,9,Total,9,Total,M,Killed,9,Total,TOTAL,Total,9,Total,99,Total,2013,28
A,Annual,ITD2,Provincia Autonoma Trento,KILLINJ,Killed and injured,9,Total,9,Total,9,Total,M,Killed,9,Total,TOTAL,Total,9,Total,99,Total,2014,28
A,Annual,ITD2,Provincia Autonoma Trento,KILLINJ,Killed and injured,9,Total,9,Total,9,Total,M,Killed,9,Total,TOTAL,Total,9,Total,99,Total,2015,42
A,Annual,ITD2,Provincia Autonoma Trento,KILLINJ,Killed and injured,9,Total,9,Total,9,Total,M,Killed,9,Total,TOTAL,Total,9,Total,99,Total,2016,32
A,Annual,ITD2,Provincia Autonoma Trento,KILLINJ,Killed and injured,9,Total,9,Total,9,Total,M,Killed,9,Total,TOTAL,Total,9,Total,99,Total,2017,29
A,Annual,ITD2,Provincia Autonoma Trento,KILLINJ,Killed and injured,9,Total,9,Total,9,Total,M,Killed,9,Total,TOTAL,Total,9,Total,99,Total,2018,30
A,Annual,ITD2,Provincia Autonoma Trento,KILLINJ,Killed and injured,9,Total,9,Total,9,Total,M,Killed,9,Total,TOTAL,Total,9,Total,99,Total,2019,25
A,Annual,ITD2,Provincia Autonoma Trento,KILLINJ,Killed and injured,9,Total,9,Total,9,Total,M,Killed,9,Total,TOTAL,Total,9,Total,99,Total,2020,25
A,Annual,ITD2,Provincia Autonoma Trento,KILLINJ,Killed and injured,9,Total,9,Total,9,Total,M,Killed,9,Total,TOTAL,Total,9,Total,99,Total,2021,25
A,Annual,ITD2,Provincia Autonoma Trento,KILLINJ,Killed and injured,9,Total,9,Total,9,Total,M,Killed,9,Total,TOTAL,Total,9,Total,99,Total,2022,33
A,Annual,ITD2,Provincia Autonoma Trento,KILLINJ,Killed and injured,9,Total,9,Total,9,Total,M,Killed,9,Total,TOTAL,Total,9,Total,99,Total,2023,36
A,Annual,ITD2,Provincia Autonoma Trento,KILLINJ,Killed and injured,9,Total,9,Total,9,Total,M,Killed,9,Total,TOTAL,Total,9,Total,99,Total,2024,38
A,Annual,ITD2,Provincia Autonoma Trento,KILLINJ,Killed and injured,9,Total,9,Total,9,Total,F,Injured,C,Driver,TOTAL,Total,9,Total,99,Total,2010,1416
A,Annual,ITD2,Provincia Autonoma Trento,KILLINJ,Killed and injured,9,Total,9,Total,9,Total,F,Injured,C,Driver,TOTAL,Total,9,Total,99,Total,2011,1427
A,Annual,ITD2,Provincia Autonoma Trento,KILLINJ,Killed and injured,9,Total,9,Total,9,Total,F,Injured,C,Driver,TOTAL,Total,9,Total,99,Total,2012,1402
A,Annual,ITD2,Provincia Autonoma Trento,KILLINJ,Killed and injured,9,Total,9,Total,9,Total,F,Injured,C,Driver,TOTAL,Total,9,Total,99,Total,2013,1435
A,Annual,ITD2,Provincia Autonoma Trento,KILLINJ,Killed and injured,9,Total,9,Total,9,Total,F,Injured,C,Driver,TOTAL,Total,9,Total,99,Total,2014,1343
A,Annual,ITD2,Provincia Autonoma Trento,KILLINJ,Killed and injured,9,Total,9,Total,9,Total,F,Injured,C,Driver,TOTAL,Total,9,Total,99,Total,2015,1363
A,Annual,ITD2,Provincia Autonoma Trento,KILLINJ,Killed and injured,9,Total,9,Total,9,Total,F,Injured,C,Driver,TOTAL,Total,9,Total,99,Total,2016,1317
A,Annual,ITD2,Provincia Autonoma Trento,KILLINJ,Killed and injured,9,Total,9,Total,9,Total,F,Injured,C,Driver,TOTAL,Total,9,Total,99,Total,2017,1315
A,Annual,ITD2,Provincia Autonoma Trento,KILLINJ,Killed and injured,9,Total,9,Total,9,Total,F,Injured,C,Driver,TOTAL,Total,9,Total,99,Total,2018,1365
A,Annual,ITD2,Provincia Autonoma Trento,KILLINJ,Killed and injured,9,Total,9,Total,9,Total,F,Injured,C,Driver,TOTAL,Total,9,Total,99,Total,2019,1290
A,Annual,ITD2,Provincia Autonoma Trento,KILLINJ,Killed and injured,9,Total,9,Total,9,Total,F,Injured,C,Driver,TOTAL,Total,9,Total,99,Total,2020,844
A,Annual,ITD2,Provincia Autonoma Trento,KILLINJ,Killed and injured,9,Total,9,Total,9,Total,F,Injured,C,Driver,TOTAL,Total,9,Total,99,Total,2021,1085
A,Annual,ITD2,Provincia Autonoma Trento,KILLINJ,Killed and injured,9,Total,9,Total,9,Total,F,Injured,C,Driver,TOTAL,Total,9,Total,99,Total,2022,1281
A,Annual,ITD2,Provincia Autonoma Trento,KILLINJ,Killed and injured,9,Total,9,Total,9,Total,F,Injured,C,Driver,TOTAL,Total,9,Total,99,Total,2023,1229
A,Annual,ITD2,Provincia Autonoma Trento,KILLINJ,Killed and injured,9,Total,9,Total,9,Total,F,Injured,C,Driver,TOTAL,Total,9,Total,99,Total,2024,1212
A,Annual,ITD2,Provincia Autonoma Trento,KILLINJ,Killed and injured,9,Total,9,Total,9,Total,F,Injured,P,Passenger,TOTAL,Total,9,Total,99,Total,2010,522
A,Annual,ITD2,Provincia Autonoma Trento,KILLINJ,Killed and injured,9,Total,9,Total,9,Total,F,Injured,P,Passenger,TOTAL,Total,9,Total,99,Total,2011,495
A,Annual,ITD2,Provincia Autonoma Trento,KILLINJ,Killed and injured,9,Total,9,Total,9,Total,F,Injured,P,Passenger,TOTAL,Total,9,Total,99,Total,2012,455
A,Annual,ITD2,Provincia Autonoma Trento,KILLINJ,Killed and injured,9,Total,9,Total,9,Total,F,Injured,P,Passenger,TOTAL,Total,9,Total,99,Total,2013,407
A,Annual,ITD2,Provincia Autonoma Trento,KILLINJ,Killed and injured,9,Total,9,Total,9,Total,F,Injured,P,Passenger,TOTAL,Total,9,Total,99,Total,2014,357
A,Annual,ITD2,Provincia Autonoma Trento,KILLINJ,Killed and injured,9,Total,9,Total,9,Total,F,Injured,P,Passenger,TOTAL,Total,9,Total,99,Total,2015,435
A,Annual,ITD2,Provincia Autonoma Trento,KILLINJ,Killed and injured,9,Total,9,Total,9,Total,F,Injured,P,Passenger,TOTAL,Total,9,Total,99,Total,2016,446
A,Annual,ITD2,Provincia Autonoma Trento,KILLINJ,Killed and injured,9,Total,9,Total,9,Total,F,Injured,P,Passenger,TOTAL,Total,9,Total,99,Total,2017,525
A,Annual,ITD2,Provincia Autonoma Trento,KILLINJ,Killed and injured,9,Total,9,Total,9,Total,F,Injured,P,Passenger,TOTAL,Total,9,Total,99,Total,2018,408
A,Annual,ITD2,Provincia Autonoma Trento,KILLINJ,Killed and injured,9,Total,9,Total,9,Total,F,Injured,P,Passenger,TOTAL,Total,9,Total,99,Total,2019,397
A,Annual,ITD2,Provincia Autonoma Trento,KILLINJ,Killed and injured,9,Total,9,Total,9,Total,F,Injured,P,Passenger,TOTAL,Total,9,Total,99,Total,2020,245
A,Annual,ITD2,Provincia Autonoma Trento,KILLINJ,Killed and injured,9,Total,9,Total,9,Total,F,Injured,P,Passenger,TOTAL,Total,9,Total,99,Total,2021,330
A,Annual,ITD2,Provincia Autonoma Trento,KILLINJ,Killed and injured,9,Total,9,Total,9,Total,F,Injured,P,Passenger,TOTAL,Total,9,Total,99,Total,2022,375
A,Annual,ITD2,Provincia Autonoma Trento,KILLINJ,Killed and injured,9,Total,9,Total,9,Total,F,Injured,P,Passenger,TOTAL,Total,9,Total,99,Total,2023,385
A,Annual,ITD2,Provincia Autonoma Trento,KILLINJ,Killed and injured,9,Total,9,Total,9,Total,F,Injured,P,Passenger,TOTAL,Total,9,Total,99,Total,2024,363
A,Annual,ITD2,Provincia Autonoma Trento,KILLINJ,Killed and injured,9,Total,9,Total,9,Total,F,Injured,X,Pedestrian,TOTAL,Total,9,Total,99,Total,2010,155
A,Annual,ITD2,Provincia Autonoma Trento,KILLINJ,Killed and injured,9,Total,9,Total,9,Total,F,Injured,X,Pedestrian,TOTAL,Total,9,Total,99,Total,2011,176
A,Annual,ITD2,Provincia Autonoma Trento,KILLINJ,Killed and injured,9,Total,9,Total,9,Total,F,Injured,X,Pedestrian,TOTAL,Total,9,Total,99,Total,2012,171
A,Annual,ITD2,Provincia Autonoma Trento,KILLINJ,Killed and injured,9,Total,9,Total,9,Total,F,Injured,X,Pedestrian,TOTAL,Total,9,Total,99,Total,2013,157
A,Annual,ITD2,Provincia Autonoma Trento,KILLINJ,Killed and injured,9,Total,9,Total,9,Total,F,Injured,X,Pedestrian,TOTAL,Total,9,Total,99,Total,2014,190
A,Annual,ITD2,Provincia Autonoma Trento,KILLINJ,Killed and injured,9,Total,9,Total,9,Total,F,Injured,X,Pedestrian,TOTAL,Total,9,Total,99,Total,2015,144
A,Annual,ITD2,Provincia Autonoma Trento,KILLINJ,Killed and injured,9,Total,9,Total,9,Total,F,Injured,X,Pedestrian,TOTAL,Total,9,Total,99,Total,2016,163
A,Annual,ITD2,Provincia Autonoma Trento,KILLINJ,Killed and injured,9,Total,9,Total,9,Total,F,Injured,X,Pedestrian,TOTAL,Total,9,Total,99,Total,2017,140
A,Annual,ITD2,Provincia Autonoma Trento,KILLINJ,Killed and injured,9,Total,9,Total,9,Total,F,Injured,X,Pedestrian,TOTAL,Total,9,Total,99,Total,2018,147
A,Annual,ITD2,Provincia Autonoma Trento,KILLINJ,Killed and injured,9,Total,9,Total,9,Total,F,Injured,X,Pedestrian,TOTAL,Total,9,Total,99,Total,2019,170
A,Annual,ITD2,Provincia Autonoma Trento,KILLINJ,Killed and injured,9,Total,9,Total,9,Total,F,Injured,X,Pedestrian,TOTAL,Total,9,Total,99,Total,2020,88
A,Annual,ITD2,Provincia Autonoma Trento,KILLINJ,Killed and injured,9,Total,9,Total,9,Total,F,Injured,X,Pedestrian,TOTAL,Total,9,Total,99,Total,2021,118
A,Annual,ITD2,Provincia Autonoma Trento,KILLINJ,Killed and injured,9,Total,9,Total,9,Total,F,Injured,X,Pedestrian,TOTAL,Total,9,Total,99,Total,2022,143
A,Annual,ITD2,Provincia Autonoma Trento,KILLINJ,Killed and injured,9,Total,9,Total,9,Total,F,Injured,X,Pedestrian,TOTAL,Total,9,Total,99,Total,2023,144
A,Annual,ITD2,Provincia Autonoma Trento,KILLINJ,Killed and injured,9,Total,9,Total,9,Total,F,Injured,X,Pedestrian,TOTAL,Total,9,Total,99,Total,2024,145
A,Annual,ITD2,Provincia Autonoma Trento,KILLINJ,Killed and injured,9,Total,9,Total,9,Total,F,Injured,9,Total,TOTAL,Total,9,Total,99,Total,2010,2093
A,Annual,ITD2,Provincia Autonoma Trento,KILLINJ,Killed and injured,9,Total,9,Total,9,Total,F,Injured,9,Total,TOTAL,Total,9,Total,99,Total,2011,2098
A,Annual,ITD2,Provincia Autonoma Trento,KILLINJ,Killed and injured,9,Total,9,Total,9,Total,F,Injured,9,Total,TOTAL,Total,9,Total,99,Total,2012,2028
A,Annual,ITD2,Provincia Autonoma Trento,KILLINJ,Killed and injured,9,Total,9,Total,9,Total,F,Injured,9,Total,TOTAL,Total,9,Total,99,Total,2013,1999
A,Annual,ITD2,Provincia Autonoma Trento,KILLINJ,Killed and injured,9,Total,9,Total,9,Total,F,Injured,9,Total,TOTAL,Total,9,Total,99,Total,2014,1890
A,Annual,ITD2,Provincia Autonoma Trento,KILLINJ,Killed and injured,9,Total,9,Total,9,Total,F,Injured,9,Total,TOTAL,Total,9,Total,99,Total,2015,1942
A,Annual,ITD2,Provincia Autonoma Trento,KILLINJ,Killed and injured,9,Total,9,Total,9,Total,F,Injured,9,Total,TOTAL,Total,9,Total,99,Total,2016,1926
A,Annual,ITD2,Provincia Autonoma Trento,KILLINJ,Killed and injured,9,Total,9,Total,9,Total,F,Injured,9,Total,TOTAL,Total,9,Total,99,Total,2017,1980
A,Annual,ITD2,Provincia Autonoma Trento,KILLINJ,Killed and injured,9,Total,9,Total,9,Total,F,Injured,9,Total,TOTAL,Total,9,Total,99,Total,2018,1920
A,Annual,ITD2,Provincia Autonoma Trento,KILLINJ,Killed and injured,9,Total,9,Total,9,Total,F,Injured,9,Total,TOTAL,Total,9,Total,99,Total,2019,1857
A,Annual,ITD2,Provincia Autonoma Trento,KILLINJ,Killed and injured,9,Total,9,Total,9,Total,F,Injured,9,Total,TOTAL,Total,9,Total,99,Total,2020,1177
A,Annual,ITD2,Provincia Autonoma Trento,KILLINJ,Killed and injured,9,Total,9,Total,9,Total,F,Injured,9,Total,TOTAL,Total,9,Total,99,Total,2021,1533
A,Annual,ITD2,Provincia Autonoma Trento,KILLINJ,Killed and injured,9,Total,9,Total,9,Total,F,Injured,9,Total,TOTAL,Total,9,Total,99,Total,2022,1799
A,Annual,ITD2,Provincia Autonoma Trento,KILLINJ,Killed and injured,9,Total,9,Total,9,Total,F,Injured,9,Total,TOTAL,Total,9,Total,99,Total,2023,1758
A,Annual,ITD2,Provincia Autonoma Trento,KILLINJ,Killed and injured,9,Total,9,Total,9,Total,F,Injured,9,Total,TOTAL,Total,9,Total,99,Total,2024,1720
A,Annual,ITD2,Provincia Autonoma Trento,KILLINJ,Killed and injured,9,Total,9,Total,9,Total,9,Total,C,Driver,TOTAL,Total,9,Total,99,Total,2010,1438
A,Annual,ITD2,Provincia Autonoma Trento,KILLINJ,Killed and injured,9,Total,9,Total,9,Total,9,Total,C,Driver,TOTAL,Total,9,Total,99,Total,2011,1445
A,Annual,ITD2,Provincia Autonoma Trento,KILLINJ,Killed and injured,9,Total,9,Total,9,Total,9,Total,C,Driver,TOTAL,Total,9,Total,99,Total,2012,1427
A,Annual,ITD2,Provincia Autonoma Trento,KILLINJ,Killed and injured,9,Total,9,Total,9,Total,9,Total,C,Driver,TOTAL,Total,9,Total,99,Total,2013,1461
A,Annual,ITD2,Provincia Autonoma Trento,KILLINJ,Killed and injured,9,Total,9,Total,9,Total,9,Total,C,Driver,TOTAL,Total,9,Total,99,Total,2014,1368
A,Annual,ITD2,Provincia Autonoma Trento,KILLINJ,Killed and injured,9,Total,9,Total,9,Total,9,Total,C,Driver,TOTAL,Total,9,Total,99,Total,2015,1393
A,Annual,ITD2,Provincia Autonoma Trento,KILLINJ,Killed and injured,9,Total,9,Total,9,Total,9,Total,C,Driver,TOTAL,Total,9,Total,99,Total,2016,1340
A,Annual,ITD2,Provincia Autonoma Trento,KILLINJ,Killed and injured,9,Total,9,Total,9,Total,9,Total,C,Driver,TOTAL,Total,9,Total,99,Total,2017,1338
A,Annual,ITD2,Provincia Autonoma Trento,KILLINJ,Killed and injured,9,Total,9,Total,9,Total,9,Total,C,Driver,TOTAL,Total,9,Total,99,Total,2018,1391
A,Annual,ITD2,Provincia Autonoma Trento,KILLINJ,Killed and injured,9,Total,9,Total,9,Total,9,Total,C,Driver,TOTAL,Total,9,Total,99,Total,2019,1311
A,Annual,ITD2,Provincia Autonoma Trento,KILLINJ,Killed and injured,9,Total,9,Total,9,Total,9,Total,C,Driver,TOTAL,Total,9,Total,99,Total,2020,865
A,Annual,ITD2,Provincia Autonoma Trento,KILLINJ,Killed and injured,9,Total,9,Total,9,Total,9,Total,C,Driver,TOTAL,Total,9,Total,99,Total,2021,1103
A,Annual,ITD2,Provincia Autonoma Trento,KILLINJ,Killed and injured,9,Total,9,Total,9,Total,9,Total,C,Driver,TOTAL,Total,9,Total,99,Total,2022,1308
A,Annual,ITD2,Provincia Autonoma Trento,KILLINJ,Killed and injured,9,Total,9,Total,9,Total,9,Total,C,Driver,TOTAL,Total,9,Total,99,Total,2023,1261
A,Annual,ITD2,Provincia Autonoma Trento,KILLINJ,Killed and injured,9,Total,9,Total,9,Total,9,Total,C,Driver,TOTAL,Total,9,Total,99,Total,2024,1242
A,Annual,ITD2,Provincia Autonoma Trento,KILLINJ,Killed and injured,9,Total,9,Total,9,Total,9,Total,P,Passenger,TOTAL,Total,9,Total,99,Total,2010,524
A,Annual,ITD2,Provincia Autonoma Trento,KILLINJ,Killed and injured,9,Total,9,Total,9,Total,9,Total,P,Passenger,TOTAL,Total,9,Total,99,Total,2011,498
A,Annual,ITD2,Provincia Autonoma Trento,KILLINJ,Killed and injured,9,Total,9,Total,9,Total,9,Total,P,Passenger,TOTAL,Total,9,Total,99,Total,2012,461
A,Annual,ITD2,Provincia Autonoma Trento,KILLINJ,Killed and injured,9,Total,9,Total,9,Total,9,Total,P,Passenger,TOTAL,Total,9,Total,99,Total,2013,408
A,Annual,ITD2,Provincia Autonoma Trento,KILLINJ,Killed and injured,9,Total,9,Total,9,Total,9,Total,P,Passenger,TOTAL,Total,9,Total,99,Total,2014,357
A,Annual,ITD2,Provincia Autonoma Trento,KILLINJ,Killed and injured,9,Total,9,Total,9,Total,9,Total,P,Passenger,TOTAL,Total,9,Total,99,Total,2015,440
A,Annual,ITD2,Provincia Autonoma Trento,KILLINJ,Killed and injured,9,Total,9,Total,9,Total,9,Total,P,Passenger,TOTAL,Total,9,Total,99,Total,2016,452
A,Annual,ITD2,Provincia Autonoma Trento,KILLINJ,Killed and injured,9,Total,9,Total,9,Total,9,Total,P,Passenger,TOTAL,Total,9,Total,99,Total,2017,531
A,Annual,ITD2,Provincia Autonoma Trento,KILLINJ,Killed and injured,9,Total,9,Total,9,Total,9,Total,P,Passenger,TOTAL,Total,9,Total,99,Total,2018,411
A,Annual,ITD2,Provincia Autonoma Trento,KILLINJ,Killed and injured,9,Total,9,Total,9,Total,9,Total,P,Passenger,TOTAL,Total,9,Total,99,Total,2019,398
A,Annual,ITD2,Provincia Autonoma Trento,KILLINJ,Killed and injured,9,Total,9,Total,9,Total,9,Total,P,Passenger,TOTAL,Total,9,Total,99,Total,2020,249
A,Annual,ITD2,Provincia Autonoma Trento,KILLINJ,Killed and injured,9,Total,9,Total,9,Total,9,Total,P,Passenger,TOTAL,Total,9,Total,99,Total,2021,333
A,Annual,ITD2,Provincia Autonoma Trento,KILLINJ,Killed and injured,9,Total,9,Total,9,Total,9,Total,P,Passenger,TOTAL,Total,9,Total,99,Total,2022,379
A,Annual,ITD2,Provincia Autonoma Trento,KILLINJ,Killed and injured,9,Total,9,Total,9,Total,9,Total,P,Passenger,TOTAL,Total,9,Total,99,Total,2023,386
A,Annual,ITD2,Provincia Autonoma Trento,KILLINJ,Killed and injured,9,Total,9,Total,9,Total,9,Total,P,Passenger,TOTAL,Total,9,Total,99,Total,2024,365
A,Annual,ITD2,Provincia Autonoma Trento,KILLINJ,Killed and injured,9,Total,9,Total,9,Total,9,Total,X,Pedestrian,TOTAL,Total,9,Total,99,Total,2010,160
A,Annual,ITD2,Provincia Autonoma Trento,KILLINJ,Killed and injured,9,Total,9,Total,9,Total,9,Total,X,Pedestrian,TOTAL,Total,9,Total,99,Total,2011,178
A,Annual,ITD2,Provincia Autonoma Trento,KILLINJ,Killed and injured,9,Total,9,Total,9,Total,9,Total,X,Pedestrian,TOTAL,Total,9,Total,99,Total,2012,178
A,Annual,ITD2,Provincia Autonoma Trento,KILLINJ,Killed and injured,9,Total,9,Total,9,Total,9,Total,X,Pedestrian,TOTAL,Total,9,Total,99,Total,2013,158
A,Annual,ITD2,Provincia Autonoma Trento,KILLINJ,Killed and injured,9,Total,9,Total,9,Total,9,Total,X,Pedestrian,TOTAL,Total,9,Total,99,Total,2014,193
A,Annual,ITD2,Provincia Autonoma Trento,KILLINJ,Killed and injured,9,Total,9,Total,9,Total,9,Total,X,Pedestrian,TOTAL,Total,9,Total,99,Total,2015,151
A,Annual,ITD2,Provincia Autonoma Trento,KILLINJ,Killed and injured,9,Total,9,Total,9,Total,9,Total,X,Pedestrian,TOTAL,Total,9,Total,99,Total,2016,166
A,Annual,ITD2,Provincia Autonoma Trento,KILLINJ,Killed and injured,9,Total,9,Total,9,Total,9,Total,X,Pedestrian,TOTAL,Total,9,Total,99,Total,2017,140
A,Annual,ITD2,Provincia Autonoma Trento,KILLINJ,Killed and injured,9,Total,9,Total,9,Total,9,Total,X,Pedestrian,TOTAL,Total,9,Total,99,Total,2018,148
A,Annual,ITD2,Provincia Autonoma Trento,KILLINJ,Killed and injured,9,Total,9,Total,9,Total,9,Total,X,Pedestrian,TOTAL,Total,9,Total,99,Total,2019,173
A,Annual,ITD2,Provincia Autonoma Trento,KILLINJ,Killed and injured,9,Total,9,Total,9,Total,9,Total,X,Pedestrian,TOTAL,Total,9,Total,99,Total,2020,88
A,Annual,ITD2,Provincia Autonoma Trento,KILLINJ,Killed and injured,9,Total,9,Total,9,Total,9,Total,X,Pedestrian,TOTAL,Total,9,Total,99,Total,2021,122
A,Annual,ITD2,Provincia Autonoma Trento,KILLINJ,Killed and injured,9,Total,9,Total,9,Total,9,Total,X,Pedestrian,TOTAL,Total,9,Total,99,Total,2022,145
A,Annual,ITD2,Provincia Autonoma Trento,KILLINJ,Killed and injured,9,Total,9,Total,9,Total,9,Total,X,Pedestrian,TOTAL,Total,9,Total,99,Total,2023,147
A,Annual,ITD2,Provincia Autonoma Trento,KILLINJ,Killed and injured,9,Total,9,Total,9,Total,9,Total,X,Pedestrian,TOTAL,Total,9,Total,99,Total,2024,151
A,Annual,ITD2,Provincia Autonoma Trento,KILLINJ,Killed and injured,9,Total,9,Total,9,Total,9,Total,9,Total,TOTAL,Total,9,Total,99,Total,2010,2122
A,Annual,ITD2,Provincia Autonoma Trento,KILLINJ,Killed and injured,9,Total,9,Total,9,Total,9,Total,9,Total,TOTAL,Total,9,Total,99,Total,2011,2121
A,Annual,ITD2,Provincia Autonoma Trento,KILLINJ,Killed and injured,9,Total,9,Total,9,Total,9,Total,9,Total,TOTAL,Total,9,Total,99,Total,2012,2066
A,Annual,ITD2,Provincia Autonoma Trento,KILLINJ,Killed and injured,9,Total,9,Total,9,Total,9,Total,9,Total,TOTAL,Total,9,Total,99,Total,2013,2027
A,Annual,ITD2,Provincia Autonoma Trento,KILLINJ,Killed and injured,9,Total,9,Total,9,Total,9,Total,9,Total,TOTAL,Total,9,Total,99,Total,2014,1918
A,Annual,ITD2,Provincia Autonoma Trento,KILLINJ,Killed and injured,9,Total,9,Total,9,Total,9,Total,9,Total,TOTAL,Total,9,Total,99,Total,2015,1984
A,Annual,ITD2,Provincia Autonoma Trento,KILLINJ,Killed and injured,9,Total,9,Total,9,Total,9,Total,9,Total,TOTAL,Total,9,Total,99,Total,2016,1958
A,Annual,ITD2,Provincia Autonoma Trento,KILLINJ,Killed and injured,9,Total,9,Total,9,Total,9,Total,9,Total,TOTAL,Total,9,Total,99,Total,2017,2009
A,Annual,ITD2,Provincia Autonoma Trento,KILLINJ,Killed and injured,9,Total,9,Total,9,Total,9,Total,9,Total,TOTAL,Total,9,Total,99,Total,2018,1950
A,Annual,ITD2,Provincia Autonoma Trento,KILLINJ,Killed and injured,9,Total,9,Total,9,Total,9,Total,9,Total,TOTAL,Total,9,Total,99,Total,2019,1882
A,Annual,ITD2,Provincia Autonoma Trento,KILLINJ,Killed and injured,9,Total,9,Total,9,Total,9,Total,9,Total,TOTAL,Total,9,Total,99,Total,2020,1202
A,Annual,ITD2,Provincia Autonoma Trento,KILLINJ,Killed and injured,9,Total,9,Total,9,Total,9,Total,9,Total,TOTAL,Total,9,Total,99,Total,2021,1558
A,Annual,ITD2,Provincia Autonoma Trento,KILLINJ,Killed and injured,9,Total,9,Total,9,Total,9,Total,9,Total,TOTAL,Total,9,Total,99,Total,2022,1832
A,Annual,ITD2,Provincia Autonoma Trento,KILLINJ,Killed and injured,9,Total,9,Total,9,Total,9,Total,9,Total,TOTAL,Total,9,Total,99,Total,2023,1794
A,Annual,ITD2,Provincia Autonoma Trento,KILLINJ,Killed and injured,9,Total,9,Total,9,Total,9,Total,9,Total,TOTAL,Total,9,Total,99,Total,2024,1758
A,Annual,ITD3,Veneto,KILLINJ,Killed and injured,9,Total,9,Total,9,Total,M,Killed,C,Driver,TOTAL,Total,9,Total,99,Total,2010,301
A,Annual,ITD3,Veneto,KILLINJ,Killed and injured,9,Total,9,Total,9,Total,M,Killed,C,Driver,TOTAL,Total,9,Total,99,Total,2011,282
A,Annual,ITD3,Veneto,KILLINJ,Killed and injured,9,Total,9,Total,9,Total,M,Killed,C,Driver,TOTAL,Total,9,Total,99,Total,2012,270
A,Annual,ITD3,Veneto,KILLINJ,Killed and injured,9,Total,9,Total,9,Total,M,Killed,C,Driver,TOTAL,Total,9,Total,99,Total,2013,220
A,Annual,ITD3,Veneto,KILLINJ,Killed and injured,9,Total,9,Total,9,Total,M,Killed,C,Driver,TOTAL,Total,9,Total,99,Total,2014,244
A,Annual,ITD3,Veneto,KILLINJ,Killed and injured,9,Total,9,Total,9,Total,M,Killed,C,Driver,TOTAL,Total,9,Total,99,Total,2015,245
A,Annual,ITD3,Veneto,KILLINJ,Killed and injured,9,Total,9,Total,9,Total,M,Killed,C,Driver,TOTAL,Total,9,Total,99,Total,2016,265
A,Annual,ITD3,Veneto,KILLINJ,Killed and injured,9,Total,9,Total,9,Total,M,Killed,C,Driver,TOTAL,Total,9,Total,99,Total,2017,212
A,Annual,ITD3,Veneto,KILLINJ,Killed and injured,9,Total,9,Total,9,Total,M,Killed,C,Driver,TOTAL,Total,9,Total,99,Total,2018,236
A,Annual,ITD3,Veneto,KILLINJ,Killed and injured,9,Total,9,Total,9,Total,M,Killed,C,Driver,TOTAL,Total,9,Total,99,Total,2019,261
A,Annual,ITD3,Veneto,KILLINJ,Killed and injured,9,Total,9,Total,9,Total,M,Killed,C,Driver,TOTAL,Total,9,Total,99,Total,2020,177
A,Annual,ITD3,Veneto,KILLINJ,Killed and injured,9,Total,9,Total,9,Total,M,Killed,C,Driver,TOTAL,Total,9,Total,99,Total,2021,217
A,Annual,ITD3,Veneto,KILLINJ,Killed and injured,9,Total,9,Total,9,Total,M,Killed,C,Driver,TOTAL,Total,9,Total,99,Total,2022,236
A,Annual,ITD3,Veneto,KILLINJ,Killed and injured,9,Total,9,Total,9,Total,M,Killed,C,Driver,TOTAL,Total,9,Total,99,Total,2023,208
A,Annual,ITD3,Veneto,KILLINJ,Killed and injured,9,Total,9,Total,9,Total,M,Killed,C,Driver,TOTAL,Total,9,Total,99,Total,2024,210
A,Annual,ITD3,Veneto,KILLINJ,Killed and injured,9,Total,9,Total,9,Total,M,Killed,P,Passenger,TOTAL,Total,9,Total,99,Total,2010,49
A,Annual,ITD3,Veneto,KILLINJ,Killed and injured,9,Total,9,Total,9,Total,M,Killed,P,Passenger,TOTAL,Total,9,Total,99,Total,2011,33
A,Annual,ITD3,Veneto,KILLINJ,Killed and injured,9,Total,9,Total,9,Total,M,Killed,P,Passenger,TOTAL,Total,9,Total,99,Total,2012,64
A,Annual,ITD3,Veneto,KILLINJ,Killed and injured,9,Total,9,Total,9,Total,M,Killed,P,Passenger,TOTAL,Total,9,Total,99,Total,2013,36
A,Annual,ITD3,Veneto,KILLINJ,Killed and injured,9,Total,9,Total,9,Total,M,Killed,P,Passenger,TOTAL,Total,9,Total,99,Total,2014,38
A,Annual,ITD3,Veneto,KILLINJ,Killed and injured,9,Total,9,Total,9,Total,M,Killed,P,Passenger,TOTAL,Total,9,Total,99,Total,2015,30
A,Annual,ITD3,Veneto,KILLINJ,Killed and injured,9,Total,9,Total,9,Total,M,Killed,P,Passenger,TOTAL,Total,9,Total,99,Total,2016,36
A,Annual,ITD3,Veneto,KILLINJ,Killed and injured,9,Total,9,Total,9,Total,M,Killed,P,Passenger,TOTAL,Total,9,Total,99,Total,2017,49
A,Annual,ITD3,Veneto,KILLINJ,Killed and injured,9,Total,9,Total,9,Total,M,Killed,P,Passenger,TOTAL,Total,9,Total,99,Total,2018,35
A,Annual,ITD3,Veneto,KILLINJ,Killed and injured,9,Total,9,Total,9,Total,M,Killed,P,Passenger,TOTAL,Total,9,Total,99,Total,2019,37
A,Annual,ITD3,Veneto,KILLINJ,Killed and injured,9,Total,9,Total,9,Total,M,Killed,P,Passenger,TOTAL,Total,9,Total,99,Total,2020,25
A,Annual,ITD3,Veneto,KILLINJ,Killed and injured,9,Total,9,Total,9,Total,M,Killed,P,Passenger,TOTAL,Total,9,Total,99,Total,2021,25
A,Annual,ITD3,Veneto,KILLINJ,Killed and injured,9,Total,9,Total,9,Total,M,Killed,P,Passenger,TOTAL,Total,9,Total,99,Total,2022,46
A,Annual,ITD3,Veneto,KILLINJ,Killed and injured,9,Total,9,Total,9,Total,M,Killed,P,Passenger,TOTAL,Total,9,Total,99,Total,2023,62
A,Annual,ITD3,Veneto,KILLINJ,Killed and injured,9,Total,9,Total,9,Total,M,Killed,P,Passenger,TOTAL,Total,9,Total,99,Total,2024,29
A,Annual,ITD3,Veneto,KILLINJ,Killed and injured,9,Total,9,Total,9,Total,M,Killed,X,Pedestrian,TOTAL,Total,9,Total,99,Total,2010,46
A,Annual,ITD3,Veneto,KILLINJ,Killed and injured,9,Total,9,Total,9,Total,M,Killed,X,Pedestrian,TOTAL,Total,9,Total,99,Total,2011,54
A,Annual,ITD3,Veneto,KILLINJ,Killed and injured,9,Total,9,Total,9,Total,M,Killed,X,Pedestrian,TOTAL,Total,9,Total,99,Total,2012,42
A,Annual,ITD3,Veneto,KILLINJ,Killed and injured,9,Total,9,Total,9,Total,M,Killed,X,Pedestrian,TOTAL,Total,9,Total,99,Total,2013,43
A,Annual,ITD3,Veneto,KILLINJ,Killed and injured,9,Total,9,Total,9,Total,M,Killed,X,Pedestrian,TOTAL,Total,9,Total,99,Total,2014,43
A,Annual,ITD3,Veneto,KILLINJ,Killed and injured,9,Total,9,Total,9,Total,M,Killed,X,Pedestrian,TOTAL,Total,9,Total,99,Total,2015,40
A,Annual,ITD3,Veneto,KILLINJ,Killed and injured,9,Total,9,Total,9,Total,M,Killed,X,Pedestrian,TOTAL,Total,9,Total,99,Total,2016,43
A,Annual,ITD3,Veneto,KILLINJ,Killed and injured,9,Total,9,Total,9,Total,M,Killed,X,Pedestrian,TOTAL,Total,9,Total,99,Total,2017,40
A,Annual,ITD3,Veneto,KILLINJ,Killed and injured,9,Total,9,Total,9,Total,M,Killed,X,Pedestrian,TOTAL,Total,9,Total,99,Total,2018,40
A,Annual,ITD3,Veneto,KILLINJ,Killed and injured,9,Total,9,Total,9,Total,M,Killed,X,Pedestrian,TOTAL,Total,9,Total,99,Total,2019,38
A,Annual,ITD3,Veneto,KILLINJ,Killed and injured,9,Total,9,Total,9,Total,M,Killed,X,Pedestrian,TOTAL,Total,9,Total,99,Total,2020,27
A,Annual,ITD3,Veneto,KILLINJ,Killed and injured,9,Total,9,Total,9,Total,M,Killed,X,Pedestrian,TOTAL,Total,9,Total,99,Total,2021,43
A,Annual,ITD3,Veneto,KILLINJ,Killed and injured,9,Total,9,Total,9,Total,M,Killed,X,Pedestrian,TOTAL,Total,9,Total,99,Total,2022,39
A,Annual,ITD3,Veneto,KILLINJ,Killed and injured,9,Total,9,Total,9,Total,M,Killed,X,Pedestrian,TOTAL,Total,9,Total,99,Total,2023,39
A,Annual,ITD3,Veneto,KILLINJ,Killed and injured,9,Total,9,Total,9,Total,M,Killed,X,Pedestrian,TOTAL,Total,9,Total,99,Total,2024,30
A,Annual,ITD3,Veneto,KILLINJ,Killed and injured,9,Total,9,Total,9,Total,M,Killed,9,Total,TOTAL,Total,9,Total,99,Total,2010,396
A,Annual,ITD3,Veneto,KILLINJ,Killed and injured,9,Total,9,Total,9,Total,M,Killed,9,Total,TOTAL,Total,9,Total,99,Total,2011,369
A,Annual,ITD3,Veneto,KILLINJ,Killed and injured,9,Total,9,Total,9,Total,M,Killed,9,Total,TOTAL,Total,9,Total,99,Total,2012,376
A,Annual,ITD3,Veneto,KILLINJ,Killed and injured,9,Total,9,Total,9,Total,M,Killed,9,Total,TOTAL,Total,9,Total,99,Total,2013,299
A,Annual,ITD3,Veneto,KILLINJ,Killed and injured,9,Total,9,Total,9,Total,M,Killed,9,Total,TOTAL,Total,9,Total,99,Total,2014,325
A,Annual,ITD3,Veneto,KILLINJ,Killed and injured,9,Total,9,Total,9,Total,M,Killed,9,Total,TOTAL,Total,9,Total,99,Total,2015,315
A,Annual,ITD3,Veneto,KILLINJ,Killed and injured,9,Total,9,Total,9,Total,M,Killed,9,Total,TOTAL,Total,9,Total,99,Total,2016,344
A,Annual,ITD3,Veneto,KILLINJ,Killed and injured,9,Total,9,Total,9,Total,M,Killed,9,Total,TOTAL,Total,9,Total,99,Total,2017,301
A,Annual,ITD3,Veneto,KILLINJ,Killed and injured,9,Total,9,Total,9,Total,M,Killed,9,Total,TOTAL,Total,9,Total,99,Total,2018,311
A,Annual,ITD3,Veneto,KILLINJ,Killed and injured,9,Total,9,Total,9,Total,M,Killed,9,Total,TOTAL,Total,9,Total,99,Total,2019,336
A,Annual,ITD3,Veneto,KILLINJ,Killed and injured,9,Total,9,Total,9,Total,M,Killed,9,Total,TOTAL,Total,9,Total,99,Total,2020,229
A,Annual,ITD3,Veneto,KILLINJ,Killed and injured,9,Total,9,Total,9,Total,M,Killed,9,Total,TOTAL,Total,9,Total,99,Total,2021,285
A,Annual,ITD3,Veneto,KILLINJ,Killed and injured,9,Total,9,Total,9,Total,M,Killed,9,Total,TOTAL,Total,9,Total,99,Total,2022,321
A,Annual,ITD3,Veneto,KILLINJ,Killed and injured,9,Total,9,Total,9,Total,M,Killed,9,Total,TOTAL,Total,9,Total,99,Total,2023,309
A,Annual,ITD3,Veneto,KILLINJ,Killed and injured,9,Total,9,Total,9,Total,M,Killed,9,Total,TOTAL,Total,9,Total,99,Total,2024,269
A,Annual,ITD3,Veneto,KILLINJ,Killed and injured,9,Total,9,Total,9,Total,F,Injured,C,Driver,TOTAL,Total,9,Total,99,Total,2010,15868
A,Annual,ITD3,Veneto,KILLINJ,Killed and injured,9,Total,9,Total,9,Total,F,Injured,C,Driver,TOTAL,Total,9,Total,99,Total,2011,15808
A,Annual,ITD3,Veneto,KILLINJ,Killed and injured,9,Total,9,Total,9,Total,F,Injured,C,Driver,TOTAL,Total,9,Total,99,Total,2012,14531
A,Annual,ITD3,Veneto,KILLINJ,Killed and injured,9,Total,9,Total,9,Total,F,Injured,C,Driver,TOTAL,Total,9,Total,99,Total,2013,13792
A,Annual,ITD3,Veneto,KILLINJ,Killed and injured,9,Total,9,Total,9,Total,F,Injured,C,Driver,TOTAL,Total,9,Total,99,Total,2014,13921
A,Annual,ITD3,Veneto,KILLINJ,Killed and injured,9,Total,9,Total,9,Total,F,Injured,C,Driver,TOTAL,Total,9,Total,99,Total,2015,13964
A,Annual,ITD3,Veneto,KILLINJ,Killed and injured,9,Total,9,Total,9,Total,F,Injured,C,Driver,TOTAL,Total,9,Total,99,Total,2016,13962
A,Annual,ITD3,Veneto,KILLINJ,Killed and injured,9,Total,9,Total,9,Total,F,Injured,C,Driver,TOTAL,Total,9,Total,99,Total,2017,13866
A,Annual,ITD3,Veneto,KILLINJ,Killed and injured,9,Total,9,Total,9,Total,F,Injured,C,Driver,TOTAL,Total,9,Total,99,Total,2018,14135
A,Annual,ITD3,Veneto,KILLINJ,Killed and injured,9,Total,9,Total,9,Total,F,Injured,C,Driver,TOTAL,Total,9,Total,99,Total,2019,13800
A,Annual,ITD3,Veneto,KILLINJ,Killed and injured,9,Total,9,Total,9,Total,F,Injured,C,Driver,TOTAL,Total,9,Total,99,Total,2020,9787
A,Annual,ITD3,Veneto,KILLINJ,Killed and injured,9,Total,9,Total,9,Total,F,Injured,C,Driver,TOTAL,Total,9,Total,99,Total,2021,12481
A,Annual,ITD3,Veneto,KILLINJ,Killed and injured,9,Total,9,Total,9,Total,F,Injured,C,Driver,TOTAL,Total,9,Total,99,Total,2022,13024
A,Annual,ITD3,Veneto,KILLINJ,Killed and injured,9,Total,9,Total,9,Total,F,Injured,C,Driver,TOTAL,Total,9,Total,99,Total,2023,12609
A,Annual,ITD3,Veneto,KILLINJ,Killed and injured,9,Total,9,Total,9,Total,F,Injured,C,Driver,TOTAL,Total,9,Total,99,Total,2024,12740
A,Annual,ITD3,Veneto,KILLINJ,Killed and injured,9,Total,9,Total,9,Total,F,Injured,P,Passenger,TOTAL,Total,9,Total,99,Total,2010,4786
A,Annual,ITD3,Veneto,KILLINJ,Killed and injured,9,Total,9,Total,9,Total,F,Injured,P,Passenger,TOTAL,Total,9,Total,99,Total,2011,4506
A,Annual,ITD3,Veneto,KILLINJ,Killed and injured,9,Total,9,Total,9,Total,F,Injured,P,Passenger,TOTAL,Total,9,Total,99,Total,2012,4343
A,Annual,ITD3,Veneto,KILLINJ,Killed and injured,9,Total,9,Total,9,Total,F,Injured,P,Passenger,TOTAL,Total,9,Total,99,Total,2013,3956
A,Annual,ITD3,Veneto,KILLINJ,Killed and injured,9,Total,9,Total,9,Total,F,Injured,P,Passenger,TOTAL,Total,9,Total,99,Total,2014,4274
A,Annual,ITD3,Veneto,KILLINJ,Killed and injured,9,Total,9,Total,9,Total,F,Injured,P,Passenger,TOTAL,Total,9,Total,99,Total,2015,3981
A,Annual,ITD3,Veneto,KILLINJ,Killed and injured,9,Total,9,Total,9,Total,F,Injured,P,Passenger,TOTAL,Total,9,Total,99,Total,2016,3953
A,Annual,ITD3,Veneto,KILLINJ,Killed and injured,9,Total,9,Total,9,Total,F,Injured,P,Passenger,TOTAL,Total,9,Total,99,Total,2017,3932
A,Annual,ITD3,Veneto,KILLINJ,Killed and injured,9,Total,9,Total,9,Total,F,Injured,P,Passenger,TOTAL,Total,9,Total,99,Total,2018,3956
A,Annual,ITD3,Veneto,KILLINJ,Killed and injured,9,Total,9,Total,9,Total,F,Injured,P,Passenger,TOTAL,Total,9,Total,99,Total,2019,3724
A,Annual,ITD3,Veneto,KILLINJ,Killed and injured,9,Total,9,Total,9,Total,F,Injured,P,Passenger,TOTAL,Total,9,Total,99,Total,2020,2318
A,Annual,ITD3,Veneto,KILLINJ,Killed and injured,9,Total,9,Total,9,Total,F,Injured,P,Passenger,TOTAL,Total,9,Total,99,Total,2021,3058
A,Annual,ITD3,Veneto,KILLINJ,Killed and injured,9,Total,9,Total,9,Total,F,Injured,P,Passenger,TOTAL,Total,9,Total,99,Total,2022,3078
A,Annual,ITD3,Veneto,KILLINJ,Killed and injured,9,Total,9,Total,9,Total,F,Injured,P,Passenger,TOTAL,Total,9,Total,99,Total,2023,3212
A,Annual,ITD3,Veneto,KILLINJ,Killed and injured,9,Total,9,Total,9,Total,F,Injured,P,Passenger,TOTAL,Total,9,Total,99,Total,2024,3301
A,Annual,ITD3,Veneto,KILLINJ,Killed and injured,9,Total,9,Total,9,Total,F,Injured,X,Pedestrian,TOTAL,Total,9,Total,99,Total,2010,1206
A,Annual,ITD3,Veneto,KILLINJ,Killed and injured,9,Total,9,Total,9,Total,F,Injured,X,Pedestrian,TOTAL,Total,9,Total,99,Total,2011,1203
A,Annual,ITD3,Veneto,KILLINJ,Killed and injured,9,Total,9,Total,9,Total,F,Injured,X,Pedestrian,TOTAL,Total,9,Total,99,Total,2012,1120
A,Annual,ITD3,Veneto,KILLINJ,Killed and injured,9,Total,9,Total,9,Total,F,Injured,X,Pedestrian,TOTAL,Total,9,Total,99,Total,2013,1233
A,Annual,ITD3,Veneto,KILLINJ,Killed and injured,9,Total,9,Total,9,Total,F,Injured,X,Pedestrian,TOTAL,Total,9,Total,99,Total,2014,1317
A,Annual,ITD3,Veneto,KILLINJ,Killed and injured,9,Total,9,Total,9,Total,F,Injured,X,Pedestrian,TOTAL,Total,9,Total,99,Total,2015,1211
A,Annual,ITD3,Veneto,KILLINJ,Killed and injured,9,Total,9,Total,9,Total,F,Injured,X,Pedestrian,TOTAL,Total,9,Total,99,Total,2016,1227
A,Annual,ITD3,Veneto,KILLINJ,Killed and injured,9,Total,9,Total,9,Total,F,Injured,X,Pedestrian,TOTAL,Total,9,Total,99,Total,2017,1186
A,Annual,ITD3,Veneto,KILLINJ,Killed and injured,9,Total,9,Total,9,Total,F,Injured,X,Pedestrian,TOTAL,Total,9,Total,99,Total,2018,1223
A,Annual,ITD3,Veneto,KILLINJ,Killed and injured,9,Total,9,Total,9,Total,F,Injured,X,Pedestrian,TOTAL,Total,9,Total,99,Total,2019,1298
A,Annual,ITD3,Veneto,KILLINJ,Killed and injured,9,Total,9,Total,9,Total,F,Injured,X,Pedestrian,TOTAL,Total,9,Total,99,Total,2020,814
A,Annual,ITD3,Veneto,KILLINJ,Killed and injured,9,Total,9,Total,9,Total,F,Injured,X,Pedestrian,TOTAL,Total,9,Total,99,Total,2021,973
A,Annual,ITD3,Veneto,KILLINJ,Killed and injured,9,Total,9,Total,9,Total,F,Injured,X,Pedestrian,TOTAL,Total,9,Total,99,Total,2022,1184
A,Annual,ITD3,Veneto,KILLINJ,Killed and injured,9,Total,9,Total,9,Total,F,Injured,X,Pedestrian,TOTAL,Total,9,Total,99,Total,2023,1173
A,Annual,ITD3,Veneto,KILLINJ,Killed and injured,9,Total,9,Total,9,Total,F,Injured,X,Pedestrian,TOTAL,Total,9,Total,99,Total,2024,1180
A,Annual,ITD3,Veneto,KILLINJ,Killed and injured,9,Total,9,Total,9,Total,F,Injured,9,Total,TOTAL,Total,9,Total,99,Total,2010,21860
A,Annual,ITD3,Veneto,KILLINJ,Killed and injured,9,Total,9,Total,9,Total,F,Injured,9,Total,TOTAL,Total,9,Total,99,Total,2011,21517
A,Annual,ITD3,Veneto,KILLINJ,Killed and injured,9,Total,9,Total,9,Total,F,Injured,9,Total,TOTAL,Total,9,Total,99,Total,2012,19994
A,Annual,ITD3,Veneto,KILLINJ,Killed and injured,9,Total,9,Total,9,Total,F,Injured,9,Total,TOTAL,Total,9,Total,99,Total,2013,18981
A,Annual,ITD3,Veneto,KILLINJ,Killed and injured,9,Total,9,Total,9,Total,F,Injured,9,Total,TOTAL,Total,9,Total,99,Total,2014,19512
A,Annual,ITD3,Veneto,KILLINJ,Killed and injured,9,Total,9,Total,9,Total,F,Injured,9,Total,TOTAL,Total,9,Total,99,Total,2015,19156
A,Annual,ITD3,Veneto,KILLINJ,Killed and injured,9,Total,9,Total,9,Total,F,Injured,9,Total,TOTAL,Total,9,Total,99,Total,2016,19142
A,Annual,ITD3,Veneto,KILLINJ,Killed and injured,9,Total,9,Total,9,Total,F,Injured,9,Total,TOTAL,Total,9,Total,99,Total,2017,18984
A,Annual,ITD3,Veneto,KILLINJ,Killed and injured,9,Total,9,Total,9,Total,F,Injured,9,Total,TOTAL,Total,9,Total,99,Total,2018,19314
A,Annual,ITD3,Veneto,KILLINJ,Killed and injured,9,Total,9,Total,9,Total,F,Injured,9,Total,TOTAL,Total,9,Total,99,Total,2019,18822
A,Annual,ITD3,Veneto,KILLINJ,Killed and injured,9,Total,9,Total,9,Total,F,Injured,9,Total,TOTAL,Total,9,Total,99,Total,2020,12919
A,Annual,ITD3,Veneto,KILLINJ,Killed and injured,9,Total,9,Total,9,Total,F,Injured,9,Total,TOTAL,Total,9,Total,99,Total,2021,16512
A,Annual,ITD3,Veneto,KILLINJ,Killed and injured,9,Total,9,Total,9,Total,F,Injured,9,Total,TOTAL,Total,9,Total,99,Total,2022,17286
A,Annual,ITD3,Veneto,KILLINJ,Killed and injured,9,Total,9,Total,9,Total,F,Injured,9,Total,TOTAL,Total,9,Total,99,Total,2023,16994
A,Annual,ITD3,Veneto,KILLINJ,Killed and injured,9,Total,9,Total,9,Total,F,Injured,9,Total,TOTAL,Total,9,Total,99,Total,2024,17221
A,Annual,ITD3,Veneto,KILLINJ,Killed and injured,9,Total,9,Total,9,Total,9,Total,C,Driver,TOTAL,Total,9,Total,99,Total,2010,16169
A,Annual,ITD3,Veneto,KILLINJ,Killed and injured,9,Total,9,Total,9,Total,9,Total,C,Driver,TOTAL,Total,9,Total,99,Total,2011,16090
A,Annual,ITD3,Veneto,KILLINJ,Killed and injured,9,Total,9,Total,9,Total,9,Total,C,Driver,TOTAL,Total,9,Total,99,Total,2012,14801
A,Annual,ITD3,Veneto,KILLINJ,Killed and injured,9,Total,9,Total,9,Total,9,Total,C,Driver,TOTAL,Total,9,Total,99,Total,2013,14012
A,Annual,ITD3,Veneto,KILLINJ,Killed and injured,9,Total,9,Total,9,Total,9,Total,C,Driver,TOTAL,Total,9,Total,99,Total,2014,14165
A,Annual,ITD3,Veneto,KILLINJ,Killed and injured,9,Total,9,Total,9,Total,9,Total,C,Driver,TOTAL,Total,9,Total,99,Total,2015,14209
A,Annual,ITD3,Veneto,KILLINJ,Killed and injured,9,Total,9,Total,9,Total,9,Total,C,Driver,TOTAL,Total,9,Total,99,Total,2016,14227
A,Annual,ITD3,Veneto,KILLINJ,Killed and injured,9,Total,9,Total,9,Total,9,Total,C,Driver,TOTAL,Total,9,Total,99,Total,2017,14078
A,Annual,ITD3,Veneto,KILLINJ,Killed and injured,9,Total,9,Total,9,Total,9,Total,C,Driver,TOTAL,Total,9,Total,99,Total,2018,14371
A,Annual,ITD3,Veneto,KILLINJ,Killed and injured,9,Total,9,Total,9,Total,9,Total,C,Driver,TOTAL,Total,9,Total,99,Total,2019,14061
A,Annual,ITD3,Veneto,KILLINJ,Killed and injured,9,Total,9,Total,9,Total,9,Total,C,Driver,TOTAL,Total,9,Total,99,Total,2020,9964
A,Annual,ITD3,Veneto,KILLINJ,Killed and injured,9,Total,9,Total,9,Total,9,Total,C,Driver,TOTAL,Total,9,Total,99,Total,2021,12698
A,Annual,ITD3,Veneto,KILLINJ,Killed and injured,9,Total,9,Total,9,Total,9,Total,C,Driver,TOTAL,Total,9,Total,99,Total,2022,13260
A,Annual,ITD3,Veneto,KILLINJ,Killed and injured,9,Total,9,Total,9,Total,9,Total,C,Driver,TOTAL,Total,9,Total,99,Total,2023,12817
A,Annual,ITD3,Veneto,KILLINJ,Killed and injured,9,Total,9,Total,9,Total,9,Total,C,Driver,TOTAL,Total,9,Total,99,Total,2024,12950
A,Annual,ITD3,Veneto,KILLINJ,Killed and injured,9,Total,9,Total,9,Total,9,Total,P,Passenger,TOTAL,Total,9,Total,99,Total,2010,4835
A,Annual,ITD3,Veneto,KILLINJ,Killed and injured,9,Total,9,Total,9,Total,9,Total,P,Passenger,TOTAL,Total,9,Total,99,Total,2011,4539
A,Annual,ITD3,Veneto,KILLINJ,Killed and injured,9,Total,9,Total,9,Total,9,Total,P,Passenger,TOTAL,Total,9,Total,99,Total,2012,4407
A,Annual,ITD3,Veneto,KILLINJ,Killed and injured,9,Total,9,Total,9,Total,9,Total,P,Passenger,TOTAL,Total,9,Total,99,Total,2013,3992
A,Annual,ITD3,Veneto,KILLINJ,Killed and injured,9,Total,9,Total,9,Total,9,Total,P,Passenger,TOTAL,Total,9,Total,99,Total,2014,4312
A,Annual,ITD3,Veneto,KILLINJ,Killed and injured,9,Total,9,Total,9,Total,9,Total,P,Passenger,TOTAL,Total,9,Total,99,Total,2015,4011
A,Annual,ITD3,Veneto,KILLINJ,Killed and injured,9,Total,9,Total,9,Total,9,Total,P,Passenger,TOTAL,Total,9,Total,99,Total,2016,3989
A,Annual,ITD3,Veneto,KILLINJ,Killed and injured,9,Total,9,Total,9,Total,9,Total,P,Passenger,TOTAL,Total,9,Total,99,Total,2017,3981
A,Annual,ITD3,Veneto,KILLINJ,Killed and injured,9,Total,9,Total,9,Total,9,Total,P,Passenger,TOTAL,Total,9,Total,99,Total,2018,3991
A,Annual,ITD3,Veneto,KILLINJ,Killed and injured,9,Total,9,Total,9,Total,9,Total,P,Passenger,TOTAL,Total,9,Total,99,Total,2019,3761
A,Annual,ITD3,Veneto,KILLINJ,Killed and injured,9,Total,9,Total,9,Total,9,Total,P,Passenger,TOTAL,Total,9,Total,99,Total,2020,2343
A,Annual,ITD3,Veneto,KILLINJ,Killed and injured,9,Total,9,Total,9,Total,9,Total,P,Passenger,TOTAL,Total,9,Total,99,Total,2021,3083
A,Annual,ITD3,Veneto,KILLINJ,Killed and injured,9,Total,9,Total,9,Total,9,Total,P,Passenger,TOTAL,Total,9,Total,99,Total,2022,3124
A,Annual,ITD3,Veneto,KILLINJ,Killed and injured,9,Total,9,Total,9,Total,9,Total,P,Passenger,TOTAL,Total,9,Total,99,Total,2023,3274
A,Annual,ITD3,Veneto,KILLINJ,Killed and injured,9,Total,9,Total,9,Total,9,Total,P,Passenger,TOTAL,Total,9,Total,99,Total,2024,3330
A,Annual,ITD3,Veneto,KILLINJ,Killed and injured,9,Total,9,Total,9,Total,9,Total,X,Pedestrian,TOTAL,Total,9,Total,99,Total,2010,1252
A,Annual,ITD3,Veneto,KILLINJ,Killed and injured,9,Total,9,Total,9,Total,9,Total,X,Pedestrian,TOTAL,Total,9,Total,99,Total,2011,1257
A,Annual,ITD3,Veneto,KILLINJ,Killed and injured,9,Total,9,Total,9,Total,9,Total,X,Pedestrian,TOTAL,Total,9,Total,99,Total,2012,1162
A,Annual,ITD3,Veneto,KILLINJ,Killed and injured,9,Total,9,Total,9,Total,9,Total,X,Pedestrian,TOTAL,Total,9,Total,99,Total,2013,1276
A,Annual,ITD3,Veneto,KILLINJ,Killed and injured,9,Total,9,Total,9,Total,9,Total,X,Pedestrian,TOTAL,Total,9,Total,99,Total,2014,1360
A,Annual,ITD3,Veneto,KILLINJ,Killed and injured,9,Total,9,Total,9,Total,9,Total,X,Pedestrian,TOTAL,Total,9,Total,99,Total,2015,1251
A,Annual,ITD3,Veneto,KILLINJ,Killed and injured,9,Total,9,Total,9,Total,9,Total,X,Pedestrian,TOTAL,Total,9,Total,99,Total,2016,1270
A,Annual,ITD3,Veneto,KILLINJ,Killed and injured,9,Total,9,Total,9,Total,9,Total,X,Pedestrian,TOTAL,Total,9,Total,99,Total,2017,1226
A,Annual,ITD3,Veneto,KILLINJ,Killed and injured,9,Total,9,Total,9,Total,9,Total,X,Pedestrian,TOTAL,Total,9,Total,99,Total,2018,1263
A,Annual,ITD3,Veneto,KILLINJ,Killed and injured,9,Total,9,Total,9,Total,9,Total,X,Pedestrian,TOTAL,Total,9,Total,99,Total,2019,1336
A,Annual,ITD3,Veneto,KILLINJ,Killed and injured,9,Total,9,Total,9,Total,9,Total,X,Pedestrian,TOTAL,Total,9,Total,99,Total,2020,841
A,Annual,ITD3,Veneto,KILLINJ,Killed and injured,9,Total,9,Total,9,Total,9,Total,X,Pedestrian,TOTAL,Total,9,Total,99,Total,2021,1016
A,Annual,ITD3,Veneto,KILLINJ,Killed and injured,9,Total,9,Total,9,Total,9,Total,X,Pedestrian,TOTAL,Total,9,Total,99,Total,2022,1223
A,Annual,ITD3,Veneto,KILLINJ,Killed and injured,9,Total,9,Total,9,Total,9,Total,X,Pedestrian,TOTAL,Total,9,Total,99,Total,2023,1212
A,Annual,ITD3,Veneto,KILLINJ,Killed and injured,9,Total,9,Total,9,Total,9,Total,X,Pedestrian,TOTAL,Total,9,Total,99,Total,2024,1210
A,Annual,ITD3,Veneto,KILLINJ,Killed and injured,9,Total,9,Total,9,Total,9,Total,9,Total,TOTAL,Total,9,Total,99,Total,2010,22256
A,Annual,ITD3,Veneto,KILLINJ,Killed and injured,9,Total,9,Total,9,Total,9,Total,9,Total,TOTAL,Total,9,Total,99,Total,2011,21886
A,Annual,ITD3,Veneto,KILLINJ,Killed and injured,9,Total,9,Total,9,Total,9,Total,9,Total,TOTAL,Total,9,Total,99,Total,2012,20370
A,Annual,ITD3,Veneto,KILLINJ,Killed and injured,9,Total,9,Total,9,Total,9,Total,9,Total,TOTAL,Total,9,Total,99,Total,2013,19280
A,Annual,ITD3,Veneto,KILLINJ,Killed and injured,9,Total,9,Total,9,Total,9,Total,9,Total,TOTAL,Total,9,Total,99,Total,2014,19837
A,Annual,ITD3,Veneto,KILLINJ,Killed and injured,9,Total,9,Total,9,Total,9,Total,9,Total,TOTAL,Total,9,Total,99,Total,2015,19471
A,Annual,ITD3,Veneto,KILLINJ,Killed and injured,9,Total,9,Total,9,Total,9,Total,9,Total,TOTAL,Total,9,Total,99,Total,2016,19486
A,Annual,ITD3,Veneto,KILLINJ,Killed and injured,9,Total,9,Total,9,Total,9,Total,9,Total,TOTAL,Total,9,Total,99,Total,2017,19285
A,Annual,ITD3,Veneto,KILLINJ,Killed and injured,9,Total,9,Total,9,Total,9,Total,9,Total,TOTAL,Total,9,Total,99,Total,2018,19625
A,Annual,ITD3,Veneto,KILLINJ,Killed and injured,9,Total,9,Total,9,Total,9,Total,9,Total,TOTAL,Total,9,Total,99,Total,2019,19158
A,Annual,ITD3,Veneto,KILLINJ,Killed and injured,9,Total,9,Total,9,Total,9,Total,9,Total,TOTAL,Total,9,Total,99,Total,2020,13148
A,Annual,ITD3,Veneto,KILLINJ,Killed and injured,9,Total,9,Total,9,Total,9,Total,9,Total,TOTAL,Total,9,Total,99,Total,2021,16797
A,Annual,ITD3,Veneto,KILLINJ,Killed and injured,9,Total,9,Total,9,Total,9,Total,9,Total,TOTAL,Total,9,Total,99,Total,2022,17607
A,Annual,ITD3,Veneto,KILLINJ,Killed and injured,9,Total,9,Total,9,Total,9,Total,9,Total,TOTAL,Total,9,Total,99,Total,2023,17303
A,Annual,ITD3,Veneto,KILLINJ,Killed and injured,9,Total,9,Total,9,Total,9,Total,9,Total,TOTAL,Total,9,Total,99,Total,2024,17490
A,Annual,ITD4,Friuli-Venezia Giulia,KILLINJ,Killed and injured,9,Total,9,Total,9,Total,M,Killed,C,Driver,TOTAL,Total,9,Total,99,Total,2010,74
A,Annual,ITD4,Friuli-Venezia Giulia,KILLINJ,Killed and injured,9,Total,9,Total,9,Total,M,Killed,C,Driver,TOTAL,Total,9,Total,99,Total,2011,66
A,Annual,ITD4,Friuli-Venezia Giulia,KILLINJ,Killed and injured,9,Total,9,Total,9,Total,M,Killed,C,Driver,TOTAL,Total,9,Total,99,Total,2012,65
A,Annual,ITD4,Friuli-Venezia Giulia,KILLINJ,Killed and injured,9,Total,9,Total,9,Total,M,Killed,C,Driver,TOTAL,Total,9,Total,99,Total,2013,53
A,Annual,ITD4,Friuli-Venezia Giulia,KILLINJ,Killed and injured,9,Total,9,Total,9,Total,M,Killed,C,Driver,TOTAL,Total,9,Total,99,Total,2014,76
A,Annual,ITD4,Friuli-Venezia Giulia,KILLINJ,Killed and injured,9,Total,9,Total,9,Total,M,Killed,C,Driver,TOTAL,Total,9,Total,99,Total,2015,52
A,Annual,ITD4,Friuli-Venezia Giulia,KILLINJ,Killed and injured,9,Total,9,Total,9,Total,M,Killed,C,Driver,TOTAL,Total,9,Total,99,Total,2016,47
A,Annual,ITD4,Friuli-Venezia Giulia,KILLINJ,Killed and injured,9,Total,9,Total,9,Total,M,Killed,C,Driver,TOTAL,Total,9,Total,99,Total,2017,55
A,Annual,ITD4,Friuli-Venezia Giulia,KILLINJ,Killed and injured,9,Total,9,Total,9,Total,M,Killed,C,Driver,TOTAL,Total,9,Total,99,Total,2018,60
A,Annual,ITD4,Friuli-Venezia Giulia,KILLINJ,Killed and injured,9,Total,9,Total,9,Total,M,Killed,C,Driver,TOTAL,Total,9,Total,99,Total,2019,52
A,Annual,ITD4,Friuli-Venezia Giulia,KILLINJ,Killed and injured,9,Total,9,Total,9,Total,M,Killed,C,Driver,TOTAL,Total,9,Total,99,Total,2020,36
A,Annual,ITD4,Friuli-Venezia Giulia,KILLINJ,Killed and injured,9,Total,9,Total,9,Total,M,Killed,C,Driver,TOTAL,Total,9,Total,99,Total,2021,65
A,Annual,ITD4,Friuli-Venezia Giulia,KILLINJ,Killed and injured,9,Total,9,Total,9,Total,M,Killed,C,Driver,TOTAL,Total,9,Total,99,Total,2022,60
A,Annual,ITD4,Friuli-Venezia Giulia,KILLINJ,Killed and injured,9,Total,9,Total,9,Total,M,Killed,C,Driver,TOTAL,Total,9,Total,99,Total,2023,47
A,Annual,ITD4,Friuli-Venezia Giulia,KILLINJ,Killed and injured,9,Total,9,Total,9,Total,M,Killed,C,Driver,TOTAL,Total,9,Total,99,Total,2024,63
A,Annual,ITD4,Friuli-Venezia Giulia,KILLINJ,Killed and injured,9,Total,9,Total,9,Total,M,Killed,P,Passenger,TOTAL,Total,9,Total,99,Total,2010,18
A,Annual,ITD4,Friuli-Venezia Giulia,KILLINJ,Killed and injured,9,Total,9,Total,9,Total,M,Killed,P,Passenger,TOTAL,Total,9,Total,99,Total,2011,7
A,Annual,ITD4,Friuli-Venezia Giulia,KILLINJ,Killed and injured,9,Total,9,Total,9,Total,M,Killed,P,Passenger,TOTAL,Total,9,Total,99,Total,2012,11
A,Annual,ITD4,Friuli-Venezia Giulia,KILLINJ,Killed and injured,9,Total,9,Total,9,Total,M,Killed,P,Passenger,TOTAL,Total,9,Total,99,Total,2013,10
A,Annual,ITD4,Friuli-Venezia Giulia,KILLINJ,Killed and injured,9,Total,9,Total,9,Total,M,Killed,P,Passenger,TOTAL,Total,9,Total,99,Total,2014,10
A,Annual,ITD4,Friuli-Venezia Giulia,KILLINJ,Killed and injured,9,Total,9,Total,9,Total,M,Killed,P,Passenger,TOTAL,Total,9,Total,99,Total,2015,8
A,Annual,ITD4,Friuli-Venezia Giulia,KILLINJ,Killed and injured,9,Total,9,Total,9,Total,M,Killed,P,Passenger,TOTAL,Total,9,Total,99,Total,2016,8
A,Annual,ITD4,Friuli-Venezia Giulia,KILLINJ,Killed and injured,9,Total,9,Total,9,Total,M,Killed,P,Passenger,TOTAL,Total,9,Total,99,Total,2017,7
A,Annual,ITD4,Friuli-Venezia Giulia,KILLINJ,Killed and injured,9,Total,9,Total,9,Total,M,Killed,P,Passenger,TOTAL,Total,9,Total,99,Total,2018,8
A,Annual,ITD4,Friuli-Venezia Giulia,KILLINJ,Killed and injured,9,Total,9,Total,9,Total,M,Killed,P,Passenger,TOTAL,Total,9,Total,99,Total,2019,10
A,Annual,ITD4,Friuli-Venezia Giulia,KILLINJ,Killed and injured,9,Total,9,Total,9,Total,M,Killed,P,Passenger,TOTAL,Total,9,Total,99,Total,2020,3
A,Annual,ITD4,Friuli-Venezia Giulia,KILLINJ,Killed and injured,9,Total,9,Total,9,Total,M,Killed,P,Passenger,TOTAL,Total,9,Total,99,Total,2021,7
A,Annual,ITD4,Friuli-Venezia Giulia,KILLINJ,Killed and injured,9,Total,9,Total,9,Total,M,Killed,P,Passenger,TOTAL,Total,9,Total,99,Total,2022,8
A,Annual,ITD4,Friuli-Venezia Giulia,KILLINJ,Killed and injured,9,Total,9,Total,9,Total,M,Killed,P,Passenger,TOTAL,Total,9,Total,99,Total,2023,1
A,Annual,ITD4,Friuli-Venezia Giulia,KILLINJ,Killed and injured,9,Total,9,Total,9,Total,M,Killed,P,Passenger,TOTAL,Total,9,Total,99,Total,2024,6
A,Annual,ITD4,Friuli-Venezia Giulia,KILLINJ,Killed and injured,9,Total,9,Total,9,Total,M,Killed,X,Pedestrian,TOTAL,Total,9,Total,99,Total,2010,11
A,Annual,ITD4,Friuli-Venezia Giulia,KILLINJ,Killed and injured,9,Total,9,Total,9,Total,M,Killed,X,Pedestrian,TOTAL,Total,9,Total,99,Total,2011,11
A,Annual,ITD4,Friuli-Venezia Giulia,KILLINJ,Killed and injured,9,Total,9,Total,9,Total,M,Killed,X,Pedestrian,TOTAL,Total,9,Total,99,Total,2012,9
A,Annual,ITD4,Friuli-Venezia Giulia,KILLINJ,Killed and injured,9,Total,9,Total,9,Total,M,Killed,X,Pedestrian,TOTAL,Total,9,Total,99,Total,2013,20
A,Annual,ITD4,Friuli-Venezia Giulia,KILLINJ,Killed and injured,9,Total,9,Total,9,Total,M,Killed,X,Pedestrian,TOTAL,Total,9,Total,99,Total,2014,14
A,Annual,ITD4,Friuli-Venezia Giulia,KILLINJ,Killed and injured,9,Total,9,Total,9,Total,M,Killed,X,Pedestrian,TOTAL,Total,9,Total,99,Total,2015,10
A,Annual,ITD4,Friuli-Venezia Giulia,KILLINJ,Killed and injured,9,Total,9,Total,9,Total,M,Killed,X,Pedestrian,TOTAL,Total,9,Total,99,Total,2016,12
A,Annual,ITD4,Friuli-Venezia Giulia,KILLINJ,Killed and injured,9,Total,9,Total,9,Total,M,Killed,X,Pedestrian,TOTAL,Total,9,Total,99,Total,2017,7
A,Annual,ITD4,Friuli-Venezia Giulia,KILLINJ,Killed and injured,9,Total,9,Total,9,Total,M,Killed,X,Pedestrian,TOTAL,Total,9,Total,99,Total,2018,9
A,Annual,ITD4,Friuli-Venezia Giulia,KILLINJ,Killed and injured,9,Total,9,Total,9,Total,M,Killed,X,Pedestrian,TOTAL,Total,9,Total,99,Total,2019,10
A,Annual,ITD4,Friuli-Venezia Giulia,KILLINJ,Killed and injured,9,Total,9,Total,9,Total,M,Killed,X,Pedestrian,TOTAL,Total,9,Total,99,Total,2020,8
A,Annual,ITD4,Friuli-Venezia Giulia,KILLINJ,Killed and injured,9,Total,9,Total,9,Total,M,Killed,X,Pedestrian,TOTAL,Total,9,Total,99,Total,2021,10
A,Annual,ITD4,Friuli-Venezia Giulia,KILLINJ,Killed and injured,9,Total,9,Total,9,Total,M,Killed,X,Pedestrian,TOTAL,Total,9,Total,99,Total,2022,6
A,Annual,ITD4,Friuli-Venezia Giulia,KILLINJ,Killed and injured,9,Total,9,Total,9,Total,M,Killed,X,Pedestrian,TOTAL,Total,9,Total,99,Total,2023,8
A,Annual,ITD4,Friuli-Venezia Giulia,KILLINJ,Killed and injured,9,Total,9,Total,9,Total,M,Killed,X,Pedestrian,TOTAL,Total,9,Total,99,Total,2024,4
A,Annual,ITD4,Friuli-Venezia Giulia,KILLINJ,Killed and injured,9,Total,9,Total,9,Total,M,Killed,9,Total,TOTAL,Total,9,Total,99,Total,2010,103
A,Annual,ITD4,Friuli-Venezia Giulia,KILLINJ,Killed and injured,9,Total,9,Total,9,Total,M,Killed,9,Total,TOTAL,Total,9,Total,99,Total,2011,84
A,Annual,ITD4,Friuli-Venezia Giulia,KILLINJ,Killed and injured,9,Total,9,Total,9,Total,M,Killed,9,Total,TOTAL,Total,9,Total,99,Total,2012,85
A,Annual,ITD4,Friuli-Venezia Giulia,KILLINJ,Killed and injured,9,Total,9,Total,9,Total,M,Killed,9,Total,TOTAL,Total,9,Total,99,Total,2013,83
A,Annual,ITD4,Friuli-Venezia Giulia,KILLINJ,Killed and injured,9,Total,9,Total,9,Total,M,Killed,9,Total,TOTAL,Total,9,Total,99,Total,2014,100
A,Annual,ITD4,Friuli-Venezia Giulia,KILLINJ,Killed and injured,9,Total,9,Total,9,Total,M,Killed,9,Total,TOTAL,Total,9,Total,99,Total,2015,70
A,Annual,ITD4,Friuli-Venezia Giulia,KILLINJ,Killed and injured,9,Total,9,Total,9,Total,M,Killed,9,Total,TOTAL,Total,9,Total,99,Total,2016,67
A,Annual,ITD4,Friuli-Venezia Giulia,KILLINJ,Killed and injured,9,Total,9,Total,9,Total,M,Killed,9,Total,TOTAL,Total,9,Total,99,Total,2017,69
A,Annual,ITD4,Friuli-Venezia Giulia,KILLINJ,Killed and injured,9,Total,9,Total,9,Total,M,Killed,9,Total,TOTAL,Total,9,Total,99,Total,2018,77
A,Annual,ITD4,Friuli-Venezia Giulia,KILLINJ,Killed and injured,9,Total,9,Total,9,Total,M,Killed,9,Total,TOTAL,Total,9,Total,99,Total,2019,72
A,Annual,ITD4,Friuli-Venezia Giulia,KILLINJ,Killed and injured,9,Total,9,Total,9,Total,M,Killed,9,Total,TOTAL,Total,9,Total,99,Total,2020,47
A,Annual,ITD4,Friuli-Venezia Giulia,KILLINJ,Killed and injured,9,Total,9,Total,9,Total,M,Killed,9,Total,TOTAL,Total,9,Total,99,Total,2021,82
A,Annual,ITD4,Friuli-Venezia Giulia,KILLINJ,Killed and injured,9,Total,9,Total,9,Total,M,Killed,9,Total,TOTAL,Total,9,Total,99,Total,2022,74
A,Annual,ITD4,Friuli-Venezia Giulia,KILLINJ,Killed and injured,9,Total,9,Total,9,Total,M,Killed,9,Total,TOTAL,Total,9,Total,99,Total,2023,56
A,Annual,ITD4,Friuli-Venezia Giulia,KILLINJ,Killed and injured,9,Total,9,Total,9,Total,M,Killed,9,Total,TOTAL,Total,9,Total,99,Total,2024,73
A,Annual,ITD4,Friuli-Venezia Giulia,KILLINJ,Killed and injured,9,Total,9,Total,9,Total,F,Injured,C,Driver,TOTAL,Total,9,Total,99,Total,2010,3695
A,Annual,ITD4,Friuli-Venezia Giulia,KILLINJ,Killed and injured,9,Total,9,Total,9,Total,F,Injured,C,Driver,TOTAL,Total,9,Total,99,Total,2011,3348
A,Annual,ITD4,Friuli-Venezia Giulia,KILLINJ,Killed and injured,9,Total,9,Total,9,Total,F,Injured,C,Driver,TOTAL,Total,9,Total,99,Total,2012,3297
A,Annual,ITD4,Friuli-Venezia Giulia,KILLINJ,Killed and injured,9,Total,9,Total,9,Total,F,Injured,C,Driver,TOTAL,Total,9,Total,99,Total,2013,3108
A,Annual,ITD4,Friuli-Venezia Giulia,KILLINJ,Killed and injured,9,Total,9,Total,9,Total,F,Injured,C,Driver,TOTAL,Total,9,Total,99,Total,2014,3063
A,Annual,ITD4,Friuli-Venezia Giulia,KILLINJ,Killed and injured,9,Total,9,Total,9,Total,F,Injured,C,Driver,TOTAL,Total,9,Total,99,Total,2015,3326
A,Annual,ITD4,Friuli-Venezia Giulia,KILLINJ,Killed and injured,9,Total,9,Total,9,Total,F,Injured,C,Driver,TOTAL,Total,9,Total,99,Total,2016,3264
A,Annual,ITD4,Friuli-Venezia Giulia,KILLINJ,Killed and injured,9,Total,9,Total,9,Total,F,Injured,C,Driver,TOTAL,Total,9,Total,99,Total,2017,3286
A,Annual,ITD4,Friuli-Venezia Giulia,KILLINJ,Killed and injured,9,Total,9,Total,9,Total,F,Injured,C,Driver,TOTAL,Total,9,Total,99,Total,2018,3212
A,Annual,ITD4,Friuli-Venezia Giulia,KILLINJ,Killed and injured,9,Total,9,Total,9,Total,F,Injured,C,Driver,TOTAL,Total,9,Total,99,Total,2019,3088
A,Annual,ITD4,Friuli-Venezia Giulia,KILLINJ,Killed and injured,9,Total,9,Total,9,Total,F,Injured,C,Driver,TOTAL,Total,9,Total,99,Total,2020,2233
A,Annual,ITD4,Friuli-Venezia Giulia,KILLINJ,Killed and injured,9,Total,9,Total,9,Total,F,Injured,C,Driver,TOTAL,Total,9,Total,99,Total,2021,2763
A,Annual,ITD4,Friuli-Venezia Giulia,KILLINJ,Killed and injured,9,Total,9,Total,9,Total,F,Injured,C,Driver,TOTAL,Total,9,Total,99,Total,2022,3038
A,Annual,ITD4,Friuli-Venezia Giulia,KILLINJ,Killed and injured,9,Total,9,Total,9,Total,F,Injured,C,Driver,TOTAL,Total,9,Total,99,Total,2023,2975
A,Annual,ITD4,Friuli-Venezia Giulia,KILLINJ,Killed and injured,9,Total,9,Total,9,Total,F,Injured,C,Driver,TOTAL,Total,9,Total,99,Total,2024,3078
A,Annual,ITD4,Friuli-Venezia Giulia,KILLINJ,Killed and injured,9,Total,9,Total,9,Total,F,Injured,P,Passenger,TOTAL,Total,9,Total,99,Total,2010,1043
A,Annual,ITD4,Friuli-Venezia Giulia,KILLINJ,Killed and injured,9,Total,9,Total,9,Total,F,Injured,P,Passenger,TOTAL,Total,9,Total,99,Total,2011,960
A,Annual,ITD4,Friuli-Venezia Giulia,KILLINJ,Killed and injured,9,Total,9,Total,9,Total,F,Injured,P,Passenger,TOTAL,Total,9,Total,99,Total,2012,963
A,Annual,ITD4,Friuli-Venezia Giulia,KILLINJ,Killed and injured,9,Total,9,Total,9,Total,F,Injured,P,Passenger,TOTAL,Total,9,Total,99,Total,2013,1102
A,Annual,ITD4,Friuli-Venezia Giulia,KILLINJ,Killed and injured,9,Total,9,Total,9,Total,F,Injured,P,Passenger,TOTAL,Total,9,Total,99,Total,2014,930
A,Annual,ITD4,Friuli-Venezia Giulia,KILLINJ,Killed and injured,9,Total,9,Total,9,Total,F,Injured,P,Passenger,TOTAL,Total,9,Total,99,Total,2015,1000
A,Annual,ITD4,Friuli-Venezia Giulia,KILLINJ,Killed and injured,9,Total,9,Total,9,Total,F,Injured,P,Passenger,TOTAL,Total,9,Total,99,Total,2016,950
A,Annual,ITD4,Friuli-Venezia Giulia,KILLINJ,Killed and injured,9,Total,9,Total,9,Total,F,Injured,P,Passenger,TOTAL,Total,9,Total,99,Total,2017,964
A,Annual,ITD4,Friuli-Venezia Giulia,KILLINJ,Killed and injured,9,Total,9,Total,9,Total,F,Injured,P,Passenger,TOTAL,Total,9,Total,99,Total,2018,928
A,Annual,ITD4,Friuli-Venezia Giulia,KILLINJ,Killed and injured,9,Total,9,Total,9,Total,F,Injured,P,Passenger,TOTAL,Total,9,Total,99,Total,2019,908
A,Annual,ITD4,Friuli-Venezia Giulia,KILLINJ,Killed and injured,9,Total,9,Total,9,Total,F,Injured,P,Passenger,TOTAL,Total,9,Total,99,Total,2020,550
A,Annual,ITD4,Friuli-Venezia Giulia,KILLINJ,Killed and injured,9,Total,9,Total,9,Total,F,Injured,P,Passenger,TOTAL,Total,9,Total,99,Total,2021,645
A,Annual,ITD4,Friuli-Venezia Giulia,KILLINJ,Killed and injured,9,Total,9,Total,9,Total,F,Injured,P,Passenger,TOTAL,Total,9,Total,99,Total,2022,684
A,Annual,ITD4,Friuli-Venezia Giulia,KILLINJ,Killed and injured,9,Total,9,Total,9,Total,F,Injured,P,Passenger,TOTAL,Total,9,Total,99,Total,2023,797
A,Annual,ITD4,Friuli-Venezia Giulia,KILLINJ,Killed and injured,9,Total,9,Total,9,Total,F,Injured,P,Passenger,TOTAL,Total,9,Total,99,Total,2024,864
A,Annual,ITD4,Friuli-Venezia Giulia,KILLINJ,Killed and injured,9,Total,9,Total,9,Total,F,Injured,X,Pedestrian,TOTAL,Total,9,Total,99,Total,2010,399
A,Annual,ITD4,Friuli-Venezia Giulia,KILLINJ,Killed and injured,9,Total,9,Total,9,Total,F,Injured,X,Pedestrian,TOTAL,Total,9,Total,99,Total,2011,389
A,Annual,ITD4,Friuli-Venezia Giulia,KILLINJ,Killed and injured,9,Total,9,Total,9,Total,F,Injured,X,Pedestrian,TOTAL,Total,9,Total,99,Total,2012,419
A,Annual,ITD4,Friuli-Venezia Giulia,KILLINJ,Killed and injured,9,Total,9,Total,9,Total,F,Injured,X,Pedestrian,TOTAL,Total,9,Total,99,Total,2013,380
A,Annual,ITD4,Friuli-Venezia Giulia,KILLINJ,Killed and injured,9,Total,9,Total,9,Total,F,Injured,X,Pedestrian,TOTAL,Total,9,Total,99,Total,2014,391
A,Annual,ITD4,Friuli-Venezia Giulia,KILLINJ,Killed and injured,9,Total,9,Total,9,Total,F,Injured,X,Pedestrian,TOTAL,Total,9,Total,99,Total,2015,401
A,Annual,ITD4,Friuli-Venezia Giulia,KILLINJ,Killed and injured,9,Total,9,Total,9,Total,F,Injured,X,Pedestrian,TOTAL,Total,9,Total,99,Total,2016,416
A,Annual,ITD4,Friuli-Venezia Giulia,KILLINJ,Killed and injured,9,Total,9,Total,9,Total,F,Injured,X,Pedestrian,TOTAL,Total,9,Total,99,Total,2017,425
A,Annual,ITD4,Friuli-Venezia Giulia,KILLINJ,Killed and injured,9,Total,9,Total,9,Total,F,Injured,X,Pedestrian,TOTAL,Total,9,Total,99,Total,2018,397
A,Annual,ITD4,Friuli-Venezia Giulia,KILLINJ,Killed and injured,9,Total,9,Total,9,Total,F,Injured,X,Pedestrian,TOTAL,Total,9,Total,99,Total,2019,406
A,Annual,ITD4,Friuli-Venezia Giulia,KILLINJ,Killed and injured,9,Total,9,Total,9,Total,F,Injured,X,Pedestrian,TOTAL,Total,9,Total,99,Total,2020,246
A,Annual,ITD4,Friuli-Venezia Giulia,KILLINJ,Killed and injured,9,Total,9,Total,9,Total,F,Injured,X,Pedestrian,TOTAL,Total,9,Total,99,Total,2021,304
A,Annual,ITD4,Friuli-Venezia Giulia,KILLINJ,Killed and injured,9,Total,9,Total,9,Total,F,Injured,X,Pedestrian,TOTAL,Total,9,Total,99,Total,2022,383
A,Annual,ITD4,Friuli-Venezia Giulia,KILLINJ,Killed and injured,9,Total,9,Total,9,Total,F,Injured,X,Pedestrian,TOTAL,Total,9,Total,99,Total,2023,350
A,Annual,ITD4,Friuli-Venezia Giulia,KILLINJ,Killed and injured,9,Total,9,Total,9,Total,F,Injured,X,Pedestrian,TOTAL,Total,9,Total,99,Total,2024,333
A,Annual,ITD4,Friuli-Venezia Giulia,KILLINJ,Killed and injured,9,Total,9,Total,9,Total,F,Injured,9,Total,TOTAL,Total,9,Total,99,Total,2010,5137
A,Annual,ITD4,Friuli-Venezia Giulia,KILLINJ,Killed and injured,9,Total,9,Total,9,Total,F,Injured,9,Total,TOTAL,Total,9,Total,99,Total,2011,4697
A,Annual,ITD4,Friuli-Venezia Giulia,KILLINJ,Killed and injured,9,Total,9,Total,9,Total,F,Injured,9,Total,TOTAL,Total,9,Total,99,Total,2012,4679
A,Annual,ITD4,Friuli-Venezia Giulia,KILLINJ,Killed and injured,9,Total,9,Total,9,Total,F,Injured,9,Total,TOTAL,Total,9,Total,99,Total,2013,4590
A,Annual,ITD4,Friuli-Venezia Giulia,KILLINJ,Killed and injured,9,Total,9,Total,9,Total,F,Injured,9,Total,TOTAL,Total,9,Total,99,Total,2014,4384
A,Annual,ITD4,Friuli-Venezia Giulia,KILLINJ,Killed and injured,9,Total,9,Total,9,Total,F,Injured,9,Total,TOTAL,Total,9,Total,99,Total,2015,4727
A,Annual,ITD4,Friuli-Venezia Giulia,KILLINJ,Killed and injured,9,Total,9,Total,9,Total,F,Injured,9,Total,TOTAL,Total,9,Total,99,Total,2016,4630
A,Annual,ITD4,Friuli-Venezia Giulia,KILLINJ,Killed and injured,9,Total,9,Total,9,Total,F,Injured,9,Total,TOTAL,Total,9,Total,99,Total,2017,4675
A,Annual,ITD4,Friuli-Venezia Giulia,KILLINJ,Killed and injured,9,Total,9,Total,9,Total,F,Injured,9,Total,TOTAL,Total,9,Total,99,Total,2018,4537
A,Annual,ITD4,Friuli-Venezia Giulia,KILLINJ,Killed and injured,9,Total,9,Total,9,Total,F,Injured,9,Total,TOTAL,Total,9,Total,99,Total,2019,4402
A,Annual,ITD4,Friuli-Venezia Giulia,KILLINJ,Killed and injured,9,Total,9,Total,9,Total,F,Injured,9,Total,TOTAL,Total,9,Total,99,Total,2020,3029
A,Annual,ITD4,Friuli-Venezia Giulia,KILLINJ,Killed and injured,9,Total,9,Total,9,Total,F,Injured,9,Total,TOTAL,Total,9,Total,99,Total,2021,3712
A,Annual,ITD4,Friuli-Venezia Giulia,KILLINJ,Killed and injured,9,Total,9,Total,9,Total,F,Injured,9,Total,TOTAL,Total,9,Total,99,Total,2022,4105
A,Annual,ITD4,Friuli-Venezia Giulia,KILLINJ,Killed and injured,9,Total,9,Total,9,Total,F,Injured,9,Total,TOTAL,Total,9,Total,99,Total,2023,4122
A,Annual,ITD4,Friuli-Venezia Giulia,KILLINJ,Killed and injured,9,Total,9,Total,9,Total,F,Injured,9,Total,TOTAL,Total,9,Total,99,Total,2024,4275
A,Annual,ITD4,Friuli-Venezia Giulia,KILLINJ,Killed and injured,9,Total,9,Total,9,Total,9,Total,C,Driver,TOTAL,Total,9,Total,99,Total,2010,3769
A,Annual,ITD4,Friuli-Venezia Giulia,KILLINJ,Killed and injured,9,Total,9,Total,9,Total,9,Total,C,Driver,TOTAL,Total,9,Total,99,Total,2011,3414
A,Annual,ITD4,Friuli-Venezia Giulia,KILLINJ,Killed and injured,9,Total,9,Total,9,Total,9,Total,C,Driver,TOTAL,Total,9,Total,99,Total,2012,3362
A,Annual,ITD4,Friuli-Venezia Giulia,KILLINJ,Killed and injured,9,Total,9,Total,9,Total,9,Total,C,Driver,TOTAL,Total,9,Total,99,Total,2013,3161
A,Annual,ITD4,Friuli-Venezia Giulia,KILLINJ,Killed and injured,9,Total,9,Total,9,Total,9,Total,C,Driver,TOTAL,Total,9,Total,99,Total,2014,3139
A,Annual,ITD4,Friuli-Venezia Giulia,KILLINJ,Killed and injured,9,Total,9,Total,9,Total,9,Total,C,Driver,TOTAL,Total,9,Total,99,Total,2015,3378
A,Annual,ITD4,Friuli-Venezia Giulia,KILLINJ,Killed and injured,9,Total,9,Total,9,Total,9,Total,C,Driver,TOTAL,Total,9,Total,99,Total,2016,3311
A,Annual,ITD4,Friuli-Venezia Giulia,KILLINJ,Killed and injured,9,Total,9,Total,9,Total,9,Total,C,Driver,TOTAL,Total,9,Total,99,Total,2017,3341
A,Annual,ITD4,Friuli-Venezia Giulia,KILLINJ,Killed and injured,9,Total,9,Total,9,Total,9,Total,C,Driver,TOTAL,Total,9,Total,99,Total,2018,3272
A,Annual,ITD4,Friuli-Venezia Giulia,KILLINJ,Killed and injured,9,Total,9,Total,9,Total,9,Total,C,Driver,TOTAL,Total,9,Total,99,Total,2019,3140
A,Annual,ITD4,Friuli-Venezia Giulia,KILLINJ,Killed and injured,9,Total,9,Total,9,Total,9,Total,C,Driver,TOTAL,Total,9,Total,99,Total,2020,2269
A,Annual,ITD4,Friuli-Venezia Giulia,KILLINJ,Killed and injured,9,Total,9,Total,9,Total,9,Total,C,Driver,TOTAL,Total,9,Total,99,Total,2021,2828
A,Annual,ITD4,Friuli-Venezia Giulia,KILLINJ,Killed and injured,9,Total,9,Total,9,Total,9,Total,C,Driver,TOTAL,Total,9,Total,99,Total,2022,3098
A,Annual,ITD4,Friuli-Venezia Giulia,KILLINJ,Killed and injured,9,Total,9,Total,9,Total,9,Total,C,Driver,TOTAL,Total,9,Total,99,Total,2023,3022
A,Annual,ITD4,Friuli-Venezia Giulia,KILLINJ,Killed and injured,9,Total,9,Total,9,Total,9,Total,C,Driver,TOTAL,Total,9,Total,99,Total,2024,3141
A,Annual,ITD4,Friuli-Venezia Giulia,KILLINJ,Killed and injured,9,Total,9,Total,9,Total,9,Total,P,Passenger,TOTAL,Total,9,Total,99,Total,2010,1061
A,Annual,ITD4,Friuli-Venezia Giulia,KILLINJ,Killed and injured,9,Total,9,Total,9,Total,9,Total,P,Passenger,TOTAL,Total,9,Total,99,Total,2011,967
A,Annual,ITD4,Friuli-Venezia Giulia,KILLINJ,Killed and injured,9,Total,9,Total,9,Total,9,Total,P,Passenger,TOTAL,Total,9,Total,99,Total,2012,974
A,Annual,ITD4,Friuli-Venezia Giulia,KILLINJ,Killed and injured,9,Total,9,Total,9,Total,9,Total,P,Passenger,TOTAL,Total,9,Total,99,Total,2013,1112
A,Annual,ITD4,Friuli-Venezia Giulia,KILLINJ,Killed and injured,9,Total,9,Total,9,Total,9,Total,P,Passenger,TOTAL,Total,9,Total,99,Total,2014,940
A,Annual,ITD4,Friuli-Venezia Giulia,KILLINJ,Killed and injured,9,Total,9,Total,9,Total,9,Total,P,Passenger,TOTAL,Total,9,Total,99,Total,2015,1008
A,Annual,ITD4,Friuli-Venezia Giulia,KILLINJ,Killed and injured,9,Total,9,Total,9,Total,9,Total,P,Passenger,TOTAL,Total,9,Total,99,Total,2016,958
A,Annual,ITD4,Friuli-Venezia Giulia,KILLINJ,Killed and injured,9,Total,9,Total,9,Total,9,Total,P,Passenger,TOTAL,Total,9,Total,99,Total,2017,971
A,Annual,ITD4,Friuli-Venezia Giulia,KILLINJ,Killed and injured,9,Total,9,Total,9,Total,9,Total,P,Passenger,TOTAL,Total,9,Total,99,Total,2018,936
A,Annual,ITD4,Friuli-Venezia Giulia,KILLINJ,Killed and injured,9,Total,9,Total,9,Total,9,Total,P,Passenger,TOTAL,Total,9,Total,99,Total,2019,918
A,Annual,ITD4,Friuli-Venezia Giulia,KILLINJ,Killed and injured,9,Total,9,Total,9,Total,9,Total,P,Passenger,TOTAL,Total,9,Total,99,Total,2020,553
A,Annual,ITD4,Friuli-Venezia Giulia,KILLINJ,Killed and injured,9,Total,9,Total,9,Total,9,Total,P,Passenger,TOTAL,Total,9,Total,99,Total,2021,652
A,Annual,ITD4,Friuli-Venezia Giulia,KILLINJ,Killed and injured,9,Total,9,Total,9,Total,9,Total,P,Passenger,TOTAL,Total,9,Total,99,Total,2022,692
A,Annual,ITD4,Friuli-Venezia Giulia,KILLINJ,Killed and injured,9,Total,9,Total,9,Total,9,Total,P,Passenger,TOTAL,Total,9,Total,99,Total,2023,798
A,Annual,ITD4,Friuli-Venezia Giulia,KILLINJ,Killed and injured,9,Total,9,Total,9,Total,9,Total,P,Passenger,TOTAL,Total,9,Total,99,Total,2024,870
A,Annual,ITD4,Friuli-Venezia Giulia,KILLINJ,Killed and injured,9,Total,9,Total,9,Total,9,Total,X,Pedestrian,TOTAL,Total,9,Total,99,Total,2010,410
A,Annual,ITD4,Friuli-Venezia Giulia,KILLINJ,Killed and injured,9,Total,9,Total,9,Total,9,Total,X,Pedestrian,TOTAL,Total,9,Total,99,Total,2011,400
A,Annual,ITD4,Friuli-Venezia Giulia,KILLINJ,Killed and injured,9,Total,9,Total,9,Total,9,Total,X,Pedestrian,TOTAL,Total,9,Total,99,Total,2012,428
A,Annual,ITD4,Friuli-Venezia Giulia,KILLINJ,Killed and injured,9,Total,9,Total,9,Total,9,Total,X,Pedestrian,TOTAL,Total,9,Total,99,Total,2013,400
A,Annual,ITD4,Friuli-Venezia Giulia,KILLINJ,Killed and injured,9,Total,9,Total,9,Total,9,Total,X,Pedestrian,TOTAL,Total,9,Total,99,Total,2014,405
A,Annual,ITD4,Friuli-Venezia Giulia,KILLINJ,Killed and injured,9,Total,9,Total,9,Total,9,Total,X,Pedestrian,TOTAL,Total,9,Total,99,Total,2015,411
A,Annual,ITD4,Friuli-Venezia Giulia,KILLINJ,Killed and injured,9,Total,9,Total,9,Total,9,Total,X,Pedestrian,TOTAL,Total,9,Total,99,Total,2016,428
A,Annual,ITD4,Friuli-Venezia Giulia,KILLINJ,Killed and injured,9,Total,9,Total,9,Total,9,Total,X,Pedestrian,TOTAL,Total,9,Total,99,Total,2017,432
A,Annual,ITD4,Friuli-Venezia Giulia,KILLINJ,Killed and injured,9,Total,9,Total,9,Total,9,Total,X,Pedestrian,TOTAL,Total,9,Total,99,Total,2018,406
A,Annual,ITD4,Friuli-Venezia Giulia,KILLINJ,Killed and injured,9,Total,9,Total,9,Total,9,Total,X,Pedestrian,TOTAL,Total,9,Total,99,Total,2019,416
A,Annual,ITD4,Friuli-Venezia Giulia,KILLINJ,Killed and injured,9,Total,9,Total,9,Total,9,Total,X,Pedestrian,TOTAL,Total,9,Total,99,Total,2020,254
A,Annual,ITD4,Friuli-Venezia Giulia,KILLINJ,Killed and injured,9,Total,9,Total,9,Total,9,Total,X,Pedestrian,TOTAL,Total,9,Total,99,Total,2021,314
A,Annual,ITD4,Friuli-Venezia Giulia,KILLINJ,Killed and injured,9,Total,9,Total,9,Total,9,Total,X,Pedestrian,TOTAL,Total,9,Total,99,Total,2022,389
A,Annual,ITD4,Friuli-Venezia Giulia,KILLINJ,Killed and injured,9,Total,9,Total,9,Total,9,Total,X,Pedestrian,TOTAL,Total,9,Total,99,Total,2023,358
A,Annual,ITD4,Friuli-Venezia Giulia,KILLINJ,Killed and injured,9,Total,9,Total,9,Total,9,Total,X,Pedestrian,TOTAL,Total,9,Total,99,Total,2024,337
A,Annual,ITD4,Friuli-Venezia Giulia,KILLINJ,Killed and injured,9,Total,9,Total,9,Total,9,Total,9,Total,TOTAL,Total,9,Total,99,Total,2010,5240
A,Annual,ITD4,Friuli-Venezia Giulia,KILLINJ,Killed and injured,9,Total,9,Total,9,Total,9,Total,9,Total,TOTAL,Total,9,Total,99,Total,2011,4781
A,Annual,ITD4,Friuli-Venezia Giulia,KILLINJ,Killed and injured,9,Total,9,Total,9,Total,9,Total,9,Total,TOTAL,Total,9,Total,99,Total,2012,4764
A,Annual,ITD4,Friuli-Venezia Giulia,KILLINJ,Killed and injured,9,Total,9,Total,9,Total,9,Total,9,Total,TOTAL,Total,9,Total,99,Total,2013,4673
A,Annual,ITD4,Friuli-Venezia Giulia,KILLINJ,Killed and injured,9,Total,9,Total,9,Total,9,Total,9,Total,TOTAL,Total,9,Total,99,Total,2014,4484
A,Annual,ITD4,Friuli-Venezia Giulia,KILLINJ,Killed and injured,9,Total,9,Total,9,Total,9,Total,9,Total,TOTAL,Total,9,Total,99,Total,2015,4797
A,Annual,ITD4,Friuli-Venezia Giulia,KILLINJ,Killed and injured,9,Total,9,Total,9,Total,9,Total,9,Total,TOTAL,Total,9,Total,99,Total,2016,4697
A,Annual,ITD4,Friuli-Venezia Giulia,KILLINJ,Killed and injured,9,Total,9,Total,9,Total,9,Total,9,Total,TOTAL,Total,9,Total,99,Total,2017,4744
A,Annual,ITD4,Friuli-Venezia Giulia,KILLINJ,Killed and injured,9,Total,9,Total,9,Total,9,Total,9,Total,TOTAL,Total,9,Total,99,Total,2018,4614
A,Annual,ITD4,Friuli-Venezia Giulia,KILLINJ,Killed and injured,9,Total,9,Total,9,Total,9,Total,9,Total,TOTAL,Total,9,Total,99,Total,2019,4474
A,Annual,ITD4,Friuli-Venezia Giulia,KILLINJ,Killed and injured,9,Total,9,Total,9,Total,9,Total,9,Total,TOTAL,Total,9,Total,99,Total,2020,3076
A,Annual,ITD4,Friuli-Venezia Giulia,KILLINJ,Killed and injured,9,Total,9,Total,9,Total,9,Total,9,Total,TOTAL,Total,9,Total,99,Total,2021,3794
A,Annual,ITD4,Friuli-Venezia Giulia,KILLINJ,Killed and injured,9,Total,9,Total,9,Total,9,Total,9,Total,TOTAL,Total,9,Total,99,Total,2022,4179
A,Annual,ITD4,Friuli-Venezia Giulia,KILLINJ,Killed and injured,9,Total,9,Total,9,Total,9,Total,9,Total,TOTAL,Total,9,Total,99,Total,2023,4178
A,Annual,ITD4,Friuli-Venezia Giulia,KILLINJ,Killed and injured,9,Total,9,Total,9,Total,9,Total,9,Total,TOTAL,Total,9,Total,99,Total,2024,4348
A,Annual,ITD5,Emilia-Romagna,KILLINJ,Killed and injured,9,Total,9,Total,9,Total,M,Killed,C,Driver,TOTAL,Total,9,Total,99,Total,2010,287
A,Annual,ITD5,Emilia-Romagna,KILLINJ,Killed and injured,9,Total,9,Total,9,Total,M,Killed,C,Driver,TOTAL,Total,9,Total,99,Total,2011,305
A,Annual,ITD5,Emilia-Romagna,KILLINJ,Killed and injured,9,Total,9,Total,9,Total,M,Killed,C,Driver,TOTAL,Total,9,Total,99,Total,2012,274
A,Annual,ITD5,Emilia-Romagna,KILLINJ,Killed and injured,9,Total,9,Total,9,Total,M,Killed,C,Driver,TOTAL,Total,9,Total,99,Total,2013,244
A,Annual,ITD5,Emilia-Romagna,KILLINJ,Killed and injured,9,Total,9,Total,9,Total,M,Killed,C,Driver,TOTAL,Total,9,Total,99,Total,2014,232
A,Annual,ITD5,Emilia-Romagna,KILLINJ,Killed and injured,9,Total,9,Total,9,Total,M,Killed,C,Driver,TOTAL,Total,9,Total,99,Total,2015,237
A,Annual,ITD5,Emilia-Romagna,KILLINJ,Killed and injured,9,Total,9,Total,9,Total,M,Killed,C,Driver,TOTAL,Total,9,Total,99,Total,2016,225
A,Annual,ITD5,Emilia-Romagna,KILLINJ,Killed and injured,9,Total,9,Total,9,Total,M,Killed,C,Driver,TOTAL,Total,9,Total,99,Total,2017,275
A,Annual,ITD5,Emilia-Romagna,KILLINJ,Killed and injured,9,Total,9,Total,9,Total,M,Killed,C,Driver,TOTAL,Total,9,Total,99,Total,2018,224
A,Annual,ITD5,Emilia-Romagna,KILLINJ,Killed and injured,9,Total,9,Total,9,Total,M,Killed,C,Driver,TOTAL,Total,9,Total,99,Total,2019,251
A,Annual,ITD5,Emilia-Romagna,KILLINJ,Killed and injured,9,Total,9,Total,9,Total,M,Killed,C,Driver,TOTAL,Total,9,Total,99,Total,2020,174
A,Annual,ITD5,Emilia-Romagna,KILLINJ,Killed and injured,9,Total,9,Total,9,Total,M,Killed,C,Driver,TOTAL,Total,9,Total,99,Total,2021,204
A,Annual,ITD5,Emilia-Romagna,KILLINJ,Killed and injured,9,Total,9,Total,9,Total,M,Killed,C,Driver,TOTAL,Total,9,Total,99,Total,2022,237
A,Annual,ITD5,Emilia-Romagna,KILLINJ,Killed and injured,9,Total,9,Total,9,Total,M,Killed,C,Driver,TOTAL,Total,9,Total,99,Total,2023,204
A,Annual,ITD5,Emilia-Romagna,KILLINJ,Killed and injured,9,Total,9,Total,9,Total,M,Killed,C,Driver,TOTAL,Total,9,Total,99,Total,2024,214
A,Annual,ITD5,Emilia-Romagna,KILLINJ,Killed and injured,9,Total,9,Total,9,Total,M,Killed,P,Passenger,TOTAL,Total,9,Total,99,Total,2010,48
A,Annual,ITD5,Emilia-Romagna,KILLINJ,Killed and injured,9,Total,9,Total,9,Total,M,Killed,P,Passenger,TOTAL,Total,9,Total,99,Total,2011,46
A,Annual,ITD5,Emilia-Romagna,KILLINJ,Killed and injured,9,Total,9,Total,9,Total,M,Killed,P,Passenger,TOTAL,Total,9,Total,99,Total,2012,51
A,Annual,ITD5,Emilia-Romagna,KILLINJ,Killed and injured,9,Total,9,Total,9,Total,M,Killed,P,Passenger,TOTAL,Total,9,Total,99,Total,2013,46
A,Annual,ITD5,Emilia-Romagna,KILLINJ,Killed and injured,9,Total,9,Total,9,Total,M,Killed,P,Passenger,TOTAL,Total,9,Total,99,Total,2014,35
A,Annual,ITD5,Emilia-Romagna,KILLINJ,Killed and injured,9,Total,9,Total,9,Total,M,Killed,P,Passenger,TOTAL,Total,9,Total,99,Total,2015,39
A,Annual,ITD5,Emilia-Romagna,KILLINJ,Killed and injured,9,Total,9,Total,9,Total,M,Killed,P,Passenger,TOTAL,Total,9,Total,99,Total,2016,28
A,Annual,ITD5,Emilia-Romagna,KILLINJ,Killed and injured,9,Total,9,Total,9,Total,M,Killed,P,Passenger,TOTAL,Total,9,Total,99,Total,2017,35
A,Annual,ITD5,Emilia-Romagna,KILLINJ,Killed and injured,9,Total,9,Total,9,Total,M,Killed,P,Passenger,TOTAL,Total,9,Total,99,Total,2018,40
A,Annual,ITD5,Emilia-Romagna,KILLINJ,Killed and injured,9,Total,9,Total,9,Total,M,Killed,P,Passenger,TOTAL,Total,9,Total,99,Total,2019,44
A,Annual,ITD5,Emilia-Romagna,KILLINJ,Killed and injured,9,Total,9,Total,9,Total,M,Killed,P,Passenger,TOTAL,Total,9,Total,99,Total,2020,16
A,Annual,ITD5,Emilia-Romagna,KILLINJ,Killed and injured,9,Total,9,Total,9,Total,M,Killed,P,Passenger,TOTAL,Total,9,Total,99,Total,2021,36
A,Annual,ITD5,Emilia-Romagna,KILLINJ,Killed and injured,9,Total,9,Total,9,Total,M,Killed,P,Passenger,TOTAL,Total,9,Total,99,Total,2022,42
A,Annual,ITD5,Emilia-Romagna,KILLINJ,Killed and injured,9,Total,9,Total,9,Total,M,Killed,P,Passenger,TOTAL,Total,9,Total,99,Total,2023,32
A,Annual,ITD5,Emilia-Romagna,KILLINJ,Killed and injured,9,Total,9,Total,9,Total,M,Killed,P,Passenger,TOTAL,Total,9,Total,99,Total,2024,23
A,Annual,ITD5,Emilia-Romagna,KILLINJ,Killed and injured,9,Total,9,Total,9,Total,M,Killed,X,Pedestrian,TOTAL,Total,9,Total,99,Total,2010,66
A,Annual,ITD5,Emilia-Romagna,KILLINJ,Killed and injured,9,Total,9,Total,9,Total,M,Killed,X,Pedestrian,TOTAL,Total,9,Total,99,Total,2011,49
A,Annual,ITD5,Emilia-Romagna,KILLINJ,Killed and injured,9,Total,9,Total,9,Total,M,Killed,X,Pedestrian,TOTAL,Total,9,Total,99,Total,2012,55
A,Annual,ITD5,Emilia-Romagna,KILLINJ,Killed and injured,9,Total,9,Total,9,Total,M,Killed,X,Pedestrian,TOTAL,Total,9,Total,99,Total,2013,54
A,Annual,ITD5,Emilia-Romagna,KILLINJ,Killed and injured,9,Total,9,Total,9,Total,M,Killed,X,Pedestrian,TOTAL,Total,9,Total,99,Total,2014,60
A,Annual,ITD5,Emilia-Romagna,KILLINJ,Killed and injured,9,Total,9,Total,9,Total,M,Killed,X,Pedestrian,TOTAL,Total,9,Total,99,Total,2015,50
A,Annual,ITD5,Emilia-Romagna,KILLINJ,Killed and injured,9,Total,9,Total,9,Total,M,Killed,X,Pedestrian,TOTAL,Total,9,Total,99,Total,2016,54
A,Annual,ITD5,Emilia-Romagna,KILLINJ,Killed and injured,9,Total,9,Total,9,Total,M,Killed,X,Pedestrian,TOTAL,Total,9,Total,99,Total,2017,68
A,Annual,ITD5,Emilia-Romagna,KILLINJ,Killed and injured,9,Total,9,Total,9,Total,M,Killed,X,Pedestrian,TOTAL,Total,9,Total,99,Total,2018,52
A,Annual,ITD5,Emilia-Romagna,KILLINJ,Killed and injured,9,Total,9,Total,9,Total,M,Killed,X,Pedestrian,TOTAL,Total,9,Total,99,Total,2019,57
A,Annual,ITD5,Emilia-Romagna,KILLINJ,Killed and injured,9,Total,9,Total,9,Total,M,Killed,X,Pedestrian,TOTAL,Total,9,Total,99,Total,2020,33
A,Annual,ITD5,Emilia-Romagna,KILLINJ,Killed and injured,9,Total,9,Total,9,Total,M,Killed,X,Pedestrian,TOTAL,Total,9,Total,99,Total,2021,41
A,Annual,ITD5,Emilia-Romagna,KILLINJ,Killed and injured,9,Total,9,Total,9,Total,M,Killed,X,Pedestrian,TOTAL,Total,9,Total,99,Total,2022,32
A,Annual,ITD5,Emilia-Romagna,KILLINJ,Killed and injured,9,Total,9,Total,9,Total,M,Killed,X,Pedestrian,TOTAL,Total,9,Total,99,Total,2023,43
A,Annual,ITD5,Emilia-Romagna,KILLINJ,Killed and injured,9,Total,9,Total,9,Total,M,Killed,X,Pedestrian,TOTAL,Total,9,Total,99,Total,2024,36
A,Annual,ITD5,Emilia-Romagna,KILLINJ,Killed and injured,9,Total,9,Total,9,Total,M,Killed,9,Total,TOTAL,Total,9,Total,99,Total,2010,401
A,Annual,ITD5,Emilia-Romagna,KILLINJ,Killed and injured,9,Total,9,Total,9,Total,M,Killed,9,Total,TOTAL,Total,9,Total,99,Total,2011,400
A,Annual,ITD5,Emilia-Romagna,KILLINJ,Killed and injured,9,Total,9,Total,9,Total,M,Killed,9,Total,TOTAL,Total,9,Total,99,Total,2012,380
A,Annual,ITD5,Emilia-Romagna,KILLINJ,Killed and injured,9,Total,9,Total,9,Total,M,Killed,9,Total,TOTAL,Total,9,Total,99,Total,2013,344
A,Annual,ITD5,Emilia-Romagna,KILLINJ,Killed and injured,9,Total,9,Total,9,Total,M,Killed,9,Total,TOTAL,Total,9,Total,99,Total,2014,327
A,Annual,ITD5,Emilia-Romagna,KILLINJ,Killed and injured,9,Total,9,Total,9,Total,M,Killed,9,Total,TOTAL,Total,9,Total,99,Total,2015,326
A,Annual,ITD5,Emilia-Romagna,KILLINJ,Killed and injured,9,Total,9,Total,9,Total,M,Killed,9,Total,TOTAL,Total,9,Total,99,Total,2016,307
A,Annual,ITD5,Emilia-Romagna,KILLINJ,Killed and injured,9,Total,9,Total,9,Total,M,Killed,9,Total,TOTAL,Total,9,Total,99,Total,2017,378
A,Annual,ITD5,Emilia-Romagna,KILLINJ,Killed and injured,9,Total,9,Total,9,Total,M,Killed,9,Total,TOTAL,Total,9,Total,99,Total,2018,316
A,Annual,ITD5,Emilia-Romagna,KILLINJ,Killed and injured,9,Total,9,Total,9,Total,M,Killed,9,Total,TOTAL,Total,9,Total,99,Total,2019,352
A,Annual,ITD5,Emilia-Romagna,KILLINJ,Killed and injured,9,Total,9,Total,9,Total,M,Killed,9,Total,TOTAL,Total,9,Total,99,Total,2020,223
A,Annual,ITD5,Emilia-Romagna,KILLINJ,Killed and injured,9,Total,9,Total,9,Total,M,Killed,9,Total,TOTAL,Total,9,Total,99,Total,2021,281
A,Annual,ITD5,Emilia-Romagna,KILLINJ,Killed and injured,9,Total,9,Total,9,Total,M,Killed,9,Total,TOTAL,Total,9,Total,99,Total,2022,311
A,Annual,ITD5,Emilia-Romagna,KILLINJ,Killed and injured,9,Total,9,Total,9,Total,M,Killed,9,Total,TOTAL,Total,9,Total,99,Total,2023,279
A,Annual,ITD5,Emilia-Romagna,KILLINJ,Killed and injured,9,Total,9,Total,9,Total,M,Killed,9,Total,TOTAL,Total,9,Total,99,Total,2024,273
A,Annual,ITD5,Emilia-Romagna,KILLINJ,Killed and injured,9,Total,9,Total,9,Total,F,Injured,C,Driver,TOTAL,Total,9,Total,99,Total,2010,20034
A,Annual,ITD5,Emilia-Romagna,KILLINJ,Killed and injured,9,Total,9,Total,9,Total,F,Injured,C,Driver,TOTAL,Total,9,Total,99,Total,2011,20292
A,Annual,ITD5,Emilia-Romagna,KILLINJ,Killed and injured,9,Total,9,Total,9,Total,F,Injured,C,Driver,TOTAL,Total,9,Total,99,Total,2012,17896
A,Annual,ITD5,Emilia-Romagna,KILLINJ,Killed and injured,9,Total,9,Total,9,Total,F,Injured,C,Driver,TOTAL,Total,9,Total,99,Total,2013,17929
A,Annual,ITD5,Emilia-Romagna,KILLINJ,Killed and injured,9,Total,9,Total,9,Total,F,Injured,C,Driver,TOTAL,Total,9,Total,99,Total,2014,16952
A,Annual,ITD5,Emilia-Romagna,KILLINJ,Killed and injured,9,Total,9,Total,9,Total,F,Injured,C,Driver,TOTAL,Total,9,Total,99,Total,2015,17145
A,Annual,ITD5,Emilia-Romagna,KILLINJ,Killed and injured,9,Total,9,Total,9,Total,F,Injured,C,Driver,TOTAL,Total,9,Total,99,Total,2016,17125
A,Annual,ITD5,Emilia-Romagna,KILLINJ,Killed and injured,9,Total,9,Total,9,Total,F,Injured,C,Driver,TOTAL,Total,9,Total,99,Total,2017,17036
A,Annual,ITD5,Emilia-Romagna,KILLINJ,Killed and injured,9,Total,9,Total,9,Total,F,Injured,C,Driver,TOTAL,Total,9,Total,99,Total,2018,16101
A,Annual,ITD5,Emilia-Romagna,KILLINJ,Killed and injured,9,Total,9,Total,9,Total,F,Injured,C,Driver,TOTAL,Total,9,Total,99,Total,2019,16258
A,Annual,ITD5,Emilia-Romagna,KILLINJ,Killed and injured,9,Total,9,Total,9,Total,F,Injured,C,Driver,TOTAL,Total,9,Total,99,Total,2020,11352
A,Annual,ITD5,Emilia-Romagna,KILLINJ,Killed and injured,9,Total,9,Total,9,Total,F,Injured,C,Driver,TOTAL,Total,9,Total,99,Total,2021,14815
A,Annual,ITD5,Emilia-Romagna,KILLINJ,Killed and injured,9,Total,9,Total,9,Total,F,Injured,C,Driver,TOTAL,Total,9,Total,99,Total,2022,15982
A,Annual,ITD5,Emilia-Romagna,KILLINJ,Killed and injured,9,Total,9,Total,9,Total,F,Injured,C,Driver,TOTAL,Total,9,Total,99,Total,2023,16058
A,Annual,ITD5,Emilia-Romagna,KILLINJ,Killed and injured,9,Total,9,Total,9,Total,F,Injured,C,Driver,TOTAL,Total,9,Total,99,Total,2024,15999
A,Annual,ITD5,Emilia-Romagna,KILLINJ,Killed and injured,9,Total,9,Total,9,Total,F,Injured,P,Passenger,TOTAL,Total,9,Total,99,Total,2010,6288
A,Annual,ITD5,Emilia-Romagna,KILLINJ,Killed and injured,9,Total,9,Total,9,Total,F,Injured,P,Passenger,TOTAL,Total,9,Total,99,Total,2011,6028
A,Annual,ITD5,Emilia-Romagna,KILLINJ,Killed and injured,9,Total,9,Total,9,Total,F,Injured,P,Passenger,TOTAL,Total,9,Total,99,Total,2012,5343
A,Annual,ITD5,Emilia-Romagna,KILLINJ,Killed and injured,9,Total,9,Total,9,Total,F,Injured,P,Passenger,TOTAL,Total,9,Total,99,Total,2013,5354
A,Annual,ITD5,Emilia-Romagna,KILLINJ,Killed and injured,9,Total,9,Total,9,Total,F,Injured,P,Passenger,TOTAL,Total,9,Total,99,Total,2014,5237
A,Annual,ITD5,Emilia-Romagna,KILLINJ,Killed and injured,9,Total,9,Total,9,Total,F,Injured,P,Passenger,TOTAL,Total,9,Total,99,Total,2015,5018
A,Annual,ITD5,Emilia-Romagna,KILLINJ,Killed and injured,9,Total,9,Total,9,Total,F,Injured,P,Passenger,TOTAL,Total,9,Total,99,Total,2016,4842
A,Annual,ITD5,Emilia-Romagna,KILLINJ,Killed and injured,9,Total,9,Total,9,Total,F,Injured,P,Passenger,TOTAL,Total,9,Total,99,Total,2017,4749
A,Annual,ITD5,Emilia-Romagna,KILLINJ,Killed and injured,9,Total,9,Total,9,Total,F,Injured,P,Passenger,TOTAL,Total,9,Total,99,Total,2018,4568
A,Annual,ITD5,Emilia-Romagna,KILLINJ,Killed and injured,9,Total,9,Total,9,Total,F,Injured,P,Passenger,TOTAL,Total,9,Total,99,Total,2019,4459
A,Annual,ITD5,Emilia-Romagna,KILLINJ,Killed and injured,9,Total,9,Total,9,Total,F,Injured,P,Passenger,TOTAL,Total,9,Total,99,Total,2020,2652
A,Annual,ITD5,Emilia-Romagna,KILLINJ,Killed and injured,9,Total,9,Total,9,Total,F,Injured,P,Passenger,TOTAL,Total,9,Total,99,Total,2021,3434
A,Annual,ITD5,Emilia-Romagna,KILLINJ,Killed and injured,9,Total,9,Total,9,Total,F,Injured,P,Passenger,TOTAL,Total,9,Total,99,Total,2022,4030
A,Annual,ITD5,Emilia-Romagna,KILLINJ,Killed and injured,9,Total,9,Total,9,Total,F,Injured,P,Passenger,TOTAL,Total,9,Total,99,Total,2023,4136
A,Annual,ITD5,Emilia-Romagna,KILLINJ,Killed and injured,9,Total,9,Total,9,Total,F,Injured,P,Passenger,TOTAL,Total,9,Total,99,Total,2024,3946
A,Annual,ITD5,Emilia-Romagna,KILLINJ,Killed and injured,9,Total,9,Total,9,Total,F,Injured,X,Pedestrian,TOTAL,Total,9,Total,99,Total,2010,1679
A,Annual,ITD5,Emilia-Romagna,KILLINJ,Killed and injured,9,Total,9,Total,9,Total,F,Injured,X,Pedestrian,TOTAL,Total,9,Total,99,Total,2011,1669
A,Annual,ITD5,Emilia-Romagna,KILLINJ,Killed and injured,9,Total,9,Total,9,Total,F,Injured,X,Pedestrian,TOTAL,Total,9,Total,99,Total,2012,1667
A,Annual,ITD5,Emilia-Romagna,KILLINJ,Killed and injured,9,Total,9,Total,9,Total,F,Injured,X,Pedestrian,TOTAL,Total,9,Total,99,Total,2013,1632
A,Annual,ITD5,Emilia-Romagna,KILLINJ,Killed and injured,9,Total,9,Total,9,Total,F,Injured,X,Pedestrian,TOTAL,Total,9,Total,99,Total,2014,1716
A,Annual,ITD5,Emilia-Romagna,KILLINJ,Killed and injured,9,Total,9,Total,9,Total,F,Injured,X,Pedestrian,TOTAL,Total,9,Total,99,Total,2015,1625
A,Annual,ITD5,Emilia-Romagna,KILLINJ,Killed and injured,9,Total,9,Total,9,Total,F,Injured,X,Pedestrian,TOTAL,Total,9,Total,99,Total,2016,1627
A,Annual,ITD5,Emilia-Romagna,KILLINJ,Killed and injured,9,Total,9,Total,9,Total,F,Injured,X,Pedestrian,TOTAL,Total,9,Total,99,Total,2017,1715
A,Annual,ITD5,Emilia-Romagna,KILLINJ,Killed and injured,9,Total,9,Total,9,Total,F,Injured,X,Pedestrian,TOTAL,Total,9,Total,99,Total,2018,1733
A,Annual,ITD5,Emilia-Romagna,KILLINJ,Killed and injured,9,Total,9,Total,9,Total,F,Injured,X,Pedestrian,TOTAL,Total,9,Total,99,Total,2019,1675
A,Annual,ITD5,Emilia-Romagna,KILLINJ,Killed and injured,9,Total,9,Total,9,Total,F,Injured,X,Pedestrian,TOTAL,Total,9,Total,99,Total,2020,1092
A,Annual,ITD5,Emilia-Romagna,KILLINJ,Killed and injured,9,Total,9,Total,9,Total,F,Injured,X,Pedestrian,TOTAL,Total,9,Total,99,Total,2021,1369
A,Annual,ITD5,Emilia-Romagna,KILLINJ,Killed and injured,9,Total,9,Total,9,Total,F,Injured,X,Pedestrian,TOTAL,Total,9,Total,99,Total,2022,1664
A,Annual,ITD5,Emilia-Romagna,KILLINJ,Killed and injured,9,Total,9,Total,9,Total,F,Injured,X,Pedestrian,TOTAL,Total,9,Total,99,Total,2023,1624
A,Annual,ITD5,Emilia-Romagna,KILLINJ,Killed and injured,9,Total,9,Total,9,Total,F,Injured,X,Pedestrian,TOTAL,Total,9,Total,99,Total,2024,1687
A,Annual,ITD5,Emilia-Romagna,KILLINJ,Killed and injured,9,Total,9,Total,9,Total,F,Injured,9,Total,TOTAL,Total,9,Total,99,Total,2010,28001
A,Annual,ITD5,Emilia-Romagna,KILLINJ,Killed and injured,9,Total,9,Total,9,Total,F,Injured,9,Total,TOTAL,Total,9,Total,99,Total,2011,27989
A,Annual,ITD5,Emilia-Romagna,KILLINJ,Killed and injured,9,Total,9,Total,9,Total,F,Injured,9,Total,TOTAL,Total,9,Total,99,Total,2012,24906
A,Annual,ITD5,Emilia-Romagna,KILLINJ,Killed and injured,9,Total,9,Total,9,Total,F,Injured,9,Total,TOTAL,Total,9,Total,99,Total,2013,24915
A,Annual,ITD5,Emilia-Romagna,KILLINJ,Killed and injured,9,Total,9,Total,9,Total,F,Injured,9,Total,TOTAL,Total,9,Total,99,Total,2014,23905
A,Annual,ITD5,Emilia-Romagna,KILLINJ,Killed and injured,9,Total,9,Total,9,Total,F,Injured,9,Total,TOTAL,Total,9,Total,99,Total,2015,23788
A,Annual,ITD5,Emilia-Romagna,KILLINJ,Killed and injured,9,Total,9,Total,9,Total,F,Injured,9,Total,TOTAL,Total,9,Total,99,Total,2016,23594
A,Annual,ITD5,Emilia-Romagna,KILLINJ,Killed and injured,9,Total,9,Total,9,Total,F,Injured,9,Total,TOTAL,Total,9,Total,99,Total,2017,23500
A,Annual,ITD5,Emilia-Romagna,KILLINJ,Killed and injured,9,Total,9,Total,9,Total,F,Injured,9,Total,TOTAL,Total,9,Total,99,Total,2018,22402
A,Annual,ITD5,Emilia-Romagna,KILLINJ,Killed and injured,9,Total,9,Total,9,Total,F,Injured,9,Total,TOTAL,Total,9,Total,99,Total,2019,22392
A,Annual,ITD5,Emilia-Romagna,KILLINJ,Killed and injured,9,Total,9,Total,9,Total,F,Injured,9,Total,TOTAL,Total,9,Total,99,Total,2020,15096
A,Annual,ITD5,Emilia-Romagna,KILLINJ,Killed and injured,9,Total,9,Total,9,Total,F,Injured,9,Total,TOTAL,Total,9,Total,99,Total,2021,19618
A,Annual,ITD5,Emilia-Romagna,KILLINJ,Killed and injured,9,Total,9,Total,9,Total,F,Injured,9,Total,TOTAL,Total,9,Total,99,Total,2022,21676
A,Annual,ITD5,Emilia-Romagna,KILLINJ,Killed and injured,9,Total,9,Total,9,Total,F,Injured,9,Total,TOTAL,Total,9,Total,99,Total,2023,21818
A,Annual,ITD5,Emilia-Romagna,KILLINJ,Killed and injured,9,Total,9,Total,9,Total,F,Injured,9,Total,TOTAL,Total,9,Total,99,Total,2024,21632
A,Annual,ITD5,Emilia-Romagna,KILLINJ,Killed and injured,9,Total,9,Total,9,Total,9,Total,C,Driver,TOTAL,Total,9,Total,99,Total,2010,20321
A,Annual,ITD5,Emilia-Romagna,KILLINJ,Killed and injured,9,Total,9,Total,9,Total,9,Total,C,Driver,TOTAL,Total,9,Total,99,Total,2011,20597
A,Annual,ITD5,Emilia-Romagna,KILLINJ,Killed and injured,9,Total,9,Total,9,Total,9,Total,C,Driver,TOTAL,Total,9,Total,99,Total,2012,18170
A,Annual,ITD5,Emilia-Romagna,KILLINJ,Killed and injured,9,Total,9,Total,9,Total,9,Total,C,Driver,TOTAL,Total,9,Total,99,Total,2013,18173
A,Annual,ITD5,Emilia-Romagna,KILLINJ,Killed and injured,9,Total,9,Total,9,Total,9,Total,C,Driver,TOTAL,Total,9,Total,99,Total,2014,17184
A,Annual,ITD5,Emilia-Romagna,KILLINJ,Killed and injured,9,Total,9,Total,9,Total,9,Total,C,Driver,TOTAL,Total,9,Total,99,Total,2015,17382
A,Annual,ITD5,Emilia-Romagna,KILLINJ,Killed and injured,9,Total,9,Total,9,Total,9,Total,C,Driver,TOTAL,Total,9,Total,99,Total,2016,17350
A,Annual,ITD5,Emilia-Romagna,KILLINJ,Killed and injured,9,Total,9,Total,9,Total,9,Total,C,Driver,TOTAL,Total,9,Total,99,Total,2017,17311
A,Annual,ITD5,Emilia-Romagna,KILLINJ,Killed and injured,9,Total,9,Total,9,Total,9,Total,C,Driver,TOTAL,Total,9,Total,99,Total,2018,16325
A,Annual,ITD5,Emilia-Romagna,KILLINJ,Killed and injured,9,Total,9,Total,9,Total,9,Total,C,Driver,TOTAL,Total,9,Total,99,Total,2019,16509
A,Annual,ITD5,Emilia-Romagna,KILLINJ,Killed and injured,9,Total,9,Total,9,Total,9,Total,C,Driver,TOTAL,Total,9,Total,99,Total,2020,11526
A,Annual,ITD5,Emilia-Romagna,KILLINJ,Killed and injured,9,Total,9,Total,9,Total,9,Total,C,Driver,TOTAL,Total,9,Total,99,Total,2021,15019
A,Annual,ITD5,Emilia-Romagna,KILLINJ,Killed and injured,9,Total,9,Total,9,Total,9,Total,C,Driver,TOTAL,Total,9,Total,99,Total,2022,16219
A,Annual,ITD5,Emilia-Romagna,KILLINJ,Killed and injured,9,Total,9,Total,9,Total,9,Total,C,Driver,TOTAL,Total,9,Total,99,Total,2023,16262
A,Annual,ITD5,Emilia-Romagna,KILLINJ,Killed and injured,9,Total,9,Total,9,Total,9,Total,C,Driver,TOTAL,Total,9,Total,99,Total,2024,16213
A,Annual,ITD5,Emilia-Romagna,KILLINJ,Killed and injured,9,Total,9,Total,9,Total,9,Total,P,Passenger,TOTAL,Total,9,Total,99,Total,2010,6336
A,Annual,ITD5,Emilia-Romagna,KILLINJ,Killed and injured,9,Total,9,Total,9,Total,9,Total,P,Passenger,TOTAL,Total,9,Total,99,Total,2011,6074
A,Annual,ITD5,Emilia-Romagna,KILLINJ,Killed and injured,9,Total,9,Total,9,Total,9,Total,P,Passenger,TOTAL,Total,9,Total,99,Total,2012,5394
A,Annual,ITD5,Emilia-Romagna,KILLINJ,Killed and injured,9,Total,9,Total,9,Total,9,Total,P,Passenger,TOTAL,Total,9,Total,99,Total,2013,5400
A,Annual,ITD5,Emilia-Romagna,KILLINJ,Killed and injured,9,Total,9,Total,9,Total,9,Total,P,Passenger,TOTAL,Total,9,Total,99,Total,2014,5272
A,Annual,ITD5,Emilia-Romagna,KILLINJ,Killed and injured,9,Total,9,Total,9,Total,9,Total,P,Passenger,TOTAL,Total,9,Total,99,Total,2015,5057
A,Annual,ITD5,Emilia-Romagna,KILLINJ,Killed and injured,9,Total,9,Total,9,Total,9,Total,P,Passenger,TOTAL,Total,9,Total,99,Total,2016,4870
A,Annual,ITD5,Emilia-Romagna,KILLINJ,Killed and injured,9,Total,9,Total,9,Total,9,Total,P,Passenger,TOTAL,Total,9,Total,99,Total,2017,4784
A,Annual,ITD5,Emilia-Romagna,KILLINJ,Killed and injured,9,Total,9,Total,9,Total,9,Total,P,Passenger,TOTAL,Total,9,Total,99,Total,2018,4608
A,Annual,ITD5,Emilia-Romagna,KILLINJ,Killed and injured,9,Total,9,Total,9,Total,9,Total,P,Passenger,TOTAL,Total,9,Total,99,Total,2019,4503
A,Annual,ITD5,Emilia-Romagna,KILLINJ,Killed and injured,9,Total,9,Total,9,Total,9,Total,P,Passenger,TOTAL,Total,9,Total,99,Total,2020,2668
A,Annual,ITD5,Emilia-Romagna,KILLINJ,Killed and injured,9,Total,9,Total,9,Total,9,Total,P,Passenger,TOTAL,Total,9,Total,99,Total,2021,3470
A,Annual,ITD5,Emilia-Romagna,KILLINJ,Killed and injured,9,Total,9,Total,9,Total,9,Total,P,Passenger,TOTAL,Total,9,Total,99,Total,2022,4072
A,Annual,ITD5,Emilia-Romagna,KILLINJ,Killed and injured,9,Total,9,Total,9,Total,9,Total,P,Passenger,TOTAL,Total,9,Total,99,Total,2023,4168
A,Annual,ITD5,Emilia-Romagna,KILLINJ,Killed and injured,9,Total,9,Total,9,Total,9,Total,P,Passenger,TOTAL,Total,9,Total,99,Total,2024,3969
A,Annual,ITD5,Emilia-Romagna,KILLINJ,Killed and injured,9,Total,9,Total,9,Total,9,Total,X,Pedestrian,TOTAL,Total,9,Total,99,Total,2010,1745
A,Annual,ITD5,Emilia-Romagna,KILLINJ,Killed and injured,9,Total,9,Total,9,Total,9,Total,X,Pedestrian,TOTAL,Total,9,Total,99,Total,2011,1718
A,Annual,ITD5,Emilia-Romagna,KILLINJ,Killed and injured,9,Total,9,Total,9,Total,9,Total,X,Pedestrian,TOTAL,Total,9,Total,99,Total,2012,1722
A,Annual,ITD5,Emilia-Romagna,KILLINJ,Killed and injured,9,Total,9,Total,9,Total,9,Total,X,Pedestrian,TOTAL,Total,9,Total,99,Total,2013,1686
A,Annual,ITD5,Emilia-Romagna,KILLINJ,Killed and injured,9,Total,9,Total,9,Total,9,Total,X,Pedestrian,TOTAL,Total,9,Total,99,Total,2014,1776
A,Annual,ITD5,Emilia-Romagna,KILLINJ,Killed and injured,9,Total,9,Total,9,Total,9,Total,X,Pedestrian,TOTAL,Total,9,Total,99,Total,2015,1675
A,Annual,ITD5,Emilia-Romagna,KILLINJ,Killed and injured,9,Total,9,Total,9,Total,9,Total,X,Pedestrian,TOTAL,Total,9,Total,99,Total,2016,1681
A,Annual,ITD5,Emilia-Romagna,KILLINJ,Killed and injured,9,Total,9,Total,9,Total,9,Total,X,Pedestrian,TOTAL,Total,9,Total,99,Total,2017,1783
A,Annual,ITD5,Emilia-Romagna,KILLINJ,Killed and injured,9,Total,9,Total,9,Total,9,Total,X,Pedestrian,TOTAL,Total,9,Total,99,Total,2018,1785
A,Annual,ITD5,Emilia-Romagna,KILLINJ,Killed and injured,9,Total,9,Total,9,Total,9,Total,X,Pedestrian,TOTAL,Total,9,Total,99,Total,2019,1732
A,Annual,ITD5,Emilia-Romagna,KILLINJ,Killed and injured,9,Total,9,Total,9,Total,9,Total,X,Pedestrian,TOTAL,Total,9,Total,99,Total,2020,1125
A,Annual,ITD5,Emilia-Romagna,KILLINJ,Killed and injured,9,Total,9,Total,9,Total,9,Total,X,Pedestrian,TOTAL,Total,9,Total,99,Total,2021,1410
A,Annual,ITD5,Emilia-Romagna,KILLINJ,Killed and injured,9,Total,9,Total,9,Total,9,Total,X,Pedestrian,TOTAL,Total,9,Total,99,Total,2022,1696
A,Annual,ITD5,Emilia-Romagna,KILLINJ,Killed and injured,9,Total,9,Total,9,Total,9,Total,X,Pedestrian,TOTAL,Total,9,Total,99,Total,2023,1667
A,Annual,ITD5,Emilia-Romagna,KILLINJ,Killed and injured,9,Total,9,Total,9,Total,9,Total,X,Pedestrian,TOTAL,Total,9,Total,99,Total,2024,1723
A,Annual,ITD5,Emilia-Romagna,KILLINJ,Killed and injured,9,Total,9,Total,9,Total,9,Total,9,Total,TOTAL,Total,9,Total,99,Total,2010,28402
A,Annual,ITD5,Emilia-Romagna,KILLINJ,Killed and injured,9,Total,9,Total,9,Total,9,Total,9,Total,TOTAL,Total,9,Total,99,Total,2011,28389
A,Annual,ITD5,Emilia-Romagna,KILLINJ,Killed and injured,9,Total,9,Total,9,Total,9,Total,9,Total,TOTAL,Total,9,Total,99,Total,2012,25286
A,Annual,ITD5,Emilia-Romagna,KILLINJ,Killed and injured,9,Total,9,Total,9,Total,9,Total,9,Total,TOTAL,Total,9,Total,99,Total,2013,25259
A,Annual,ITD5,Emilia-Romagna,KILLINJ,Killed and injured,9,Total,9,Total,9,Total,9,Total,9,Total,TOTAL,Total,9,Total,99,Total,2014,24232
A,Annual,ITD5,Emilia-Romagna,KILLINJ,Killed and injured,9,Total,9,Total,9,Total,9,Total,9,Total,TOTAL,Total,9,Total,99,Total,2015,24114
A,Annual,ITD5,Emilia-Romagna,KILLINJ,Killed and injured,9,Total,9,Total,9,Total,9,Total,9,Total,TOTAL,Total,9,Total,99,Total,2016,23901
A,Annual,ITD5,Emilia-Romagna,KILLINJ,Killed and injured,9,Total,9,Total,9,Total,9,Total,9,Total,TOTAL,Total,9,Total,99,Total,2017,23878
A,Annual,ITD5,Emilia-Romagna,KILLINJ,Killed and injured,9,Total,9,Total,9,Total,9,Total,9,Total,TOTAL,Total,9,Total,99,Total,2018,22718
A,Annual,ITD5,Emilia-Romagna,KILLINJ,Killed and injured,9,Total,9,Total,9,Total,9,Total,9,Total,TOTAL,Total,9,Total,99,Total,2019,22744
A,Annual,ITD5,Emilia-Romagna,KILLINJ,Killed and injured,9,Total,9,Total,9,Total,9,Total,9,Total,TOTAL,Total,9,Total,99,Total,2020,15319
A,Annual,ITD5,Emilia-Romagna,KILLINJ,Killed and injured,9,Total,9,Total,9,Total,9,Total,9,Total,TOTAL,Total,9,Total,99,Total,2021,19899
A,Annual,ITD5,Emilia-Romagna,KILLINJ,Killed and injured,9,Total,9,Total,9,Total,9,Total,9,Total,TOTAL,Total,9,Total,99,Total,2022,21987
A,Annual,ITD5,Emilia-Romagna,KILLINJ,Killed and injured,9,Total,9,Total,9,Total,9,Total,9,Total,TOTAL,Total,9,Total,99,Total,2023,22097
A,Annual,ITD5,Emilia-Romagna,KILLINJ,Killed and injured,9,Total,9,Total,9,Total,9,Total,9,Total,TOTAL,Total,9,Total,99,Total,2024,21905
A,Annual,ITE1,Toscana,KILLINJ,Killed and injured,9,Total,9,Total,9,Total,M,Killed,C,Driver,TOTAL,Total,9,Total,99,Total,2010,197
A,Annual,ITE1,Toscana,KILLINJ,Killed and injured,9,Total,9,Total,9,Total,M,Killed,C,Driver,TOTAL,Total,9,Total,99,Total,2011,189
A,Annual,ITE1,Toscana,KILLINJ,Killed and injured,9,Total,9,Total,9,Total,M,Killed,C,Driver,TOTAL,Total,9,Total,99,Total,2012,166
A,Annual,ITE1,Toscana,KILLINJ,Killed and injured,9,Total,9,Total,9,Total,M,Killed,C,Driver,TOTAL,Total,9,Total,99,Total,2013,144
A,Annual,ITE1,Toscana,KILLINJ,Killed and injured,9,Total,9,Total,9,Total,M,Killed,C,Driver,TOTAL,Total,9,Total,99,Total,2014,164
A,Annual,ITE1,Toscana,KILLINJ,Killed and injured,9,Total,9,Total,9,Total,M,Killed,C,Driver,TOTAL,Total,9,Total,99,Total,2015,172
A,Annual,ITE1,Toscana,KILLINJ,Killed and injured,9,Total,9,Total,9,Total,M,Killed,C,Driver,TOTAL,Total,9,Total,99,Total,2016,151
A,Annual,ITE1,Toscana,KILLINJ,Killed and injured,9,Total,9,Total,9,Total,M,Killed,C,Driver,TOTAL,Total,9,Total,99,Total,2017,192
A,Annual,ITE1,Toscana,KILLINJ,Killed and injured,9,Total,9,Total,9,Total,M,Killed,C,Driver,TOTAL,Total,9,Total,99,Total,2018,156
A,Annual,ITE1,Toscana,KILLINJ,Killed and injured,9,Total,9,Total,9,Total,M,Killed,C,Driver,TOTAL,Total,9,Total,99,Total,2019,158
A,Annual,ITE1,Toscana,KILLINJ,Killed and injured,9,Total,9,Total,9,Total,M,Killed,C,Driver,TOTAL,Total,9,Total,99,Total,2020,100
A,Annual,ITE1,Toscana,KILLINJ,Killed and injured,9,Total,9,Total,9,Total,M,Killed,C,Driver,TOTAL,Total,9,Total,99,Total,2021,133
A,Annual,ITE1,Toscana,KILLINJ,Killed and injured,9,Total,9,Total,9,Total,M,Killed,C,Driver,TOTAL,Total,9,Total,99,Total,2022,157
A,Annual,ITE1,Toscana,KILLINJ,Killed and injured,9,Total,9,Total,9,Total,M,Killed,C,Driver,TOTAL,Total,9,Total,99,Total,2023,151
A,Annual,ITE1,Toscana,KILLINJ,Killed and injured,9,Total,9,Total,9,Total,M,Killed,C,Driver,TOTAL,Total,9,Total,99,Total,2024,135
A,Annual,ITE1,Toscana,KILLINJ,Killed and injured,9,Total,9,Total,9,Total,M,Killed,P,Passenger,TOTAL,Total,9,Total,99,Total,2010,45
A,Annual,ITE1,Toscana,KILLINJ,Killed and injured,9,Total,9,Total,9,Total,M,Killed,P,Passenger,TOTAL,Total,9,Total,99,Total,2011,29
A,Annual,ITE1,Toscana,KILLINJ,Killed and injured,9,Total,9,Total,9,Total,M,Killed,P,Passenger,TOTAL,Total,9,Total,99,Total,2012,25
A,Annual,ITE1,Toscana,KILLINJ,Killed and injured,9,Total,9,Total,9,Total,M,Killed,P,Passenger,TOTAL,Total,9,Total,99,Total,2013,27
A,Annual,ITE1,Toscana,KILLINJ,Killed and injured,9,Total,9,Total,9,Total,M,Killed,P,Passenger,TOTAL,Total,9,Total,99,Total,2014,31
A,Annual,ITE1,Toscana,KILLINJ,Killed and injured,9,Total,9,Total,9,Total,M,Killed,P,Passenger,TOTAL,Total,9,Total,99,Total,2015,20
A,Annual,ITE1,Toscana,KILLINJ,Killed and injured,9,Total,9,Total,9,Total,M,Killed,P,Passenger,TOTAL,Total,9,Total,99,Total,2016,32
A,Annual,ITE1,Toscana,KILLINJ,Killed and injured,9,Total,9,Total,9,Total,M,Killed,P,Passenger,TOTAL,Total,9,Total,99,Total,2017,23
A,Annual,ITE1,Toscana,KILLINJ,Killed and injured,9,Total,9,Total,9,Total,M,Killed,P,Passenger,TOTAL,Total,9,Total,99,Total,2018,32
A,Annual,ITE1,Toscana,KILLINJ,Killed and injured,9,Total,9,Total,9,Total,M,Killed,P,Passenger,TOTAL,Total,9,Total,99,Total,2019,19
A,Annual,ITE1,Toscana,KILLINJ,Killed and injured,9,Total,9,Total,9,Total,M,Killed,P,Passenger,TOTAL,Total,9,Total,99,Total,2020,24
A,Annual,ITE1,Toscana,KILLINJ,Killed and injured,9,Total,9,Total,9,Total,M,Killed,P,Passenger,TOTAL,Total,9,Total,99,Total,2021,19
A,Annual,ITE1,Toscana,KILLINJ,Killed and injured,9,Total,9,Total,9,Total,M,Killed,P,Passenger,TOTAL,Total,9,Total,99,Total,2022,23
A,Annual,ITE1,Toscana,KILLINJ,Killed and injured,9,Total,9,Total,9,Total,M,Killed,P,Passenger,TOTAL,Total,9,Total,99,Total,2023,18
A,Annual,ITE1,Toscana,KILLINJ,Killed and injured,9,Total,9,Total,9,Total,M,Killed,P,Passenger,TOTAL,Total,9,Total,99,Total,2024,20
A,Annual,ITE1,Toscana,KILLINJ,Killed and injured,9,Total,9,Total,9,Total,M,Killed,X,Pedestrian,TOTAL,Total,9,Total,99,Total,2010,64
A,Annual,ITE1,Toscana,KILLINJ,Killed and injured,9,Total,9,Total,9,Total,M,Killed,X,Pedestrian,TOTAL,Total,9,Total,99,Total,2011,47
A,Annual,ITE1,Toscana,KILLINJ,Killed and injured,9,Total,9,Total,9,Total,M,Killed,X,Pedestrian,TOTAL,Total,9,Total,99,Total,2012,62
A,Annual,ITE1,Toscana,KILLINJ,Killed and injured,9,Total,9,Total,9,Total,M,Killed,X,Pedestrian,TOTAL,Total,9,Total,99,Total,2013,53
A,Annual,ITE1,Toscana,KILLINJ,Killed and injured,9,Total,9,Total,9,Total,M,Killed,X,Pedestrian,TOTAL,Total,9,Total,99,Total,2014,55
A,Annual,ITE1,Toscana,KILLINJ,Killed and injured,9,Total,9,Total,9,Total,M,Killed,X,Pedestrian,TOTAL,Total,9,Total,99,Total,2015,55
A,Annual,ITE1,Toscana,KILLINJ,Killed and injured,9,Total,9,Total,9,Total,M,Killed,X,Pedestrian,TOTAL,Total,9,Total,99,Total,2016,66
A,Annual,ITE1,Toscana,KILLINJ,Killed and injured,9,Total,9,Total,9,Total,M,Killed,X,Pedestrian,TOTAL,Total,9,Total,99,Total,2017,54
A,Annual,ITE1,Toscana,KILLINJ,Killed and injured,9,Total,9,Total,9,Total,M,Killed,X,Pedestrian,TOTAL,Total,9,Total,99,Total,2018,51
A,Annual,ITE1,Toscana,KILLINJ,Killed and injured,9,Total,9,Total,9,Total,M,Killed,X,Pedestrian,TOTAL,Total,9,Total,99,Total,2019,32
A,Annual,ITE1,Toscana,KILLINJ,Killed and injured,9,Total,9,Total,9,Total,M,Killed,X,Pedestrian,TOTAL,Total,9,Total,99,Total,2020,28
A,Annual,ITE1,Toscana,KILLINJ,Killed and injured,9,Total,9,Total,9,Total,M,Killed,X,Pedestrian,TOTAL,Total,9,Total,99,Total,2021,38
A,Annual,ITE1,Toscana,KILLINJ,Killed and injured,9,Total,9,Total,9,Total,M,Killed,X,Pedestrian,TOTAL,Total,9,Total,99,Total,2022,45
A,Annual,ITE1,Toscana,KILLINJ,Killed and injured,9,Total,9,Total,9,Total,M,Killed,X,Pedestrian,TOTAL,Total,9,Total,99,Total,2023,33
A,Annual,ITE1,Toscana,KILLINJ,Killed and injured,9,Total,9,Total,9,Total,M,Killed,X,Pedestrian,TOTAL,Total,9,Total,99,Total,2024,33
A,Annual,ITE1,Toscana,KILLINJ,Killed and injured,9,Total,9,Total,9,Total,M,Killed,9,Total,TOTAL,Total,9,Total,99,Total,2010,306
A,Annual,ITE1,Toscana,KILLINJ,Killed and injured,9,Total,9,Total,9,Total,M,Killed,9,Total,TOTAL,Total,9,Total,99,Total,2011,265
A,Annual,ITE1,Toscana,KILLINJ,Killed and injured,9,Total,9,Total,9,Total,M,Killed,9,Total,TOTAL,Total,9,Total,99,Total,2012,253
A,Annual,ITE1,Toscana,KILLINJ,Killed and injured,9,Total,9,Total,9,Total,M,Killed,9,Total,TOTAL,Total,9,Total,99,Total,2013,224
A,Annual,ITE1,Toscana,KILLINJ,Killed and injured,9,Total,9,Total,9,Total,M,Killed,9,Total,TOTAL,Total,9,Total,99,Total,2014,250
A,Annual,ITE1,Toscana,KILLINJ,Killed and injured,9,Total,9,Total,9,Total,M,Killed,9,Total,TOTAL,Total,9,Total,99,Total,2015,247
A,Annual,ITE1,Toscana,KILLINJ,Killed and injured,9,Total,9,Total,9,Total,M,Killed,9,Total,TOTAL,Total,9,Total,99,Total,2016,249
A,Annual,ITE1,Toscana,KILLINJ,Killed and injured,9,Total,9,Total,9,Total,M,Killed,9,Total,TOTAL,Total,9,Total,99,Total,2017,269
A,Annual,ITE1,Toscana,KILLINJ,Killed and injured,9,Total,9,Total,9,Total,M,Killed,9,Total,TOTAL,Total,9,Total,99,Total,2018,239
A,Annual,ITE1,Toscana,KILLINJ,Killed and injured,9,Total,9,Total,9,Total,M,Killed,9,Total,TOTAL,Total,9,Total,99,Total,2019,209
A,Annual,ITE1,Toscana,KILLINJ,Killed and injured,9,Total,9,Total,9,Total,M,Killed,9,Total,TOTAL,Total,9,Total,99,Total,2020,152
A,Annual,ITE1,Toscana,KILLINJ,Killed and injured,9,Total,9,Total,9,Total,M,Killed,9,Total,TOTAL,Total,9,Total,99,Total,2021,190
A,Annual,ITE1,Toscana,KILLINJ,Killed and injured,9,Total,9,Total,9,Total,M,Killed,9,Total,TOTAL,Total,9,Total,99,Total,2022,225
A,Annual,ITE1,Toscana,KILLINJ,Killed and injured,9,Total,9,Total,9,Total,M,Killed,9,Total,TOTAL,Total,9,Total,99,Total,2023,202
A,Annual,ITE1,Toscana,KILLINJ,Killed and injured,9,Total,9,Total,9,Total,M,Killed,9,Total,TOTAL,Total,9,Total,99,Total,2024,188
A,Annual,ITE1,Toscana,KILLINJ,Killed and injured,9,Total,9,Total,9,Total,F,Injured,C,Driver,TOTAL,Total,9,Total,99,Total,2010,18378
A,Annual,ITE1,Toscana,KILLINJ,Killed and injured,9,Total,9,Total,9,Total,F,Injured,C,Driver,TOTAL,Total,9,Total,99,Total,2011,18223
A,Annual,ITE1,Toscana,KILLINJ,Killed and injured,9,Total,9,Total,9,Total,F,Injured,C,Driver,TOTAL,Total,9,Total,99,Total,2012,16578
A,Annual,ITE1,Toscana,KILLINJ,Killed and injured,9,Total,9,Total,9,Total,F,Injured,C,Driver,TOTAL,Total,9,Total,99,Total,2013,15431
A,Annual,ITE1,Toscana,KILLINJ,Killed and injured,9,Total,9,Total,9,Total,F,Injured,C,Driver,TOTAL,Total,9,Total,99,Total,2014,15816
A,Annual,ITE1,Toscana,KILLINJ,Killed and injured,9,Total,9,Total,9,Total,F,Injured,C,Driver,TOTAL,Total,9,Total,99,Total,2015,15120
A,Annual,ITE1,Toscana,KILLINJ,Killed and injured,9,Total,9,Total,9,Total,F,Injured,C,Driver,TOTAL,Total,9,Total,99,Total,2016,15620
A,Annual,ITE1,Toscana,KILLINJ,Killed and injured,9,Total,9,Total,9,Total,F,Injured,C,Driver,TOTAL,Total,9,Total,99,Total,2017,15397
A,Annual,ITE1,Toscana,KILLINJ,Killed and injured,9,Total,9,Total,9,Total,F,Injured,C,Driver,TOTAL,Total,9,Total,99,Total,2018,15045
A,Annual,ITE1,Toscana,KILLINJ,Killed and injured,9,Total,9,Total,9,Total,F,Injured,C,Driver,TOTAL,Total,9,Total,99,Total,2019,14672
A,Annual,ITE1,Toscana,KILLINJ,Killed and injured,9,Total,9,Total,9,Total,F,Injured,C,Driver,TOTAL,Total,9,Total,99,Total,2020,9690
A,Annual,ITE1,Toscana,KILLINJ,Killed and injured,9,Total,9,Total,9,Total,F,Injured,C,Driver,TOTAL,Total,9,Total,99,Total,2021,12980
A,Annual,ITE1,Toscana,KILLINJ,Killed and injured,9,Total,9,Total,9,Total,F,Injured,C,Driver,TOTAL,Total,9,Total,99,Total,2022,14271
A,Annual,ITE1,Toscana,KILLINJ,Killed and injured,9,Total,9,Total,9,Total,F,Injured,C,Driver,TOTAL,Total,9,Total,99,Total,2023,14043
A,Annual,ITE1,Toscana,KILLINJ,Killed and injured,9,Total,9,Total,9,Total,F,Injured,C,Driver,TOTAL,Total,9,Total,99,Total,2024,14231
A,Annual,ITE1,Toscana,KILLINJ,Killed and injured,9,Total,9,Total,9,Total,F,Injured,P,Passenger,TOTAL,Total,9,Total,99,Total,2010,4791
A,Annual,ITE1,Toscana,KILLINJ,Killed and injured,9,Total,9,Total,9,Total,F,Injured,P,Passenger,TOTAL,Total,9,Total,99,Total,2011,4655
A,Annual,ITE1,Toscana,KILLINJ,Killed and injured,9,Total,9,Total,9,Total,F,Injured,P,Passenger,TOTAL,Total,9,Total,99,Total,2012,4520
A,Annual,ITE1,Toscana,KILLINJ,Killed and injured,9,Total,9,Total,9,Total,F,Injured,P,Passenger,TOTAL,Total,9,Total,99,Total,2013,4189
A,Annual,ITE1,Toscana,KILLINJ,Killed and injured,9,Total,9,Total,9,Total,F,Injured,P,Passenger,TOTAL,Total,9,Total,99,Total,2014,4089
A,Annual,ITE1,Toscana,KILLINJ,Killed and injured,9,Total,9,Total,9,Total,F,Injured,P,Passenger,TOTAL,Total,9,Total,99,Total,2015,3950
A,Annual,ITE1,Toscana,KILLINJ,Killed and injured,9,Total,9,Total,9,Total,F,Injured,P,Passenger,TOTAL,Total,9,Total,99,Total,2016,4246
A,Annual,ITE1,Toscana,KILLINJ,Killed and injured,9,Total,9,Total,9,Total,F,Injured,P,Passenger,TOTAL,Total,9,Total,99,Total,2017,3968
A,Annual,ITE1,Toscana,KILLINJ,Killed and injured,9,Total,9,Total,9,Total,F,Injured,P,Passenger,TOTAL,Total,9,Total,99,Total,2018,3881
A,Annual,ITE1,Toscana,KILLINJ,Killed and injured,9,Total,9,Total,9,Total,F,Injured,P,Passenger,TOTAL,Total,9,Total,99,Total,2019,3704
A,Annual,ITE1,Toscana,KILLINJ,Killed and injured,9,Total,9,Total,9,Total,F,Injured,P,Passenger,TOTAL,Total,9,Total,99,Total,2020,2171
A,Annual,ITE1,Toscana,KILLINJ,Killed and injured,9,Total,9,Total,9,Total,F,Injured,P,Passenger,TOTAL,Total,9,Total,99,Total,2021,2964
A,Annual,ITE1,Toscana,KILLINJ,Killed and injured,9,Total,9,Total,9,Total,F,Injured,P,Passenger,TOTAL,Total,9,Total,99,Total,2022,3309
A,Annual,ITE1,Toscana,KILLINJ,Killed and injured,9,Total,9,Total,9,Total,F,Injured,P,Passenger,TOTAL,Total,9,Total,99,Total,2023,3298
A,Annual,ITE1,Toscana,KILLINJ,Killed and injured,9,Total,9,Total,9,Total,F,Injured,P,Passenger,TOTAL,Total,9,Total,99,Total,2024,3374
A,Annual,ITE1,Toscana,KILLINJ,Killed and injured,9,Total,9,Total,9,Total,F,Injured,X,Pedestrian,TOTAL,Total,9,Total,99,Total,2010,2115
A,Annual,ITE1,Toscana,KILLINJ,Killed and injured,9,Total,9,Total,9,Total,F,Injured,X,Pedestrian,TOTAL,Total,9,Total,99,Total,2011,1998
A,Annual,ITE1,Toscana,KILLINJ,Killed and injured,9,Total,9,Total,9,Total,F,Injured,X,Pedestrian,TOTAL,Total,9,Total,99,Total,2012,1936
A,Annual,ITE1,Toscana,KILLINJ,Killed and injured,9,Total,9,Total,9,Total,F,Injured,X,Pedestrian,TOTAL,Total,9,Total,99,Total,2013,2043
A,Annual,ITE1,Toscana,KILLINJ,Killed and injured,9,Total,9,Total,9,Total,F,Injured,X,Pedestrian,TOTAL,Total,9,Total,99,Total,2014,2146
A,Annual,ITE1,Toscana,KILLINJ,Killed and injured,9,Total,9,Total,9,Total,F,Injured,X,Pedestrian,TOTAL,Total,9,Total,99,Total,2015,1887
A,Annual,ITE1,Toscana,KILLINJ,Killed and injured,9,Total,9,Total,9,Total,F,Injured,X,Pedestrian,TOTAL,Total,9,Total,99,Total,2016,2156
A,Annual,ITE1,Toscana,KILLINJ,Killed and injured,9,Total,9,Total,9,Total,F,Injured,X,Pedestrian,TOTAL,Total,9,Total,99,Total,2017,2025
A,Annual,ITE1,Toscana,KILLINJ,Killed and injured,9,Total,9,Total,9,Total,F,Injured,X,Pedestrian,TOTAL,Total,9,Total,99,Total,2018,2059
A,Annual,ITE1,Toscana,KILLINJ,Killed and injured,9,Total,9,Total,9,Total,F,Injured,X,Pedestrian,TOTAL,Total,9,Total,99,Total,2019,2002
A,Annual,ITE1,Toscana,KILLINJ,Killed and injured,9,Total,9,Total,9,Total,F,Injured,X,Pedestrian,TOTAL,Total,9,Total,99,Total,2020,1326
A,Annual,ITE1,Toscana,KILLINJ,Killed and injured,9,Total,9,Total,9,Total,F,Injured,X,Pedestrian,TOTAL,Total,9,Total,99,Total,2021,1566
A,Annual,ITE1,Toscana,KILLINJ,Killed and injured,9,Total,9,Total,9,Total,F,Injured,X,Pedestrian,TOTAL,Total,9,Total,99,Total,2022,1727
A,Annual,ITE1,Toscana,KILLINJ,Killed and injured,9,Total,9,Total,9,Total,F,Injured,X,Pedestrian,TOTAL,Total,9,Total,99,Total,2023,1758
A,Annual,ITE1,Toscana,KILLINJ,Killed and injured,9,Total,9,Total,9,Total,F,Injured,X,Pedestrian,TOTAL,Total,9,Total,99,Total,2024,1860
A,Annual,ITE1,Toscana,KILLINJ,Killed and injured,9,Total,9,Total,9,Total,F,Injured,9,Total,TOTAL,Total,9,Total,99,Total,2010,25284
A,Annual,ITE1,Toscana,KILLINJ,Killed and injured,9,Total,9,Total,9,Total,F,Injured,9,Total,TOTAL,Total,9,Total,99,Total,2011,24876
A,Annual,ITE1,Toscana,KILLINJ,Killed and injured,9,Total,9,Total,9,Total,F,Injured,9,Total,TOTAL,Total,9,Total,99,Total,2012,23034
A,Annual,ITE1,Toscana,KILLINJ,Killed and injured,9,Total,9,Total,9,Total,F,Injured,9,Total,TOTAL,Total,9,Total,99,Total,2013,21663
A,Annual,ITE1,Toscana,KILLINJ,Killed and injured,9,Total,9,Total,9,Total,F,Injured,9,Total,TOTAL,Total,9,Total,99,Total,2014,22051
A,Annual,ITE1,Toscana,KILLINJ,Killed and injured,9,Total,9,Total,9,Total,F,Injured,9,Total,TOTAL,Total,9,Total,99,Total,2015,20957
A,Annual,ITE1,Toscana,KILLINJ,Killed and injured,9,Total,9,Total,9,Total,F,Injured,9,Total,TOTAL,Total,9,Total,99,Total,2016,22022
A,Annual,ITE1,Toscana,KILLINJ,Killed and injured,9,Total,9,Total,9,Total,F,Injured,9,Total,TOTAL,Total,9,Total,99,Total,2017,21390
A,Annual,ITE1,Toscana,KILLINJ,Killed and injured,9,Total,9,Total,9,Total,F,Injured,9,Total,TOTAL,Total,9,Total,99,Total,2018,20985
A,Annual,ITE1,Toscana,KILLINJ,Killed and injured,9,Total,9,Total,9,Total,F,Injured,9,Total,TOTAL,Total,9,Total,99,Total,2019,20378
A,Annual,ITE1,Toscana,KILLINJ,Killed and injured,9,Total,9,Total,9,Total,F,Injured,9,Total,TOTAL,Total,9,Total,99,Total,2020,13187
A,Annual,ITE1,Toscana,KILLINJ,Killed and injured,9,Total,9,Total,9,Total,F,Injured,9,Total,TOTAL,Total,9,Total,99,Total,2021,17510
A,Annual,ITE1,Toscana,KILLINJ,Killed and injured,9,Total,9,Total,9,Total,F,Injured,9,Total,TOTAL,Total,9,Total,99,Total,2022,19307
A,Annual,ITE1,Toscana,KILLINJ,Killed and injured,9,Total,9,Total,9,Total,F,Injured,9,Total,TOTAL,Total,9,Total,99,Total,2023,19099
A,Annual,ITE1,Toscana,KILLINJ,Killed and injured,9,Total,9,Total,9,Total,F,Injured,9,Total,TOTAL,Total,9,Total,99,Total,2024,19465
A,Annual,ITE1,Toscana,KILLINJ,Killed and injured,9,Total,9,Total,9,Total,9,Total,C,Driver,TOTAL,Total,9,Total,99,Total,2010,18575
A,Annual,ITE1,Toscana,KILLINJ,Killed and injured,9,Total,9,Total,9,Total,9,Total,C,Driver,TOTAL,Total,9,Total,99,Total,2011,18412
A,Annual,ITE1,Toscana,KILLINJ,Killed and injured,9,Total,9,Total,9,Total,9,Total,C,Driver,TOTAL,Total,9,Total,99,Total,2012,16744
A,Annual,ITE1,Toscana,KILLINJ,Killed and injured,9,Total,9,Total,9,Total,9,Total,C,Driver,TOTAL,Total,9,Total,99,Total,2013,15575
A,Annual,ITE1,Toscana,KILLINJ,Killed and injured,9,Total,9,Total,9,Total,9,Total,C,Driver,TOTAL,Total,9,Total,99,Total,2014,15980
A,Annual,ITE1,Toscana,KILLINJ,Killed and injured,9,Total,9,Total,9,Total,9,Total,C,Driver,TOTAL,Total,9,Total,99,Total,2015,15292
A,Annual,ITE1,Toscana,KILLINJ,Killed and injured,9,Total,9,Total,9,Total,9,Total,C,Driver,TOTAL,Total,9,Total,99,Total,2016,15771
A,Annual,ITE1,Toscana,KILLINJ,Killed and injured,9,Total,9,Total,9,Total,9,Total,C,Driver,TOTAL,Total,9,Total,99,Total,2017,15589
A,Annual,ITE1,Toscana,KILLINJ,Killed and injured,9,Total,9,Total,9,Total,9,Total,C,Driver,TOTAL,Total,9,Total,99,Total,2018,15201
A,Annual,ITE1,Toscana,KILLINJ,Killed and injured,9,Total,9,Total,9,Total,9,Total,C,Driver,TOTAL,Total,9,Total,99,Total,2019,14830
A,Annual,ITE1,Toscana,KILLINJ,Killed and injured,9,Total,9,Total,9,Total,9,Total,C,Driver,TOTAL,Total,9,Total,99,Total,2020,9790
A,Annual,ITE1,Toscana,KILLINJ,Killed and injured,9,Total,9,Total,9,Total,9,Total,C,Driver,TOTAL,Total,9,Total,99,Total,2021,13113
A,Annual,ITE1,Toscana,KILLINJ,Killed and injured,9,Total,9,Total,9,Total,9,Total,C,Driver,TOTAL,Total,9,Total,99,Total,2022,14428
A,Annual,ITE1,Toscana,KILLINJ,Killed and injured,9,Total,9,Total,9,Total,9,Total,C,Driver,TOTAL,Total,9,Total,99,Total,2023,14194
A,Annual,ITE1,Toscana,KILLINJ,Killed and injured,9,Total,9,Total,9,Total,9,Total,C,Driver,TOTAL,Total,9,Total,99,Total,2024,14366
A,Annual,ITE1,Toscana,KILLINJ,Killed and injured,9,Total,9,Total,9,Total,9,Total,P,Passenger,TOTAL,Total,9,Total,99,Total,2010,4836
A,Annual,ITE1,Toscana,KILLINJ,Killed and injured,9,Total,9,Total,9,Total,9,Total,P,Passenger,TOTAL,Total,9,Total,99,Total,2011,4684
A,Annual,ITE1,Toscana,KILLINJ,Killed and injured,9,Total,9,Total,9,Total,9,Total,P,Passenger,TOTAL,Total,9,Total,99,Total,2012,4545
A,Annual,ITE1,Toscana,KILLINJ,Killed and injured,9,Total,9,Total,9,Total,9,Total,P,Passenger,TOTAL,Total,9,Total,99,Total,2013,4216
A,Annual,ITE1,Toscana,KILLINJ,Killed and injured,9,Total,9,Total,9,Total,9,Total,P,Passenger,TOTAL,Total,9,Total,99,Total,2014,4120
A,Annual,ITE1,Toscana,KILLINJ,Killed and injured,9,Total,9,Total,9,Total,9,Total,P,Passenger,TOTAL,Total,9,Total,99,Total,2015,3970
A,Annual,ITE1,Toscana,KILLINJ,Killed and injured,9,Total,9,Total,9,Total,9,Total,P,Passenger,TOTAL,Total,9,Total,99,Total,2016,4278
A,Annual,ITE1,Toscana,KILLINJ,Killed and injured,9,Total,9,Total,9,Total,9,Total,P,Passenger,TOTAL,Total,9,Total,99,Total,2017,3991
A,Annual,ITE1,Toscana,KILLINJ,Killed and injured,9,Total,9,Total,9,Total,9,Total,P,Passenger,TOTAL,Total,9,Total,99,Total,2018,3913
A,Annual,ITE1,Toscana,KILLINJ,Killed and injured,9,Total,9,Total,9,Total,9,Total,P,Passenger,TOTAL,Total,9,Total,99,Total,2019,3723
A,Annual,ITE1,Toscana,KILLINJ,Killed and injured,9,Total,9,Total,9,Total,9,Total,P,Passenger,TOTAL,Total,9,Total,99,Total,2020,2195
A,Annual,ITE1,Toscana,KILLINJ,Killed and injured,9,Total,9,Total,9,Total,9,Total,P,Passenger,TOTAL,Total,9,Total,99,Total,2021,2983
A,Annual,ITE1,Toscana,KILLINJ,Killed and injured,9,Total,9,Total,9,Total,9,Total,P,Passenger,TOTAL,Total,9,Total,99,Total,2022,3332
A,Annual,ITE1,Toscana,KILLINJ,Killed and injured,9,Total,9,Total,9,Total,9,Total,P,Passenger,TOTAL,Total,9,Total,99,Total,2023,3316
A,Annual,ITE1,Toscana,KILLINJ,Killed and injured,9,Total,9,Total,9,Total,9,Total,P,Passenger,TOTAL,Total,9,Total,99,Total,2024,3394
A,Annual,ITE1,Toscana,KILLINJ,Killed and injured,9,Total,9,Total,9,Total,9,Total,X,Pedestrian,TOTAL,Total,9,Total,99,Total,2010,2179
A,Annual,ITE1,Toscana,KILLINJ,Killed and injured,9,Total,9,Total,9,Total,9,Total,X,Pedestrian,TOTAL,Total,9,Total,99,Total,2011,2045
A,Annual,ITE1,Toscana,KILLINJ,Killed and injured,9,Total,9,Total,9,Total,9,Total,X,Pedestrian,TOTAL,Total,9,Total,99,Total,2012,1998
A,Annual,ITE1,Toscana,KILLINJ,Killed and injured,9,Total,9,Total,9,Total,9,Total,X,Pedestrian,TOTAL,Total,9,Total,99,Total,2013,2096
A,Annual,ITE1,Toscana,KILLINJ,Killed and injured,9,Total,9,Total,9,Total,9,Total,X,Pedestrian,TOTAL,Total,9,Total,99,Total,2014,2201
A,Annual,ITE1,Toscana,KILLINJ,Killed and injured,9,Total,9,Total,9,Total,9,Total,X,Pedestrian,TOTAL,Total,9,Total,99,Total,2015,1942
A,Annual,ITE1,Toscana,KILLINJ,Killed and injured,9,Total,9,Total,9,Total,9,Total,X,Pedestrian,TOTAL,Total,9,Total,99,Total,2016,2222
A,Annual,ITE1,Toscana,KILLINJ,Killed and injured,9,Total,9,Total,9,Total,9,Total,X,Pedestrian,TOTAL,Total,9,Total,99,Total,2017,2079
A,Annual,ITE1,Toscana,KILLINJ,Killed and injured,9,Total,9,Total,9,Total,9,Total,X,Pedestrian,TOTAL,Total,9,Total,99,Total,2018,2110
A,Annual,ITE1,Toscana,KILLINJ,Killed and injured,9,Total,9,Total,9,Total,9,Total,X,Pedestrian,TOTAL,Total,9,Total,99,Total,2019,2034
A,Annual,ITE1,Toscana,KILLINJ,Killed and injured,9,Total,9,Total,9,Total,9,Total,X,Pedestrian,TOTAL,Total,9,Total,99,Total,2020,1354
A,Annual,ITE1,Toscana,KILLINJ,Killed and injured,9,Total,9,Total,9,Total,9,Total,X,Pedestrian,TOTAL,Total,9,Total,99,Total,2021,1604
A,Annual,ITE1,Toscana,KILLINJ,Killed and injured,9,Total,9,Total,9,Total,9,Total,X,Pedestrian,TOTAL,Total,9,Total,99,Total,2022,1772
A,Annual,ITE1,Toscana,KILLINJ,Killed and injured,9,Total,9,Total,9,Total,9,Total,X,Pedestrian,TOTAL,Total,9,Total,99,Total,2023,1791
A,Annual,ITE1,Toscana,KILLINJ,Killed and injured,9,Total,9,Total,9,Total,9,Total,X,Pedestrian,TOTAL,Total,9,Total,99,Total,2024,1893
A,Annual,ITE1,Toscana,KILLINJ,Killed and injured,9,Total,9,Total,9,Total,9,Total,9,Total,TOTAL,Total,9,Total,99,Total,2010,25590
A,Annual,ITE1,Toscana,KILLINJ,Killed and injured,9,Total,9,Total,9,Total,9,Total,9,Total,TOTAL,Total,9,Total,99,Total,2011,25141
A,Annual,ITE1,Toscana,KILLINJ,Killed and injured,9,Total,9,Total,9,Total,9,Total,9,Total,TOTAL,Total,9,Total,99,Total,2012,23287
A,Annual,ITE1,Toscana,KILLINJ,Killed and injured,9,Total,9,Total,9,Total,9,Total,9,Total,TOTAL,Total,9,Total,99,Total,2013,21887
A,Annual,ITE1,Toscana,KILLINJ,Killed and injured,9,Total,9,Total,9,Total,9,Total,9,Total,TOTAL,Total,9,Total,99,Total,2014,22301
A,Annual,ITE1,Toscana,KILLINJ,Killed and injured,9,Total,9,Total,9,Total,9,Total,9,Total,TOTAL,Total,9,Total,99,Total,2015,21204
A,Annual,ITE1,Toscana,KILLINJ,Killed and injured,9,Total,9,Total,9,Total,9,Total,9,Total,TOTAL,Total,9,Total,99,Total,2016,22271
A,Annual,ITE1,Toscana,KILLINJ,Killed and injured,9,Total,9,Total,9,Total,9,Total,9,Total,TOTAL,Total,9,Total,99,Total,2017,21659
A,Annual,ITE1,Toscana,KILLINJ,Killed and injured,9,Total,9,Total,9,Total,9,Total,9,Total,TOTAL,Total,9,Total,99,Total,2018,21224
A,Annual,ITE1,Toscana,KILLINJ,Killed and injured,9,Total,9,Total,9,Total,9,Total,9,Total,TOTAL,Total,9,Total,99,Total,2019,20587
A,Annual,ITE1,Toscana,KILLINJ,Killed and injured,9,Total,9,Total,9,Total,9,Total,9,Total,TOTAL,Total,9,Total,99,Total,2020,13339
A,Annual,ITE1,Toscana,KILLINJ,Killed and injured,9,Total,9,Total,9,Total,9,Total,9,Total,TOTAL,Total,9,Total,99,Total,2021,17700
A,Annual,ITE1,Toscana,KILLINJ,Killed and injured,9,Total,9,Total,9,Total,9,Total,9,Total,TOTAL,Total,9,Total,99,Total,2022,19532
A,Annual,ITE1,Toscana,KILLINJ,Killed and injured,9,Total,9,Total,9,Total,9,Total,9,Total,TOTAL,Total,9,Total,99,Total,2023,19301
A,Annual,ITE1,Toscana,KILLINJ,Killed and injured,9,Total,9,Total,9,Total,9,Total,9,Total,TOTAL,Total,9,Total,99,Total,2024,19653
A,Annual,ITE2,Umbria,KILLINJ,Killed and injured,9,Total,9,Total,9,Total,M,Killed,C,Driver,TOTAL,Total,9,Total,99,Total,2010,53
A,Annual,ITE2,Umbria,KILLINJ,Killed and injured,9,Total,9,Total,9,Total,M,Killed,C,Driver,TOTAL,Total,9,Total,99,Total,2011,49
A,Annual,ITE2,Umbria,KILLINJ,Killed and injured,9,Total,9,Total,9,Total,M,Killed,C,Driver,TOTAL,Total,9,Total,99,Total,2012,37
A,Annual,ITE2,Umbria,KILLINJ,Killed and injured,9,Total,9,Total,9,Total,M,Killed,C,Driver,TOTAL,Total,9,Total,99,Total,2013,46
A,Annual,ITE2,Umbria,KILLINJ,Killed and injured,9,Total,9,Total,9,Total,M,Killed,C,Driver,TOTAL,Total,9,Total,99,Total,2014,26
A,Annual,ITE2,Umbria,KILLINJ,Killed and injured,9,Total,9,Total,9,Total,M,Killed,C,Driver,TOTAL,Total,9,Total,99,Total,2015,42
A,Annual,ITE2,Umbria,KILLINJ,Killed and injured,9,Total,9,Total,9,Total,M,Killed,C,Driver,TOTAL,Total,9,Total,99,Total,2016,24
A,Annual,ITE2,Umbria,KILLINJ,Killed and injured,9,Total,9,Total,9,Total,M,Killed,C,Driver,TOTAL,Total,9,Total,99,Total,2017,35
A,Annual,ITE2,Umbria,KILLINJ,Killed and injured,9,Total,9,Total,9,Total,M,Killed,C,Driver,TOTAL,Total,9,Total,99,Total,2018,34
A,Annual,ITE2,Umbria,KILLINJ,Killed and injured,9,Total,9,Total,9,Total,M,Killed,C,Driver,TOTAL,Total,9,Total,99,Total,2019,37
A,Annual,ITE2,Umbria,KILLINJ,Killed and injured,9,Total,9,Total,9,Total,M,Killed,C,Driver,TOTAL,Total,9,Total,99,Total,2020,31
A,Annual,ITE2,Umbria,KILLINJ,Killed and injured,9,Total,9,Total,9,Total,M,Killed,C,Driver,TOTAL,Total,9,Total,99,Total,2021,41
A,Annual,ITE2,Umbria,KILLINJ,Killed and injured,9,Total,9,Total,9,Total,M,Killed,C,Driver,TOTAL,Total,9,Total,99,Total,2022,34
A,Annual,ITE2,Umbria,KILLINJ,Killed and injured,9,Total,9,Total,9,Total,M,Killed,C,Driver,TOTAL,Total,9,Total,99,Total,2023,26
A,Annual,ITE2,Umbria,KILLINJ,Killed and injured,9,Total,9,Total,9,Total,M,Killed,C,Driver,TOTAL,Total,9,Total,99,Total,2024,47
A,Annual,ITE2,Umbria,KILLINJ,Killed and injured,9,Total,9,Total,9,Total,M,Killed,P,Passenger,TOTAL,Total,9,Total,99,Total,2010,14
A,Annual,ITE2,Umbria,KILLINJ,Killed and injured,9,Total,9,Total,9,Total,M,Killed,P,Passenger,TOTAL,Total,9,Total,99,Total,2011,7
A,Annual,ITE2,Umbria,KILLINJ,Killed and injured,9,Total,9,Total,9,Total,M,Killed,P,Passenger,TOTAL,Total,9,Total,99,Total,2012,7
A,Annual,ITE2,Umbria,KILLINJ,Killed and injured,9,Total,9,Total,9,Total,M,Killed,P,Passenger,TOTAL,Total,9,Total,99,Total,2013,6
A,Annual,ITE2,Umbria,KILLINJ,Killed and injured,9,Total,9,Total,9,Total,M,Killed,P,Passenger,TOTAL,Total,9,Total,99,Total,2014,8
A,Annual,ITE2,Umbria,KILLINJ,Killed and injured,9,Total,9,Total,9,Total,M,Killed,P,Passenger,TOTAL,Total,9,Total,99,Total,2015,8
A,Annual,ITE2,Umbria,KILLINJ,Killed and injured,9,Total,9,Total,9,Total,M,Killed,P,Passenger,TOTAL,Total,9,Total,99,Total,2016,4
A,Annual,ITE2,Umbria,KILLINJ,Killed and injured,9,Total,9,Total,9,Total,M,Killed,P,Passenger,TOTAL,Total,9,Total,99,Total,2017,9
A,Annual,ITE2,Umbria,KILLINJ,Killed and injured,9,Total,9,Total,9,Total,M,Killed,P,Passenger,TOTAL,Total,9,Total,99,Total,2018,5
A,Annual,ITE2,Umbria,KILLINJ,Killed and injured,9,Total,9,Total,9,Total,M,Killed,P,Passenger,TOTAL,Total,9,Total,99,Total,2019,6
A,Annual,ITE2,Umbria,KILLINJ,Killed and injured,9,Total,9,Total,9,Total,M,Killed,P,Passenger,TOTAL,Total,9,Total,99,Total,2020,5
A,Annual,ITE2,Umbria,KILLINJ,Killed and injured,9,Total,9,Total,9,Total,M,Killed,P,Passenger,TOTAL,Total,9,Total,99,Total,2021,3
A,Annual,ITE2,Umbria,KILLINJ,Killed and injured,9,Total,9,Total,9,Total,M,Killed,P,Passenger,TOTAL,Total,9,Total,99,Total,2022,7
A,Annual,ITE2,Umbria,KILLINJ,Killed and injured,9,Total,9,Total,9,Total,M,Killed,P,Passenger,TOTAL,Total,9,Total,99,Total,2023,9
A,Annual,ITE2,Umbria,KILLINJ,Killed and injured,9,Total,9,Total,9,Total,M,Killed,P,Passenger,TOTAL,Total,9,Total,99,Total,2024,8
A,Annual,ITE2,Umbria,KILLINJ,Killed and injured,9,Total,9,Total,9,Total,M,Killed,X,Pedestrian,TOTAL,Total,9,Total,99,Total,2010,12
A,Annual,ITE2,Umbria,KILLINJ,Killed and injured,9,Total,9,Total,9,Total,M,Killed,X,Pedestrian,TOTAL,Total,9,Total,99,Total,2011,5
A,Annual,ITE2,Umbria,KILLINJ,Killed and injured,9,Total,9,Total,9,Total,M,Killed,X,Pedestrian,TOTAL,Total,9,Total,99,Total,2012,6
A,Annual,ITE2,Umbria,KILLINJ,Killed and injured,9,Total,9,Total,9,Total,M,Killed,X,Pedestrian,TOTAL,Total,9,Total,99,Total,2013,9
A,Annual,ITE2,Umbria,KILLINJ,Killed and injured,9,Total,9,Total,9,Total,M,Killed,X,Pedestrian,TOTAL,Total,9,Total,99,Total,2014,13
A,Annual,ITE2,Umbria,KILLINJ,Killed and injured,9,Total,9,Total,9,Total,M,Killed,X,Pedestrian,TOTAL,Total,9,Total,99,Total,2015,14
A,Annual,ITE2,Umbria,KILLINJ,Killed and injured,9,Total,9,Total,9,Total,M,Killed,X,Pedestrian,TOTAL,Total,9,Total,99,Total,2016,7
A,Annual,ITE2,Umbria,KILLINJ,Killed and injured,9,Total,9,Total,9,Total,M,Killed,X,Pedestrian,TOTAL,Total,9,Total,99,Total,2017,4
A,Annual,ITE2,Umbria,KILLINJ,Killed and injured,9,Total,9,Total,9,Total,M,Killed,X,Pedestrian,TOTAL,Total,9,Total,99,Total,2018,9
A,Annual,ITE2,Umbria,KILLINJ,Killed and injured,9,Total,9,Total,9,Total,M,Killed,X,Pedestrian,TOTAL,Total,9,Total,99,Total,2019,8
A,Annual,ITE2,Umbria,KILLINJ,Killed and injured,9,Total,9,Total,9,Total,M,Killed,X,Pedestrian,TOTAL,Total,9,Total,99,Total,2020,9
A,Annual,ITE2,Umbria,KILLINJ,Killed and injured,9,Total,9,Total,9,Total,M,Killed,X,Pedestrian,TOTAL,Total,9,Total,99,Total,2021,9
A,Annual,ITE2,Umbria,KILLINJ,Killed and injured,9,Total,9,Total,9,Total,M,Killed,X,Pedestrian,TOTAL,Total,9,Total,99,Total,2022,8
A,Annual,ITE2,Umbria,KILLINJ,Killed and injured,9,Total,9,Total,9,Total,M,Killed,X,Pedestrian,TOTAL,Total,9,Total,99,Total,2023,10
A,Annual,ITE2,Umbria,KILLINJ,Killed and injured,9,Total,9,Total,9,Total,M,Killed,X,Pedestrian,TOTAL,Total,9,Total,99,Total,2024,7
A,Annual,ITE2,Umbria,KILLINJ,Killed and injured,9,Total,9,Total,9,Total,M,Killed,9,Total,TOTAL,Total,9,Total,99,Total,2010,79
A,Annual,ITE2,Umbria,KILLINJ,Killed and injured,9,Total,9,Total,9,Total,M,Killed,9,Total,TOTAL,Total,9,Total,99,Total,2011,61
A,Annual,ITE2,Umbria,KILLINJ,Killed and injured,9,Total,9,Total,9,Total,M,Killed,9,Total,TOTAL,Total,9,Total,99,Total,2012,50
A,Annual,ITE2,Umbria,KILLINJ,Killed and injured,9,Total,9,Total,9,Total,M,Killed,9,Total,TOTAL,Total,9,Total,99,Total,2013,61
A,Annual,ITE2,Umbria,KILLINJ,Killed and injured,9,Total,9,Total,9,Total,M,Killed,9,Total,TOTAL,Total,9,Total,99,Total,2014,47
A,Annual,ITE2,Umbria,KILLINJ,Killed and injured,9,Total,9,Total,9,Total,M,Killed,9,Total,TOTAL,Total,9,Total,99,Total,2015,64
A,Annual,ITE2,Umbria,KILLINJ,Killed and injured,9,Total,9,Total,9,Total,M,Killed,9,Total,TOTAL,Total,9,Total,99,Total,2016,35
A,Annual,ITE2,Umbria,KILLINJ,Killed and injured,9,Total,9,Total,9,Total,M,Killed,9,Total,TOTAL,Total,9,Total,99,Total,2017,48
A,Annual,ITE2,Umbria,KILLINJ,Killed and injured,9,Total,9,Total,9,Total,M,Killed,9,Total,TOTAL,Total,9,Total,99,Total,2018,48
A,Annual,ITE2,Umbria,KILLINJ,Killed and injured,9,Total,9,Total,9,Total,M,Killed,9,Total,TOTAL,Total,9,Total,99,Total,2019,51
A,Annual,ITE2,Umbria,KILLINJ,Killed and injured,9,Total,9,Total,9,Total,M,Killed,9,Total,TOTAL,Total,9,Total,99,Total,2020,45
A,Annual,ITE2,Umbria,KILLINJ,Killed and injured,9,Total,9,Total,9,Total,M,Killed,9,Total,TOTAL,Total,9,Total,99,Total,2021,53
A,Annual,ITE2,Umbria,KILLINJ,Killed and injured,9,Total,9,Total,9,Total,M,Killed,9,Total,TOTAL,Total,9,Total,99,Total,2022,49
A,Annual,ITE2,Umbria,KILLINJ,Killed and injured,9,Total,9,Total,9,Total,M,Killed,9,Total,TOTAL,Total,9,Total,99,Total,2023,45
A,Annual,ITE2,Umbria,KILLINJ,Killed and injured,9,Total,9,Total,9,Total,M,Killed,9,Total,TOTAL,Total,9,Total,99,Total,2024,62
A,Annual,ITE2,Umbria,KILLINJ,Killed and injured,9,Total,9,Total,9,Total,F,Injured,C,Driver,TOTAL,Total,9,Total,99,Total,2010,2864
A,Annual,ITE2,Umbria,KILLINJ,Killed and injured,9,Total,9,Total,9,Total,F,Injured,C,Driver,TOTAL,Total,9,Total,99,Total,2011,2766
A,Annual,ITE2,Umbria,KILLINJ,Killed and injured,9,Total,9,Total,9,Total,F,Injured,C,Driver,TOTAL,Total,9,Total,99,Total,2012,2332
A,Annual,ITE2,Umbria,KILLINJ,Killed and injured,9,Total,9,Total,9,Total,F,Injured,C,Driver,TOTAL,Total,9,Total,99,Total,2013,2345
A,Annual,ITE2,Umbria,KILLINJ,Killed and injured,9,Total,9,Total,9,Total,F,Injured,C,Driver,TOTAL,Total,9,Total,99,Total,2014,2231
A,Annual,ITE2,Umbria,KILLINJ,Killed and injured,9,Total,9,Total,9,Total,F,Injured,C,Driver,TOTAL,Total,9,Total,99,Total,2015,2209
A,Annual,ITE2,Umbria,KILLINJ,Killed and injured,9,Total,9,Total,9,Total,F,Injured,C,Driver,TOTAL,Total,9,Total,99,Total,2016,2267
A,Annual,ITE2,Umbria,KILLINJ,Killed and injured,9,Total,9,Total,9,Total,F,Injured,C,Driver,TOTAL,Total,9,Total,99,Total,2017,2305
A,Annual,ITE2,Umbria,KILLINJ,Killed and injured,9,Total,9,Total,9,Total,F,Injured,C,Driver,TOTAL,Total,9,Total,99,Total,2018,2341
A,Annual,ITE2,Umbria,KILLINJ,Killed and injured,9,Total,9,Total,9,Total,F,Injured,C,Driver,TOTAL,Total,9,Total,99,Total,2019,2227
A,Annual,ITE2,Umbria,KILLINJ,Killed and injured,9,Total,9,Total,9,Total,F,Injured,C,Driver,TOTAL,Total,9,Total,99,Total,2020,1612
A,Annual,ITE2,Umbria,KILLINJ,Killed and injured,9,Total,9,Total,9,Total,F,Injured,C,Driver,TOTAL,Total,9,Total,99,Total,2021,1942
A,Annual,ITE2,Umbria,KILLINJ,Killed and injured,9,Total,9,Total,9,Total,F,Injured,C,Driver,TOTAL,Total,9,Total,99,Total,2022,2203
A,Annual,ITE2,Umbria,KILLINJ,Killed and injured,9,Total,9,Total,9,Total,F,Injured,C,Driver,TOTAL,Total,9,Total,99,Total,2023,2219
A,Annual,ITE2,Umbria,KILLINJ,Killed and injured,9,Total,9,Total,9,Total,F,Injured,C,Driver,TOTAL,Total,9,Total,99,Total,2024,2388
A,Annual,ITE2,Umbria,KILLINJ,Killed and injured,9,Total,9,Total,9,Total,F,Injured,P,Passenger,TOTAL,Total,9,Total,99,Total,2010,922
A,Annual,ITE2,Umbria,KILLINJ,Killed and injured,9,Total,9,Total,9,Total,F,Injured,P,Passenger,TOTAL,Total,9,Total,99,Total,2011,960
A,Annual,ITE2,Umbria,KILLINJ,Killed and injured,9,Total,9,Total,9,Total,F,Injured,P,Passenger,TOTAL,Total,9,Total,99,Total,2012,786
A,Annual,ITE2,Umbria,KILLINJ,Killed and injured,9,Total,9,Total,9,Total,F,Injured,P,Passenger,TOTAL,Total,9,Total,99,Total,2013,826
A,Annual,ITE2,Umbria,KILLINJ,Killed and injured,9,Total,9,Total,9,Total,F,Injured,P,Passenger,TOTAL,Total,9,Total,99,Total,2014,789
A,Annual,ITE2,Umbria,KILLINJ,Killed and injured,9,Total,9,Total,9,Total,F,Injured,P,Passenger,TOTAL,Total,9,Total,99,Total,2015,830
A,Annual,ITE2,Umbria,KILLINJ,Killed and injured,9,Total,9,Total,9,Total,F,Injured,P,Passenger,TOTAL,Total,9,Total,99,Total,2016,753
A,Annual,ITE2,Umbria,KILLINJ,Killed and injured,9,Total,9,Total,9,Total,F,Injured,P,Passenger,TOTAL,Total,9,Total,99,Total,2017,660
A,Annual,ITE2,Umbria,KILLINJ,Killed and injured,9,Total,9,Total,9,Total,F,Injured,P,Passenger,TOTAL,Total,9,Total,99,Total,2018,776
A,Annual,ITE2,Umbria,KILLINJ,Killed and injured,9,Total,9,Total,9,Total,F,Injured,P,Passenger,TOTAL,Total,9,Total,99,Total,2019,711
A,Annual,ITE2,Umbria,KILLINJ,Killed and injured,9,Total,9,Total,9,Total,F,Injured,P,Passenger,TOTAL,Total,9,Total,99,Total,2020,438
A,Annual,ITE2,Umbria,KILLINJ,Killed and injured,9,Total,9,Total,9,Total,F,Injured,P,Passenger,TOTAL,Total,9,Total,99,Total,2021,510
A,Annual,ITE2,Umbria,KILLINJ,Killed and injured,9,Total,9,Total,9,Total,F,Injured,P,Passenger,TOTAL,Total,9,Total,99,Total,2022,636
A,Annual,ITE2,Umbria,KILLINJ,Killed and injured,9,Total,9,Total,9,Total,F,Injured,P,Passenger,TOTAL,Total,9,Total,99,Total,2023,653
A,Annual,ITE2,Umbria,KILLINJ,Killed and injured,9,Total,9,Total,9,Total,F,Injured,P,Passenger,TOTAL,Total,9,Total,99,Total,2024,725
A,Annual,ITE2,Umbria,KILLINJ,Killed and injured,9,Total,9,Total,9,Total,F,Injured,X,Pedestrian,TOTAL,Total,9,Total,99,Total,2010,288
A,Annual,ITE2,Umbria,KILLINJ,Killed and injured,9,Total,9,Total,9,Total,F,Injured,X,Pedestrian,TOTAL,Total,9,Total,99,Total,2011,353
A,Annual,ITE2,Umbria,KILLINJ,Killed and injured,9,Total,9,Total,9,Total,F,Injured,X,Pedestrian,TOTAL,Total,9,Total,99,Total,2012,294
A,Annual,ITE2,Umbria,KILLINJ,Killed and injured,9,Total,9,Total,9,Total,F,Injured,X,Pedestrian,TOTAL,Total,9,Total,99,Total,2013,276
A,Annual,ITE2,Umbria,KILLINJ,Killed and injured,9,Total,9,Total,9,Total,F,Injured,X,Pedestrian,TOTAL,Total,9,Total,99,Total,2014,276
A,Annual,ITE2,Umbria,KILLINJ,Killed and injured,9,Total,9,Total,9,Total,F,Injured,X,Pedestrian,TOTAL,Total,9,Total,99,Total,2015,279
A,Annual,ITE2,Umbria,KILLINJ,Killed and injured,9,Total,9,Total,9,Total,F,Injured,X,Pedestrian,TOTAL,Total,9,Total,99,Total,2016,317
A,Annual,ITE2,Umbria,KILLINJ,Killed and injured,9,Total,9,Total,9,Total,F,Injured,X,Pedestrian,TOTAL,Total,9,Total,99,Total,2017,293
A,Annual,ITE2,Umbria,KILLINJ,Killed and injured,9,Total,9,Total,9,Total,F,Injured,X,Pedestrian,TOTAL,Total,9,Total,99,Total,2018,283
A,Annual,ITE2,Umbria,KILLINJ,Killed and injured,9,Total,9,Total,9,Total,F,Injured,X,Pedestrian,TOTAL,Total,9,Total,99,Total,2019,284
A,Annual,ITE2,Umbria,KILLINJ,Killed and injured,9,Total,9,Total,9,Total,F,Injured,X,Pedestrian,TOTAL,Total,9,Total,99,Total,2020,218
A,Annual,ITE2,Umbria,KILLINJ,Killed and injured,9,Total,9,Total,9,Total,F,Injured,X,Pedestrian,TOTAL,Total,9,Total,99,Total,2021,227
A,Annual,ITE2,Umbria,KILLINJ,Killed and injured,9,Total,9,Total,9,Total,F,Injured,X,Pedestrian,TOTAL,Total,9,Total,99,Total,2022,237
A,Annual,ITE2,Umbria,KILLINJ,Killed and injured,9,Total,9,Total,9,Total,F,Injured,X,Pedestrian,TOTAL,Total,9,Total,99,Total,2023,264
A,Annual,ITE2,Umbria,KILLINJ,Killed and injured,9,Total,9,Total,9,Total,F,Injured,X,Pedestrian,TOTAL,Total,9,Total,99,Total,2024,290
A,Annual,ITE2,Umbria,KILLINJ,Killed and injured,9,Total,9,Total,9,Total,F,Injured,9,Total,TOTAL,Total,9,Total,99,Total,2010,4074
A,Annual,ITE2,Umbria,KILLINJ,Killed and injured,9,Total,9,Total,9,Total,F,Injured,9,Total,TOTAL,Total,9,Total,99,Total,2011,4079
A,Annual,ITE2,Umbria,KILLINJ,Killed and injured,9,Total,9,Total,9,Total,F,Injured,9,Total,TOTAL,Total,9,Total,99,Total,2012,3412
A,Annual,ITE2,Umbria,KILLINJ,Killed and injured,9,Total,9,Total,9,Total,F,Injured,9,Total,TOTAL,Total,9,Total,99,Total,2013,3447
A,Annual,ITE2,Umbria,KILLINJ,Killed and injured,9,Total,9,Total,9,Total,F,Injured,9,Total,TOTAL,Total,9,Total,99,Total,2014,3296
A,Annual,ITE2,Umbria,KILLINJ,Killed and injured,9,Total,9,Total,9,Total,F,Injured,9,Total,TOTAL,Total,9,Total,99,Total,2015,3318
A,Annual,ITE2,Umbria,KILLINJ,Killed and injured,9,Total,9,Total,9,Total,F,Injured,9,Total,TOTAL,Total,9,Total,99,Total,2016,3337
A,Annual,ITE2,Umbria,KILLINJ,Killed and injured,9,Total,9,Total,9,Total,F,Injured,9,Total,TOTAL,Total,9,Total,99,Total,2017,3258
A,Annual,ITE2,Umbria,KILLINJ,Killed and injured,9,Total,9,Total,9,Total,F,Injured,9,Total,TOTAL,Total,9,Total,99,Total,2018,3400
A,Annual,ITE2,Umbria,KILLINJ,Killed and injured,9,Total,9,Total,9,Total,F,Injured,9,Total,TOTAL,Total,9,Total,99,Total,2019,3222
A,Annual,ITE2,Umbria,KILLINJ,Killed and injured,9,Total,9,Total,9,Total,F,Injured,9,Total,TOTAL,Total,9,Total,99,Total,2020,2268
A,Annual,ITE2,Umbria,KILLINJ,Killed and injured,9,Total,9,Total,9,Total,F,Injured,9,Total,TOTAL,Total,9,Total,99,Total,2021,2679
A,Annual,ITE2,Umbria,KILLINJ,Killed and injured,9,Total,9,Total,9,Total,F,Injured,9,Total,TOTAL,Total,9,Total,99,Total,2022,3076
A,Annual,ITE2,Umbria,KILLINJ,Killed and injured,9,Total,9,Total,9,Total,F,Injured,9,Total,TOTAL,Total,9,Total,99,Total,2023,3136
A,Annual,ITE2,Umbria,KILLINJ,Killed and injured,9,Total,9,Total,9,Total,F,Injured,9,Total,TOTAL,Total,9,Total,99,Total,2024,3403
A,Annual,ITE2,Umbria,KILLINJ,Killed and injured,9,Total,9,Total,9,Total,9,Total,C,Driver,TOTAL,Total,9,Total,99,Total,2010,2917
A,Annual,ITE2,Umbria,KILLINJ,Killed and injured,9,Total,9,Total,9,Total,9,Total,C,Driver,TOTAL,Total,9,Total,99,Total,2011,2815
A,Annual,ITE2,Umbria,KILLINJ,Killed and injured,9,Total,9,Total,9,Total,9,Total,C,Driver,TOTAL,Total,9,Total,99,Total,2012,2369
A,Annual,ITE2,Umbria,KILLINJ,Killed and injured,9,Total,9,Total,9,Total,9,Total,C,Driver,TOTAL,Total,9,Total,99,Total,2013,2391
A,Annual,ITE2,Umbria,KILLINJ,Killed and injured,9,Total,9,Total,9,Total,9,Total,C,Driver,TOTAL,Total,9,Total,99,Total,2014,2257
A,Annual,ITE2,Umbria,KILLINJ,Killed and injured,9,Total,9,Total,9,Total,9,Total,C,Driver,TOTAL,Total,9,Total,99,Total,2015,2251
A,Annual,ITE2,Umbria,KILLINJ,Killed and injured,9,Total,9,Total,9,Total,9,Total,C,Driver,TOTAL,Total,9,Total,99,Total,2016,2291
A,Annual,ITE2,Umbria,KILLINJ,Killed and injured,9,Total,9,Total,9,Total,9,Total,C,Driver,TOTAL,Total,9,Total,99,Total,2017,2340
A,Annual,ITE2,Umbria,KILLINJ,Killed and injured,9,Total,9,Total,9,Total,9,Total,C,Driver,TOTAL,Total,9,Total,99,Total,2018,2375
A,Annual,ITE2,Umbria,KILLINJ,Killed and injured,9,Total,9,Total,9,Total,9,Total,C,Driver,TOTAL,Total,9,Total,99,Total,2019,2264
A,Annual,ITE2,Umbria,KILLINJ,Killed and injured,9,Total,9,Total,9,Total,9,Total,C,Driver,TOTAL,Total,9,Total,99,Total,2020,1643
A,Annual,ITE2,Umbria,KILLINJ,Killed and injured,9,Total,9,Total,9,Total,9,Total,C,Driver,TOTAL,Total,9,Total,99,Total,2021,1983
A,Annual,ITE2,Umbria,KILLINJ,Killed and injured,9,Total,9,Total,9,Total,9,Total,C,Driver,TOTAL,Total,9,Total,99,Total,2022,2237
A,Annual,ITE2,Umbria,KILLINJ,Killed and injured,9,Total,9,Total,9,Total,9,Total,C,Driver,TOTAL,Total,9,Total,99,Total,2023,2245
A,Annual,ITE2,Umbria,KILLINJ,Killed and injured,9,Total,9,Total,9,Total,9,Total,C,Driver,TOTAL,Total,9,Total,99,Total,2024,2435
A,Annual,ITE2,Umbria,KILLINJ,Killed and injured,9,Total,9,Total,9,Total,9,Total,P,Passenger,TOTAL,Total,9,Total,99,Total,2010,936
A,Annual,ITE2,Umbria,KILLINJ,Killed and injured,9,Total,9,Total,9,Total,9,Total,P,Passenger,TOTAL,Total,9,Total,99,Total,2011,967
A,Annual,ITE2,Umbria,KILLINJ,Killed and injured,9,Total,9,Total,9,Total,9,Total,P,Passenger,TOTAL,Total,9,Total,99,Total,2012,793
A,Annual,ITE2,Umbria,KILLINJ,Killed and injured,9,Total,9,Total,9,Total,9,Total,P,Passenger,TOTAL,Total,9,Total,99,Total,2013,832
A,Annual,ITE2,Umbria,KILLINJ,Killed and injured,9,Total,9,Total,9,Total,9,Total,P,Passenger,TOTAL,Total,9,Total,99,Total,2014,797
A,Annual,ITE2,Umbria,KILLINJ,Killed and injured,9,Total,9,Total,9,Total,9,Total,P,Passenger,TOTAL,Total,9,Total,99,Total,2015,838
A,Annual,ITE2,Umbria,KILLINJ,Killed and injured,9,Total,9,Total,9,Total,9,Total,P,Passenger,TOTAL,Total,9,Total,99,Total,2016,757
A,Annual,ITE2,Umbria,KILLINJ,Killed and injured,9,Total,9,Total,9,Total,9,Total,P,Passenger,TOTAL,Total,9,Total,99,Total,2017,669
A,Annual,ITE2,Umbria,KILLINJ,Killed and injured,9,Total,9,Total,9,Total,9,Total,P,Passenger,TOTAL,Total,9,Total,99,Total,2018,781
A,Annual,ITE2,Umbria,KILLINJ,Killed and injured,9,Total,9,Total,9,Total,9,Total,P,Passenger,TOTAL,Total,9,Total,99,Total,2019,717
A,Annual,ITE2,Umbria,KILLINJ,Killed and injured,9,Total,9,Total,9,Total,9,Total,P,Passenger,TOTAL,Total,9,Total,99,Total,2020,443
A,Annual,ITE2,Umbria,KILLINJ,Killed and injured,9,Total,9,Total,9,Total,9,Total,P,Passenger,TOTAL,Total,9,Total,99,Total,2021,513
A,Annual,ITE2,Umbria,KILLINJ,Killed and injured,9,Total,9,Total,9,Total,9,Total,P,Passenger,TOTAL,Total,9,Total,99,Total,2022,643
A,Annual,ITE2,Umbria,KILLINJ,Killed and injured,9,Total,9,Total,9,Total,9,Total,P,Passenger,TOTAL,Total,9,Total,99,Total,2023,662
A,Annual,ITE2,Umbria,KILLINJ,Killed and injured,9,Total,9,Total,9,Total,9,Total,P,Passenger,TOTAL,Total,9,Total,99,Total,2024,733
A,Annual,ITE2,Umbria,KILLINJ,Killed and injured,9,Total,9,Total,9,Total,9,Total,X,Pedestrian,TOTAL,Total,9,Total,99,Total,2010,300
A,Annual,ITE2,Umbria,KILLINJ,Killed and injured,9,Total,9,Total,9,Total,9,Total,X,Pedestrian,TOTAL,Total,9,Total,99,Total,2011,358
A,Annual,ITE2,Umbria,KILLINJ,Killed and injured,9,Total,9,Total,9,Total,9,Total,X,Pedestrian,TOTAL,Total,9,Total,99,Total,2012,300
A,Annual,ITE2,Umbria,KILLINJ,Killed and injured,9,Total,9,Total,9,Total,9,Total,X,Pedestrian,TOTAL,Total,9,Total,99,Total,2013,285
A,Annual,ITE2,Umbria,KILLINJ,Killed and injured,9,Total,9,Total,9,Total,9,Total,X,Pedestrian,TOTAL,Total,9,Total,99,Total,2014,289
A,Annual,ITE2,Umbria,KILLINJ,Killed and injured,9,Total,9,Total,9,Total,9,Total,X,Pedestrian,TOTAL,Total,9,Total,99,Total,2015,293
A,Annual,ITE2,Umbria,KILLINJ,Killed and injured,9,Total,9,Total,9,Total,9,Total,X,Pedestrian,TOTAL,Total,9,Total,99,Total,2016,324
A,Annual,ITE2,Umbria,KILLINJ,Killed and injured,9,Total,9,Total,9,Total,9,Total,X,Pedestrian,TOTAL,Total,9,Total,99,Total,2017,297
A,Annual,ITE2,Umbria,KILLINJ,Killed and injured,9,Total,9,Total,9,Total,9,Total,X,Pedestrian,TOTAL,Total,9,Total,99,Total,2018,292
A,Annual,ITE2,Umbria,KILLINJ,Killed and injured,9,Total,9,Total,9,Total,9,Total,X,Pedestrian,TOTAL,Total,9,Total,99,Total,2019,292
A,Annual,ITE2,Umbria,KILLINJ,Killed and injured,9,Total,9,Total,9,Total,9,Total,X,Pedestrian,TOTAL,Total,9,Total,99,Total,2020,227
A,Annual,ITE2,Umbria,KILLINJ,Killed and injured,9,Total,9,Total,9,Total,9,Total,X,Pedestrian,TOTAL,Total,9,Total,99,Total,2021,236
A,Annual,ITE2,Umbria,KILLINJ,Killed and injured,9,Total,9,Total,9,Total,9,Total,X,Pedestrian,TOTAL,Total,9,Total,99,Total,2022,245
A,Annual,ITE2,Umbria,KILLINJ,Killed and injured,9,Total,9,Total,9,Total,9,Total,X,Pedestrian,TOTAL,Total,9,Total,99,Total,2023,274
A,Annual,ITE2,Umbria,KILLINJ,Killed and injured,9,Total,9,Total,9,Total,9,Total,X,Pedestrian,TOTAL,Total,9,Total,99,Total,2024,297
A,Annual,ITE2,Umbria,KILLINJ,Killed and injured,9,Total,9,Total,9,Total,9,Total,9,Total,TOTAL,Total,9,Total,99,Total,2010,4153
A,Annual,ITE2,Umbria,KILLINJ,Killed and injured,9,Total,9,Total,9,Total,9,Total,9,Total,TOTAL,Total,9,Total,99,Total,2011,4140
A,Annual,ITE2,Umbria,KILLINJ,Killed and injured,9,Total,9,Total,9,Total,9,Total,9,Total,TOTAL,Total,9,Total,99,Total,2012,3462
A,Annual,ITE2,Umbria,KILLINJ,Killed and injured,9,Total,9,Total,9,Total,9,Total,9,Total,TOTAL,Total,9,Total,99,Total,2013,3508
A,Annual,ITE2,Umbria,KILLINJ,Killed and injured,9,Total,9,Total,9,Total,9,Total,9,Total,TOTAL,Total,9,Total,99,Total,2014,3343
A,Annual,ITE2,Umbria,KILLINJ,Killed and injured,9,Total,9,Total,9,Total,9,Total,9,Total,TOTAL,Total,9,Total,99,Total,2015,3382
A,Annual,ITE2,Umbria,KILLINJ,Killed and injured,9,Total,9,Total,9,Total,9,Total,9,Total,TOTAL,Total,9,Total,99,Total,2016,3372
A,Annual,ITE2,Umbria,KILLINJ,Killed and injured,9,Total,9,Total,9,Total,9,Total,9,Total,TOTAL,Total,9,Total,99,Total,2017,3306
A,Annual,ITE2,Umbria,KILLINJ,Killed and injured,9,Total,9,Total,9,Total,9,Total,9,Total,TOTAL,Total,9,Total,99,Total,2018,3448
A,Annual,ITE2,Umbria,KILLINJ,Killed and injured,9,Total,9,Total,9,Total,9,Total,9,Total,TOTAL,Total,9,Total,99,Total,2019,3273
A,Annual,ITE2,Umbria,KILLINJ,Killed and injured,9,Total,9,Total,9,Total,9,Total,9,Total,TOTAL,Total,9,Total,99,Total,2020,2313
A,Annual,ITE2,Umbria,KILLINJ,Killed and injured,9,Total,9,Total,9,Total,9,Total,9,Total,TOTAL,Total,9,Total,99,Total,2021,2732
A,Annual,ITE2,Umbria,KILLINJ,Killed and injured,9,Total,9,Total,9,Total,9,Total,9,Total,TOTAL,Total,9,Total,99,Total,2022,3125
A,Annual,ITE2,Umbria,KILLINJ,Killed and injured,9,Total,9,Total,9,Total,9,Total,9,Total,TOTAL,Total,9,Total,99,Total,2023,3181
A,Annual,ITE2,Umbria,KILLINJ,Killed and injured,9,Total,9,Total,9,Total,9,Total,9,Total,TOTAL,Total,9,Total,99,Total,2024,3465
A,Annual,ITE3,Marche,KILLINJ,Killed and injured,9,Total,9,Total,9,Total,M,Killed,C,Driver,TOTAL,Total,9,Total,99,Total,2010,76
A,Annual,ITE3,Marche,KILLINJ,Killed and injured,9,Total,9,Total,9,Total,M,Killed,C,Driver,TOTAL,Total,9,Total,99,Total,2011,85
A,Annual,ITE3,Marche,KILLINJ,Killed and injured,9,Total,9,Total,9,Total,M,Killed,C,Driver,TOTAL,Total,9,Total,99,Total,2012,72
A,Annual,ITE3,Marche,KILLINJ,Killed and injured,9,Total,9,Total,9,Total,M,Killed,C,Driver,TOTAL,Total,9,Total,99,Total,2013,60
A,Annual,ITE3,Marche,KILLINJ,Killed and injured,9,Total,9,Total,9,Total,M,Killed,C,Driver,TOTAL,Total,9,Total,99,Total,2014,69
A,Annual,ITE3,Marche,KILLINJ,Killed and injured,9,Total,9,Total,9,Total,M,Killed,C,Driver,TOTAL,Total,9,Total,99,Total,2015,56
A,Annual,ITE3,Marche,KILLINJ,Killed and injured,9,Total,9,Total,9,Total,M,Killed,C,Driver,TOTAL,Total,9,Total,99,Total,2016,69
A,Annual,ITE3,Marche,KILLINJ,Killed and injured,9,Total,9,Total,9,Total,M,Killed,C,Driver,TOTAL,Total,9,Total,99,Total,2017,66
A,Annual,ITE3,Marche,KILLINJ,Killed and injured,9,Total,9,Total,9,Total,M,Killed,C,Driver,TOTAL,Total,9,Total,99,Total,2018,57
A,Annual,ITE3,Marche,KILLINJ,Killed and injured,9,Total,9,Total,9,Total,M,Killed,C,Driver,TOTAL,Total,9,Total,99,Total,2019,71
A,Annual,ITE3,Marche,KILLINJ,Killed and injured,9,Total,9,Total,9,Total,M,Killed,C,Driver,TOTAL,Total,9,Total,99,Total,2020,44
A,Annual,ITE3,Marche,KILLINJ,Killed and injured,9,Total,9,Total,9,Total,M,Killed,C,Driver,TOTAL,Total,9,Total,99,Total,2021,55
A,Annual,ITE3,Marche,KILLINJ,Killed and injured,9,Total,9,Total,9,Total,M,Killed,C,Driver,TOTAL,Total,9,Total,99,Total,2022,64
A,Annual,ITE3,Marche,KILLINJ,Killed and injured,9,Total,9,Total,9,Total,M,Killed,C,Driver,TOTAL,Total,9,Total,99,Total,2023,60
A,Annual,ITE3,Marche,KILLINJ,Killed and injured,9,Total,9,Total,9,Total,M,Killed,C,Driver,TOTAL,Total,9,Total,99,Total,2024,53
A,Annual,ITE3,Marche,KILLINJ,Killed and injured,9,Total,9,Total,9,Total,M,Killed,P,Passenger,TOTAL,Total,9,Total,99,Total,2010,11
A,Annual,ITE3,Marche,KILLINJ,Killed and injured,9,Total,9,Total,9,Total,M,Killed,P,Passenger,TOTAL,Total,9,Total,99,Total,2011,19
A,Annual,ITE3,Marche,KILLINJ,Killed and injured,9,Total,9,Total,9,Total,M,Killed,P,Passenger,TOTAL,Total,9,Total,99,Total,2012,11
A,Annual,ITE3,Marche,KILLINJ,Killed and injured,9,Total,9,Total,9,Total,M,Killed,P,Passenger,TOTAL,Total,9,Total,99,Total,2013,13
A,Annual,ITE3,Marche,KILLINJ,Killed and injured,9,Total,9,Total,9,Total,M,Killed,P,Passenger,TOTAL,Total,9,Total,99,Total,2014,10
A,Annual,ITE3,Marche,KILLINJ,Killed and injured,9,Total,9,Total,9,Total,M,Killed,P,Passenger,TOTAL,Total,9,Total,99,Total,2015,13
A,Annual,ITE3,Marche,KILLINJ,Killed and injured,9,Total,9,Total,9,Total,M,Killed,P,Passenger,TOTAL,Total,9,Total,99,Total,2016,13
A,Annual,ITE3,Marche,KILLINJ,Killed and injured,9,Total,9,Total,9,Total,M,Killed,P,Passenger,TOTAL,Total,9,Total,99,Total,2017,12
A,Annual,ITE3,Marche,KILLINJ,Killed and injured,9,Total,9,Total,9,Total,M,Killed,P,Passenger,TOTAL,Total,9,Total,99,Total,2018,4
A,Annual,ITE3,Marche,KILLINJ,Killed and injured,9,Total,9,Total,9,Total,M,Killed,P,Passenger,TOTAL,Total,9,Total,99,Total,2019,9
A,Annual,ITE3,Marche,KILLINJ,Killed and injured,9,Total,9,Total,9,Total,M,Killed,P,Passenger,TOTAL,Total,9,Total,99,Total,2020,7
A,Annual,ITE3,Marche,KILLINJ,Killed and injured,9,Total,9,Total,9,Total,M,Killed,P,Passenger,TOTAL,Total,9,Total,99,Total,2021,7
A,Annual,ITE3,Marche,KILLINJ,Killed and injured,9,Total,9,Total,9,Total,M,Killed,P,Passenger,TOTAL,Total,9,Total,99,Total,2022,11
A,Annual,ITE3,Marche,KILLINJ,Killed and injured,9,Total,9,Total,9,Total,M,Killed,P,Passenger,TOTAL,Total,9,Total,99,Total,2023,12
A,Annual,ITE3,Marche,KILLINJ,Killed and injured,9,Total,9,Total,9,Total,M,Killed,P,Passenger,TOTAL,Total,9,Total,99,Total,2024,9
A,Annual,ITE3,Marche,KILLINJ,Killed and injured,9,Total,9,Total,9,Total,M,Killed,X,Pedestrian,TOTAL,Total,9,Total,99,Total,2010,22
A,Annual,ITE3,Marche,KILLINJ,Killed and injured,9,Total,9,Total,9,Total,M,Killed,X,Pedestrian,TOTAL,Total,9,Total,99,Total,2011,25
A,Annual,ITE3,Marche,KILLINJ,Killed and injured,9,Total,9,Total,9,Total,M,Killed,X,Pedestrian,TOTAL,Total,9,Total,99,Total,2012,16
A,Annual,ITE3,Marche,KILLINJ,Killed and injured,9,Total,9,Total,9,Total,M,Killed,X,Pedestrian,TOTAL,Total,9,Total,99,Total,2013,13
A,Annual,ITE3,Marche,KILLINJ,Killed and injured,9,Total,9,Total,9,Total,M,Killed,X,Pedestrian,TOTAL,Total,9,Total,99,Total,2014,21
A,Annual,ITE3,Marche,KILLINJ,Killed and injured,9,Total,9,Total,9,Total,M,Killed,X,Pedestrian,TOTAL,Total,9,Total,99,Total,2015,24
A,Annual,ITE3,Marche,KILLINJ,Killed and injured,9,Total,9,Total,9,Total,M,Killed,X,Pedestrian,TOTAL,Total,9,Total,99,Total,2016,18
A,Annual,ITE3,Marche,KILLINJ,Killed and injured,9,Total,9,Total,9,Total,M,Killed,X,Pedestrian,TOTAL,Total,9,Total,99,Total,2017,18
A,Annual,ITE3,Marche,KILLINJ,Killed and injured,9,Total,9,Total,9,Total,M,Killed,X,Pedestrian,TOTAL,Total,9,Total,99,Total,2018,26
A,Annual,ITE3,Marche,KILLINJ,Killed and injured,9,Total,9,Total,9,Total,M,Killed,X,Pedestrian,TOTAL,Total,9,Total,99,Total,2019,19
A,Annual,ITE3,Marche,KILLINJ,Killed and injured,9,Total,9,Total,9,Total,M,Killed,X,Pedestrian,TOTAL,Total,9,Total,99,Total,2020,18
A,Annual,ITE3,Marche,KILLINJ,Killed and injured,9,Total,9,Total,9,Total,M,Killed,X,Pedestrian,TOTAL,Total,9,Total,99,Total,2021,22
A,Annual,ITE3,Marche,KILLINJ,Killed and injured,9,Total,9,Total,9,Total,M,Killed,X,Pedestrian,TOTAL,Total,9,Total,99,Total,2022,16
A,Annual,ITE3,Marche,KILLINJ,Killed and injured,9,Total,9,Total,9,Total,M,Killed,X,Pedestrian,TOTAL,Total,9,Total,99,Total,2023,17
A,Annual,ITE3,Marche,KILLINJ,Killed and injured,9,Total,9,Total,9,Total,M,Killed,X,Pedestrian,TOTAL,Total,9,Total,99,Total,2024,10
A,Annual,ITE3,Marche,KILLINJ,Killed and injured,9,Total,9,Total,9,Total,M,Killed,9,Total,TOTAL,Total,9,Total,99,Total,2010,109
A,Annual,ITE3,Marche,KILLINJ,Killed and injured,9,Total,9,Total,9,Total,M,Killed,9,Total,TOTAL,Total,9,Total,99,Total,2011,129
A,Annual,ITE3,Marche,KILLINJ,Killed and injured,9,Total,9,Total,9,Total,M,Killed,9,Total,TOTAL,Total,9,Total,99,Total,2012,99
A,Annual,ITE3,Marche,KILLINJ,Killed and injured,9,Total,9,Total,9,Total,M,Killed,9,Total,TOTAL,Total,9,Total,99,Total,2013,86
A,Annual,ITE3,Marche,KILLINJ,Killed and injured,9,Total,9,Total,9,Total,M,Killed,9,Total,TOTAL,Total,9,Total,99,Total,2014,100
A,Annual,ITE3,Marche,KILLINJ,Killed and injured,9,Total,9,Total,9,Total,M,Killed,9,Total,TOTAL,Total,9,Total,99,Total,2015,93
A,Annual,ITE3,Marche,KILLINJ,Killed and injured,9,Total,9,Total,9,Total,M,Killed,9,Total,TOTAL,Total,9,Total,99,Total,2016,100
A,Annual,ITE3,Marche,KILLINJ,Killed and injured,9,Total,9,Total,9,Total,M,Killed,9,Total,TOTAL,Total,9,Total,99,Total,2017,96
A,Annual,ITE3,Marche,KILLINJ,Killed and injured,9,Total,9,Total,9,Total,M,Killed,9,Total,TOTAL,Total,9,Total,99,Total,2018,87
A,Annual,ITE3,Marche,KILLINJ,Killed and injured,9,Total,9,Total,9,Total,M,Killed,9,Total,TOTAL,Total,9,Total,99,Total,2019,99
A,Annual,ITE3,Marche,KILLINJ,Killed and injured,9,Total,9,Total,9,Total,M,Killed,9,Total,TOTAL,Total,9,Total,99,Total,2020,69
A,Annual,ITE3,Marche,KILLINJ,Killed and injured,9,Total,9,Total,9,Total,M,Killed,9,Total,TOTAL,Total,9,Total,99,Total,2021,84
A,Annual,ITE3,Marche,KILLINJ,Killed and injured,9,Total,9,Total,9,Total,M,Killed,9,Total,TOTAL,Total,9,Total,99,Total,2022,91
A,Annual,ITE3,Marche,KILLINJ,Killed and injured,9,Total,9,Total,9,Total,M,Killed,9,Total,TOTAL,Total,9,Total,99,Total,2023,89
A,Annual,ITE3,Marche,KILLINJ,Killed and injured,9,Total,9,Total,9,Total,M,Killed,9,Total,TOTAL,Total,9,Total,99,Total,2024,72
A,Annual,ITE3,Marche,KILLINJ,Killed and injured,9,Total,9,Total,9,Total,F,Injured,C,Driver,TOTAL,Total,9,Total,99,Total,2010,6865
A,Annual,ITE3,Marche,KILLINJ,Killed and injured,9,Total,9,Total,9,Total,F,Injured,C,Driver,TOTAL,Total,9,Total,99,Total,2011,6593
A,Annual,ITE3,Marche,KILLINJ,Killed and injured,9,Total,9,Total,9,Total,F,Injured,C,Driver,TOTAL,Total,9,Total,99,Total,2012,5444
A,Annual,ITE3,Marche,KILLINJ,Killed and injured,9,Total,9,Total,9,Total,F,Injured,C,Driver,TOTAL,Total,9,Total,99,Total,2013,5424
A,Annual,ITE3,Marche,KILLINJ,Killed and injured,9,Total,9,Total,9,Total,F,Injured,C,Driver,TOTAL,Total,9,Total,99,Total,2014,5447
A,Annual,ITE3,Marche,KILLINJ,Killed and injured,9,Total,9,Total,9,Total,F,Injured,C,Driver,TOTAL,Total,9,Total,99,Total,2015,5269
A,Annual,ITE3,Marche,KILLINJ,Killed and injured,9,Total,9,Total,9,Total,F,Injured,C,Driver,TOTAL,Total,9,Total,99,Total,2016,5197
A,Annual,ITE3,Marche,KILLINJ,Killed and injured,9,Total,9,Total,9,Total,F,Injured,C,Driver,TOTAL,Total,9,Total,99,Total,2017,5397
A,Annual,ITE3,Marche,KILLINJ,Killed and injured,9,Total,9,Total,9,Total,F,Injured,C,Driver,TOTAL,Total,9,Total,99,Total,2018,5171
A,Annual,ITE3,Marche,KILLINJ,Killed and injured,9,Total,9,Total,9,Total,F,Injured,C,Driver,TOTAL,Total,9,Total,99,Total,2019,5415
A,Annual,ITE3,Marche,KILLINJ,Killed and injured,9,Total,9,Total,9,Total,F,Injured,C,Driver,TOTAL,Total,9,Total,99,Total,2020,3611
A,Annual,ITE3,Marche,KILLINJ,Killed and injured,9,Total,9,Total,9,Total,F,Injured,C,Driver,TOTAL,Total,9,Total,99,Total,2021,4572
A,Annual,ITE3,Marche,KILLINJ,Killed and injured,9,Total,9,Total,9,Total,F,Injured,C,Driver,TOTAL,Total,9,Total,99,Total,2022,4855
A,Annual,ITE3,Marche,KILLINJ,Killed and injured,9,Total,9,Total,9,Total,F,Injured,C,Driver,TOTAL,Total,9,Total,99,Total,2023,4891
A,Annual,ITE3,Marche,KILLINJ,Killed and injured,9,Total,9,Total,9,Total,F,Injured,C,Driver,TOTAL,Total,9,Total,99,Total,2024,4934
A,Annual,ITE3,Marche,KILLINJ,Killed and injured,9,Total,9,Total,9,Total,F,Injured,P,Passenger,TOTAL,Total,9,Total,99,Total,2010,2320
A,Annual,ITE3,Marche,KILLINJ,Killed and injured,9,Total,9,Total,9,Total,F,Injured,P,Passenger,TOTAL,Total,9,Total,99,Total,2011,2186
A,Annual,ITE3,Marche,KILLINJ,Killed and injured,9,Total,9,Total,9,Total,F,Injured,P,Passenger,TOTAL,Total,9,Total,99,Total,2012,1906
A,Annual,ITE3,Marche,KILLINJ,Killed and injured,9,Total,9,Total,9,Total,F,Injured,P,Passenger,TOTAL,Total,9,Total,99,Total,2013,1840
A,Annual,ITE3,Marche,KILLINJ,Killed and injured,9,Total,9,Total,9,Total,F,Injured,P,Passenger,TOTAL,Total,9,Total,99,Total,2014,1797
A,Annual,ITE3,Marche,KILLINJ,Killed and injured,9,Total,9,Total,9,Total,F,Injured,P,Passenger,TOTAL,Total,9,Total,99,Total,2015,1666
A,Annual,ITE3,Marche,KILLINJ,Killed and injured,9,Total,9,Total,9,Total,F,Injured,P,Passenger,TOTAL,Total,9,Total,99,Total,2016,1605
A,Annual,ITE3,Marche,KILLINJ,Killed and injured,9,Total,9,Total,9,Total,F,Injured,P,Passenger,TOTAL,Total,9,Total,99,Total,2017,1719
A,Annual,ITE3,Marche,KILLINJ,Killed and injured,9,Total,9,Total,9,Total,F,Injured,P,Passenger,TOTAL,Total,9,Total,99,Total,2018,1571
A,Annual,ITE3,Marche,KILLINJ,Killed and injured,9,Total,9,Total,9,Total,F,Injured,P,Passenger,TOTAL,Total,9,Total,99,Total,2019,1543
A,Annual,ITE3,Marche,KILLINJ,Killed and injured,9,Total,9,Total,9,Total,F,Injured,P,Passenger,TOTAL,Total,9,Total,99,Total,2020,899
A,Annual,ITE3,Marche,KILLINJ,Killed and injured,9,Total,9,Total,9,Total,F,Injured,P,Passenger,TOTAL,Total,9,Total,99,Total,2021,1233
A,Annual,ITE3,Marche,KILLINJ,Killed and injured,9,Total,9,Total,9,Total,F,Injured,P,Passenger,TOTAL,Total,9,Total,99,Total,2022,1245
A,Annual,ITE3,Marche,KILLINJ,Killed and injured,9,Total,9,Total,9,Total,F,Injured,P,Passenger,TOTAL,Total,9,Total,99,Total,2023,1326
A,Annual,ITE3,Marche,KILLINJ,Killed and injured,9,Total,9,Total,9,Total,F,Injured,P,Passenger,TOTAL,Total,9,Total,99,Total,2024,1360
A,Annual,ITE3,Marche,KILLINJ,Killed and injured,9,Total,9,Total,9,Total,F,Injured,X,Pedestrian,TOTAL,Total,9,Total,99,Total,2010,689
A,Annual,ITE3,Marche,KILLINJ,Killed and injured,9,Total,9,Total,9,Total,F,Injured,X,Pedestrian,TOTAL,Total,9,Total,99,Total,2011,686
A,Annual,ITE3,Marche,KILLINJ,Killed and injured,9,Total,9,Total,9,Total,F,Injured,X,Pedestrian,TOTAL,Total,9,Total,99,Total,2012,652
A,Annual,ITE3,Marche,KILLINJ,Killed and injured,9,Total,9,Total,9,Total,F,Injured,X,Pedestrian,TOTAL,Total,9,Total,99,Total,2013,697
A,Annual,ITE3,Marche,KILLINJ,Killed and injured,9,Total,9,Total,9,Total,F,Injured,X,Pedestrian,TOTAL,Total,9,Total,99,Total,2014,622
A,Annual,ITE3,Marche,KILLINJ,Killed and injured,9,Total,9,Total,9,Total,F,Injured,X,Pedestrian,TOTAL,Total,9,Total,99,Total,2015,671
A,Annual,ITE3,Marche,KILLINJ,Killed and injured,9,Total,9,Total,9,Total,F,Injured,X,Pedestrian,TOTAL,Total,9,Total,99,Total,2016,604
A,Annual,ITE3,Marche,KILLINJ,Killed and injured,9,Total,9,Total,9,Total,F,Injured,X,Pedestrian,TOTAL,Total,9,Total,99,Total,2017,640
A,Annual,ITE3,Marche,KILLINJ,Killed and injured,9,Total,9,Total,9,Total,F,Injured,X,Pedestrian,TOTAL,Total,9,Total,99,Total,2018,556
A,Annual,ITE3,Marche,KILLINJ,Killed and injured,9,Total,9,Total,9,Total,F,Injured,X,Pedestrian,TOTAL,Total,9,Total,99,Total,2019,602
A,Annual,ITE3,Marche,KILLINJ,Killed and injured,9,Total,9,Total,9,Total,F,Injured,X,Pedestrian,TOTAL,Total,9,Total,99,Total,2020,408
A,Annual,ITE3,Marche,KILLINJ,Killed and injured,9,Total,9,Total,9,Total,F,Injured,X,Pedestrian,TOTAL,Total,9,Total,99,Total,2021,472
A,Annual,ITE3,Marche,KILLINJ,Killed and injured,9,Total,9,Total,9,Total,F,Injured,X,Pedestrian,TOTAL,Total,9,Total,99,Total,2022,561
A,Annual,ITE3,Marche,KILLINJ,Killed and injured,9,Total,9,Total,9,Total,F,Injured,X,Pedestrian,TOTAL,Total,9,Total,99,Total,2023,510
A,Annual,ITE3,Marche,KILLINJ,Killed and injured,9,Total,9,Total,9,Total,F,Injured,X,Pedestrian,TOTAL,Total,9,Total,99,Total,2024,538
A,Annual,ITE3,Marche,KILLINJ,Killed and injured,9,Total,9,Total,9,Total,F,Injured,9,Total,TOTAL,Total,9,Total,99,Total,2010,9874
A,Annual,ITE3,Marche,KILLINJ,Killed and injured,9,Total,9,Total,9,Total,F,Injured,9,Total,TOTAL,Total,9,Total,99,Total,2011,9465
A,Annual,ITE3,Marche,KILLINJ,Killed and injured,9,Total,9,Total,9,Total,F,Injured,9,Total,TOTAL,Total,9,Total,99,Total,2012,8002
A,Annual,ITE3,Marche,KILLINJ,Killed and injured,9,Total,9,Total,9,Total,F,Injured,9,Total,TOTAL,Total,9,Total,99,Total,2013,7961
A,Annual,ITE3,Marche,KILLINJ,Killed and injured,9,Total,9,Total,9,Total,F,Injured,9,Total,TOTAL,Total,9,Total,99,Total,2014,7866
A,Annual,ITE3,Marche,KILLINJ,Killed and injured,9,Total,9,Total,9,Total,F,Injured,9,Total,TOTAL,Total,9,Total,99,Total,2015,7606
A,Annual,ITE3,Marche,KILLINJ,Killed and injured,9,Total,9,Total,9,Total,F,Injured,9,Total,TOTAL,Total,9,Total,99,Total,2016,7406
A,Annual,ITE3,Marche,KILLINJ,Killed and injured,9,Total,9,Total,9,Total,F,Injured,9,Total,TOTAL,Total,9,Total,99,Total,2017,7756
A,Annual,ITE3,Marche,KILLINJ,Killed and injured,9,Total,9,Total,9,Total,F,Injured,9,Total,TOTAL,Total,9,Total,99,Total,2018,7298
A,Annual,ITE3,Marche,KILLINJ,Killed and injured,9,Total,9,Total,9,Total,F,Injured,9,Total,TOTAL,Total,9,Total,99,Total,2019,7560
A,Annual,ITE3,Marche,KILLINJ,Killed and injured,9,Total,9,Total,9,Total,F,Injured,9,Total,TOTAL,Total,9,Total,99,Total,2020,4918
A,Annual,ITE3,Marche,KILLINJ,Killed and injured,9,Total,9,Total,9,Total,F,Injured,9,Total,TOTAL,Total,9,Total,99,Total,2021,6277
A,Annual,ITE3,Marche,KILLINJ,Killed and injured,9,Total,9,Total,9,Total,F,Injured,9,Total,TOTAL,Total,9,Total,99,Total,2022,6661
A,Annual,ITE3,Marche,KILLINJ,Killed and injured,9,Total,9,Total,9,Total,F,Injured,9,Total,TOTAL,Total,9,Total,99,Total,2023,6727
A,Annual,ITE3,Marche,KILLINJ,Killed and injured,9,Total,9,Total,9,Total,F,Injured,9,Total,TOTAL,Total,9,Total,99,Total,2024,6832
A,Annual,ITE3,Marche,KILLINJ,Killed and injured,9,Total,9,Total,9,Total,9,Total,C,Driver,TOTAL,Total,9,Total,99,Total,2010,6941
A,Annual,ITE3,Marche,KILLINJ,Killed and injured,9,Total,9,Total,9,Total,9,Total,C,Driver,TOTAL,Total,9,Total,99,Total,2011,6678
A,Annual,ITE3,Marche,KILLINJ,Killed and injured,9,Total,9,Total,9,Total,9,Total,C,Driver,TOTAL,Total,9,Total,99,Total,2012,5516
A,Annual,ITE3,Marche,KILLINJ,Killed and injured,9,Total,9,Total,9,Total,9,Total,C,Driver,TOTAL,Total,9,Total,99,Total,2013,5484
A,Annual,ITE3,Marche,KILLINJ,Killed and injured,9,Total,9,Total,9,Total,9,Total,C,Driver,TOTAL,Total,9,Total,99,Total,2014,5516
A,Annual,ITE3,Marche,KILLINJ,Killed and injured,9,Total,9,Total,9,Total,9,Total,C,Driver,TOTAL,Total,9,Total,99,Total,2015,5325
A,Annual,ITE3,Marche,KILLINJ,Killed and injured,9,Total,9,Total,9,Total,9,Total,C,Driver,TOTAL,Total,9,Total,99,Total,2016,5266
A,Annual,ITE3,Marche,KILLINJ,Killed and injured,9,Total,9,Total,9,Total,9,Total,C,Driver,TOTAL,Total,9,Total,99,Total,2017,5463
A,Annual,ITE3,Marche,KILLINJ,Killed and injured,9,Total,9,Total,9,Total,9,Total,C,Driver,TOTAL,Total,9,Total,99,Total,2018,5228
A,Annual,ITE3,Marche,KILLINJ,Killed and injured,9,Total,9,Total,9,Total,9,Total,C,Driver,TOTAL,Total,9,Total,99,Total,2019,5486
A,Annual,ITE3,Marche,KILLINJ,Killed and injured,9,Total,9,Total,9,Total,9,Total,C,Driver,TOTAL,Total,9,Total,99,Total,2020,3655
A,Annual,ITE3,Marche,KILLINJ,Killed and injured,9,Total,9,Total,9,Total,9,Total,C,Driver,TOTAL,Total,9,Total,99,Total,2021,4627
A,Annual,ITE3,Marche,KILLINJ,Killed and injured,9,Total,9,Total,9,Total,9,Total,C,Driver,TOTAL,Total,9,Total,99,Total,2022,4919
A,Annual,ITE3,Marche,KILLINJ,Killed and injured,9,Total,9,Total,9,Total,9,Total,C,Driver,TOTAL,Total,9,Total,99,Total,2023,4951
A,Annual,ITE3,Marche,KILLINJ,Killed and injured,9,Total,9,Total,9,Total,9,Total,C,Driver,TOTAL,Total,9,Total,99,Total,2024,4987
A,Annual,ITE3,Marche,KILLINJ,Killed and injured,9,Total,9,Total,9,Total,9,Total,P,Passenger,TOTAL,Total,9,Total,99,Total,2010,2331
A,Annual,ITE3,Marche,KILLINJ,Killed and injured,9,Total,9,Total,9,Total,9,Total,P,Passenger,TOTAL,Total,9,Total,99,Total,2011,2205
A,Annual,ITE3,Marche,KILLINJ,Killed and injured,9,Total,9,Total,9,Total,9,Total,P,Passenger,TOTAL,Total,9,Total,99,Total,2012,1917
A,Annual,ITE3,Marche,KILLINJ,Killed and injured,9,Total,9,Total,9,Total,9,Total,P,Passenger,TOTAL,Total,9,Total,99,Total,2013,1853
A,Annual,ITE3,Marche,KILLINJ,Killed and injured,9,Total,9,Total,9,Total,9,Total,P,Passenger,TOTAL,Total,9,Total,99,Total,2014,1807
A,Annual,ITE3,Marche,KILLINJ,Killed and injured,9,Total,9,Total,9,Total,9,Total,P,Passenger,TOTAL,Total,9,Total,99,Total,2015,1679
A,Annual,ITE3,Marche,KILLINJ,Killed and injured,9,Total,9,Total,9,Total,9,Total,P,Passenger,TOTAL,Total,9,Total,99,Total,2016,1618
A,Annual,ITE3,Marche,KILLINJ,Killed and injured,9,Total,9,Total,9,Total,9,Total,P,Passenger,TOTAL,Total,9,Total,99,Total,2017,1731
A,Annual,ITE3,Marche,KILLINJ,Killed and injured,9,Total,9,Total,9,Total,9,Total,P,Passenger,TOTAL,Total,9,Total,99,Total,2018,1575
A,Annual,ITE3,Marche,KILLINJ,Killed and injured,9,Total,9,Total,9,Total,9,Total,P,Passenger,TOTAL,Total,9,Total,99,Total,2019,1552
A,Annual,ITE3,Marche,KILLINJ,Killed and injured,9,Total,9,Total,9,Total,9,Total,P,Passenger,TOTAL,Total,9,Total,99,Total,2020,906
A,Annual,ITE3,Marche,KILLINJ,Killed and injured,9,Total,9,Total,9,Total,9,Total,P,Passenger,TOTAL,Total,9,Total,99,Total,2021,1240
A,Annual,ITE3,Marche,KILLINJ,Killed and injured,9,Total,9,Total,9,Total,9,Total,P,Passenger,TOTAL,Total,9,Total,99,Total,2022,1256
A,Annual,ITE3,Marche,KILLINJ,Killed and injured,9,Total,9,Total,9,Total,9,Total,P,Passenger,TOTAL,Total,9,Total,99,Total,2023,1338
A,Annual,ITE3,Marche,KILLINJ,Killed and injured,9,Total,9,Total,9,Total,9,Total,P,Passenger,TOTAL,Total,9,Total,99,Total,2024,1369
A,Annual,ITE3,Marche,KILLINJ,Killed and injured,9,Total,9,Total,9,Total,9,Total,X,Pedestrian,TOTAL,Total,9,Total,99,Total,2010,711
A,Annual,ITE3,Marche,KILLINJ,Killed and injured,9,Total,9,Total,9,Total,9,Total,X,Pedestrian,TOTAL,Total,9,Total,99,Total,2011,711
A,Annual,ITE3,Marche,KILLINJ,Killed and injured,9,Total,9,Total,9,Total,9,Total,X,Pedestrian,TOTAL,Total,9,Total,99,Total,2012,668
A,Annual,ITE3,Marche,KILLINJ,Killed and injured,9,Total,9,Total,9,Total,9,Total,X,Pedestrian,TOTAL,Total,9,Total,99,Total,2013,710
A,Annual,ITE3,Marche,KILLINJ,Killed and injured,9,Total,9,Total,9,Total,9,Total,X,Pedestrian,TOTAL,Total,9,Total,99,Total,2014,643
A,Annual,ITE3,Marche,KILLINJ,Killed and injured,9,Total,9,Total,9,Total,9,Total,X,Pedestrian,TOTAL,Total,9,Total,99,Total,2015,695
A,Annual,ITE3,Marche,KILLINJ,Killed and injured,9,Total,9,Total,9,Total,9,Total,X,Pedestrian,TOTAL,Total,9,Total,99,Total,2016,622
A,Annual,ITE3,Marche,KILLINJ,Killed and injured,9,Total,9,Total,9,Total,9,Total,X,Pedestrian,TOTAL,Total,9,Total,99,Total,2017,658
A,Annual,ITE3,Marche,KILLINJ,Killed and injured,9,Total,9,Total,9,Total,9,Total,X,Pedestrian,TOTAL,Total,9,Total,99,Total,2018,582
A,Annual,ITE3,Marche,KILLINJ,Killed and injured,9,Total,9,Total,9,Total,9,Total,X,Pedestrian,TOTAL,Total,9,Total,99,Total,2019,621
A,Annual,ITE3,Marche,KILLINJ,Killed and injured,9,Total,9,Total,9,Total,9,Total,X,Pedestrian,TOTAL,Total,9,Total,99,Total,2020,426
A,Annual,ITE3,Marche,KILLINJ,Killed and injured,9,Total,9,Total,9,Total,9,Total,X,Pedestrian,TOTAL,Total,9,Total,99,Total,2021,494
A,Annual,ITE3,Marche,KILLINJ,Killed and injured,9,Total,9,Total,9,Total,9,Total,X,Pedestrian,TOTAL,Total,9,Total,99,Total,2022,577
A,Annual,ITE3,Marche,KILLINJ,Killed and injured,9,Total,9,Total,9,Total,9,Total,X,Pedestrian,TOTAL,Total,9,Total,99,Total,2023,527
A,Annual,ITE3,Marche,KILLINJ,Killed and injured,9,Total,9,Total,9,Total,9,Total,X,Pedestrian,TOTAL,Total,9,Total,99,Total,2024,548
A,Annual,ITE3,Marche,KILLINJ,Killed and injured,9,Total,9,Total,9,Total,9,Total,9,Total,TOTAL,Total,9,Total,99,Total,2010,9983
A,Annual,ITE3,Marche,KILLINJ,Killed and injured,9,Total,9,Total,9,Total,9,Total,9,Total,TOTAL,Total,9,Total,99,Total,2011,9594
A,Annual,ITE3,Marche,KILLINJ,Killed and injured,9,Total,9,Total,9,Total,9,Total,9,Total,TOTAL,Total,9,Total,99,Total,2012,8101
A,Annual,ITE3,Marche,KILLINJ,Killed and injured,9,Total,9,Total,9,Total,9,Total,9,Total,TOTAL,Total,9,Total,99,Total,2013,8047
A,Annual,ITE3,Marche,KILLINJ,Killed and injured,9,Total,9,Total,9,Total,9,Total,9,Total,TOTAL,Total,9,Total,99,Total,2014,7966
A,Annual,ITE3,Marche,KILLINJ,Killed and injured,9,Total,9,Total,9,Total,9,Total,9,Total,TOTAL,Total,9,Total,99,Total,2015,7699
A,Annual,ITE3,Marche,KILLINJ,Killed and injured,9,Total,9,Total,9,Total,9,Total,9,Total,TOTAL,Total,9,Total,99,Total,2016,7506
A,Annual,ITE3,Marche,KILLINJ,Killed and injured,9,Total,9,Total,9,Total,9,Total,9,Total,TOTAL,Total,9,Total,99,Total,2017,7852
A,Annual,ITE3,Marche,KILLINJ,Killed and injured,9,Total,9,Total,9,Total,9,Total,9,Total,TOTAL,Total,9,Total,99,Total,2018,7385
A,Annual,ITE3,Marche,KILLINJ,Killed and injured,9,Total,9,Total,9,Total,9,Total,9,Total,TOTAL,Total,9,Total,99,Total,2019,7659
A,Annual,ITE3,Marche,KILLINJ,Killed and injured,9,Total,9,Total,9,Total,9,Total,9,Total,TOTAL,Total,9,Total,99,Total,2020,4987
A,Annual,ITE3,Marche,KILLINJ,Killed and injured,9,Total,9,Total,9,Total,9,Total,9,Total,TOTAL,Total,9,Total,99,Total,2021,6361
A,Annual,ITE3,Marche,KILLINJ,Killed and injured,9,Total,9,Total,9,Total,9,Total,9,Total,TOTAL,Total,9,Total,99,Total,2022,6752
A,Annual,ITE3,Marche,KILLINJ,Killed and injured,9,Total,9,Total,9,Total,9,Total,9,Total,TOTAL,Total,9,Total,99,Total,2023,6816
A,Annual,ITE3,Marche,KILLINJ,Killed and injured,9,Total,9,Total,9,Total,9,Total,9,Total,TOTAL,Total,9,Total,99,Total,2024,6904
A,Annual,ITE4,Lazio,KILLINJ,Killed and injured,9,Total,9,Total,9,Total,M,Killed,C,Driver,TOTAL,Total,9,Total,99,Total,2010,300
A,Annual,ITE4,Lazio,KILLINJ,Killed and injured,9,Total,9,Total,9,Total,M,Killed,C,Driver,TOTAL,Total,9,Total,99,Total,2011,283
A,Annual,ITE4,Lazio,KILLINJ,Killed and injured,9,Total,9,Total,9,Total,M,Killed,C,Driver,TOTAL,Total,9,Total,99,Total,2012,240
A,Annual,ITE4,Lazio,KILLINJ,Killed and injured,9,Total,9,Total,9,Total,M,Killed,C,Driver,TOTAL,Total,9,Total,99,Total,2013,249
A,Annual,ITE4,Lazio,KILLINJ,Killed and injured,9,Total,9,Total,9,Total,M,Killed,C,Driver,TOTAL,Total,9,Total,99,Total,2014,221
A,Annual,ITE4,Lazio,KILLINJ,Killed and injured,9,Total,9,Total,9,Total,M,Killed,C,Driver,TOTAL,Total,9,Total,99,Total,2015,234
A,Annual,ITE4,Lazio,KILLINJ,Killed and injured,9,Total,9,Total,9,Total,M,Killed,C,Driver,TOTAL,Total,9,Total,99,Total,2016,232
A,Annual,ITE4,Lazio,KILLINJ,Killed and injured,9,Total,9,Total,9,Total,M,Killed,C,Driver,TOTAL,Total,9,Total,99,Total,2017,231
A,Annual,ITE4,Lazio,KILLINJ,Killed and injured,9,Total,9,Total,9,Total,M,Killed,C,Driver,TOTAL,Total,9,Total,99,Total,2018,200
A,Annual,ITE4,Lazio,KILLINJ,Killed and injured,9,Total,9,Total,9,Total,M,Killed,C,Driver,TOTAL,Total,9,Total,99,Total,2019,200
A,Annual,ITE4,Lazio,KILLINJ,Killed and injured,9,Total,9,Total,9,Total,M,Killed,C,Driver,TOTAL,Total,9,Total,99,Total,2020,163
A,Annual,ITE4,Lazio,KILLINJ,Killed and injured,9,Total,9,Total,9,Total,M,Killed,C,Driver,TOTAL,Total,9,Total,99,Total,2021,188
A,Annual,ITE4,Lazio,KILLINJ,Killed and injured,9,Total,9,Total,9,Total,M,Killed,C,Driver,TOTAL,Total,9,Total,99,Total,2022,228
A,Annual,ITE4,Lazio,KILLINJ,Killed and injured,9,Total,9,Total,9,Total,M,Killed,C,Driver,TOTAL,Total,9,Total,99,Total,2023,217
A,Annual,ITE4,Lazio,KILLINJ,Killed and injured,9,Total,9,Total,9,Total,M,Killed,C,Driver,TOTAL,Total,9,Total,99,Total,2024,201
A,Annual,ITE4,Lazio,KILLINJ,Killed and injured,9,Total,9,Total,9,Total,M,Killed,P,Passenger,TOTAL,Total,9,Total,99,Total,2010,74
A,Annual,ITE4,Lazio,KILLINJ,Killed and injured,9,Total,9,Total,9,Total,M,Killed,P,Passenger,TOTAL,Total,9,Total,99,Total,2011,66
A,Annual,ITE4,Lazio,KILLINJ,Killed and injured,9,Total,9,Total,9,Total,M,Killed,P,Passenger,TOTAL,Total,9,Total,99,Total,2012,54
A,Annual,ITE4,Lazio,KILLINJ,Killed and injured,9,Total,9,Total,9,Total,M,Killed,P,Passenger,TOTAL,Total,9,Total,99,Total,2013,47
A,Annual,ITE4,Lazio,KILLINJ,Killed and injured,9,Total,9,Total,9,Total,M,Killed,P,Passenger,TOTAL,Total,9,Total,99,Total,2014,65
A,Annual,ITE4,Lazio,KILLINJ,Killed and injured,9,Total,9,Total,9,Total,M,Killed,P,Passenger,TOTAL,Total,9,Total,99,Total,2015,49
A,Annual,ITE4,Lazio,KILLINJ,Killed and injured,9,Total,9,Total,9,Total,M,Killed,P,Passenger,TOTAL,Total,9,Total,99,Total,2016,48
A,Annual,ITE4,Lazio,KILLINJ,Killed and injured,9,Total,9,Total,9,Total,M,Killed,P,Passenger,TOTAL,Total,9,Total,99,Total,2017,43
A,Annual,ITE4,Lazio,KILLINJ,Killed and injured,9,Total,9,Total,9,Total,M,Killed,P,Passenger,TOTAL,Total,9,Total,99,Total,2018,49
A,Annual,ITE4,Lazio,KILLINJ,Killed and injured,9,Total,9,Total,9,Total,M,Killed,P,Passenger,TOTAL,Total,9,Total,99,Total,2019,32
A,Annual,ITE4,Lazio,KILLINJ,Killed and injured,9,Total,9,Total,9,Total,M,Killed,P,Passenger,TOTAL,Total,9,Total,99,Total,2020,34
A,Annual,ITE4,Lazio,KILLINJ,Killed and injured,9,Total,9,Total,9,Total,M,Killed,P,Passenger,TOTAL,Total,9,Total,99,Total,2021,31
A,Annual,ITE4,Lazio,KILLINJ,Killed and injured,9,Total,9,Total,9,Total,M,Killed,P,Passenger,TOTAL,Total,9,Total,99,Total,2022,41
A,Annual,ITE4,Lazio,KILLINJ,Killed and injured,9,Total,9,Total,9,Total,M,Killed,P,Passenger,TOTAL,Total,9,Total,99,Total,2023,42
A,Annual,ITE4,Lazio,KILLINJ,Killed and injured,9,Total,9,Total,9,Total,M,Killed,P,Passenger,TOTAL,Total,9,Total,99,Total,2024,37
A,Annual,ITE4,Lazio,KILLINJ,Killed and injured,9,Total,9,Total,9,Total,M,Killed,X,Pedestrian,TOTAL,Total,9,Total,99,Total,2010,76
A,Annual,ITE4,Lazio,KILLINJ,Killed and injured,9,Total,9,Total,9,Total,M,Killed,X,Pedestrian,TOTAL,Total,9,Total,99,Total,2011,76
A,Annual,ITE4,Lazio,KILLINJ,Killed and injured,9,Total,9,Total,9,Total,M,Killed,X,Pedestrian,TOTAL,Total,9,Total,99,Total,2012,91
A,Annual,ITE4,Lazio,KILLINJ,Killed and injured,9,Total,9,Total,9,Total,M,Killed,X,Pedestrian,TOTAL,Total,9,Total,99,Total,2013,70
A,Annual,ITE4,Lazio,KILLINJ,Killed and injured,9,Total,9,Total,9,Total,M,Killed,X,Pedestrian,TOTAL,Total,9,Total,99,Total,2014,85
A,Annual,ITE4,Lazio,KILLINJ,Killed and injured,9,Total,9,Total,9,Total,M,Killed,X,Pedestrian,TOTAL,Total,9,Total,99,Total,2015,87
A,Annual,ITE4,Lazio,KILLINJ,Killed and injured,9,Total,9,Total,9,Total,M,Killed,X,Pedestrian,TOTAL,Total,9,Total,99,Total,2016,67
A,Annual,ITE4,Lazio,KILLINJ,Killed and injured,9,Total,9,Total,9,Total,M,Killed,X,Pedestrian,TOTAL,Total,9,Total,99,Total,2017,82
A,Annual,ITE4,Lazio,KILLINJ,Killed and injured,9,Total,9,Total,9,Total,M,Killed,X,Pedestrian,TOTAL,Total,9,Total,99,Total,2018,89
A,Annual,ITE4,Lazio,KILLINJ,Killed and injured,9,Total,9,Total,9,Total,M,Killed,X,Pedestrian,TOTAL,Total,9,Total,99,Total,2019,63
A,Annual,ITE4,Lazio,KILLINJ,Killed and injured,9,Total,9,Total,9,Total,M,Killed,X,Pedestrian,TOTAL,Total,9,Total,99,Total,2020,64
A,Annual,ITE4,Lazio,KILLINJ,Killed and injured,9,Total,9,Total,9,Total,M,Killed,X,Pedestrian,TOTAL,Total,9,Total,99,Total,2021,69
A,Annual,ITE4,Lazio,KILLINJ,Killed and injured,9,Total,9,Total,9,Total,M,Killed,X,Pedestrian,TOTAL,Total,9,Total,99,Total,2022,70
A,Annual,ITE4,Lazio,KILLINJ,Killed and injured,9,Total,9,Total,9,Total,M,Killed,X,Pedestrian,TOTAL,Total,9,Total,99,Total,2023,87
A,Annual,ITE4,Lazio,KILLINJ,Killed and injured,9,Total,9,Total,9,Total,M,Killed,X,Pedestrian,TOTAL,Total,9,Total,99,Total,2024,81
A,Annual,ITE4,Lazio,KILLINJ,Killed and injured,9,Total,9,Total,9,Total,M,Killed,9,Total,TOTAL,Total,9,Total,99,Total,2010,450
A,Annual,ITE4,Lazio,KILLINJ,Killed and injured,9,Total,9,Total,9,Total,M,Killed,9,Total,TOTAL,Total,9,Total,99,Total,2011,425
A,Annual,ITE4,Lazio,KILLINJ,Killed and injured,9,Total,9,Total,9,Total,M,Killed,9,Total,TOTAL,Total,9,Total,99,Total,2012,385
A,Annual,ITE4,Lazio,KILLINJ,Killed and injured,9,Total,9,Total,9,Total,M,Killed,9,Total,TOTAL,Total,9,Total,99,Total,2013,366
A,Annual,ITE4,Lazio,KILLINJ,Killed and injured,9,Total,9,Total,9,Total,M,Killed,9,Total,TOTAL,Total,9,Total,99,Total,2014,371
A,Annual,ITE4,Lazio,KILLINJ,Killed and injured,9,Total,9,Total,9,Total,M,Killed,9,Total,TOTAL,Total,9,Total,99,Total,2015,370
A,Annual,ITE4,Lazio,KILLINJ,Killed and injured,9,Total,9,Total,9,Total,M,Killed,9,Total,TOTAL,Total,9,Total,99,Total,2016,347
A,Annual,ITE4,Lazio,KILLINJ,Killed and injured,9,Total,9,Total,9,Total,M,Killed,9,Total,TOTAL,Total,9,Total,99,Total,2017,356
A,Annual,ITE4,Lazio,KILLINJ,Killed and injured,9,Total,9,Total,9,Total,M,Killed,9,Total,TOTAL,Total,9,Total,99,Total,2018,338
A,Annual,ITE4,Lazio,KILLINJ,Killed and injured,9,Total,9,Total,9,Total,M,Killed,9,Total,TOTAL,Total,9,Total,99,Total,2019,295
A,Annual,ITE4,Lazio,KILLINJ,Killed and injured,9,Total,9,Total,9,Total,M,Killed,9,Total,TOTAL,Total,9,Total,99,Total,2020,261
A,Annual,ITE4,Lazio,KILLINJ,Killed and injured,9,Total,9,Total,9,Total,M,Killed,9,Total,TOTAL,Total,9,Total,99,Total,2021,288
A,Annual,ITE4,Lazio,KILLINJ,Killed and injured,9,Total,9,Total,9,Total,M,Killed,9,Total,TOTAL,Total,9,Total,99,Total,2022,339
A,Annual,ITE4,Lazio,KILLINJ,Killed and injured,9,Total,9,Total,9,Total,M,Killed,9,Total,TOTAL,Total,9,Total,99,Total,2023,346
A,Annual,ITE4,Lazio,KILLINJ,Killed and injured,9,Total,9,Total,9,Total,M,Killed,9,Total,TOTAL,Total,9,Total,99,Total,2024,319
A,Annual,ITE4,Lazio,KILLINJ,Killed and injured,9,Total,9,Total,9,Total,F,Injured,C,Driver,TOTAL,Total,9,Total,99,Total,2010,26778
A,Annual,ITE4,Lazio,KILLINJ,Killed and injured,9,Total,9,Total,9,Total,F,Injured,C,Driver,TOTAL,Total,9,Total,99,Total,2011,25759
A,Annual,ITE4,Lazio,KILLINJ,Killed and injured,9,Total,9,Total,9,Total,F,Injured,C,Driver,TOTAL,Total,9,Total,99,Total,2012,22357
A,Annual,ITE4,Lazio,KILLINJ,Killed and injured,9,Total,9,Total,9,Total,F,Injured,C,Driver,TOTAL,Total,9,Total,99,Total,2013,20617
A,Annual,ITE4,Lazio,KILLINJ,Killed and injured,9,Total,9,Total,9,Total,F,Injured,C,Driver,TOTAL,Total,9,Total,99,Total,2014,19112
A,Annual,ITE4,Lazio,KILLINJ,Killed and injured,9,Total,9,Total,9,Total,F,Injured,C,Driver,TOTAL,Total,9,Total,99,Total,2015,18819
A,Annual,ITE4,Lazio,KILLINJ,Killed and injured,9,Total,9,Total,9,Total,F,Injured,C,Driver,TOTAL,Total,9,Total,99,Total,2016,18651
A,Annual,ITE4,Lazio,KILLINJ,Killed and injured,9,Total,9,Total,9,Total,F,Injured,C,Driver,TOTAL,Total,9,Total,99,Total,2017,18267
A,Annual,ITE4,Lazio,KILLINJ,Killed and injured,9,Total,9,Total,9,Total,F,Injured,C,Driver,TOTAL,Total,9,Total,99,Total,2018,17198
A,Annual,ITE4,Lazio,KILLINJ,Killed and injured,9,Total,9,Total,9,Total,F,Injured,C,Driver,TOTAL,Total,9,Total,99,Total,2019,17356
A,Annual,ITE4,Lazio,KILLINJ,Killed and injured,9,Total,9,Total,9,Total,F,Injured,C,Driver,TOTAL,Total,9,Total,99,Total,2020,12321
A,Annual,ITE4,Lazio,KILLINJ,Killed and injured,9,Total,9,Total,9,Total,F,Injured,C,Driver,TOTAL,Total,9,Total,99,Total,2021,15961
A,Annual,ITE4,Lazio,KILLINJ,Killed and injured,9,Total,9,Total,9,Total,F,Injured,C,Driver,TOTAL,Total,9,Total,99,Total,2022,18537
A,Annual,ITE4,Lazio,KILLINJ,Killed and injured,9,Total,9,Total,9,Total,F,Injured,C,Driver,TOTAL,Total,9,Total,99,Total,2023,17951
A,Annual,ITE4,Lazio,KILLINJ,Killed and injured,9,Total,9,Total,9,Total,F,Injured,C,Driver,TOTAL,Total,9,Total,99,Total,2024,19125
A,Annual,ITE4,Lazio,KILLINJ,Killed and injured,9,Total,9,Total,9,Total,F,Injured,P,Passenger,TOTAL,Total,9,Total,99,Total,2010,9192
A,Annual,ITE4,Lazio,KILLINJ,Killed and injured,9,Total,9,Total,9,Total,F,Injured,P,Passenger,TOTAL,Total,9,Total,99,Total,2011,8807
A,Annual,ITE4,Lazio,KILLINJ,Killed and injured,9,Total,9,Total,9,Total,F,Injured,P,Passenger,TOTAL,Total,9,Total,99,Total,2012,7788
A,Annual,ITE4,Lazio,KILLINJ,Killed and injured,9,Total,9,Total,9,Total,F,Injured,P,Passenger,TOTAL,Total,9,Total,99,Total,2013,7216
A,Annual,ITE4,Lazio,KILLINJ,Killed and injured,9,Total,9,Total,9,Total,F,Injured,P,Passenger,TOTAL,Total,9,Total,99,Total,2014,6683
A,Annual,ITE4,Lazio,KILLINJ,Killed and injured,9,Total,9,Total,9,Total,F,Injured,P,Passenger,TOTAL,Total,9,Total,99,Total,2015,6537
A,Annual,ITE4,Lazio,KILLINJ,Killed and injured,9,Total,9,Total,9,Total,F,Injured,P,Passenger,TOTAL,Total,9,Total,99,Total,2016,6452
A,Annual,ITE4,Lazio,KILLINJ,Killed and injured,9,Total,9,Total,9,Total,F,Injured,P,Passenger,TOTAL,Total,9,Total,99,Total,2017,6058
A,Annual,ITE4,Lazio,KILLINJ,Killed and injured,9,Total,9,Total,9,Total,F,Injured,P,Passenger,TOTAL,Total,9,Total,99,Total,2018,5704
A,Annual,ITE4,Lazio,KILLINJ,Killed and injured,9,Total,9,Total,9,Total,F,Injured,P,Passenger,TOTAL,Total,9,Total,99,Total,2019,5828
A,Annual,ITE4,Lazio,KILLINJ,Killed and injured,9,Total,9,Total,9,Total,F,Injured,P,Passenger,TOTAL,Total,9,Total,99,Total,2020,3593
A,Annual,ITE4,Lazio,KILLINJ,Killed and injured,9,Total,9,Total,9,Total,F,Injured,P,Passenger,TOTAL,Total,9,Total,99,Total,2021,4703
A,Annual,ITE4,Lazio,KILLINJ,Killed and injured,9,Total,9,Total,9,Total,F,Injured,P,Passenger,TOTAL,Total,9,Total,99,Total,2022,5410
A,Annual,ITE4,Lazio,KILLINJ,Killed and injured,9,Total,9,Total,9,Total,F,Injured,P,Passenger,TOTAL,Total,9,Total,99,Total,2023,5373
A,Annual,ITE4,Lazio,KILLINJ,Killed and injured,9,Total,9,Total,9,Total,F,Injured,P,Passenger,TOTAL,Total,9,Total,99,Total,2024,5589
A,Annual,ITE4,Lazio,KILLINJ,Killed and injured,9,Total,9,Total,9,Total,F,Injured,X,Pedestrian,TOTAL,Total,9,Total,99,Total,2010,2962
A,Annual,ITE4,Lazio,KILLINJ,Killed and injured,9,Total,9,Total,9,Total,F,Injured,X,Pedestrian,TOTAL,Total,9,Total,99,Total,2011,2943
A,Annual,ITE4,Lazio,KILLINJ,Killed and injured,9,Total,9,Total,9,Total,F,Injured,X,Pedestrian,TOTAL,Total,9,Total,99,Total,2012,2886
A,Annual,ITE4,Lazio,KILLINJ,Killed and injured,9,Total,9,Total,9,Total,F,Injured,X,Pedestrian,TOTAL,Total,9,Total,99,Total,2013,2949
A,Annual,ITE4,Lazio,KILLINJ,Killed and injured,9,Total,9,Total,9,Total,F,Injured,X,Pedestrian,TOTAL,Total,9,Total,99,Total,2014,2800
A,Annual,ITE4,Lazio,KILLINJ,Killed and injured,9,Total,9,Total,9,Total,F,Injured,X,Pedestrian,TOTAL,Total,9,Total,99,Total,2015,2761
A,Annual,ITE4,Lazio,KILLINJ,Killed and injured,9,Total,9,Total,9,Total,F,Injured,X,Pedestrian,TOTAL,Total,9,Total,99,Total,2016,2661
A,Annual,ITE4,Lazio,KILLINJ,Killed and injured,9,Total,9,Total,9,Total,F,Injured,X,Pedestrian,TOTAL,Total,9,Total,99,Total,2017,2741
A,Annual,ITE4,Lazio,KILLINJ,Killed and injured,9,Total,9,Total,9,Total,F,Injured,X,Pedestrian,TOTAL,Total,9,Total,99,Total,2018,2624
A,Annual,ITE4,Lazio,KILLINJ,Killed and injured,9,Total,9,Total,9,Total,F,Injured,X,Pedestrian,TOTAL,Total,9,Total,99,Total,2019,2858
A,Annual,ITE4,Lazio,KILLINJ,Killed and injured,9,Total,9,Total,9,Total,F,Injured,X,Pedestrian,TOTAL,Total,9,Total,99,Total,2020,1919
A,Annual,ITE4,Lazio,KILLINJ,Killed and injured,9,Total,9,Total,9,Total,F,Injured,X,Pedestrian,TOTAL,Total,9,Total,99,Total,2021,2384
A,Annual,ITE4,Lazio,KILLINJ,Killed and injured,9,Total,9,Total,9,Total,F,Injured,X,Pedestrian,TOTAL,Total,9,Total,99,Total,2022,2855
A,Annual,ITE4,Lazio,KILLINJ,Killed and injured,9,Total,9,Total,9,Total,F,Injured,X,Pedestrian,TOTAL,Total,9,Total,99,Total,2023,2934
A,Annual,ITE4,Lazio,KILLINJ,Killed and injured,9,Total,9,Total,9,Total,F,Injured,X,Pedestrian,TOTAL,Total,9,Total,99,Total,2024,2980
A,Annual,ITE4,Lazio,KILLINJ,Killed and injured,9,Total,9,Total,9,Total,F,Injured,9,Total,TOTAL,Total,9,Total,99,Total,2010,38932
A,Annual,ITE4,Lazio,KILLINJ,Killed and injured,9,Total,9,Total,9,Total,F,Injured,9,Total,TOTAL,Total,9,Total,99,Total,2011,37509
A,Annual,ITE4,Lazio,KILLINJ,Killed and injured,9,Total,9,Total,9,Total,F,Injured,9,Total,TOTAL,Total,9,Total,99,Total,2012,33031
A,Annual,ITE4,Lazio,KILLINJ,Killed and injured,9,Total,9,Total,9,Total,F,Injured,9,Total,TOTAL,Total,9,Total,99,Total,2013,30782
A,Annual,ITE4,Lazio,KILLINJ,Killed and injured,9,Total,9,Total,9,Total,F,Injured,9,Total,TOTAL,Total,9,Total,99,Total,2014,28595
A,Annual,ITE4,Lazio,KILLINJ,Killed and injured,9,Total,9,Total,9,Total,F,Injured,9,Total,TOTAL,Total,9,Total,99,Total,2015,28117
A,Annual,ITE4,Lazio,KILLINJ,Killed and injured,9,Total,9,Total,9,Total,F,Injured,9,Total,TOTAL,Total,9,Total,99,Total,2016,27764
A,Annual,ITE4,Lazio,KILLINJ,Killed and injured,9,Total,9,Total,9,Total,F,Injured,9,Total,TOTAL,Total,9,Total,99,Total,2017,27066
A,Annual,ITE4,Lazio,KILLINJ,Killed and injured,9,Total,9,Total,9,Total,F,Injured,9,Total,TOTAL,Total,9,Total,99,Total,2018,25526
A,Annual,ITE4,Lazio,KILLINJ,Killed and injured,9,Total,9,Total,9,Total,F,Injured,9,Total,TOTAL,Total,9,Total,99,Total,2019,26042
A,Annual,ITE4,Lazio,KILLINJ,Killed and injured,9,Total,9,Total,9,Total,F,Injured,9,Total,TOTAL,Total,9,Total,99,Total,2020,17833
A,Annual,ITE4,Lazio,KILLINJ,Killed and injured,9,Total,9,Total,9,Total,F,Injured,9,Total,TOTAL,Total,9,Total,99,Total,2021,23048
A,Annual,ITE4,Lazio,KILLINJ,Killed and injured,9,Total,9,Total,9,Total,F,Injured,9,Total,TOTAL,Total,9,Total,99,Total,2022,26802
A,Annual,ITE4,Lazio,KILLINJ,Killed and injured,9,Total,9,Total,9,Total,F,Injured,9,Total,TOTAL,Total,9,Total,99,Total,2023,26258
A,Annual,ITE4,Lazio,KILLINJ,Killed and injured,9,Total,9,Total,9,Total,F,Injured,9,Total,TOTAL,Total,9,Total,99,Total,2024,27694
A,Annual,ITE4,Lazio,KILLINJ,Killed and injured,9,Total,9,Total,9,Total,9,Total,C,Driver,TOTAL,Total,9,Total,99,Total,2010,27078
A,Annual,ITE4,Lazio,KILLINJ,Killed and injured,9,Total,9,Total,9,Total,9,Total,C,Driver,TOTAL,Total,9,Total,99,Total,2011,26042
A,Annual,ITE4,Lazio,KILLINJ,Killed and injured,9,Total,9,Total,9,Total,9,Total,C,Driver,TOTAL,Total,9,Total,99,Total,2012,22597
A,Annual,ITE4,Lazio,KILLINJ,Killed and injured,9,Total,9,Total,9,Total,9,Total,C,Driver,TOTAL,Total,9,Total,99,Total,2013,20866
A,Annual,ITE4,Lazio,KILLINJ,Killed and injured,9,Total,9,Total,9,Total,9,Total,C,Driver,TOTAL,Total,9,Total,99,Total,2014,19333
A,Annual,ITE4,Lazio,KILLINJ,Killed and injured,9,Total,9,Total,9,Total,9,Total,C,Driver,TOTAL,Total,9,Total,99,Total,2015,19053
A,Annual,ITE4,Lazio,KILLINJ,Killed and injured,9,Total,9,Total,9,Total,9,Total,C,Driver,TOTAL,Total,9,Total,99,Total,2016,18883
A,Annual,ITE4,Lazio,KILLINJ,Killed and injured,9,Total,9,Total,9,Total,9,Total,C,Driver,TOTAL,Total,9,Total,99,Total,2017,18498
A,Annual,ITE4,Lazio,KILLINJ,Killed and injured,9,Total,9,Total,9,Total,9,Total,C,Driver,TOTAL,Total,9,Total,99,Total,2018,17398
A,Annual,ITE4,Lazio,KILLINJ,Killed and injured,9,Total,9,Total,9,Total,9,Total,C,Driver,TOTAL,Total,9,Total,99,Total,2019,17556
A,Annual,ITE4,Lazio,KILLINJ,Killed and injured,9,Total,9,Total,9,Total,9,Total,C,Driver,TOTAL,Total,9,Total,99,Total,2020,12484
A,Annual,ITE4,Lazio,KILLINJ,Killed and injured,9,Total,9,Total,9,Total,9,Total,C,Driver,TOTAL,Total,9,Total,99,Total,2021,16149
A,Annual,ITE4,Lazio,KILLINJ,Killed and injured,9,Total,9,Total,9,Total,9,Total,C,Driver,TOTAL,Total,9,Total,99,Total,2022,18765
A,Annual,ITE4,Lazio,KILLINJ,Killed and injured,9,Total,9,Total,9,Total,9,Total,C,Driver,TOTAL,Total,9,Total,99,Total,2023,18168
A,Annual,ITE4,Lazio,KILLINJ,Killed and injured,9,Total,9,Total,9,Total,9,Total,C,Driver,TOTAL,Total,9,Total,99,Total,2024,19326
A,Annual,ITE4,Lazio,KILLINJ,Killed and injured,9,Total,9,Total,9,Total,9,Total,P,Passenger,TOTAL,Total,9,Total,99,Total,2010,9266
A,Annual,ITE4,Lazio,KILLINJ,Killed and injured,9,Total,9,Total,9,Total,9,Total,P,Passenger,TOTAL,Total,9,Total,99,Total,2011,8873
A,Annual,ITE4,Lazio,KILLINJ,Killed and injured,9,Total,9,Total,9,Total,9,Total,P,Passenger,TOTAL,Total,9,Total,99,Total,2012,7842
A,Annual,ITE4,Lazio,KILLINJ,Killed and injured,9,Total,9,Total,9,Total,9,Total,P,Passenger,TOTAL,Total,9,Total,99,Total,2013,7263
A,Annual,ITE4,Lazio,KILLINJ,Killed and injured,9,Total,9,Total,9,Total,9,Total,P,Passenger,TOTAL,Total,9,Total,99,Total,2014,6748
A,Annual,ITE4,Lazio,KILLINJ,Killed and injured,9,Total,9,Total,9,Total,9,Total,P,Passenger,TOTAL,Total,9,Total,99,Total,2015,6586
A,Annual,ITE4,Lazio,KILLINJ,Killed and injured,9,Total,9,Total,9,Total,9,Total,P,Passenger,TOTAL,Total,9,Total,99,Total,2016,6500
A,Annual,ITE4,Lazio,KILLINJ,Killed and injured,9,Total,9,Total,9,Total,9,Total,P,Passenger,TOTAL,Total,9,Total,99,Total,2017,6101
A,Annual,ITE4,Lazio,KILLINJ,Killed and injured,9,Total,9,Total,9,Total,9,Total,P,Passenger,TOTAL,Total,9,Total,99,Total,2018,5753
A,Annual,ITE4,Lazio,KILLINJ,Killed and injured,9,Total,9,Total,9,Total,9,Total,P,Passenger,TOTAL,Total,9,Total,99,Total,2019,5860
A,Annual,ITE4,Lazio,KILLINJ,Killed and injured,9,Total,9,Total,9,Total,9,Total,P,Passenger,TOTAL,Total,9,Total,99,Total,2020,3627
A,Annual,ITE4,Lazio,KILLINJ,Killed and injured,9,Total,9,Total,9,Total,9,Total,P,Passenger,TOTAL,Total,9,Total,99,Total,2021,4734
A,Annual,ITE4,Lazio,KILLINJ,Killed and injured,9,Total,9,Total,9,Total,9,Total,P,Passenger,TOTAL,Total,9,Total,99,Total,2022,5451
A,Annual,ITE4,Lazio,KILLINJ,Killed and injured,9,Total,9,Total,9,Total,9,Total,P,Passenger,TOTAL,Total,9,Total,99,Total,2023,5415
A,Annual,ITE4,Lazio,KILLINJ,Killed and injured,9,Total,9,Total,9,Total,9,Total,P,Passenger,TOTAL,Total,9,Total,99,Total,2024,5626
A,Annual,ITE4,Lazio,KILLINJ,Killed and injured,9,Total,9,Total,9,Total,9,Total,X,Pedestrian,TOTAL,Total,9,Total,99,Total,2010,3038
A,Annual,ITE4,Lazio,KILLINJ,Killed and injured,9,Total,9,Total,9,Total,9,Total,X,Pedestrian,TOTAL,Total,9,Total,99,Total,2011,3019
A,Annual,ITE4,Lazio,KILLINJ,Killed and injured,9,Total,9,Total,9,Total,9,Total,X,Pedestrian,TOTAL,Total,9,Total,99,Total,2012,2977
A,Annual,ITE4,Lazio,KILLINJ,Killed and injured,9,Total,9,Total,9,Total,9,Total,X,Pedestrian,TOTAL,Total,9,Total,99,Total,2013,3019
A,Annual,ITE4,Lazio,KILLINJ,Killed and injured,9,Total,9,Total,9,Total,9,Total,X,Pedestrian,TOTAL,Total,9,Total,99,Total,2014,2885
A,Annual,ITE4,Lazio,KILLINJ,Killed and injured,9,Total,9,Total,9,Total,9,Total,X,Pedestrian,TOTAL,Total,9,Total,99,Total,2015,2848
A,Annual,ITE4,Lazio,KILLINJ,Killed and injured,9,Total,9,Total,9,Total,9,Total,X,Pedestrian,TOTAL,Total,9,Total,99,Total,2016,2728
A,Annual,ITE4,Lazio,KILLINJ,Killed and injured,9,Total,9,Total,9,Total,9,Total,X,Pedestrian,TOTAL,Total,9,Total,99,Total,2017,2823
A,Annual,ITE4,Lazio,KILLINJ,Killed and injured,9,Total,9,Total,9,Total,9,Total,X,Pedestrian,TOTAL,Total,9,Total,99,Total,2018,2713
A,Annual,ITE4,Lazio,KILLINJ,Killed and injured,9,Total,9,Total,9,Total,9,Total,X,Pedestrian,TOTAL,Total,9,Total,99,Total,2019,2921
A,Annual,ITE4,Lazio,KILLINJ,Killed and injured,9,Total,9,Total,9,Total,9,Total,X,Pedestrian,TOTAL,Total,9,Total,99,Total,2020,1983
A,Annual,ITE4,Lazio,KILLINJ,Killed and injured,9,Total,9,Total,9,Total,9,Total,X,Pedestrian,TOTAL,Total,9,Total,99,Total,2021,2453
A,Annual,ITE4,Lazio,KILLINJ,Killed and injured,9,Total,9,Total,9,Total,9,Total,X,Pedestrian,TOTAL,Total,9,Total,99,Total,2022,2925
A,Annual,ITE4,Lazio,KILLINJ,Killed and injured,9,Total,9,Total,9,Total,9,Total,X,Pedestrian,TOTAL,Total,9,Total,99,Total,2023,3021
A,Annual,ITE4,Lazio,KILLINJ,Killed and injured,9,Total,9,Total,9,Total,9,Total,X,Pedestrian,TOTAL,Total,9,Total,99,Total,2024,3061
A,Annual,ITE4,Lazio,KILLINJ,Killed and injured,9,Total,9,Total,9,Total,9,Total,9,Total,TOTAL,Total,9,Total,99,Total,2010,39382
A,Annual,ITE4,Lazio,KILLINJ,Killed and injured,9,Total,9,Total,9,Total,9,Total,9,Total,TOTAL,Total,9,Total,99,Total,2011,37934
A,Annual,ITE4,Lazio,KILLINJ,Killed and injured,9,Total,9,Total,9,Total,9,Total,9,Total,TOTAL,Total,9,Total,99,Total,2012,33416
A,Annual,ITE4,Lazio,KILLINJ,Killed and injured,9,Total,9,Total,9,Total,9,Total,9,Total,TOTAL,Total,9,Total,99,Total,2013,31148
A,Annual,ITE4,Lazio,KILLINJ,Killed and injured,9,Total,9,Total,9,Total,9,Total,9,Total,TOTAL,Total,9,Total,99,Total,2014,28966
A,Annual,ITE4,Lazio,KILLINJ,Killed and injured,9,Total,9,Total,9,Total,9,Total,9,Total,TOTAL,Total,9,Total,99,Total,2015,28487
A,Annual,ITE4,Lazio,KILLINJ,Killed and injured,9,Total,9,Total,9,Total,9,Total,9,Total,TOTAL,Total,9,Total,99,Total,2016,28111
A,Annual,ITE4,Lazio,KILLINJ,Killed and injured,9,Total,9,Total,9,Total,9,Total,9,Total,TOTAL,Total,9,Total,99,Total,2017,27422
A,Annual,ITE4,Lazio,KILLINJ,Killed and injured,9,Total,9,Total,9,Total,9,Total,9,Total,TOTAL,Total,9,Total,99,Total,2018,25864
A,Annual,ITE4,Lazio,KILLINJ,Killed and injured,9,Total,9,Total,9,Total,9,Total,9,Total,TOTAL,Total,9,Total,99,Total,2019,26337
A,Annual,ITE4,Lazio,KILLINJ,Killed and injured,9,Total,9,Total,9,Total,9,Total,9,Total,TOTAL,Total,9,Total,99,Total,2020,18094
A,Annual,ITE4,Lazio,KILLINJ,Killed and injured,9,Total,9,Total,9,Total,9,Total,9,Total,TOTAL,Total,9,Total,99,Total,2021,23336
A,Annual,ITE4,Lazio,KILLINJ,Killed and injured,9,Total,9,Total,9,Total,9,Total,9,Total,TOTAL,Total,9,Total,99,Total,2022,27141
A,Annual,ITE4,Lazio,KILLINJ,Killed and injured,9,Total,9,Total,9,Total,9,Total,9,Total,TOTAL,Total,9,Total,99,Total,2023,26604
A,Annual,ITE4,Lazio,KILLINJ,Killed and injured,9,Total,9,Total,9,Total,9,Total,9,Total,TOTAL,Total,9,Total,99,Total,2024,28013
A,Annual,ITF1,Abruzzo,KILLINJ,Killed and injured,9,Total,9,Total,9,Total,M,Killed,C,Driver,TOTAL,Total,9,Total,99,Total,2010,53
A,Annual,ITF1,Abruzzo,KILLINJ,Killed and injured,9,Total,9,Total,9,Total,M,Killed,C,Driver,TOTAL,Total,9,Total,99,Total,2011,59
A,Annual,ITF1,Abruzzo,KILLINJ,Killed and injured,9,Total,9,Total,9,Total,M,Killed,C,Driver,TOTAL,Total,9,Total,99,Total,2012,63
A,Annual,ITF1,Abruzzo,KILLINJ,Killed and injured,9,Total,9,Total,9,Total,M,Killed,C,Driver,TOTAL,Total,9,Total,99,Total,2013,42
A,Annual,ITF1,Abruzzo,KILLINJ,Killed and injured,9,Total,9,Total,9,Total,M,Killed,C,Driver,TOTAL,Total,9,Total,99,Total,2014,58
A,Annual,ITF1,Abruzzo,KILLINJ,Killed and injured,9,Total,9,Total,9,Total,M,Killed,C,Driver,TOTAL,Total,9,Total,99,Total,2015,53
A,Annual,ITF1,Abruzzo,KILLINJ,Killed and injured,9,Total,9,Total,9,Total,M,Killed,C,Driver,TOTAL,Total,9,Total,99,Total,2016,56
A,Annual,ITF1,Abruzzo,KILLINJ,Killed and injured,9,Total,9,Total,9,Total,M,Killed,C,Driver,TOTAL,Total,9,Total,99,Total,2017,45
A,Annual,ITF1,Abruzzo,KILLINJ,Killed and injured,9,Total,9,Total,9,Total,M,Killed,C,Driver,TOTAL,Total,9,Total,99,Total,2018,52
A,Annual,ITF1,Abruzzo,KILLINJ,Killed and injured,9,Total,9,Total,9,Total,M,Killed,C,Driver,TOTAL,Total,9,Total,99,Total,2019,50
A,Annual,ITF1,Abruzzo,KILLINJ,Killed and injured,9,Total,9,Total,9,Total,M,Killed,C,Driver,TOTAL,Total,9,Total,99,Total,2020,47
A,Annual,ITF1,Abruzzo,KILLINJ,Killed and injured,9,Total,9,Total,9,Total,M,Killed,C,Driver,TOTAL,Total,9,Total,99,Total,2021,60
A,Annual,ITF1,Abruzzo,KILLINJ,Killed and injured,9,Total,9,Total,9,Total,M,Killed,C,Driver,TOTAL,Total,9,Total,99,Total,2022,40
A,Annual,ITF1,Abruzzo,KILLINJ,Killed and injured,9,Total,9,Total,9,Total,M,Killed,C,Driver,TOTAL,Total,9,Total,99,Total,2023,57
A,Annual,ITF1,Abruzzo,KILLINJ,Killed and injured,9,Total,9,Total,9,Total,M,Killed,C,Driver,TOTAL,Total,9,Total,99,Total,2024,59
A,Annual,ITF1,Abruzzo,KILLINJ,Killed and injured,9,Total,9,Total,9,Total,M,Killed,P,Passenger,TOTAL,Total,9,Total,99,Total,2010,16
A,Annual,ITF1,Abruzzo,KILLINJ,Killed and injured,9,Total,9,Total,9,Total,M,Killed,P,Passenger,TOTAL,Total,9,Total,99,Total,2011,12
A,Annual,ITF1,Abruzzo,KILLINJ,Killed and injured,9,Total,9,Total,9,Total,M,Killed,P,Passenger,TOTAL,Total,9,Total,99,Total,2012,16
A,Annual,ITF1,Abruzzo,KILLINJ,Killed and injured,9,Total,9,Total,9,Total,M,Killed,P,Passenger,TOTAL,Total,9,Total,99,Total,2013,11
A,Annual,ITF1,Abruzzo,KILLINJ,Killed and injured,9,Total,9,Total,9,Total,M,Killed,P,Passenger,TOTAL,Total,9,Total,99,Total,2014,14
A,Annual,ITF1,Abruzzo,KILLINJ,Killed and injured,9,Total,9,Total,9,Total,M,Killed,P,Passenger,TOTAL,Total,9,Total,99,Total,2015,18
A,Annual,ITF1,Abruzzo,KILLINJ,Killed and injured,9,Total,9,Total,9,Total,M,Killed,P,Passenger,TOTAL,Total,9,Total,99,Total,2016,8
A,Annual,ITF1,Abruzzo,KILLINJ,Killed and injured,9,Total,9,Total,9,Total,M,Killed,P,Passenger,TOTAL,Total,9,Total,99,Total,2017,13
A,Annual,ITF1,Abruzzo,KILLINJ,Killed and injured,9,Total,9,Total,9,Total,M,Killed,P,Passenger,TOTAL,Total,9,Total,99,Total,2018,15
A,Annual,ITF1,Abruzzo,KILLINJ,Killed and injured,9,Total,9,Total,9,Total,M,Killed,P,Passenger,TOTAL,Total,9,Total,99,Total,2019,12
A,Annual,ITF1,Abruzzo,KILLINJ,Killed and injured,9,Total,9,Total,9,Total,M,Killed,P,Passenger,TOTAL,Total,9,Total,99,Total,2020,5
A,Annual,ITF1,Abruzzo,KILLINJ,Killed and injured,9,Total,9,Total,9,Total,M,Killed,P,Passenger,TOTAL,Total,9,Total,99,Total,2021,10
A,Annual,ITF1,Abruzzo,KILLINJ,Killed and injured,9,Total,9,Total,9,Total,M,Killed,P,Passenger,TOTAL,Total,9,Total,99,Total,2022,8
A,Annual,ITF1,Abruzzo,KILLINJ,Killed and injured,9,Total,9,Total,9,Total,M,Killed,P,Passenger,TOTAL,Total,9,Total,99,Total,2023,7
A,Annual,ITF1,Abruzzo,KILLINJ,Killed and injured,9,Total,9,Total,9,Total,M,Killed,P,Passenger,TOTAL,Total,9,Total,99,Total,2024,10
A,Annual,ITF1,Abruzzo,KILLINJ,Killed and injured,9,Total,9,Total,9,Total,M,Killed,X,Pedestrian,TOTAL,Total,9,Total,99,Total,2010,10
A,Annual,ITF1,Abruzzo,KILLINJ,Killed and injured,9,Total,9,Total,9,Total,M,Killed,X,Pedestrian,TOTAL,Total,9,Total,99,Total,2011,12
A,Annual,ITF1,Abruzzo,KILLINJ,Killed and injured,9,Total,9,Total,9,Total,M,Killed,X,Pedestrian,TOTAL,Total,9,Total,99,Total,2012,13
A,Annual,ITF1,Abruzzo,KILLINJ,Killed and injured,9,Total,9,Total,9,Total,M,Killed,X,Pedestrian,TOTAL,Total,9,Total,99,Total,2013,17
A,Annual,ITF1,Abruzzo,KILLINJ,Killed and injured,9,Total,9,Total,9,Total,M,Killed,X,Pedestrian,TOTAL,Total,9,Total,99,Total,2014,5
A,Annual,ITF1,Abruzzo,KILLINJ,Killed and injured,9,Total,9,Total,9,Total,M,Killed,X,Pedestrian,TOTAL,Total,9,Total,99,Total,2015,13
A,Annual,ITF1,Abruzzo,KILLINJ,Killed and injured,9,Total,9,Total,9,Total,M,Killed,X,Pedestrian,TOTAL,Total,9,Total,99,Total,2016,12
A,Annual,ITF1,Abruzzo,KILLINJ,Killed and injured,9,Total,9,Total,9,Total,M,Killed,X,Pedestrian,TOTAL,Total,9,Total,99,Total,2017,11
A,Annual,ITF1,Abruzzo,KILLINJ,Killed and injured,9,Total,9,Total,9,Total,M,Killed,X,Pedestrian,TOTAL,Total,9,Total,99,Total,2018,9
A,Annual,ITF1,Abruzzo,KILLINJ,Killed and injured,9,Total,9,Total,9,Total,M,Killed,X,Pedestrian,TOTAL,Total,9,Total,99,Total,2019,16
A,Annual,ITF1,Abruzzo,KILLINJ,Killed and injured,9,Total,9,Total,9,Total,M,Killed,X,Pedestrian,TOTAL,Total,9,Total,99,Total,2020,7
A,Annual,ITF1,Abruzzo,KILLINJ,Killed and injured,9,Total,9,Total,9,Total,M,Killed,X,Pedestrian,TOTAL,Total,9,Total,99,Total,2021,10
A,Annual,ITF1,Abruzzo,KILLINJ,Killed and injured,9,Total,9,Total,9,Total,M,Killed,X,Pedestrian,TOTAL,Total,9,Total,99,Total,2022,11
A,Annual,ITF1,Abruzzo,KILLINJ,Killed and injured,9,Total,9,Total,9,Total,M,Killed,X,Pedestrian,TOTAL,Total,9,Total,99,Total,2023,8
A,Annual,ITF1,Abruzzo,KILLINJ,Killed and injured,9,Total,9,Total,9,Total,M,Killed,X,Pedestrian,TOTAL,Total,9,Total,99,Total,2024,17
A,Annual,ITF1,Abruzzo,KILLINJ,Killed and injured,9,Total,9,Total,9,Total,M,Killed,9,Total,TOTAL,Total,9,Total,99,Total,2010,79
A,Annual,ITF1,Abruzzo,KILLINJ,Killed and injured,9,Total,9,Total,9,Total,M,Killed,9,Total,TOTAL,Total,9,Total,99,Total,2011,83
A,Annual,ITF1,Abruzzo,KILLINJ,Killed and injured,9,Total,9,Total,9,Total,M,Killed,9,Total,TOTAL,Total,9,Total,99,Total,2012,92
A,Annual,ITF1,Abruzzo,KILLINJ,Killed and injured,9,Total,9,Total,9,Total,M,Killed,9,Total,TOTAL,Total,9,Total,99,Total,2013,70
A,Annual,ITF1,Abruzzo,KILLINJ,Killed and injured,9,Total,9,Total,9,Total,M,Killed,9,Total,TOTAL,Total,9,Total,99,Total,2014,77
A,Annual,ITF1,Abruzzo,KILLINJ,Killed and injured,9,Total,9,Total,9,Total,M,Killed,9,Total,TOTAL,Total,9,Total,99,Total,2015,84
A,Annual,ITF1,Abruzzo,KILLINJ,Killed and injured,9,Total,9,Total,9,Total,M,Killed,9,Total,TOTAL,Total,9,Total,99,Total,2016,76
A,Annual,ITF1,Abruzzo,KILLINJ,Killed and injured,9,Total,9,Total,9,Total,M,Killed,9,Total,TOTAL,Total,9,Total,99,Total,2017,69
A,Annual,ITF1,Abruzzo,KILLINJ,Killed and injured,9,Total,9,Total,9,Total,M,Killed,9,Total,TOTAL,Total,9,Total,99,Total,2018,76
A,Annual,ITF1,Abruzzo,KILLINJ,Killed and injured,9,Total,9,Total,9,Total,M,Killed,9,Total,TOTAL,Total,9,Total,99,Total,2019,78
A,Annual,ITF1,Abruzzo,KILLINJ,Killed and injured,9,Total,9,Total,9,Total,M,Killed,9,Total,TOTAL,Total,9,Total,99,Total,2020,59
A,Annual,ITF1,Abruzzo,KILLINJ,Killed and injured,9,Total,9,Total,9,Total,M,Killed,9,Total,TOTAL,Total,9,Total,99,Total,2021,80
A,Annual,ITF1,Abruzzo,KILLINJ,Killed and injured,9,Total,9,Total,9,Total,M,Killed,9,Total,TOTAL,Total,9,Total,99,Total,2022,59
A,Annual,ITF1,Abruzzo,KILLINJ,Killed and injured,9,Total,9,Total,9,Total,M,Killed,9,Total,TOTAL,Total,9,Total,99,Total,2023,72
A,Annual,ITF1,Abruzzo,KILLINJ,Killed and injured,9,Total,9,Total,9,Total,M,Killed,9,Total,TOTAL,Total,9,Total,99,Total,2024,86
A,Annual,ITF1,Abruzzo,KILLINJ,Killed and injured,9,Total,9,Total,9,Total,F,Injured,C,Driver,TOTAL,Total,9,Total,99,Total,2010,4338
A,Annual,ITF1,Abruzzo,KILLINJ,Killed and injured,9,Total,9,Total,9,Total,F,Injured,C,Driver,TOTAL,Total,9,Total,99,Total,2011,4221
A,Annual,ITF1,Abruzzo,KILLINJ,Killed and injured,9,Total,9,Total,9,Total,F,Injured,C,Driver,TOTAL,Total,9,Total,99,Total,2012,3798
A,Annual,ITF1,Abruzzo,KILLINJ,Killed and injured,9,Total,9,Total,9,Total,F,Injured,C,Driver,TOTAL,Total,9,Total,99,Total,2013,3727
A,Annual,ITF1,Abruzzo,KILLINJ,Killed and injured,9,Total,9,Total,9,Total,F,Injured,C,Driver,TOTAL,Total,9,Total,99,Total,2014,3529
A,Annual,ITF1,Abruzzo,KILLINJ,Killed and injured,9,Total,9,Total,9,Total,F,Injured,C,Driver,TOTAL,Total,9,Total,99,Total,2015,3268
A,Annual,ITF1,Abruzzo,KILLINJ,Killed and injured,9,Total,9,Total,9,Total,F,Injured,C,Driver,TOTAL,Total,9,Total,99,Total,2016,3020
A,Annual,ITF1,Abruzzo,KILLINJ,Killed and injured,9,Total,9,Total,9,Total,F,Injured,C,Driver,TOTAL,Total,9,Total,99,Total,2017,2965
A,Annual,ITF1,Abruzzo,KILLINJ,Killed and injured,9,Total,9,Total,9,Total,F,Injured,C,Driver,TOTAL,Total,9,Total,99,Total,2018,3215
A,Annual,ITF1,Abruzzo,KILLINJ,Killed and injured,9,Total,9,Total,9,Total,F,Injured,C,Driver,TOTAL,Total,9,Total,99,Total,2019,3132
A,Annual,ITF1,Abruzzo,KILLINJ,Killed and injured,9,Total,9,Total,9,Total,F,Injured,C,Driver,TOTAL,Total,9,Total,99,Total,2020,2143
A,Annual,ITF1,Abruzzo,KILLINJ,Killed and injured,9,Total,9,Total,9,Total,F,Injured,C,Driver,TOTAL,Total,9,Total,99,Total,2021,2664
A,Annual,ITF1,Abruzzo,KILLINJ,Killed and injured,9,Total,9,Total,9,Total,F,Injured,C,Driver,TOTAL,Total,9,Total,99,Total,2022,2802
A,Annual,ITF1,Abruzzo,KILLINJ,Killed and injured,9,Total,9,Total,9,Total,F,Injured,C,Driver,TOTAL,Total,9,Total,99,Total,2023,2958
A,Annual,ITF1,Abruzzo,KILLINJ,Killed and injured,9,Total,9,Total,9,Total,F,Injured,C,Driver,TOTAL,Total,9,Total,99,Total,2024,3242
A,Annual,ITF1,Abruzzo,KILLINJ,Killed and injured,9,Total,9,Total,9,Total,F,Injured,P,Passenger,TOTAL,Total,9,Total,99,Total,2010,1734
A,Annual,ITF1,Abruzzo,KILLINJ,Killed and injured,9,Total,9,Total,9,Total,F,Injured,P,Passenger,TOTAL,Total,9,Total,99,Total,2011,1640
A,Annual,ITF1,Abruzzo,KILLINJ,Killed and injured,9,Total,9,Total,9,Total,F,Injured,P,Passenger,TOTAL,Total,9,Total,99,Total,2012,1377
A,Annual,ITF1,Abruzzo,KILLINJ,Killed and injured,9,Total,9,Total,9,Total,F,Injured,P,Passenger,TOTAL,Total,9,Total,99,Total,2013,1397
A,Annual,ITF1,Abruzzo,KILLINJ,Killed and injured,9,Total,9,Total,9,Total,F,Injured,P,Passenger,TOTAL,Total,9,Total,99,Total,2014,1331
A,Annual,ITF1,Abruzzo,KILLINJ,Killed and injured,9,Total,9,Total,9,Total,F,Injured,P,Passenger,TOTAL,Total,9,Total,99,Total,2015,1235
A,Annual,ITF1,Abruzzo,KILLINJ,Killed and injured,9,Total,9,Total,9,Total,F,Injured,P,Passenger,TOTAL,Total,9,Total,99,Total,2016,1249
A,Annual,ITF1,Abruzzo,KILLINJ,Killed and injured,9,Total,9,Total,9,Total,F,Injured,P,Passenger,TOTAL,Total,9,Total,99,Total,2017,1121
A,Annual,ITF1,Abruzzo,KILLINJ,Killed and injured,9,Total,9,Total,9,Total,F,Injured,P,Passenger,TOTAL,Total,9,Total,99,Total,2018,1153
A,Annual,ITF1,Abruzzo,KILLINJ,Killed and injured,9,Total,9,Total,9,Total,F,Injured,P,Passenger,TOTAL,Total,9,Total,99,Total,2019,1157
A,Annual,ITF1,Abruzzo,KILLINJ,Killed and injured,9,Total,9,Total,9,Total,F,Injured,P,Passenger,TOTAL,Total,9,Total,99,Total,2020,705
A,Annual,ITF1,Abruzzo,KILLINJ,Killed and injured,9,Total,9,Total,9,Total,F,Injured,P,Passenger,TOTAL,Total,9,Total,99,Total,2021,859
A,Annual,ITF1,Abruzzo,KILLINJ,Killed and injured,9,Total,9,Total,9,Total,F,Injured,P,Passenger,TOTAL,Total,9,Total,99,Total,2022,827
A,Annual,ITF1,Abruzzo,KILLINJ,Killed and injured,9,Total,9,Total,9,Total,F,Injured,P,Passenger,TOTAL,Total,9,Total,99,Total,2023,869
A,Annual,ITF1,Abruzzo,KILLINJ,Killed and injured,9,Total,9,Total,9,Total,F,Injured,P,Passenger,TOTAL,Total,9,Total,99,Total,2024,1007
A,Annual,ITF1,Abruzzo,KILLINJ,Killed and injured,9,Total,9,Total,9,Total,F,Injured,X,Pedestrian,TOTAL,Total,9,Total,99,Total,2010,305
A,Annual,ITF1,Abruzzo,KILLINJ,Killed and injured,9,Total,9,Total,9,Total,F,Injured,X,Pedestrian,TOTAL,Total,9,Total,99,Total,2011,360
A,Annual,ITF1,Abruzzo,KILLINJ,Killed and injured,9,Total,9,Total,9,Total,F,Injured,X,Pedestrian,TOTAL,Total,9,Total,99,Total,2012,349
A,Annual,ITF1,Abruzzo,KILLINJ,Killed and injured,9,Total,9,Total,9,Total,F,Injured,X,Pedestrian,TOTAL,Total,9,Total,99,Total,2013,340
A,Annual,ITF1,Abruzzo,KILLINJ,Killed and injured,9,Total,9,Total,9,Total,F,Injured,X,Pedestrian,TOTAL,Total,9,Total,99,Total,2014,335
A,Annual,ITF1,Abruzzo,KILLINJ,Killed and injured,9,Total,9,Total,9,Total,F,Injured,X,Pedestrian,TOTAL,Total,9,Total,99,Total,2015,324
A,Annual,ITF1,Abruzzo,KILLINJ,Killed and injured,9,Total,9,Total,9,Total,F,Injured,X,Pedestrian,TOTAL,Total,9,Total,99,Total,2016,315
A,Annual,ITF1,Abruzzo,KILLINJ,Killed and injured,9,Total,9,Total,9,Total,F,Injured,X,Pedestrian,TOTAL,Total,9,Total,99,Total,2017,309
A,Annual,ITF1,Abruzzo,KILLINJ,Killed and injured,9,Total,9,Total,9,Total,F,Injured,X,Pedestrian,TOTAL,Total,9,Total,99,Total,2018,315
A,Annual,ITF1,Abruzzo,KILLINJ,Killed and injured,9,Total,9,Total,9,Total,F,Injured,X,Pedestrian,TOTAL,Total,9,Total,99,Total,2019,359
A,Annual,ITF1,Abruzzo,KILLINJ,Killed and injured,9,Total,9,Total,9,Total,F,Injured,X,Pedestrian,TOTAL,Total,9,Total,99,Total,2020,242
A,Annual,ITF1,Abruzzo,KILLINJ,Killed and injured,9,Total,9,Total,9,Total,F,Injured,X,Pedestrian,TOTAL,Total,9,Total,99,Total,2021,299
A,Annual,ITF1,Abruzzo,KILLINJ,Killed and injured,9,Total,9,Total,9,Total,F,Injured,X,Pedestrian,TOTAL,Total,9,Total,99,Total,2022,346
A,Annual,ITF1,Abruzzo,KILLINJ,Killed and injured,9,Total,9,Total,9,Total,F,Injured,X,Pedestrian,TOTAL,Total,9,Total,99,Total,2023,328
A,Annual,ITF1,Abruzzo,KILLINJ,Killed and injured,9,Total,9,Total,9,Total,F,Injured,X,Pedestrian,TOTAL,Total,9,Total,99,Total,2024,398
A,Annual,ITF1,Abruzzo,KILLINJ,Killed and injured,9,Total,9,Total,9,Total,F,Injured,9,Total,TOTAL,Total,9,Total,99,Total,2010,6377
A,Annual,ITF1,Abruzzo,KILLINJ,Killed and injured,9,Total,9,Total,9,Total,F,Injured,9,Total,TOTAL,Total,9,Total,99,Total,2011,6221
A,Annual,ITF1,Abruzzo,KILLINJ,Killed and injured,9,Total,9,Total,9,Total,F,Injured,9,Total,TOTAL,Total,9,Total,99,Total,2012,5524
A,Annual,ITF1,Abruzzo,KILLINJ,Killed and injured,9,Total,9,Total,9,Total,F,Injured,9,Total,TOTAL,Total,9,Total,99,Total,2013,5464
A,Annual,ITF1,Abruzzo,KILLINJ,Killed and injured,9,Total,9,Total,9,Total,F,Injured,9,Total,TOTAL,Total,9,Total,99,Total,2014,5195
A,Annual,ITF1,Abruzzo,KILLINJ,Killed and injured,9,Total,9,Total,9,Total,F,Injured,9,Total,TOTAL,Total,9,Total,99,Total,2015,4827
A,Annual,ITF1,Abruzzo,KILLINJ,Killed and injured,9,Total,9,Total,9,Total,F,Injured,9,Total,TOTAL,Total,9,Total,99,Total,2016,4584
A,Annual,ITF1,Abruzzo,KILLINJ,Killed and injured,9,Total,9,Total,9,Total,F,Injured,9,Total,TOTAL,Total,9,Total,99,Total,2017,4395
A,Annual,ITF1,Abruzzo,KILLINJ,Killed and injured,9,Total,9,Total,9,Total,F,Injured,9,Total,TOTAL,Total,9,Total,99,Total,2018,4683
A,Annual,ITF1,Abruzzo,KILLINJ,Killed and injured,9,Total,9,Total,9,Total,F,Injured,9,Total,TOTAL,Total,9,Total,99,Total,2019,4648
A,Annual,ITF1,Abruzzo,KILLINJ,Killed and injured,9,Total,9,Total,9,Total,F,Injured,9,Total,TOTAL,Total,9,Total,99,Total,2020,3090
A,Annual,ITF1,Abruzzo,KILLINJ,Killed and injured,9,Total,9,Total,9,Total,F,Injured,9,Total,TOTAL,Total,9,Total,99,Total,2021,3822
A,Annual,ITF1,Abruzzo,KILLINJ,Killed and injured,9,Total,9,Total,9,Total,F,Injured,9,Total,TOTAL,Total,9,Total,99,Total,2022,3975
A,Annual,ITF1,Abruzzo,KILLINJ,Killed and injured,9,Total,9,Total,9,Total,F,Injured,9,Total,TOTAL,Total,9,Total,99,Total,2023,4155
A,Annual,ITF1,Abruzzo,KILLINJ,Killed and injured,9,Total,9,Total,9,Total,F,Injured,9,Total,TOTAL,Total,9,Total,99,Total,2024,4647
A,Annual,ITF1,Abruzzo,KILLINJ,Killed and injured,9,Total,9,Total,9,Total,9,Total,C,Driver,TOTAL,Total,9,Total,99,Total,2010,4391
A,Annual,ITF1,Abruzzo,KILLINJ,Killed and injured,9,Total,9,Total,9,Total,9,Total,C,Driver,TOTAL,Total,9,Total,99,Total,2011,4280
A,Annual,ITF1,Abruzzo,KILLINJ,Killed and injured,9,Total,9,Total,9,Total,9,Total,C,Driver,TOTAL,Total,9,Total,99,Total,2012,3861
A,Annual,ITF1,Abruzzo,KILLINJ,Killed and injured,9,Total,9,Total,9,Total,9,Total,C,Driver,TOTAL,Total,9,Total,99,Total,2013,3769
A,Annual,ITF1,Abruzzo,KILLINJ,Killed and injured,9,Total,9,Total,9,Total,9,Total,C,Driver,TOTAL,Total,9,Total,99,Total,2014,3587
A,Annual,ITF1,Abruzzo,KILLINJ,Killed and injured,9,Total,9,Total,9,Total,9,Total,C,Driver,TOTAL,Total,9,Total,99,Total,2015,3321
A,Annual,ITF1,Abruzzo,KILLINJ,Killed and injured,9,Total,9,Total,9,Total,9,Total,C,Driver,TOTAL,Total,9,Total,99,Total,2016,3076
A,Annual,ITF1,Abruzzo,KILLINJ,Killed and injured,9,Total,9,Total,9,Total,9,Total,C,Driver,TOTAL,Total,9,Total,99,Total,2017,3010
A,Annual,ITF1,Abruzzo,KILLINJ,Killed and injured,9,Total,9,Total,9,Total,9,Total,C,Driver,TOTAL,Total,9,Total,99,Total,2018,3267
A,Annual,ITF1,Abruzzo,KILLINJ,Killed and injured,9,Total,9,Total,9,Total,9,Total,C,Driver,TOTAL,Total,9,Total,99,Total,2019,3182
A,Annual,ITF1,Abruzzo,KILLINJ,Killed and injured,9,Total,9,Total,9,Total,9,Total,C,Driver,TOTAL,Total,9,Total,99,Total,2020,2190
A,Annual,ITF1,Abruzzo,KILLINJ,Killed and injured,9,Total,9,Total,9,Total,9,Total,C,Driver,TOTAL,Total,9,Total,99,Total,2021,2724
A,Annual,ITF1,Abruzzo,KILLINJ,Killed and injured,9,Total,9,Total,9,Total,9,Total,C,Driver,TOTAL,Total,9,Total,99,Total,2022,2842
A,Annual,ITF1,Abruzzo,KILLINJ,Killed and injured,9,Total,9,Total,9,Total,9,Total,C,Driver,TOTAL,Total,9,Total,99,Total,2023,3015
A,Annual,ITF1,Abruzzo,KILLINJ,Killed and injured,9,Total,9,Total,9,Total,9,Total,C,Driver,TOTAL,Total,9,Total,99,Total,2024,3301
A,Annual,ITF1,Abruzzo,KILLINJ,Killed and injured,9,Total,9,Total,9,Total,9,Total,P,Passenger,TOTAL,Total,9,Total,99,Total,2010,1750
A,Annual,ITF1,Abruzzo,KILLINJ,Killed and injured,9,Total,9,Total,9,Total,9,Total,P,Passenger,TOTAL,Total,9,Total,99,Total,2011,1652
A,Annual,ITF1,Abruzzo,KILLINJ,Killed and injured,9,Total,9,Total,9,Total,9,Total,P,Passenger,TOTAL,Total,9,Total,99,Total,2012,1393
A,Annual,ITF1,Abruzzo,KILLINJ,Killed and injured,9,Total,9,Total,9,Total,9,Total,P,Passenger,TOTAL,Total,9,Total,99,Total,2013,1408
A,Annual,ITF1,Abruzzo,KILLINJ,Killed and injured,9,Total,9,Total,9,Total,9,Total,P,Passenger,TOTAL,Total,9,Total,99,Total,2014,1345
A,Annual,ITF1,Abruzzo,KILLINJ,Killed and injured,9,Total,9,Total,9,Total,9,Total,P,Passenger,TOTAL,Total,9,Total,99,Total,2015,1253
A,Annual,ITF1,Abruzzo,KILLINJ,Killed and injured,9,Total,9,Total,9,Total,9,Total,P,Passenger,TOTAL,Total,9,Total,99,Total,2016,1257
A,Annual,ITF1,Abruzzo,KILLINJ,Killed and injured,9,Total,9,Total,9,Total,9,Total,P,Passenger,TOTAL,Total,9,Total,99,Total,2017,1134
A,Annual,ITF1,Abruzzo,KILLINJ,Killed and injured,9,Total,9,Total,9,Total,9,Total,P,Passenger,TOTAL,Total,9,Total,99,Total,2018,1168
A,Annual,ITF1,Abruzzo,KILLINJ,Killed and injured,9,Total,9,Total,9,Total,9,Total,P,Passenger,TOTAL,Total,9,Total,99,Total,2019,1169
A,Annual,ITF1,Abruzzo,KILLINJ,Killed and injured,9,Total,9,Total,9,Total,9,Total,P,Passenger,TOTAL,Total,9,Total,99,Total,2020,710
A,Annual,ITF1,Abruzzo,KILLINJ,Killed and injured,9,Total,9,Total,9,Total,9,Total,P,Passenger,TOTAL,Total,9,Total,99,Total,2021,869
A,Annual,ITF1,Abruzzo,KILLINJ,Killed and injured,9,Total,9,Total,9,Total,9,Total,P,Passenger,TOTAL,Total,9,Total,99,Total,2022,835
A,Annual,ITF1,Abruzzo,KILLINJ,Killed and injured,9,Total,9,Total,9,Total,9,Total,P,Passenger,TOTAL,Total,9,Total,99,Total,2023,876
A,Annual,ITF1,Abruzzo,KILLINJ,Killed and injured,9,Total,9,Total,9,Total,9,Total,P,Passenger,TOTAL,Total,9,Total,99,Total,2024,1017
A,Annual,ITF1,Abruzzo,KILLINJ,Killed and injured,9,Total,9,Total,9,Total,9,Total,X,Pedestrian,TOTAL,Total,9,Total,99,Total,2010,315
A,Annual,ITF1,Abruzzo,KILLINJ,Killed and injured,9,Total,9,Total,9,Total,9,Total,X,Pedestrian,TOTAL,Total,9,Total,99,Total,2011,372
A,Annual,ITF1,Abruzzo,KILLINJ,Killed and injured,9,Total,9,Total,9,Total,9,Total,X,Pedestrian,TOTAL,Total,9,Total,99,Total,2012,362
A,Annual,ITF1,Abruzzo,KILLINJ,Killed and injured,9,Total,9,Total,9,Total,9,Total,X,Pedestrian,TOTAL,Total,9,Total,99,Total,2013,357
A,Annual,ITF1,Abruzzo,KILLINJ,Killed and injured,9,Total,9,Total,9,Total,9,Total,X,Pedestrian,TOTAL,Total,9,Total,99,Total,2014,340
A,Annual,ITF1,Abruzzo,KILLINJ,Killed and injured,9,Total,9,Total,9,Total,9,Total,X,Pedestrian,TOTAL,Total,9,Total,99,Total,2015,337
A,Annual,ITF1,Abruzzo,KILLINJ,Killed and injured,9,Total,9,Total,9,Total,9,Total,X,Pedestrian,TOTAL,Total,9,Total,99,Total,2016,327
A,Annual,ITF1,Abruzzo,KILLINJ,Killed and injured,9,Total,9,Total,9,Total,9,Total,X,Pedestrian,TOTAL,Total,9,Total,99,Total,2017,320
A,Annual,ITF1,Abruzzo,KILLINJ,Killed and injured,9,Total,9,Total,9,Total,9,Total,X,Pedestrian,TOTAL,Total,9,Total,99,Total,2018,324
A,Annual,ITF1,Abruzzo,KILLINJ,Killed and injured,9,Total,9,Total,9,Total,9,Total,X,Pedestrian,TOTAL,Total,9,Total,99,Total,2019,375
A,Annual,ITF1,Abruzzo,KILLINJ,Killed and injured,9,Total,9,Total,9,Total,9,Total,X,Pedestrian,TOTAL,Total,9,Total,99,Total,2020,249
A,Annual,ITF1,Abruzzo,KILLINJ,Killed and injured,9,Total,9,Total,9,Total,9,Total,X,Pedestrian,TOTAL,Total,9,Total,99,Total,2021,309
A,Annual,ITF1,Abruzzo,KILLINJ,Killed and injured,9,Total,9,Total,9,Total,9,Total,X,Pedestrian,TOTAL,Total,9,Total,99,Total,2022,357
A,Annual,ITF1,Abruzzo,KILLINJ,Killed and injured,9,Total,9,Total,9,Total,9,Total,X,Pedestrian,TOTAL,Total,9,Total,99,Total,2023,336
A,Annual,ITF1,Abruzzo,KILLINJ,Killed and injured,9,Total,9,Total,9,Total,9,Total,X,Pedestrian,TOTAL,Total,9,Total,99,Total,2024,415
A,Annual,ITF1,Abruzzo,KILLINJ,Killed and injured,9,Total,9,Total,9,Total,9,Total,9,Total,TOTAL,Total,9,Total,99,Total,2010,6456
A,Annual,ITF1,Abruzzo,KILLINJ,Killed and injured,9,Total,9,Total,9,Total,9,Total,9,Total,TOTAL,Total,9,Total,99,Total,2011,6304
A,Annual,ITF1,Abruzzo,KILLINJ,Killed and injured,9,Total,9,Total,9,Total,9,Total,9,Total,TOTAL,Total,9,Total,99,Total,2012,5616
A,Annual,ITF1,Abruzzo,KILLINJ,Killed and injured,9,Total,9,Total,9,Total,9,Total,9,Total,TOTAL,Total,9,Total,99,Total,2013,5534
A,Annual,ITF1,Abruzzo,KILLINJ,Killed and injured,9,Total,9,Total,9,Total,9,Total,9,Total,TOTAL,Total,9,Total,99,Total,2014,5272
A,Annual,ITF1,Abruzzo,KILLINJ,Killed and injured,9,Total,9,Total,9,Total,9,Total,9,Total,TOTAL,Total,9,Total,99,Total,2015,4911
A,Annual,ITF1,Abruzzo,KILLINJ,Killed and injured,9,Total,9,Total,9,Total,9,Total,9,Total,TOTAL,Total,9,Total,99,Total,2016,4660
A,Annual,ITF1,Abruzzo,KILLINJ,Killed and injured,9,Total,9,Total,9,Total,9,Total,9,Total,TOTAL,Total,9,Total,99,Total,2017,4464
A,Annual,ITF1,Abruzzo,KILLINJ,Killed and injured,9,Total,9,Total,9,Total,9,Total,9,Total,TOTAL,Total,9,Total,99,Total,2018,4759
A,Annual,ITF1,Abruzzo,KILLINJ,Killed and injured,9,Total,9,Total,9,Total,9,Total,9,Total,TOTAL,Total,9,Total,99,Total,2019,4726
A,Annual,ITF1,Abruzzo,KILLINJ,Killed and injured,9,Total,9,Total,9,Total,9,Total,9,Total,TOTAL,Total,9,Total,99,Total,2020,3149
A,Annual,ITF1,Abruzzo,KILLINJ,Killed and injured,9,Total,9,Total,9,Total,9,Total,9,Total,TOTAL,Total,9,Total,99,Total,2021,3902
A,Annual,ITF1,Abruzzo,KILLINJ,Killed and injured,9,Total,9,Total,9,Total,9,Total,9,Total,TOTAL,Total,9,Total,99,Total,2022,4034
A,Annual,ITF1,Abruzzo,KILLINJ,Killed and injured,9,Total,9,Total,9,Total,9,Total,9,Total,TOTAL,Total,9,Total,99,Total,2023,4227
A,Annual,ITF1,Abruzzo,KILLINJ,Killed and injured,9,Total,9,Total,9,Total,9,Total,9,Total,TOTAL,Total,9,Total,99,Total,2024,4733
A,Annual,ITF2,Molise,KILLINJ,Killed and injured,9,Total,9,Total,9,Total,M,Killed,C,Driver,TOTAL,Total,9,Total,99,Total,2010,19
A,Annual,ITF2,Molise,KILLINJ,Killed and injured,9,Total,9,Total,9,Total,M,Killed,C,Driver,TOTAL,Total,9,Total,99,Total,2011,16
A,Annual,ITF2,Molise,KILLINJ,Killed and injured,9,Total,9,Total,9,Total,M,Killed,C,Driver,TOTAL,Total,9,Total,99,Total,2012,11
A,Annual,ITF2,Molise,KILLINJ,Killed and injured,9,Total,9,Total,9,Total,M,Killed,C,Driver,TOTAL,Total,9,Total,99,Total,2013,16
A,Annual,ITF2,Molise,KILLINJ,Killed and injured,9,Total,9,Total,9,Total,M,Killed,C,Driver,TOTAL,Total,9,Total,99,Total,2014,19
A,Annual,ITF2,Molise,KILLINJ,Killed and injured,9,Total,9,Total,9,Total,M,Killed,C,Driver,TOTAL,Total,9,Total,99,Total,2015,16
A,Annual,ITF2,Molise,KILLINJ,Killed and injured,9,Total,9,Total,9,Total,M,Killed,C,Driver,TOTAL,Total,9,Total,99,Total,2016,11
A,Annual,ITF2,Molise,KILLINJ,Killed and injured,9,Total,9,Total,9,Total,M,Killed,C,Driver,TOTAL,Total,9,Total,99,Total,2017,19
A,Annual,ITF2,Molise,KILLINJ,Killed and injured,9,Total,9,Total,9,Total,M,Killed,C,Driver,TOTAL,Total,9,Total,99,Total,2018,12
A,Annual,ITF2,Molise,KILLINJ,Killed and injured,9,Total,9,Total,9,Total,M,Killed,C,Driver,TOTAL,Total,9,Total,99,Total,2019,16
A,Annual,ITF2,Molise,KILLINJ,Killed and injured,9,Total,9,Total,9,Total,M,Killed,C,Driver,TOTAL,Total,9,Total,99,Total,2020,15
A,Annual,ITF2,Molise,KILLINJ,Killed and injured,9,Total,9,Total,9,Total,M,Killed,C,Driver,TOTAL,Total,9,Total,99,Total,2021,12
A,Annual,ITF2,Molise,KILLINJ,Killed and injured,9,Total,9,Total,9,Total,M,Killed,C,Driver,TOTAL,Total,9,Total,99,Total,2022,9
A,Annual,ITF2,Molise,KILLINJ,Killed and injured,9,Total,9,Total,9,Total,M,Killed,C,Driver,TOTAL,Total,9,Total,99,Total,2023,12
A,Annual,ITF2,Molise,KILLINJ,Killed and injured,9,Total,9,Total,9,Total,M,Killed,C,Driver,TOTAL,Total,9,Total,99,Total,2024,7
A,Annual,ITF2,Molise,KILLINJ,Killed and injured,9,Total,9,Total,9,Total,M,Killed,P,Passenger,TOTAL,Total,9,Total,99,Total,2010,5
A,Annual,ITF2,Molise,KILLINJ,Killed and injured,9,Total,9,Total,9,Total,M,Killed,P,Passenger,TOTAL,Total,9,Total,99,Total,2011,2
A,Annual,ITF2,Molise,KILLINJ,Killed and injured,9,Total,9,Total,9,Total,M,Killed,P,Passenger,TOTAL,Total,9,Total,99,Total,2012,5
A,Annual,ITF2,Molise,KILLINJ,Killed and injured,9,Total,9,Total,9,Total,M,Killed,P,Passenger,TOTAL,Total,9,Total,99,Total,2013,8
A,Annual,ITF2,Molise,KILLINJ,Killed and injured,9,Total,9,Total,9,Total,M,Killed,P,Passenger,TOTAL,Total,9,Total,99,Total,2014,7
A,Annual,ITF2,Molise,KILLINJ,Killed and injured,9,Total,9,Total,9,Total,M,Killed,P,Passenger,TOTAL,Total,9,Total,99,Total,2015,1
A,Annual,ITF2,Molise,KILLINJ,Killed and injured,9,Total,9,Total,9,Total,M,Killed,P,Passenger,TOTAL,Total,9,Total,99,Total,2016,5
A,Annual,ITF2,Molise,KILLINJ,Killed and injured,9,Total,9,Total,9,Total,M,Killed,P,Passenger,TOTAL,Total,9,Total,99,Total,2017,5
A,Annual,ITF2,Molise,KILLINJ,Killed and injured,9,Total,9,Total,9,Total,M,Killed,P,Passenger,TOTAL,Total,9,Total,99,Total,2018,3
A,Annual,ITF2,Molise,KILLINJ,Killed and injured,9,Total,9,Total,9,Total,M,Killed,P,Passenger,TOTAL,Total,9,Total,99,Total,2019,9
A,Annual,ITF2,Molise,KILLINJ,Killed and injured,9,Total,9,Total,9,Total,M,Killed,P,Passenger,TOTAL,Total,9,Total,99,Total,2020,4
A,Annual,ITF2,Molise,KILLINJ,Killed and injured,9,Total,9,Total,9,Total,M,Killed,P,Passenger,TOTAL,Total,9,Total,99,Total,2021,1
A,Annual,ITF2,Molise,KILLINJ,Killed and injured,9,Total,9,Total,9,Total,M,Killed,P,Passenger,TOTAL,Total,9,Total,99,Total,2022,2
A,Annual,ITF2,Molise,KILLINJ,Killed and injured,9,Total,9,Total,9,Total,M,Killed,P,Passenger,TOTAL,Total,9,Total,99,Total,2023,4
A,Annual,ITF2,Molise,KILLINJ,Killed and injured,9,Total,9,Total,9,Total,M,Killed,P,Passenger,TOTAL,Total,9,Total,99,Total,2024,2
A,Annual,ITF2,Molise,KILLINJ,Killed and injured,9,Total,9,Total,9,Total,M,Killed,X,Pedestrian,TOTAL,Total,9,Total,99,Total,2010,4
A,Annual,ITF2,Molise,KILLINJ,Killed and injured,9,Total,9,Total,9,Total,M,Killed,X,Pedestrian,TOTAL,Total,9,Total,99,Total,2011,1
A,Annual,ITF2,Molise,KILLINJ,Killed and injured,9,Total,9,Total,9,Total,M,Killed,X,Pedestrian,TOTAL,Total,9,Total,99,Total,2012,3
A,Annual,ITF2,Molise,KILLINJ,Killed and injured,9,Total,9,Total,9,Total,M,Killed,X,Pedestrian,TOTAL,Total,9,Total,99,Total,2013,2
A,Annual,ITF2,Molise,KILLINJ,Killed and injured,9,Total,9,Total,9,Total,M,Killed,X,Pedestrian,TOTAL,Total,9,Total,99,Total,2014,1
A,Annual,ITF2,Molise,KILLINJ,Killed and injured,9,Total,9,Total,9,Total,M,Killed,X,Pedestrian,TOTAL,Total,9,Total,99,Total,2015,5
A,Annual,ITF2,Molise,KILLINJ,Killed and injured,9,Total,9,Total,9,Total,M,Killed,X,Pedestrian,TOTAL,Total,9,Total,99,Total,2016,1
A,Annual,ITF2,Molise,KILLINJ,Killed and injured,9,Total,9,Total,9,Total,M,Killed,X,Pedestrian,TOTAL,Total,9,Total,99,Total,2017,3
A,Annual,ITF2,Molise,KILLINJ,Killed and injured,9,Total,9,Total,9,Total,M,Killed,X,Pedestrian,TOTAL,Total,9,Total,99,Total,2019,3
A,Annual,ITF2,Molise,KILLINJ,Killed and injured,9,Total,9,Total,9,Total,M,Killed,X,Pedestrian,TOTAL,Total,9,Total,99,Total,2020,6
A,Annual,ITF2,Molise,KILLINJ,Killed and injured,9,Total,9,Total,9,Total,M,Killed,X,Pedestrian,TOTAL,Total,9,Total,99,Total,2021,2
A,Annual,ITF2,Molise,KILLINJ,Killed and injured,9,Total,9,Total,9,Total,M,Killed,X,Pedestrian,TOTAL,Total,9,Total,99,Total,2022,3
A,Annual,ITF2,Molise,KILLINJ,Killed and injured,9,Total,9,Total,9,Total,M,Killed,X,Pedestrian,TOTAL,Total,9,Total,99,Total,2024,3
A,Annual,ITF2,Molise,KILLINJ,Killed and injured,9,Total,9,Total,9,Total,M,Killed,9,Total,TOTAL,Total,9,Total,99,Total,2010,28
A,Annual,ITF2,Molise,KILLINJ,Killed and injured,9,Total,9,Total,9,Total,M,Killed,9,Total,TOTAL,Total,9,Total,99,Total,2011,19
A,Annual,ITF2,Molise,KILLINJ,Killed and injured,9,Total,9,Total,9,Total,M,Killed,9,Total,TOTAL,Total,9,Total,99,Total,2012,19
A,Annual,ITF2,Molise,KILLINJ,Killed and injured,9,Total,9,Total,9,Total,M,Killed,9,Total,TOTAL,Total,9,Total,99,Total,2013,26
A,Annual,ITF2,Molise,KILLINJ,Killed and injured,9,Total,9,Total,9,Total,M,Killed,9,Total,TOTAL,Total,9,Total,99,Total,2014,27
A,Annual,ITF2,Molise,KILLINJ,Killed and injured,9,Total,9,Total,9,Total,M,Killed,9,Total,TOTAL,Total,9,Total,99,Total,2015,22
A,Annual,ITF2,Molise,KILLINJ,Killed and injured,9,Total,9,Total,9,Total,M,Killed,9,Total,TOTAL,Total,9,Total,99,Total,2016,17
A,Annual,ITF2,Molise,KILLINJ,Killed and injured,9,Total,9,Total,9,Total,M,Killed,9,Total,TOTAL,Total,9,Total,99,Total,2017,27
A,Annual,ITF2,Molise,KILLINJ,Killed and injured,9,Total,9,Total,9,Total,M,Killed,9,Total,TOTAL,Total,9,Total,99,Total,2018,15
A,Annual,ITF2,Molise,KILLINJ,Killed and injured,9,Total,9,Total,9,Total,M,Killed,9,Total,TOTAL,Total,9,Total,99,Total,2019,28
A,Annual,ITF2,Molise,KILLINJ,Killed and injured,9,Total,9,Total,9,Total,M,Killed,9,Total,TOTAL,Total,9,Total,99,Total,2020,25
A,Annual,ITF2,Molise,KILLINJ,Killed and injured,9,Total,9,Total,9,Total,M,Killed,9,Total,TOTAL,Total,9,Total,99,Total,2021,15
A,Annual,ITF2,Molise,KILLINJ,Killed and injured,9,Total,9,Total,9,Total,M,Killed,9,Total,TOTAL,Total,9,Total,99,Total,2022,14
A,Annual,ITF2,Molise,KILLINJ,Killed and injured,9,Total,9,Total,9,Total,M,Killed,9,Total,TOTAL,Total,9,Total,99,Total,2023,16
A,Annual,ITF2,Molise,KILLINJ,Killed and injured,9,Total,9,Total,9,Total,M,Killed,9,Total,TOTAL,Total,9,Total,99,Total,2024,12
A,Annual,ITF2,Molise,KILLINJ,Killed and injured,9,Total,9,Total,9,Total,F,Injured,C,Driver,TOTAL,Total,9,Total,99,Total,2010,665
A,Annual,ITF2,Molise,KILLINJ,Killed and injured,9,Total,9,Total,9,Total,F,Injured,C,Driver,TOTAL,Total,9,Total,99,Total,2011,673
A,Annual,ITF2,Molise,KILLINJ,Killed and injured,9,Total,9,Total,9,Total,F,Injured,C,Driver,TOTAL,Total,9,Total,99,Total,2012,596
A,Annual,ITF2,Molise,KILLINJ,Killed and injured,9,Total,9,Total,9,Total,F,Injured,C,Driver,TOTAL,Total,9,Total,99,Total,2013,520
A,Annual,ITF2,Molise,KILLINJ,Killed and injured,9,Total,9,Total,9,Total,F,Injured,C,Driver,TOTAL,Total,9,Total,99,Total,2014,495
A,Annual,ITF2,Molise,KILLINJ,Killed and injured,9,Total,9,Total,9,Total,F,Injured,C,Driver,TOTAL,Total,9,Total,99,Total,2015,461
A,Annual,ITF2,Molise,KILLINJ,Killed and injured,9,Total,9,Total,9,Total,F,Injured,C,Driver,TOTAL,Total,9,Total,99,Total,2016,493
A,Annual,ITF2,Molise,KILLINJ,Killed and injured,9,Total,9,Total,9,Total,F,Injured,C,Driver,TOTAL,Total,9,Total,99,Total,2017,491
A,Annual,ITF2,Molise,KILLINJ,Killed and injured,9,Total,9,Total,9,Total,F,Injured,C,Driver,TOTAL,Total,9,Total,99,Total,2018,470
A,Annual,ITF2,Molise,KILLINJ,Killed and injured,9,Total,9,Total,9,Total,F,Injured,C,Driver,TOTAL,Total,9,Total,99,Total,2019,561
A,Annual,ITF2,Molise,KILLINJ,Killed and injured,9,Total,9,Total,9,Total,F,Injured,C,Driver,TOTAL,Total,9,Total,99,Total,2020,347
A,Annual,ITF2,Molise,KILLINJ,Killed and injured,9,Total,9,Total,9,Total,F,Injured,C,Driver,TOTAL,Total,9,Total,99,Total,2021,421
A,Annual,ITF2,Molise,KILLINJ,Killed and injured,9,Total,9,Total,9,Total,F,Injured,C,Driver,TOTAL,Total,9,Total,99,Total,2022,409
A,Annual,ITF2,Molise,KILLINJ,Killed and injured,9,Total,9,Total,9,Total,F,Injured,C,Driver,TOTAL,Total,9,Total,99,Total,2023,483
A,Annual,ITF2,Molise,KILLINJ,Killed and injured,9,Total,9,Total,9,Total,F,Injured,C,Driver,TOTAL,Total,9,Total,99,Total,2024,473
A,Annual,ITF2,Molise,KILLINJ,Killed and injured,9,Total,9,Total,9,Total,F,Injured,P,Passenger,TOTAL,Total,9,Total,99,Total,2010,330
A,Annual,ITF2,Molise,KILLINJ,Killed and injured,9,Total,9,Total,9,Total,F,Injured,P,Passenger,TOTAL,Total,9,Total,99,Total,2011,277
A,Annual,ITF2,Molise,KILLINJ,Killed and injured,9,Total,9,Total,9,Total,F,Injured,P,Passenger,TOTAL,Total,9,Total,99,Total,2012,307
A,Annual,ITF2,Molise,KILLINJ,Killed and injured,9,Total,9,Total,9,Total,F,Injured,P,Passenger,TOTAL,Total,9,Total,99,Total,2013,225
A,Annual,ITF2,Molise,KILLINJ,Killed and injured,9,Total,9,Total,9,Total,F,Injured,P,Passenger,TOTAL,Total,9,Total,99,Total,2014,229
A,Annual,ITF2,Molise,KILLINJ,Killed and injured,9,Total,9,Total,9,Total,F,Injured,P,Passenger,TOTAL,Total,9,Total,99,Total,2015,213
A,Annual,ITF2,Molise,KILLINJ,Killed and injured,9,Total,9,Total,9,Total,F,Injured,P,Passenger,TOTAL,Total,9,Total,99,Total,2016,244
A,Annual,ITF2,Molise,KILLINJ,Killed and injured,9,Total,9,Total,9,Total,F,Injured,P,Passenger,TOTAL,Total,9,Total,99,Total,2017,210
A,Annual,ITF2,Molise,KILLINJ,Killed and injured,9,Total,9,Total,9,Total,F,Injured,P,Passenger,TOTAL,Total,9,Total,99,Total,2018,206
A,Annual,ITF2,Molise,KILLINJ,Killed and injured,9,Total,9,Total,9,Total,F,Injured,P,Passenger,TOTAL,Total,9,Total,99,Total,2019,276
A,Annual,ITF2,Molise,KILLINJ,Killed and injured,9,Total,9,Total,9,Total,F,Injured,P,Passenger,TOTAL,Total,9,Total,99,Total,2020,141
A,Annual,ITF2,Molise,KILLINJ,Killed and injured,9,Total,9,Total,9,Total,F,Injured,P,Passenger,TOTAL,Total,9,Total,99,Total,2021,157
A,Annual,ITF2,Molise,KILLINJ,Killed and injured,9,Total,9,Total,9,Total,F,Injured,P,Passenger,TOTAL,Total,9,Total,99,Total,2022,138
A,Annual,ITF2,Molise,KILLINJ,Killed and injured,9,Total,9,Total,9,Total,F,Injured,P,Passenger,TOTAL,Total,9,Total,99,Total,2023,205
A,Annual,ITF2,Molise,KILLINJ,Killed and injured,9,Total,9,Total,9,Total,F,Injured,P,Passenger,TOTAL,Total,9,Total,99,Total,2024,186
A,Annual,ITF2,Molise,KILLINJ,Killed and injured,9,Total,9,Total,9,Total,F,Injured,X,Pedestrian,TOTAL,Total,9,Total,99,Total,2010,61
A,Annual,ITF2,Molise,KILLINJ,Killed and injured,9,Total,9,Total,9,Total,F,Injured,X,Pedestrian,TOTAL,Total,9,Total,99,Total,2011,58
A,Annual,ITF2,Molise,KILLINJ,Killed and injured,9,Total,9,Total,9,Total,F,Injured,X,Pedestrian,TOTAL,Total,9,Total,99,Total,2012,53
A,Annual,ITF2,Molise,KILLINJ,Killed and injured,9,Total,9,Total,9,Total,F,Injured,X,Pedestrian,TOTAL,Total,9,Total,99,Total,2013,55
A,Annual,ITF2,Molise,KILLINJ,Killed and injured,9,Total,9,Total,9,Total,F,Injured,X,Pedestrian,TOTAL,Total,9,Total,99,Total,2014,58
A,Annual,ITF2,Molise,KILLINJ,Killed and injured,9,Total,9,Total,9,Total,F,Injured,X,Pedestrian,TOTAL,Total,9,Total,99,Total,2015,48
A,Annual,ITF2,Molise,KILLINJ,Killed and injured,9,Total,9,Total,9,Total,F,Injured,X,Pedestrian,TOTAL,Total,9,Total,99,Total,2016,49
A,Annual,ITF2,Molise,KILLINJ,Killed and injured,9,Total,9,Total,9,Total,F,Injured,X,Pedestrian,TOTAL,Total,9,Total,99,Total,2017,66
A,Annual,ITF2,Molise,KILLINJ,Killed and injured,9,Total,9,Total,9,Total,F,Injured,X,Pedestrian,TOTAL,Total,9,Total,99,Total,2018,55
A,Annual,ITF2,Molise,KILLINJ,Killed and injured,9,Total,9,Total,9,Total,F,Injured,X,Pedestrian,TOTAL,Total,9,Total,99,Total,2019,76
A,Annual,ITF2,Molise,KILLINJ,Killed and injured,9,Total,9,Total,9,Total,F,Injured,X,Pedestrian,TOTAL,Total,9,Total,99,Total,2020,57
A,Annual,ITF2,Molise,KILLINJ,Killed and injured,9,Total,9,Total,9,Total,F,Injured,X,Pedestrian,TOTAL,Total,9,Total,99,Total,2021,44
A,Annual,ITF2,Molise,KILLINJ,Killed and injured,9,Total,9,Total,9,Total,F,Injured,X,Pedestrian,TOTAL,Total,9,Total,99,Total,2022,55
A,Annual,ITF2,Molise,KILLINJ,Killed and injured,9,Total,9,Total,9,Total,F,Injured,X,Pedestrian,TOTAL,Total,9,Total,99,Total,2023,49
A,Annual,ITF2,Molise,KILLINJ,Killed and injured,9,Total,9,Total,9,Total,F,Injured,X,Pedestrian,TOTAL,Total,9,Total,99,Total,2024,65
A,Annual,ITF2,Molise,KILLINJ,Killed and injured,9,Total,9,Total,9,Total,F,Injured,9,Total,TOTAL,Total,9,Total,99,Total,2010,1056
A,Annual,ITF2,Molise,KILLINJ,Killed and injured,9,Total,9,Total,9,Total,F,Injured,9,Total,TOTAL,Total,9,Total,99,Total,2011,1008
A,Annual,ITF2,Molise,KILLINJ,Killed and injured,9,Total,9,Total,9,Total,F,Injured,9,Total,TOTAL,Total,9,Total,99,Total,2012,956
A,Annual,ITF2,Molise,KILLINJ,Killed and injured,9,Total,9,Total,9,Total,F,Injured,9,Total,TOTAL,Total,9,Total,99,Total,2013,800
A,Annual,ITF2,Molise,KILLINJ,Killed and injured,9,Total,9,Total,9,Total,F,Injured,9,Total,TOTAL,Total,9,Total,99,Total,2014,782
A,Annual,ITF2,Molise,KILLINJ,Killed and injured,9,Total,9,Total,9,Total,F,Injured,9,Total,TOTAL,Total,9,Total,99,Total,2015,722
A,Annual,ITF2,Molise,KILLINJ,Killed and injured,9,Total,9,Total,9,Total,F,Injured,9,Total,TOTAL,Total,9,Total,99,Total,2016,786
A,Annual,ITF2,Molise,KILLINJ,Killed and injured,9,Total,9,Total,9,Total,F,Injured,9,Total,TOTAL,Total,9,Total,99,Total,2017,767
A,Annual,ITF2,Molise,KILLINJ,Killed and injured,9,Total,9,Total,9,Total,F,Injured,9,Total,TOTAL,Total,9,Total,99,Total,2018,731
A,Annual,ITF2,Molise,KILLINJ,Killed and injured,9,Total,9,Total,9,Total,F,Injured,9,Total,TOTAL,Total,9,Total,99,Total,2019,913
A,Annual,ITF2,Molise,KILLINJ,Killed and injured,9,Total,9,Total,9,Total,F,Injured,9,Total,TOTAL,Total,9,Total,99,Total,2020,545
A,Annual,ITF2,Molise,KILLINJ,Killed and injured,9,Total,9,Total,9,Total,F,Injured,9,Total,TOTAL,Total,9,Total,99,Total,2021,622
A,Annual,ITF2,Molise,KILLINJ,Killed and injured,9,Total,9,Total,9,Total,F,Injured,9,Total,TOTAL,Total,9,Total,99,Total,2022,602
A,Annual,ITF2,Molise,KILLINJ,Killed and injured,9,Total,9,Total,9,Total,F,Injured,9,Total,TOTAL,Total,9,Total,99,Total,2023,737
A,Annual,ITF2,Molise,KILLINJ,Killed and injured,9,Total,9,Total,9,Total,F,Injured,9,Total,TOTAL,Total,9,Total,99,Total,2024,724
A,Annual,ITF2,Molise,KILLINJ,Killed and injured,9,Total,9,Total,9,Total,9,Total,C,Driver,TOTAL,Total,9,Total,99,Total,2010,684
A,Annual,ITF2,Molise,KILLINJ,Killed and injured,9,Total,9,Total,9,Total,9,Total,C,Driver,TOTAL,Total,9,Total,99,Total,2011,689
A,Annual,ITF2,Molise,KILLINJ,Killed and injured,9,Total,9,Total,9,Total,9,Total,C,Driver,TOTAL,Total,9,Total,99,Total,2012,607
A,Annual,ITF2,Molise,KILLINJ,Killed and injured,9,Total,9,Total,9,Total,9,Total,C,Driver,TOTAL,Total,9,Total,99,Total,2013,536
A,Annual,ITF2,Molise,KILLINJ,Killed and injured,9,Total,9,Total,9,Total,9,Total,C,Driver,TOTAL,Total,9,Total,99,Total,2014,514
A,Annual,ITF2,Molise,KILLINJ,Killed and injured,9,Total,9,Total,9,Total,9,Total,C,Driver,TOTAL,Total,9,Total,99,Total,2015,477
A,Annual,ITF2,Molise,KILLINJ,Killed and injured,9,Total,9,Total,9,Total,9,Total,C,Driver,TOTAL,Total,9,Total,99,Total,2016,504
A,Annual,ITF2,Molise,KILLINJ,Killed and injured,9,Total,9,Total,9,Total,9,Total,C,Driver,TOTAL,Total,9,Total,99,Total,2017,510
A,Annual,ITF2,Molise,KILLINJ,Killed and injured,9,Total,9,Total,9,Total,9,Total,C,Driver,TOTAL,Total,9,Total,99,Total,2018,482
A,Annual,ITF2,Molise,KILLINJ,Killed and injured,9,Total,9,Total,9,Total,9,Total,C,Driver,TOTAL,Total,9,Total,99,Total,2019,577
A,Annual,ITF2,Molise,KILLINJ,Killed and injured,9,Total,9,Total,9,Total,9,Total,C,Driver,TOTAL,Total,9,Total,99,Total,2020,362
A,Annual,ITF2,Molise,KILLINJ,Killed and injured,9,Total,9,Total,9,Total,9,Total,C,Driver,TOTAL,Total,9,Total,99,Total,2021,433
A,Annual,ITF2,Molise,KILLINJ,Killed and injured,9,Total,9,Total,9,Total,9,Total,C,Driver,TOTAL,Total,9,Total,99,Total,2022,418
A,Annual,ITF2,Molise,KILLINJ,Killed and injured,9,Total,9,Total,9,Total,9,Total,C,Driver,TOTAL,Total,9,Total,99,Total,2023,495
A,Annual,ITF2,Molise,KILLINJ,Killed and injured,9,Total,9,Total,9,Total,9,Total,C,Driver,TOTAL,Total,9,Total,99,Total,2024,480
A,Annual,ITF2,Molise,KILLINJ,Killed and injured,9,Total,9,Total,9,Total,9,Total,P,Passenger,TOTAL,Total,9,Total,99,Total,2010,335
A,Annual,ITF2,Molise,KILLINJ,Killed and injured,9,Total,9,Total,9,Total,9,Total,P,Passenger,TOTAL,Total,9,Total,99,Total,2011,279
A,Annual,ITF2,Molise,KILLINJ,Killed and injured,9,Total,9,Total,9,Total,9,Total,P,Passenger,TOTAL,Total,9,Total,99,Total,2012,312
A,Annual,ITF2,Molise,KILLINJ,Killed and injured,9,Total,9,Total,9,Total,9,Total,P,Passenger,TOTAL,Total,9,Total,99,Total,2013,233
A,Annual,ITF2,Molise,KILLINJ,Killed and injured,9,Total,9,Total,9,Total,9,Total,P,Passenger,TOTAL,Total,9,Total,99,Total,2014,236
A,Annual,ITF2,Molise,KILLINJ,Killed and injured,9,Total,9,Total,9,Total,9,Total,P,Passenger,TOTAL,Total,9,Total,99,Total,2015,214
A,Annual,ITF2,Molise,KILLINJ,Killed and injured,9,Total,9,Total,9,Total,9,Total,P,Passenger,TOTAL,Total,9,Total,99,Total,2016,249
A,Annual,ITF2,Molise,KILLINJ,Killed and injured,9,Total,9,Total,9,Total,9,Total,P,Passenger,TOTAL,Total,9,Total,99,Total,2017,215
A,Annual,ITF2,Molise,KILLINJ,Killed and injured,9,Total,9,Total,9,Total,9,Total,P,Passenger,TOTAL,Total,9,Total,99,Total,2018,209
A,Annual,ITF2,Molise,KILLINJ,Killed and injured,9,Total,9,Total,9,Total,9,Total,P,Passenger,TOTAL,Total,9,Total,99,Total,2019,285
A,Annual,ITF2,Molise,KILLINJ,Killed and injured,9,Total,9,Total,9,Total,9,Total,P,Passenger,TOTAL,Total,9,Total,99,Total,2020,145
A,Annual,ITF2,Molise,KILLINJ,Killed and injured,9,Total,9,Total,9,Total,9,Total,P,Passenger,TOTAL,Total,9,Total,99,Total,2021,158
A,Annual,ITF2,Molise,KILLINJ,Killed and injured,9,Total,9,Total,9,Total,9,Total,P,Passenger,TOTAL,Total,9,Total,99,Total,2022,140
A,Annual,ITF2,Molise,KILLINJ,Killed and injured,9,Total,9,Total,9,Total,9,Total,P,Passenger,TOTAL,Total,9,Total,99,Total,2023,209
A,Annual,ITF2,Molise,KILLINJ,Killed and injured,9,Total,9,Total,9,Total,9,Total,P,Passenger,TOTAL,Total,9,Total,99,Total,2024,188
A,Annual,ITF2,Molise,KILLINJ,Killed and injured,9,Total,9,Total,9,Total,9,Total,X,Pedestrian,TOTAL,Total,9,Total,99,Total,2010,65
A,Annual,ITF2,Molise,KILLINJ,Killed and injured,9,Total,9,Total,9,Total,9,Total,X,Pedestrian,TOTAL,Total,9,Total,99,Total,2011,59
A,Annual,ITF2,Molise,KILLINJ,Killed and injured,9,Total,9,Total,9,Total,9,Total,X,Pedestrian,TOTAL,Total,9,Total,99,Total,2012,56
A,Annual,ITF2,Molise,KILLINJ,Killed and injured,9,Total,9,Total,9,Total,9,Total,X,Pedestrian,TOTAL,Total,9,Total,99,Total,2013,57
A,Annual,ITF2,Molise,KILLINJ,Killed and injured,9,Total,9,Total,9,Total,9,Total,X,Pedestrian,TOTAL,Total,9,Total,99,Total,2014,59
A,Annual,ITF2,Molise,KILLINJ,Killed and injured,9,Total,9,Total,9,Total,9,Total,X,Pedestrian,TOTAL,Total,9,Total,99,Total,2015,53
A,Annual,ITF2,Molise,KILLINJ,Killed and injured,9,Total,9,Total,9,Total,9,Total,X,Pedestrian,TOTAL,Total,9,Total,99,Total,2016,50
A,Annual,ITF2,Molise,KILLINJ,Killed and injured,9,Total,9,Total,9,Total,9,Total,X,Pedestrian,TOTAL,Total,9,Total,99,Total,2017,69
A,Annual,ITF2,Molise,KILLINJ,Killed and injured,9,Total,9,Total,9,Total,9,Total,X,Pedestrian,TOTAL,Total,9,Total,99,Total,2018,55
A,Annual,ITF2,Molise,KILLINJ,Killed and injured,9,Total,9,Total,9,Total,9,Total,X,Pedestrian,TOTAL,Total,9,Total,99,Total,2019,79
A,Annual,ITF2,Molise,KILLINJ,Killed and injured,9,Total,9,Total,9,Total,9,Total,X,Pedestrian,TOTAL,Total,9,Total,99,Total,2020,63
A,Annual,ITF2,Molise,KILLINJ,Killed and injured,9,Total,9,Total,9,Total,9,Total,X,Pedestrian,TOTAL,Total,9,Total,99,Total,2021,46
A,Annual,ITF2,Molise,KILLINJ,Killed and injured,9,Total,9,Total,9,Total,9,Total,X,Pedestrian,TOTAL,Total,9,Total,99,Total,2022,58
A,Annual,ITF2,Molise,KILLINJ,Killed and injured,9,Total,9,Total,9,Total,9,Total,X,Pedestrian,TOTAL,Total,9,Total,99,Total,2023,49
A,Annual,ITF2,Molise,KILLINJ,Killed and injured,9,Total,9,Total,9,Total,9,Total,X,Pedestrian,TOTAL,Total,9,Total,99,Total,2024,68
A,Annual,ITF2,Molise,KILLINJ,Killed and injured,9,Total,9,Total,9,Total,9,Total,9,Total,TOTAL,Total,9,Total,99,Total,2010,1084
A,Annual,ITF2,Molise,KILLINJ,Killed and injured,9,Total,9,Total,9,Total,9,Total,9,Total,TOTAL,Total,9,Total,99,Total,2011,1027
A,Annual,ITF2,Molise,KILLINJ,Killed and injured,9,Total,9,Total,9,Total,9,Total,9,Total,TOTAL,Total,9,Total,99,Total,2012,975
A,Annual,ITF2,Molise,KILLINJ,Killed and injured,9,Total,9,Total,9,Total,9,Total,9,Total,TOTAL,Total,9,Total,99,Total,2013,826
A,Annual,ITF2,Molise,KILLINJ,Killed and injured,9,Total,9,Total,9,Total,9,Total,9,Total,TOTAL,Total,9,Total,99,Total,2014,809
A,Annual,ITF2,Molise,KILLINJ,Killed and injured,9,Total,9,Total,9,Total,9,Total,9,Total,TOTAL,Total,9,Total,99,Total,2015,744
A,Annual,ITF2,Molise,KILLINJ,Killed and injured,9,Total,9,Total,9,Total,9,Total,9,Total,TOTAL,Total,9,Total,99,Total,2016,803
A,Annual,ITF2,Molise,KILLINJ,Killed and injured,9,Total,9,Total,9,Total,9,Total,9,Total,TOTAL,Total,9,Total,99,Total,2017,794
A,Annual,ITF2,Molise,KILLINJ,Killed and injured,9,Total,9,Total,9,Total,9,Total,9,Total,TOTAL,Total,9,Total,99,Total,2018,746
A,Annual,ITF2,Molise,KILLINJ,Killed and injured,9,Total,9,Total,9,Total,9,Total,9,Total,TOTAL,Total,9,Total,99,Total,2019,941
A,Annual,ITF2,Molise,KILLINJ,Killed and injured,9,Total,9,Total,9,Total,9,Total,9,Total,TOTAL,Total,9,Total,99,Total,2020,570
A,Annual,ITF2,Molise,KILLINJ,Killed and injured,9,Total,9,Total,9,Total,9,Total,9,Total,TOTAL,Total,9,Total,99,Total,2021,637
A,Annual,ITF2,Molise,KILLINJ,Killed and injured,9,Total,9,Total,9,Total,9,Total,9,Total,TOTAL,Total,9,Total,99,Total,2022,616
A,Annual,ITF2,Molise,KILLINJ,Killed and injured,9,Total,9,Total,9,Total,9,Total,9,Total,TOTAL,Total,9,Total,99,Total,2023,753
A,Annual,ITF2,Molise,KILLINJ,Killed and injured,9,Total,9,Total,9,Total,9,Total,9,Total,TOTAL,Total,9,Total,99,Total,2024,736
A,Annual,ITF3,Campania,KILLINJ,Killed and injured,9,Total,9,Total,9,Total,M,Killed,C,Driver,TOTAL,Total,9,Total,99,Total,2010,159
A,Annual,ITF3,Campania,KILLINJ,Killed and injured,9,Total,9,Total,9,Total,M,Killed,C,Driver,TOTAL,Total,9,Total,99,Total,2011,162
A,Annual,ITF3,Campania,KILLINJ,Killed and injured,9,Total,9,Total,9,Total,M,Killed,C,Driver,TOTAL,Total,9,Total,99,Total,2012,172
A,Annual,ITF3,Campania,KILLINJ,Killed and injured,9,Total,9,Total,9,Total,M,Killed,C,Driver,TOTAL,Total,9,Total,99,Total,2013,148
A,Annual,ITF3,Campania,KILLINJ,Killed and injured,9,Total,9,Total,9,Total,M,Killed,C,Driver,TOTAL,Total,9,Total,99,Total,2014,148
A,Annual,ITF3,Campania,KILLINJ,Killed and injured,9,Total,9,Total,9,Total,M,Killed,C,Driver,TOTAL,Total,9,Total,99,Total,2015,152
A,Annual,ITF3,Campania,KILLINJ,Killed and injured,9,Total,9,Total,9,Total,M,Killed,C,Driver,TOTAL,Total,9,Total,99,Total,2016,144
A,Annual,ITF3,Campania,KILLINJ,Killed and injured,9,Total,9,Total,9,Total,M,Killed,C,Driver,TOTAL,Total,9,Total,99,Total,2017,161
A,Annual,ITF3,Campania,KILLINJ,Killed and injured,9,Total,9,Total,9,Total,M,Killed,C,Driver,TOTAL,Total,9,Total,99,Total,2018,133
A,Annual,ITF3,Campania,KILLINJ,Killed and injured,9,Total,9,Total,9,Total,M,Killed,C,Driver,TOTAL,Total,9,Total,99,Total,2019,135
A,Annual,ITF3,Campania,KILLINJ,Killed and injured,9,Total,9,Total,9,Total,M,Killed,C,Driver,TOTAL,Total,9,Total,99,Total,2020,122
A,Annual,ITF3,Campania,KILLINJ,Killed and injured,9,Total,9,Total,9,Total,M,Killed,C,Driver,TOTAL,Total,9,Total,99,Total,2021,141
A,Annual,ITF3,Campania,KILLINJ,Killed and injured,9,Total,9,Total,9,Total,M,Killed,C,Driver,TOTAL,Total,9,Total,99,Total,2022,167
A,Annual,ITF3,Campania,KILLINJ,Killed and injured,9,Total,9,Total,9,Total,M,Killed,C,Driver,TOTAL,Total,9,Total,99,Total,2023,149
A,Annual,ITF3,Campania,KILLINJ,Killed and injured,9,Total,9,Total,9,Total,M,Killed,C,Driver,TOTAL,Total,9,Total,99,Total,2024,188
A,Annual,ITF3,Campania,KILLINJ,Killed and injured,9,Total,9,Total,9,Total,M,Killed,P,Passenger,TOTAL,Total,9,Total,99,Total,2010,64
A,Annual,ITF3,Campania,KILLINJ,Killed and injured,9,Total,9,Total,9,Total,M,Killed,P,Passenger,TOTAL,Total,9,Total,99,Total,2011,40
A,Annual,ITF3,Campania,KILLINJ,Killed and injured,9,Total,9,Total,9,Total,M,Killed,P,Passenger,TOTAL,Total,9,Total,99,Total,2012,41
A,Annual,ITF3,Campania,KILLINJ,Killed and injured,9,Total,9,Total,9,Total,M,Killed,P,Passenger,TOTAL,Total,9,Total,99,Total,2013,82
A,Annual,ITF3,Campania,KILLINJ,Killed and injured,9,Total,9,Total,9,Total,M,Killed,P,Passenger,TOTAL,Total,9,Total,99,Total,2014,40
A,Annual,ITF3,Campania,KILLINJ,Killed and injured,9,Total,9,Total,9,Total,M,Killed,P,Passenger,TOTAL,Total,9,Total,99,Total,2015,37
A,Annual,ITF3,Campania,KILLINJ,Killed and injured,9,Total,9,Total,9,Total,M,Killed,P,Passenger,TOTAL,Total,9,Total,99,Total,2016,37
A,Annual,ITF3,Campania,KILLINJ,Killed and injured,9,Total,9,Total,9,Total,M,Killed,P,Passenger,TOTAL,Total,9,Total,99,Total,2017,28
A,Annual,ITF3,Campania,KILLINJ,Killed and injured,9,Total,9,Total,9,Total,M,Killed,P,Passenger,TOTAL,Total,9,Total,99,Total,2018,33
A,Annual,ITF3,Campania,KILLINJ,Killed and injured,9,Total,9,Total,9,Total,M,Killed,P,Passenger,TOTAL,Total,9,Total,99,Total,2019,41
A,Annual,ITF3,Campania,KILLINJ,Killed and injured,9,Total,9,Total,9,Total,M,Killed,P,Passenger,TOTAL,Total,9,Total,99,Total,2020,20
A,Annual,ITF3,Campania,KILLINJ,Killed and injured,9,Total,9,Total,9,Total,M,Killed,P,Passenger,TOTAL,Total,9,Total,99,Total,2021,32
A,Annual,ITF3,Campania,KILLINJ,Killed and injured,9,Total,9,Total,9,Total,M,Killed,P,Passenger,TOTAL,Total,9,Total,99,Total,2022,25
A,Annual,ITF3,Campania,KILLINJ,Killed and injured,9,Total,9,Total,9,Total,M,Killed,P,Passenger,TOTAL,Total,9,Total,99,Total,2023,27
A,Annual,ITF3,Campania,KILLINJ,Killed and injured,9,Total,9,Total,9,Total,M,Killed,P,Passenger,TOTAL,Total,9,Total,99,Total,2024,34
A,Annual,ITF3,Campania,KILLINJ,Killed and injured,9,Total,9,Total,9,Total,M,Killed,X,Pedestrian,TOTAL,Total,9,Total,99,Total,2010,31
A,Annual,ITF3,Campania,KILLINJ,Killed and injured,9,Total,9,Total,9,Total,M,Killed,X,Pedestrian,TOTAL,Total,9,Total,99,Total,2011,41
A,Annual,ITF3,Campania,KILLINJ,Killed and injured,9,Total,9,Total,9,Total,M,Killed,X,Pedestrian,TOTAL,Total,9,Total,99,Total,2012,29
A,Annual,ITF3,Campania,KILLINJ,Killed and injured,9,Total,9,Total,9,Total,M,Killed,X,Pedestrian,TOTAL,Total,9,Total,99,Total,2013,43
A,Annual,ITF3,Campania,KILLINJ,Killed and injured,9,Total,9,Total,9,Total,M,Killed,X,Pedestrian,TOTAL,Total,9,Total,99,Total,2014,45
A,Annual,ITF3,Campania,KILLINJ,Killed and injured,9,Total,9,Total,9,Total,M,Killed,X,Pedestrian,TOTAL,Total,9,Total,99,Total,2015,46
A,Annual,ITF3,Campania,KILLINJ,Killed and injured,9,Total,9,Total,9,Total,M,Killed,X,Pedestrian,TOTAL,Total,9,Total,99,Total,2016,37
A,Annual,ITF3,Campania,KILLINJ,Killed and injured,9,Total,9,Total,9,Total,M,Killed,X,Pedestrian,TOTAL,Total,9,Total,99,Total,2017,53
A,Annual,ITF3,Campania,KILLINJ,Killed and injured,9,Total,9,Total,9,Total,M,Killed,X,Pedestrian,TOTAL,Total,9,Total,99,Total,2018,40
A,Annual,ITF3,Campania,KILLINJ,Killed and injured,9,Total,9,Total,9,Total,M,Killed,X,Pedestrian,TOTAL,Total,9,Total,99,Total,2019,47
A,Annual,ITF3,Campania,KILLINJ,Killed and injured,9,Total,9,Total,9,Total,M,Killed,X,Pedestrian,TOTAL,Total,9,Total,99,Total,2020,34
A,Annual,ITF3,Campania,KILLINJ,Killed and injured,9,Total,9,Total,9,Total,M,Killed,X,Pedestrian,TOTAL,Total,9,Total,99,Total,2021,41
A,Annual,ITF3,Campania,KILLINJ,Killed and injured,9,Total,9,Total,9,Total,M,Killed,X,Pedestrian,TOTAL,Total,9,Total,99,Total,2022,36
A,Annual,ITF3,Campania,KILLINJ,Killed and injured,9,Total,9,Total,9,Total,M,Killed,X,Pedestrian,TOTAL,Total,9,Total,99,Total,2023,44
A,Annual,ITF3,Campania,KILLINJ,Killed and injured,9,Total,9,Total,9,Total,M,Killed,X,Pedestrian,TOTAL,Total,9,Total,99,Total,2024,39
A,Annual,ITF3,Campania,KILLINJ,Killed and injured,9,Total,9,Total,9,Total,M,Killed,9,Total,TOTAL,Total,9,Total,99,Total,2010,254
A,Annual,ITF3,Campania,KILLINJ,Killed and injured,9,Total,9,Total,9,Total,M,Killed,9,Total,TOTAL,Total,9,Total,99,Total,2011,243
A,Annual,ITF3,Campania,KILLINJ,Killed and injured,9,Total,9,Total,9,Total,M,Killed,9,Total,TOTAL,Total,9,Total,99,Total,2012,242
A,Annual,ITF3,Campania,KILLINJ,Killed and injured,9,Total,9,Total,9,Total,M,Killed,9,Total,TOTAL,Total,9,Total,99,Total,2013,273
A,Annual,ITF3,Campania,KILLINJ,Killed and injured,9,Total,9,Total,9,Total,M,Killed,9,Total,TOTAL,Total,9,Total,99,Total,2014,233
A,Annual,ITF3,Campania,KILLINJ,Killed and injured,9,Total,9,Total,9,Total,M,Killed,9,Total,TOTAL,Total,9,Total,99,Total,2015,235
A,Annual,ITF3,Campania,KILLINJ,Killed and injured,9,Total,9,Total,9,Total,M,Killed,9,Total,TOTAL,Total,9,Total,99,Total,2016,218
A,Annual,ITF3,Campania,KILLINJ,Killed and injured,9,Total,9,Total,9,Total,M,Killed,9,Total,TOTAL,Total,9,Total,99,Total,2017,242
A,Annual,ITF3,Campania,KILLINJ,Killed and injured,9,Total,9,Total,9,Total,M,Killed,9,Total,TOTAL,Total,9,Total,99,Total,2018,206
A,Annual,ITF3,Campania,KILLINJ,Killed and injured,9,Total,9,Total,9,Total,M,Killed,9,Total,TOTAL,Total,9,Total,99,Total,2019,223
A,Annual,ITF3,Campania,KILLINJ,Killed and injured,9,Total,9,Total,9,Total,M,Killed,9,Total,TOTAL,Total,9,Total,99,Total,2020,176
A,Annual,ITF3,Campania,KILLINJ,Killed and injured,9,Total,9,Total,9,Total,M,Killed,9,Total,TOTAL,Total,9,Total,99,Total,2021,214
A,Annual,ITF3,Campania,KILLINJ,Killed and injured,9,Total,9,Total,9,Total,M,Killed,9,Total,TOTAL,Total,9,Total,99,Total,2022,228
A,Annual,ITF3,Campania,KILLINJ,Killed and injured,9,Total,9,Total,9,Total,M,Killed,9,Total,TOTAL,Total,9,Total,99,Total,2023,220
A,Annual,ITF3,Campania,KILLINJ,Killed and injured,9,Total,9,Total,9,Total,M,Killed,9,Total,TOTAL,Total,9,Total,99,Total,2024,261
A,Annual,ITF3,Campania,KILLINJ,Killed and injured,9,Total,9,Total,9,Total,F,Injured,C,Driver,TOTAL,Total,9,Total,99,Total,2010,10784
A,Annual,ITF3,Campania,KILLINJ,Killed and injured,9,Total,9,Total,9,Total,F,Injured,C,Driver,TOTAL,Total,9,Total,99,Total,2011,9697
A,Annual,ITF3,Campania,KILLINJ,Killed and injured,9,Total,9,Total,9,Total,F,Injured,C,Driver,TOTAL,Total,9,Total,99,Total,2012,9216
A,Annual,ITF3,Campania,KILLINJ,Killed and injured,9,Total,9,Total,9,Total,F,Injured,C,Driver,TOTAL,Total,9,Total,99,Total,2013,8588
A,Annual,ITF3,Campania,KILLINJ,Killed and injured,9,Total,9,Total,9,Total,F,Injured,C,Driver,TOTAL,Total,9,Total,99,Total,2014,8611
A,Annual,ITF3,Campania,KILLINJ,Killed and injured,9,Total,9,Total,9,Total,F,Injured,C,Driver,TOTAL,Total,9,Total,99,Total,2015,8697
A,Annual,ITF3,Campania,KILLINJ,Killed and injured,9,Total,9,Total,9,Total,F,Injured,C,Driver,TOTAL,Total,9,Total,99,Total,2016,9321
A,Annual,ITF3,Campania,KILLINJ,Killed and injured,9,Total,9,Total,9,Total,F,Injured,C,Driver,TOTAL,Total,9,Total,99,Total,2017,9463
A,Annual,ITF3,Campania,KILLINJ,Killed and injured,9,Total,9,Total,9,Total,F,Injured,C,Driver,TOTAL,Total,9,Total,99,Total,2018,9305
A,Annual,ITF3,Campania,KILLINJ,Killed and injured,9,Total,9,Total,9,Total,F,Injured,C,Driver,TOTAL,Total,9,Total,99,Total,2019,9480
A,Annual,ITF3,Campania,KILLINJ,Killed and injured,9,Total,9,Total,9,Total,F,Injured,C,Driver,TOTAL,Total,9,Total,99,Total,2020,6542
A,Annual,ITF3,Campania,KILLINJ,Killed and injured,9,Total,9,Total,9,Total,F,Injured,C,Driver,TOTAL,Total,9,Total,99,Total,2021,8473
A,Annual,ITF3,Campania,KILLINJ,Killed and injured,9,Total,9,Total,9,Total,F,Injured,C,Driver,TOTAL,Total,9,Total,99,Total,2022,9148
A,Annual,ITF3,Campania,KILLINJ,Killed and injured,9,Total,9,Total,9,Total,F,Injured,C,Driver,TOTAL,Total,9,Total,99,Total,2023,9668
A,Annual,ITF3,Campania,KILLINJ,Killed and injured,9,Total,9,Total,9,Total,F,Injured,C,Driver,TOTAL,Total,9,Total,99,Total,2024,10300
A,Annual,ITF3,Campania,KILLINJ,Killed and injured,9,Total,9,Total,9,Total,F,Injured,P,Passenger,TOTAL,Total,9,Total,99,Total,2010,5179
A,Annual,ITF3,Campania,KILLINJ,Killed and injured,9,Total,9,Total,9,Total,F,Injured,P,Passenger,TOTAL,Total,9,Total,99,Total,2011,4518
A,Annual,ITF3,Campania,KILLINJ,Killed and injured,9,Total,9,Total,9,Total,F,Injured,P,Passenger,TOTAL,Total,9,Total,99,Total,2012,4455
A,Annual,ITF3,Campania,KILLINJ,Killed and injured,9,Total,9,Total,9,Total,F,Injured,P,Passenger,TOTAL,Total,9,Total,99,Total,2013,4178
A,Annual,ITF3,Campania,KILLINJ,Killed and injured,9,Total,9,Total,9,Total,F,Injured,P,Passenger,TOTAL,Total,9,Total,99,Total,2014,4169
A,Annual,ITF3,Campania,KILLINJ,Killed and injured,9,Total,9,Total,9,Total,F,Injured,P,Passenger,TOTAL,Total,9,Total,99,Total,2015,4061
A,Annual,ITF3,Campania,KILLINJ,Killed and injured,9,Total,9,Total,9,Total,F,Injured,P,Passenger,TOTAL,Total,9,Total,99,Total,2016,4405
A,Annual,ITF3,Campania,KILLINJ,Killed and injured,9,Total,9,Total,9,Total,F,Injured,P,Passenger,TOTAL,Total,9,Total,99,Total,2017,4137
A,Annual,ITF3,Campania,KILLINJ,Killed and injured,9,Total,9,Total,9,Total,F,Injured,P,Passenger,TOTAL,Total,9,Total,99,Total,2018,4243
A,Annual,ITF3,Campania,KILLINJ,Killed and injured,9,Total,9,Total,9,Total,F,Injured,P,Passenger,TOTAL,Total,9,Total,99,Total,2019,4331
A,Annual,ITF3,Campania,KILLINJ,Killed and injured,9,Total,9,Total,9,Total,F,Injured,P,Passenger,TOTAL,Total,9,Total,99,Total,2020,2577
A,Annual,ITF3,Campania,KILLINJ,Killed and injured,9,Total,9,Total,9,Total,F,Injured,P,Passenger,TOTAL,Total,9,Total,99,Total,2021,3363
A,Annual,ITF3,Campania,KILLINJ,Killed and injured,9,Total,9,Total,9,Total,F,Injured,P,Passenger,TOTAL,Total,9,Total,99,Total,2022,3762
A,Annual,ITF3,Campania,KILLINJ,Killed and injured,9,Total,9,Total,9,Total,F,Injured,P,Passenger,TOTAL,Total,9,Total,99,Total,2023,3868
A,Annual,ITF3,Campania,KILLINJ,Killed and injured,9,Total,9,Total,9,Total,F,Injured,P,Passenger,TOTAL,Total,9,Total,99,Total,2024,3899
A,Annual,ITF3,Campania,KILLINJ,Killed and injured,9,Total,9,Total,9,Total,F,Injured,X,Pedestrian,TOTAL,Total,9,Total,99,Total,2010,1087
A,Annual,ITF3,Campania,KILLINJ,Killed and injured,9,Total,9,Total,9,Total,F,Injured,X,Pedestrian,TOTAL,Total,9,Total,99,Total,2011,1079
A,Annual,ITF3,Campania,KILLINJ,Killed and injured,9,Total,9,Total,9,Total,F,Injured,X,Pedestrian,TOTAL,Total,9,Total,99,Total,2012,1131
A,Annual,ITF3,Campania,KILLINJ,Killed and injured,9,Total,9,Total,9,Total,F,Injured,X,Pedestrian,TOTAL,Total,9,Total,99,Total,2013,1088
A,Annual,ITF3,Campania,KILLINJ,Killed and injured,9,Total,9,Total,9,Total,F,Injured,X,Pedestrian,TOTAL,Total,9,Total,99,Total,2014,1200
A,Annual,ITF3,Campania,KILLINJ,Killed and injured,9,Total,9,Total,9,Total,F,Injured,X,Pedestrian,TOTAL,Total,9,Total,99,Total,2015,997
A,Annual,ITF3,Campania,KILLINJ,Killed and injured,9,Total,9,Total,9,Total,F,Injured,X,Pedestrian,TOTAL,Total,9,Total,99,Total,2016,1180
A,Annual,ITF3,Campania,KILLINJ,Killed and injured,9,Total,9,Total,9,Total,F,Injured,X,Pedestrian,TOTAL,Total,9,Total,99,Total,2017,1170
A,Annual,ITF3,Campania,KILLINJ,Killed and injured,9,Total,9,Total,9,Total,F,Injured,X,Pedestrian,TOTAL,Total,9,Total,99,Total,2018,1095
A,Annual,ITF3,Campania,KILLINJ,Killed and injured,9,Total,9,Total,9,Total,F,Injured,X,Pedestrian,TOTAL,Total,9,Total,99,Total,2019,1256
A,Annual,ITF3,Campania,KILLINJ,Killed and injured,9,Total,9,Total,9,Total,F,Injured,X,Pedestrian,TOTAL,Total,9,Total,99,Total,2020,838
A,Annual,ITF3,Campania,KILLINJ,Killed and injured,9,Total,9,Total,9,Total,F,Injured,X,Pedestrian,TOTAL,Total,9,Total,99,Total,2021,997
A,Annual,ITF3,Campania,KILLINJ,Killed and injured,9,Total,9,Total,9,Total,F,Injured,X,Pedestrian,TOTAL,Total,9,Total,99,Total,2022,1092
A,Annual,ITF3,Campania,KILLINJ,Killed and injured,9,Total,9,Total,9,Total,F,Injured,X,Pedestrian,TOTAL,Total,9,Total,99,Total,2023,1140
A,Annual,ITF3,Campania,KILLINJ,Killed and injured,9,Total,9,Total,9,Total,F,Injured,X,Pedestrian,TOTAL,Total,9,Total,99,Total,2024,1187
A,Annual,ITF3,Campania,KILLINJ,Killed and injured,9,Total,9,Total,9,Total,F,Injured,9,Total,TOTAL,Total,9,Total,99,Total,2010,17050
A,Annual,ITF3,Campania,KILLINJ,Killed and injured,9,Total,9,Total,9,Total,F,Injured,9,Total,TOTAL,Total,9,Total,99,Total,2011,15294
A,Annual,ITF3,Campania,KILLINJ,Killed and injured,9,Total,9,Total,9,Total,F,Injured,9,Total,TOTAL,Total,9,Total,99,Total,2012,14802
A,Annual,ITF3,Campania,KILLINJ,Killed and injured,9,Total,9,Total,9,Total,F,Injured,9,Total,TOTAL,Total,9,Total,99,Total,2013,13854
A,Annual,ITF3,Campania,KILLINJ,Killed and injured,9,Total,9,Total,9,Total,F,Injured,9,Total,TOTAL,Total,9,Total,99,Total,2014,13980
A,Annual,ITF3,Campania,KILLINJ,Killed and injured,9,Total,9,Total,9,Total,F,Injured,9,Total,TOTAL,Total,9,Total,99,Total,2015,13755
A,Annual,ITF3,Campania,KILLINJ,Killed and injured,9,Total,9,Total,9,Total,F,Injured,9,Total,TOTAL,Total,9,Total,99,Total,2016,14906
A,Annual,ITF3,Campania,KILLINJ,Killed and injured,9,Total,9,Total,9,Total,F,Injured,9,Total,TOTAL,Total,9,Total,99,Total,2017,14770
A,Annual,ITF3,Campania,KILLINJ,Killed and injured,9,Total,9,Total,9,Total,F,Injured,9,Total,TOTAL,Total,9,Total,99,Total,2018,14643
A,Annual,ITF3,Campania,KILLINJ,Killed and injured,9,Total,9,Total,9,Total,F,Injured,9,Total,TOTAL,Total,9,Total,99,Total,2019,15067
A,Annual,ITF3,Campania,KILLINJ,Killed and injured,9,Total,9,Total,9,Total,F,Injured,9,Total,TOTAL,Total,9,Total,99,Total,2020,9957
A,Annual,ITF3,Campania,KILLINJ,Killed and injured,9,Total,9,Total,9,Total,F,Injured,9,Total,TOTAL,Total,9,Total,99,Total,2021,12833
A,Annual,ITF3,Campania,KILLINJ,Killed and injured,9,Total,9,Total,9,Total,F,Injured,9,Total,TOTAL,Total,9,Total,99,Total,2022,14002
A,Annual,ITF3,Campania,KILLINJ,Killed and injured,9,Total,9,Total,9,Total,F,Injured,9,Total,TOTAL,Total,9,Total,99,Total,2023,14676
A,Annual,ITF3,Campania,KILLINJ,Killed and injured,9,Total,9,Total,9,Total,F,Injured,9,Total,TOTAL,Total,9,Total,99,Total,2024,15386
A,Annual,ITF3,Campania,KILLINJ,Killed and injured,9,Total,9,Total,9,Total,9,Total,C,Driver,TOTAL,Total,9,Total,99,Total,2010,10943
A,Annual,ITF3,Campania,KILLINJ,Killed and injured,9,Total,9,Total,9,Total,9,Total,C,Driver,TOTAL,Total,9,Total,99,Total,2011,9859
A,Annual,ITF3,Campania,KILLINJ,Killed and injured,9,Total,9,Total,9,Total,9,Total,C,Driver,TOTAL,Total,9,Total,99,Total,2012,9388
A,Annual,ITF3,Campania,KILLINJ,Killed and injured,9,Total,9,Total,9,Total,9,Total,C,Driver,TOTAL,Total,9,Total,99,Total,2013,8736
A,Annual,ITF3,Campania,KILLINJ,Killed and injured,9,Total,9,Total,9,Total,9,Total,C,Driver,TOTAL,Total,9,Total,99,Total,2014,8759
A,Annual,ITF3,Campania,KILLINJ,Killed and injured,9,Total,9,Total,9,Total,9,Total,C,Driver,TOTAL,Total,9,Total,99,Total,2015,8849
A,Annual,ITF3,Campania,KILLINJ,Killed and injured,9,Total,9,Total,9,Total,9,Total,C,Driver,TOTAL,Total,9,Total,99,Total,2016,9465
A,Annual,ITF3,Campania,KILLINJ,Killed and injured,9,Total,9,Total,9,Total,9,Total,C,Driver,TOTAL,Total,9,Total,99,Total,2017,9624
A,Annual,ITF3,Campania,KILLINJ,Killed and injured,9,Total,9,Total,9,Total,9,Total,C,Driver,TOTAL,Total,9,Total,99,Total,2018,9438
A,Annual,ITF3,Campania,KILLINJ,Killed and injured,9,Total,9,Total,9,Total,9,Total,C,Driver,TOTAL,Total,9,Total,99,Total,2019,9615
A,Annual,ITF3,Campania,KILLINJ,Killed and injured,9,Total,9,Total,9,Total,9,Total,C,Driver,TOTAL,Total,9,Total,99,Total,2020,6664
A,Annual,ITF3,Campania,KILLINJ,Killed and injured,9,Total,9,Total,9,Total,9,Total,C,Driver,TOTAL,Total,9,Total,99,Total,2021,8614
A,Annual,ITF3,Campania,KILLINJ,Killed and injured,9,Total,9,Total,9,Total,9,Total,C,Driver,TOTAL,Total,9,Total,99,Total,2022,9315
A,Annual,ITF3,Campania,KILLINJ,Killed and injured,9,Total,9,Total,9,Total,9,Total,C,Driver,TOTAL,Total,9,Total,99,Total,2023,9817
A,Annual,ITF3,Campania,KILLINJ,Killed and injured,9,Total,9,Total,9,Total,9,Total,C,Driver,TOTAL,Total,9,Total,99,Total,2024,10488
A,Annual,ITF3,Campania,KILLINJ,Killed and injured,9,Total,9,Total,9,Total,9,Total,P,Passenger,TOTAL,Total,9,Total,99,Total,2010,5243
A,Annual,ITF3,Campania,KILLINJ,Killed and injured,9,Total,9,Total,9,Total,9,Total,P,Passenger,TOTAL,Total,9,Total,99,Total,2011,4558
A,Annual,ITF3,Campania,KILLINJ,Killed and injured,9,Total,9,Total,9,Total,9,Total,P,Passenger,TOTAL,Total,9,Total,99,Total,2012,4496
A,Annual,ITF3,Campania,KILLINJ,Killed and injured,9,Total,9,Total,9,Total,9,Total,P,Passenger,TOTAL,Total,9,Total,99,Total,2013,4260
A,Annual,ITF3,Campania,KILLINJ,Killed and injured,9,Total,9,Total,9,Total,9,Total,P,Passenger,TOTAL,Total,9,Total,99,Total,2014,4209
A,Annual,ITF3,Campania,KILLINJ,Killed and injured,9,Total,9,Total,9,Total,9,Total,P,Passenger,TOTAL,Total,9,Total,99,Total,2015,4098
A,Annual,ITF3,Campania,KILLINJ,Killed and injured,9,Total,9,Total,9,Total,9,Total,P,Passenger,TOTAL,Total,9,Total,99,Total,2016,4442
A,Annual,ITF3,Campania,KILLINJ,Killed and injured,9,Total,9,Total,9,Total,9,Total,P,Passenger,TOTAL,Total,9,Total,99,Total,2017,4165
A,Annual,ITF3,Campania,KILLINJ,Killed and injured,9,Total,9,Total,9,Total,9,Total,P,Passenger,TOTAL,Total,9,Total,99,Total,2018,4276
A,Annual,ITF3,Campania,KILLINJ,Killed and injured,9,Total,9,Total,9,Total,9,Total,P,Passenger,TOTAL,Total,9,Total,99,Total,2019,4372
A,Annual,ITF3,Campania,KILLINJ,Killed and injured,9,Total,9,Total,9,Total,9,Total,P,Passenger,TOTAL,Total,9,Total,99,Total,2020,2597
A,Annual,ITF3,Campania,KILLINJ,Killed and injured,9,Total,9,Total,9,Total,9,Total,P,Passenger,TOTAL,Total,9,Total,99,Total,2021,3395
A,Annual,ITF3,Campania,KILLINJ,Killed and injured,9,Total,9,Total,9,Total,9,Total,P,Passenger,TOTAL,Total,9,Total,99,Total,2022,3787
A,Annual,ITF3,Campania,KILLINJ,Killed and injured,9,Total,9,Total,9,Total,9,Total,P,Passenger,TOTAL,Total,9,Total,99,Total,2023,3895
A,Annual,ITF3,Campania,KILLINJ,Killed and injured,9,Total,9,Total,9,Total,9,Total,P,Passenger,TOTAL,Total,9,Total,99,Total,2024,3933
A,Annual,ITF3,Campania,KILLINJ,Killed and injured,9,Total,9,Total,9,Total,9,Total,X,Pedestrian,TOTAL,Total,9,Total,99,Total,2010,1118
A,Annual,ITF3,Campania,KILLINJ,Killed and injured,9,Total,9,Total,9,Total,9,Total,X,Pedestrian,TOTAL,Total,9,Total,99,Total,2011,1120
A,Annual,ITF3,Campania,KILLINJ,Killed and injured,9,Total,9,Total,9,Total,9,Total,X,Pedestrian,TOTAL,Total,9,Total,99,Total,2012,1160
A,Annual,ITF3,Campania,KILLINJ,Killed and injured,9,Total,9,Total,9,Total,9,Total,X,Pedestrian,TOTAL,Total,9,Total,99,Total,2013,1131
A,Annual,ITF3,Campania,KILLINJ,Killed and injured,9,Total,9,Total,9,Total,9,Total,X,Pedestrian,TOTAL,Total,9,Total,99,Total,2014,1245
A,Annual,ITF3,Campania,KILLINJ,Killed and injured,9,Total,9,Total,9,Total,9,Total,X,Pedestrian,TOTAL,Total,9,Total,99,Total,2015,1043
A,Annual,ITF3,Campania,KILLINJ,Killed and injured,9,Total,9,Total,9,Total,9,Total,X,Pedestrian,TOTAL,Total,9,Total,99,Total,2016,1217
A,Annual,ITF3,Campania,KILLINJ,Killed and injured,9,Total,9,Total,9,Total,9,Total,X,Pedestrian,TOTAL,Total,9,Total,99,Total,2017,1223
A,Annual,ITF3,Campania,KILLINJ,Killed and injured,9,Total,9,Total,9,Total,9,Total,X,Pedestrian,TOTAL,Total,9,Total,99,Total,2018,1135
A,Annual,ITF3,Campania,KILLINJ,Killed and injured,9,Total,9,Total,9,Total,9,Total,X,Pedestrian,TOTAL,Total,9,Total,99,Total,2019,1303
A,Annual,ITF3,Campania,KILLINJ,Killed and injured,9,Total,9,Total,9,Total,9,Total,X,Pedestrian,TOTAL,Total,9,Total,99,Total,2020,872
A,Annual,ITF3,Campania,KILLINJ,Killed and injured,9,Total,9,Total,9,Total,9,Total,X,Pedestrian,TOTAL,Total,9,Total,99,Total,2021,1038
A,Annual,ITF3,Campania,KILLINJ,Killed and injured,9,Total,9,Total,9,Total,9,Total,X,Pedestrian,TOTAL,Total,9,Total,99,Total,2022,1128
A,Annual,ITF3,Campania,KILLINJ,Killed and injured,9,Total,9,Total,9,Total,9,Total,X,Pedestrian,TOTAL,Total,9,Total,99,Total,2023,1184
A,Annual,ITF3,Campania,KILLINJ,Killed and injured,9,Total,9,Total,9,Total,9,Total,X,Pedestrian,TOTAL,Total,9,Total,99,Total,2024,1226
A,Annual,ITF3,Campania,KILLINJ,Killed and injured,9,Total,9,Total,9,Total,9,Total,9,Total,TOTAL,Total,9,Total,99,Total,2010,17304
A,Annual,ITF3,Campania,KILLINJ,Killed and injured,9,Total,9,Total,9,Total,9,Total,9,Total,TOTAL,Total,9,Total,99,Total,2011,15537
A,Annual,ITF3,Campania,KILLINJ,Killed and injured,9,Total,9,Total,9,Total,9,Total,9,Total,TOTAL,Total,9,Total,99,Total,2012,15044
A,Annual,ITF3,Campania,KILLINJ,Killed and injured,9,Total,9,Total,9,Total,9,Total,9,Total,TOTAL,Total,9,Total,99,Total,2013,14127
A,Annual,ITF3,Campania,KILLINJ,Killed and injured,9,Total,9,Total,9,Total,9,Total,9,Total,TOTAL,Total,9,Total,99,Total,2014,14213
A,Annual,ITF3,Campania,KILLINJ,Killed and injured,9,Total,9,Total,9,Total,9,Total,9,Total,TOTAL,Total,9,Total,99,Total,2015,13990
A,Annual,ITF3,Campania,KILLINJ,Killed and injured,9,Total,9,Total,9,Total,9,Total,9,Total,TOTAL,Total,9,Total,99,Total,2016,15124
A,Annual,ITF3,Campania,KILLINJ,Killed and injured,9,Total,9,Total,9,Total,9,Total,9,Total,TOTAL,Total,9,Total,99,Total,2017,15012
A,Annual,ITF3,Campania,KILLINJ,Killed and injured,9,Total,9,Total,9,Total,9,Total,9,Total,TOTAL,Total,9,Total,99,Total,2018,14849
A,Annual,ITF3,Campania,KILLINJ,Killed and injured,9,Total,9,Total,9,Total,9,Total,9,Total,TOTAL,Total,9,Total,99,Total,2019,15290
A,Annual,ITF3,Campania,KILLINJ,Killed and injured,9,Total,9,Total,9,Total,9,Total,9,Total,TOTAL,Total,9,Total,99,Total,2020,10133
A,Annual,ITF3,Campania,KILLINJ,Killed and injured,9,Total,9,Total,9,Total,9,Total,9,Total,TOTAL,Total,9,Total,99,Total,2021,13047
A,Annual,ITF3,Campania,KILLINJ,Killed and injured,9,Total,9,Total,9,Total,9,Total,9,Total,TOTAL,Total,9,Total,99,Total,2022,14230
A,Annual,ITF3,Campania,KILLINJ,Killed and injured,9,Total,9,Total,9,Total,9,Total,9,Total,TOTAL,Total,9,Total,99,Total,2023,14896
A,Annual,ITF3,Campania,KILLINJ,Killed and injured,9,Total,9,Total,9,Total,9,Total,9,Total,TOTAL,Total,9,Total,99,Total,2024,15647
A,Annual,ITF4,Puglia,KILLINJ,Killed and injured,9,Total,9,Total,9,Total,M,Killed,C,Driver,TOTAL,Total,9,Total,99,Total,2010,203
A,Annual,ITF4,Puglia,KILLINJ,Killed and injured,9,Total,9,Total,9,Total,M,Killed,C,Driver,TOTAL,Total,9,Total,99,Total,2011,180
A,Annual,ITF4,Puglia,KILLINJ,Killed and injured,9,Total,9,Total,9,Total,M,Killed,C,Driver,TOTAL,Total,9,Total,99,Total,2012,177
A,Annual,ITF4,Puglia,KILLINJ,Killed and injured,9,Total,9,Total,9,Total,M,Killed,C,Driver,TOTAL,Total,9,Total,99,Total,2013,156
A,Annual,ITF4,Puglia,KILLINJ,Killed and injured,9,Total,9,Total,9,Total,M,Killed,C,Driver,TOTAL,Total,9,Total,99,Total,2014,166
A,Annual,ITF4,Puglia,KILLINJ,Killed and injured,9,Total,9,Total,9,Total,M,Killed,C,Driver,TOTAL,Total,9,Total,99,Total,2015,161
A,Annual,ITF4,Puglia,KILLINJ,Killed and injured,9,Total,9,Total,9,Total,M,Killed,C,Driver,TOTAL,Total,9,Total,99,Total,2016,169
A,Annual,ITF4,Puglia,KILLINJ,Killed and injured,9,Total,9,Total,9,Total,M,Killed,C,Driver,TOTAL,Total,9,Total,99,Total,2017,169
A,Annual,ITF4,Puglia,KILLINJ,Killed and injured,9,Total,9,Total,9,Total,M,Killed,C,Driver,TOTAL,Total,9,Total,99,Total,2018,133
A,Annual,ITF4,Puglia,KILLINJ,Killed and injured,9,Total,9,Total,9,Total,M,Killed,C,Driver,TOTAL,Total,9,Total,99,Total,2019,146
A,Annual,ITF4,Puglia,KILLINJ,Killed and injured,9,Total,9,Total,9,Total,M,Killed,C,Driver,TOTAL,Total,9,Total,99,Total,2020,119
A,Annual,ITF4,Puglia,KILLINJ,Killed and injured,9,Total,9,Total,9,Total,M,Killed,C,Driver,TOTAL,Total,9,Total,99,Total,2021,145
A,Annual,ITF4,Puglia,KILLINJ,Killed and injured,9,Total,9,Total,9,Total,M,Killed,C,Driver,TOTAL,Total,9,Total,99,Total,2022,151
A,Annual,ITF4,Puglia,KILLINJ,Killed and injured,9,Total,9,Total,9,Total,M,Killed,C,Driver,TOTAL,Total,9,Total,99,Total,2023,166
A,Annual,ITF4,Puglia,KILLINJ,Killed and injured,9,Total,9,Total,9,Total,M,Killed,C,Driver,TOTAL,Total,9,Total,99,Total,2024,174
A,Annual,ITF4,Puglia,KILLINJ,Killed and injured,9,Total,9,Total,9,Total,M,Killed,P,Passenger,TOTAL,Total,9,Total,99,Total,2010,63
A,Annual,ITF4,Puglia,KILLINJ,Killed and injured,9,Total,9,Total,9,Total,M,Killed,P,Passenger,TOTAL,Total,9,Total,99,Total,2011,59
A,Annual,ITF4,Puglia,KILLINJ,Killed and injured,9,Total,9,Total,9,Total,M,Killed,P,Passenger,TOTAL,Total,9,Total,99,Total,2012,66
A,Annual,ITF4,Puglia,KILLINJ,Killed and injured,9,Total,9,Total,9,Total,M,Killed,P,Passenger,TOTAL,Total,9,Total,99,Total,2013,43
A,Annual,ITF4,Puglia,KILLINJ,Killed and injured,9,Total,9,Total,9,Total,M,Killed,P,Passenger,TOTAL,Total,9,Total,99,Total,2014,48
A,Annual,ITF4,Puglia,KILLINJ,Killed and injured,9,Total,9,Total,9,Total,M,Killed,P,Passenger,TOTAL,Total,9,Total,99,Total,2015,44
A,Annual,ITF4,Puglia,KILLINJ,Killed and injured,9,Total,9,Total,9,Total,M,Killed,P,Passenger,TOTAL,Total,9,Total,99,Total,2016,60
A,Annual,ITF4,Puglia,KILLINJ,Killed and injured,9,Total,9,Total,9,Total,M,Killed,P,Passenger,TOTAL,Total,9,Total,99,Total,2017,52
A,Annual,ITF4,Puglia,KILLINJ,Killed and injured,9,Total,9,Total,9,Total,M,Killed,P,Passenger,TOTAL,Total,9,Total,99,Total,2018,50
A,Annual,ITF4,Puglia,KILLINJ,Killed and injured,9,Total,9,Total,9,Total,M,Killed,P,Passenger,TOTAL,Total,9,Total,99,Total,2019,40
A,Annual,ITF4,Puglia,KILLINJ,Killed and injured,9,Total,9,Total,9,Total,M,Killed,P,Passenger,TOTAL,Total,9,Total,99,Total,2020,29
A,Annual,ITF4,Puglia,KILLINJ,Killed and injured,9,Total,9,Total,9,Total,M,Killed,P,Passenger,TOTAL,Total,9,Total,99,Total,2021,41
A,Annual,ITF4,Puglia,KILLINJ,Killed and injured,9,Total,9,Total,9,Total,M,Killed,P,Passenger,TOTAL,Total,9,Total,99,Total,2022,50
A,Annual,ITF4,Puglia,KILLINJ,Killed and injured,9,Total,9,Total,9,Total,M,Killed,P,Passenger,TOTAL,Total,9,Total,99,Total,2023,45
A,Annual,ITF4,Puglia,KILLINJ,Killed and injured,9,Total,9,Total,9,Total,M,Killed,P,Passenger,TOTAL,Total,9,Total,99,Total,2024,53
A,Annual,ITF4,Puglia,KILLINJ,Killed and injured,9,Total,9,Total,9,Total,M,Killed,X,Pedestrian,TOTAL,Total,9,Total,99,Total,2010,26
A,Annual,ITF4,Puglia,KILLINJ,Killed and injured,9,Total,9,Total,9,Total,M,Killed,X,Pedestrian,TOTAL,Total,9,Total,99,Total,2011,32
A,Annual,ITF4,Puglia,KILLINJ,Killed and injured,9,Total,9,Total,9,Total,M,Killed,X,Pedestrian,TOTAL,Total,9,Total,99,Total,2012,24
A,Annual,ITF4,Puglia,KILLINJ,Killed and injured,9,Total,9,Total,9,Total,M,Killed,X,Pedestrian,TOTAL,Total,9,Total,99,Total,2013,25
A,Annual,ITF4,Puglia,KILLINJ,Killed and injured,9,Total,9,Total,9,Total,M,Killed,X,Pedestrian,TOTAL,Total,9,Total,99,Total,2014,17
A,Annual,ITF4,Puglia,KILLINJ,Killed and injured,9,Total,9,Total,9,Total,M,Killed,X,Pedestrian,TOTAL,Total,9,Total,99,Total,2015,27
A,Annual,ITF4,Puglia,KILLINJ,Killed and injured,9,Total,9,Total,9,Total,M,Killed,X,Pedestrian,TOTAL,Total,9,Total,99,Total,2016,25
A,Annual,ITF4,Puglia,KILLINJ,Killed and injured,9,Total,9,Total,9,Total,M,Killed,X,Pedestrian,TOTAL,Total,9,Total,99,Total,2017,15
A,Annual,ITF4,Puglia,KILLINJ,Killed and injured,9,Total,9,Total,9,Total,M,Killed,X,Pedestrian,TOTAL,Total,9,Total,99,Total,2018,18
A,Annual,ITF4,Puglia,KILLINJ,Killed and injured,9,Total,9,Total,9,Total,M,Killed,X,Pedestrian,TOTAL,Total,9,Total,99,Total,2019,21
A,Annual,ITF4,Puglia,KILLINJ,Killed and injured,9,Total,9,Total,9,Total,M,Killed,X,Pedestrian,TOTAL,Total,9,Total,99,Total,2020,12
A,Annual,ITF4,Puglia,KILLINJ,Killed and injured,9,Total,9,Total,9,Total,M,Killed,X,Pedestrian,TOTAL,Total,9,Total,99,Total,2021,17
A,Annual,ITF4,Puglia,KILLINJ,Killed and injured,9,Total,9,Total,9,Total,M,Killed,X,Pedestrian,TOTAL,Total,9,Total,99,Total,2022,25
A,Annual,ITF4,Puglia,KILLINJ,Killed and injured,9,Total,9,Total,9,Total,M,Killed,X,Pedestrian,TOTAL,Total,9,Total,99,Total,2023,21
A,Annual,ITF4,Puglia,KILLINJ,Killed and injured,9,Total,9,Total,9,Total,M,Killed,X,Pedestrian,TOTAL,Total,9,Total,99,Total,2024,14
A,Annual,ITF4,Puglia,KILLINJ,Killed and injured,9,Total,9,Total,9,Total,M,Killed,9,Total,TOTAL,Total,9,Total,99,Total,2010,292
A,Annual,ITF4,Puglia,KILLINJ,Killed and injured,9,Total,9,Total,9,Total,M,Killed,9,Total,TOTAL,Total,9,Total,99,Total,2011,271
A,Annual,ITF4,Puglia,KILLINJ,Killed and injured,9,Total,9,Total,9,Total,M,Killed,9,Total,TOTAL,Total,9,Total,99,Total,2012,267
A,Annual,ITF4,Puglia,KILLINJ,Killed and injured,9,Total,9,Total,9,Total,M,Killed,9,Total,TOTAL,Total,9,Total,99,Total,2013,224
A,Annual,ITF4,Puglia,KILLINJ,Killed and injured,9,Total,9,Total,9,Total,M,Killed,9,Total,TOTAL,Total,9,Total,99,Total,2014,231
A,Annual,ITF4,Puglia,KILLINJ,Killed and injured,9,Total,9,Total,9,Total,M,Killed,9,Total,TOTAL,Total,9,Total,99,Total,2015,232
A,Annual,ITF4,Puglia,KILLINJ,Killed and injured,9,Total,9,Total,9,Total,M,Killed,9,Total,TOTAL,Total,9,Total,99,Total,2016,254
A,Annual,ITF4,Puglia,KILLINJ,Killed and injured,9,Total,9,Total,9,Total,M,Killed,9,Total,TOTAL,Total,9,Total,99,Total,2017,236
A,Annual,ITF4,Puglia,KILLINJ,Killed and injured,9,Total,9,Total,9,Total,M,Killed,9,Total,TOTAL,Total,9,Total,99,Total,2018,201
A,Annual,ITF4,Puglia,KILLINJ,Killed and injured,9,Total,9,Total,9,Total,M,Killed,9,Total,TOTAL,Total,9,Total,99,Total,2019,207
A,Annual,ITF4,Puglia,KILLINJ,Killed and injured,9,Total,9,Total,9,Total,M,Killed,9,Total,TOTAL,Total,9,Total,99,Total,2020,160
A,Annual,ITF4,Puglia,KILLINJ,Killed and injured,9,Total,9,Total,9,Total,M,Killed,9,Total,TOTAL,Total,9,Total,99,Total,2021,203
A,Annual,ITF4,Puglia,KILLINJ,Killed and injured,9,Total,9,Total,9,Total,M,Killed,9,Total,TOTAL,Total,9,Total,99,Total,2022,226
A,Annual,ITF4,Puglia,KILLINJ,Killed and injured,9,Total,9,Total,9,Total,M,Killed,9,Total,TOTAL,Total,9,Total,99,Total,2023,232
A,Annual,ITF4,Puglia,KILLINJ,Killed and injured,9,Total,9,Total,9,Total,M,Killed,9,Total,TOTAL,Total,9,Total,99,Total,2024,241
A,Annual,ITF4,Puglia,KILLINJ,Killed and injured,9,Total,9,Total,9,Total,F,Injured,C,Driver,TOTAL,Total,9,Total,99,Total,2010,13319
A,Annual,ITF4,Puglia,KILLINJ,Killed and injured,9,Total,9,Total,9,Total,F,Injured,C,Driver,TOTAL,Total,9,Total,99,Total,2011,12494
A,Annual,ITF4,Puglia,KILLINJ,Killed and injured,9,Total,9,Total,9,Total,F,Injured,C,Driver,TOTAL,Total,9,Total,99,Total,2012,10294
A,Annual,ITF4,Puglia,KILLINJ,Killed and injured,9,Total,9,Total,9,Total,F,Injured,C,Driver,TOTAL,Total,9,Total,99,Total,2013,10073
A,Annual,ITF4,Puglia,KILLINJ,Killed and injured,9,Total,9,Total,9,Total,F,Injured,C,Driver,TOTAL,Total,9,Total,99,Total,2014,9463
A,Annual,ITF4,Puglia,KILLINJ,Killed and injured,9,Total,9,Total,9,Total,F,Injured,C,Driver,TOTAL,Total,9,Total,99,Total,2015,9203
A,Annual,ITF4,Puglia,KILLINJ,Killed and injured,9,Total,9,Total,9,Total,F,Injured,C,Driver,TOTAL,Total,9,Total,99,Total,2016,9891
A,Annual,ITF4,Puglia,KILLINJ,Killed and injured,9,Total,9,Total,9,Total,F,Injured,C,Driver,TOTAL,Total,9,Total,99,Total,2017,9851
A,Annual,ITF4,Puglia,KILLINJ,Killed and injured,9,Total,9,Total,9,Total,F,Injured,C,Driver,TOTAL,Total,9,Total,99,Total,2018,9686
A,Annual,ITF4,Puglia,KILLINJ,Killed and injured,9,Total,9,Total,9,Total,F,Injured,C,Driver,TOTAL,Total,9,Total,99,Total,2019,9683
A,Annual,ITF4,Puglia,KILLINJ,Killed and injured,9,Total,9,Total,9,Total,F,Injured,C,Driver,TOTAL,Total,9,Total,99,Total,2020,7123
A,Annual,ITF4,Puglia,KILLINJ,Killed and injured,9,Total,9,Total,9,Total,F,Injured,C,Driver,TOTAL,Total,9,Total,99,Total,2021,8813
A,Annual,ITF4,Puglia,KILLINJ,Killed and injured,9,Total,9,Total,9,Total,F,Injured,C,Driver,TOTAL,Total,9,Total,99,Total,2022,9018
A,Annual,ITF4,Puglia,KILLINJ,Killed and injured,9,Total,9,Total,9,Total,F,Injured,C,Driver,TOTAL,Total,9,Total,99,Total,2023,9516
A,Annual,ITF4,Puglia,KILLINJ,Killed and injured,9,Total,9,Total,9,Total,F,Injured,C,Driver,TOTAL,Total,9,Total,99,Total,2024,10641
A,Annual,ITF4,Puglia,KILLINJ,Killed and injured,9,Total,9,Total,9,Total,F,Injured,P,Passenger,TOTAL,Total,9,Total,99,Total,2010,6641
A,Annual,ITF4,Puglia,KILLINJ,Killed and injured,9,Total,9,Total,9,Total,F,Injured,P,Passenger,TOTAL,Total,9,Total,99,Total,2011,6763
A,Annual,ITF4,Puglia,KILLINJ,Killed and injured,9,Total,9,Total,9,Total,F,Injured,P,Passenger,TOTAL,Total,9,Total,99,Total,2012,5278
A,Annual,ITF4,Puglia,KILLINJ,Killed and injured,9,Total,9,Total,9,Total,F,Injured,P,Passenger,TOTAL,Total,9,Total,99,Total,2013,6025
A,Annual,ITF4,Puglia,KILLINJ,Killed and injured,9,Total,9,Total,9,Total,F,Injured,P,Passenger,TOTAL,Total,9,Total,99,Total,2014,5429
A,Annual,ITF4,Puglia,KILLINJ,Killed and injured,9,Total,9,Total,9,Total,F,Injured,P,Passenger,TOTAL,Total,9,Total,99,Total,2015,5359
A,Annual,ITF4,Puglia,KILLINJ,Killed and injured,9,Total,9,Total,9,Total,F,Injured,P,Passenger,TOTAL,Total,9,Total,99,Total,2016,5654
A,Annual,ITF4,Puglia,KILLINJ,Killed and injured,9,Total,9,Total,9,Total,F,Injured,P,Passenger,TOTAL,Total,9,Total,99,Total,2017,5244
A,Annual,ITF4,Puglia,KILLINJ,Killed and injured,9,Total,9,Total,9,Total,F,Injured,P,Passenger,TOTAL,Total,9,Total,99,Total,2018,5437
A,Annual,ITF4,Puglia,KILLINJ,Killed and injured,9,Total,9,Total,9,Total,F,Injured,P,Passenger,TOTAL,Total,9,Total,99,Total,2019,5441
A,Annual,ITF4,Puglia,KILLINJ,Killed and injured,9,Total,9,Total,9,Total,F,Injured,P,Passenger,TOTAL,Total,9,Total,99,Total,2020,3570
A,Annual,ITF4,Puglia,KILLINJ,Killed and injured,9,Total,9,Total,9,Total,F,Injured,P,Passenger,TOTAL,Total,9,Total,99,Total,2021,4213
A,Annual,ITF4,Puglia,KILLINJ,Killed and injured,9,Total,9,Total,9,Total,F,Injured,P,Passenger,TOTAL,Total,9,Total,99,Total,2022,4216
A,Annual,ITF4,Puglia,KILLINJ,Killed and injured,9,Total,9,Total,9,Total,F,Injured,P,Passenger,TOTAL,Total,9,Total,99,Total,2023,4295
A,Annual,ITF4,Puglia,KILLINJ,Killed and injured,9,Total,9,Total,9,Total,F,Injured,P,Passenger,TOTAL,Total,9,Total,99,Total,2024,5083
A,Annual,ITF4,Puglia,KILLINJ,Killed and injured,9,Total,9,Total,9,Total,F,Injured,X,Pedestrian,TOTAL,Total,9,Total,99,Total,2010,966
A,Annual,ITF4,Puglia,KILLINJ,Killed and injured,9,Total,9,Total,9,Total,F,Injured,X,Pedestrian,TOTAL,Total,9,Total,99,Total,2011,1006
A,Annual,ITF4,Puglia,KILLINJ,Killed and injured,9,Total,9,Total,9,Total,F,Injured,X,Pedestrian,TOTAL,Total,9,Total,99,Total,2012,997
A,Annual,ITF4,Puglia,KILLINJ,Killed and injured,9,Total,9,Total,9,Total,F,Injured,X,Pedestrian,TOTAL,Total,9,Total,99,Total,2013,1049
A,Annual,ITF4,Puglia,KILLINJ,Killed and injured,9,Total,9,Total,9,Total,F,Injured,X,Pedestrian,TOTAL,Total,9,Total,99,Total,2014,1027
A,Annual,ITF4,Puglia,KILLINJ,Killed and injured,9,Total,9,Total,9,Total,F,Injured,X,Pedestrian,TOTAL,Total,9,Total,99,Total,2015,1084
A,Annual,ITF4,Puglia,KILLINJ,Killed and injured,9,Total,9,Total,9,Total,F,Injured,X,Pedestrian,TOTAL,Total,9,Total,99,Total,2016,1079
A,Annual,ITF4,Puglia,KILLINJ,Killed and injured,9,Total,9,Total,9,Total,F,Injured,X,Pedestrian,TOTAL,Total,9,Total,99,Total,2017,1021
A,Annual,ITF4,Puglia,KILLINJ,Killed and injured,9,Total,9,Total,9,Total,F,Injured,X,Pedestrian,TOTAL,Total,9,Total,99,Total,2018,1026
A,Annual,ITF4,Puglia,KILLINJ,Killed and injured,9,Total,9,Total,9,Total,F,Injured,X,Pedestrian,TOTAL,Total,9,Total,99,Total,2019,1040
A,Annual,ITF4,Puglia,KILLINJ,Killed and injured,9,Total,9,Total,9,Total,F,Injured,X,Pedestrian,TOTAL,Total,9,Total,99,Total,2020,714
A,Annual,ITF4,Puglia,KILLINJ,Killed and injured,9,Total,9,Total,9,Total,F,Injured,X,Pedestrian,TOTAL,Total,9,Total,99,Total,2021,995
A,Annual,ITF4,Puglia,KILLINJ,Killed and injured,9,Total,9,Total,9,Total,F,Injured,X,Pedestrian,TOTAL,Total,9,Total,99,Total,2022,1022
A,Annual,ITF4,Puglia,KILLINJ,Killed and injured,9,Total,9,Total,9,Total,F,Injured,X,Pedestrian,TOTAL,Total,9,Total,99,Total,2023,1107
A,Annual,ITF4,Puglia,KILLINJ,Killed and injured,9,Total,9,Total,9,Total,F,Injured,X,Pedestrian,TOTAL,Total,9,Total,99,Total,2024,1289
A,Annual,ITF4,Puglia,KILLINJ,Killed and injured,9,Total,9,Total,9,Total,F,Injured,9,Total,TOTAL,Total,9,Total,99,Total,2010,20926
A,Annual,ITF4,Puglia,KILLINJ,Killed and injured,9,Total,9,Total,9,Total,F,Injured,9,Total,TOTAL,Total,9,Total,99,Total,2011,20263
A,Annual,ITF4,Puglia,KILLINJ,Killed and injured,9,Total,9,Total,9,Total,F,Injured,9,Total,TOTAL,Total,9,Total,99,Total,2012,16569
A,Annual,ITF4,Puglia,KILLINJ,Killed and injured,9,Total,9,Total,9,Total,F,Injured,9,Total,TOTAL,Total,9,Total,99,Total,2013,17147
A,Annual,ITF4,Puglia,KILLINJ,Killed and injured,9,Total,9,Total,9,Total,F,Injured,9,Total,TOTAL,Total,9,Total,99,Total,2014,15919
A,Annual,ITF4,Puglia,KILLINJ,Killed and injured,9,Total,9,Total,9,Total,F,Injured,9,Total,TOTAL,Total,9,Total,99,Total,2015,15646
A,Annual,ITF4,Puglia,KILLINJ,Killed and injured,9,Total,9,Total,9,Total,F,Injured,9,Total,TOTAL,Total,9,Total,99,Total,2016,16624
A,Annual,ITF4,Puglia,KILLINJ,Killed and injured,9,Total,9,Total,9,Total,F,Injured,9,Total,TOTAL,Total,9,Total,99,Total,2017,16116
A,Annual,ITF4,Puglia,KILLINJ,Killed and injured,9,Total,9,Total,9,Total,F,Injured,9,Total,TOTAL,Total,9,Total,99,Total,2018,16149
A,Annual,ITF4,Puglia,KILLINJ,Killed and injured,9,Total,9,Total,9,Total,F,Injured,9,Total,TOTAL,Total,9,Total,99,Total,2019,16164
A,Annual,ITF4,Puglia,KILLINJ,Killed and injured,9,Total,9,Total,9,Total,F,Injured,9,Total,TOTAL,Total,9,Total,99,Total,2020,11407
A,Annual,ITF4,Puglia,KILLINJ,Killed and injured,9,Total,9,Total,9,Total,F,Injured,9,Total,TOTAL,Total,9,Total,99,Total,2021,14021
A,Annual,ITF4,Puglia,KILLINJ,Killed and injured,9,Total,9,Total,9,Total,F,Injured,9,Total,TOTAL,Total,9,Total,99,Total,2022,14256
A,Annual,ITF4,Puglia,KILLINJ,Killed and injured,9,Total,9,Total,9,Total,F,Injured,9,Total,TOTAL,Total,9,Total,99,Total,2023,14918
A,Annual,ITF4,Puglia,KILLINJ,Killed and injured,9,Total,9,Total,9,Total,F,Injured,9,Total,TOTAL,Total,9,Total,99,Total,2024,17013
A,Annual,ITF4,Puglia,KILLINJ,Killed and injured,9,Total,9,Total,9,Total,9,Total,C,Driver,TOTAL,Total,9,Total,99,Total,2010,13522
A,Annual,ITF4,Puglia,KILLINJ,Killed and injured,9,Total,9,Total,9,Total,9,Total,C,Driver,TOTAL,Total,9,Total,99,Total,2011,12674
A,Annual,ITF4,Puglia,KILLINJ,Killed and injured,9,Total,9,Total,9,Total,9,Total,C,Driver,TOTAL,Total,9,Total,99,Total,2012,10471
A,Annual,ITF4,Puglia,KILLINJ,Killed and injured,9,Total,9,Total,9,Total,9,Total,C,Driver,TOTAL,Total,9,Total,99,Total,2013,10229
A,Annual,ITF4,Puglia,KILLINJ,Killed and injured,9,Total,9,Total,9,Total,9,Total,C,Driver,TOTAL,Total,9,Total,99,Total,2014,9629
A,Annual,ITF4,Puglia,KILLINJ,Killed and injured,9,Total,9,Total,9,Total,9,Total,C,Driver,TOTAL,Total,9,Total,99,Total,2015,9364
A,Annual,ITF4,Puglia,KILLINJ,Killed and injured,9,Total,9,Total,9,Total,9,Total,C,Driver,TOTAL,Total,9,Total,99,Total,2016,10060
A,Annual,ITF4,Puglia,KILLINJ,Killed and injured,9,Total,9,Total,9,Total,9,Total,C,Driver,TOTAL,Total,9,Total,99,Total,2017,10020
A,Annual,ITF4,Puglia,KILLINJ,Killed and injured,9,Total,9,Total,9,Total,9,Total,C,Driver,TOTAL,Total,9,Total,99,Total,2018,9819
A,Annual,ITF4,Puglia,KILLINJ,Killed and injured,9,Total,9,Total,9,Total,9,Total,C,Driver,TOTAL,Total,9,Total,99,Total,2019,9829
A,Annual,ITF4,Puglia,KILLINJ,Killed and injured,9,Total,9,Total,9,Total,9,Total,C,Driver,TOTAL,Total,9,Total,99,Total,2020,7242
A,Annual,ITF4,Puglia,KILLINJ,Killed and injured,9,Total,9,Total,9,Total,9,Total,C,Driver,TOTAL,Total,9,Total,99,Total,2021,8958
A,Annual,ITF4,Puglia,KILLINJ,Killed and injured,9,Total,9,Total,9,Total,9,Total,C,Driver,TOTAL,Total,9,Total,99,Total,2022,9169
A,Annual,ITF4,Puglia,KILLINJ,Killed and injured,9,Total,9,Total,9,Total,9,Total,C,Driver,TOTAL,Total,9,Total,99,Total,2023,9682
A,Annual,ITF4,Puglia,KILLINJ,Killed and injured,9,Total,9,Total,9,Total,9,Total,C,Driver,TOTAL,Total,9,Total,99,Total,2024,10815
A,Annual,ITF4,Puglia,KILLINJ,Killed and injured,9,Total,9,Total,9,Total,9,Total,P,Passenger,TOTAL,Total,9,Total,99,Total,2010,6704
A,Annual,ITF4,Puglia,KILLINJ,Killed and injured,9,Total,9,Total,9,Total,9,Total,P,Passenger,TOTAL,Total,9,Total,99,Total,2011,6822
A,Annual,ITF4,Puglia,KILLINJ,Killed and injured,9,Total,9,Total,9,Total,9,Total,P,Passenger,TOTAL,Total,9,Total,99,Total,2012,5344
A,Annual,ITF4,Puglia,KILLINJ,Killed and injured,9,Total,9,Total,9,Total,9,Total,P,Passenger,TOTAL,Total,9,Total,99,Total,2013,6068
A,Annual,ITF4,Puglia,KILLINJ,Killed and injured,9,Total,9,Total,9,Total,9,Total,P,Passenger,TOTAL,Total,9,Total,99,Total,2014,5477
A,Annual,ITF4,Puglia,KILLINJ,Killed and injured,9,Total,9,Total,9,Total,9,Total,P,Passenger,TOTAL,Total,9,Total,99,Total,2015,5403
A,Annual,ITF4,Puglia,KILLINJ,Killed and injured,9,Total,9,Total,9,Total,9,Total,P,Passenger,TOTAL,Total,9,Total,99,Total,2016,5714
A,Annual,ITF4,Puglia,KILLINJ,Killed and injured,9,Total,9,Total,9,Total,9,Total,P,Passenger,TOTAL,Total,9,Total,99,Total,2017,5296
A,Annual,ITF4,Puglia,KILLINJ,Killed and injured,9,Total,9,Total,9,Total,9,Total,P,Passenger,TOTAL,Total,9,Total,99,Total,2018,5487
A,Annual,ITF4,Puglia,KILLINJ,Killed and injured,9,Total,9,Total,9,Total,9,Total,P,Passenger,TOTAL,Total,9,Total,99,Total,2019,5481
A,Annual,ITF4,Puglia,KILLINJ,Killed and injured,9,Total,9,Total,9,Total,9,Total,P,Passenger,TOTAL,Total,9,Total,99,Total,2020,3599
A,Annual,ITF4,Puglia,KILLINJ,Killed and injured,9,Total,9,Total,9,Total,9,Total,P,Passenger,TOTAL,Total,9,Total,99,Total,2021,4254
A,Annual,ITF4,Puglia,KILLINJ,Killed and injured,9,Total,9,Total,9,Total,9,Total,P,Passenger,TOTAL,Total,9,Total,99,Total,2022,4266
A,Annual,ITF4,Puglia,KILLINJ,Killed and injured,9,Total,9,Total,9,Total,9,Total,P,Passenger,TOTAL,Total,9,Total,99,Total,2023,4340
A,Annual,ITF4,Puglia,KILLINJ,Killed and injured,9,Total,9,Total,9,Total,9,Total,P,Passenger,TOTAL,Total,9,Total,99,Total,2024,5136
A,Annual,ITF4,Puglia,KILLINJ,Killed and injured,9,Total,9,Total,9,Total,9,Total,X,Pedestrian,TOTAL,Total,9,Total,99,Total,2010,992
A,Annual,ITF4,Puglia,KILLINJ,Killed and injured,9,Total,9,Total,9,Total,9,Total,X,Pedestrian,TOTAL,Total,9,Total,99,Total,2011,1038
A,Annual,ITF4,Puglia,KILLINJ,Killed and injured,9,Total,9,Total,9,Total,9,Total,X,Pedestrian,TOTAL,Total,9,Total,99,Total,2012,1021
A,Annual,ITF4,Puglia,KILLINJ,Killed and injured,9,Total,9,Total,9,Total,9,Total,X,Pedestrian,TOTAL,Total,9,Total,99,Total,2013,1074
A,Annual,ITF4,Puglia,KILLINJ,Killed and injured,9,Total,9,Total,9,Total,9,Total,X,Pedestrian,TOTAL,Total,9,Total,99,Total,2014,1044
A,Annual,ITF4,Puglia,KILLINJ,Killed and injured,9,Total,9,Total,9,Total,9,Total,X,Pedestrian,TOTAL,Total,9,Total,99,Total,2015,1111
A,Annual,ITF4,Puglia,KILLINJ,Killed and injured,9,Total,9,Total,9,Total,9,Total,X,Pedestrian,TOTAL,Total,9,Total,99,Total,2016,1104
A,Annual,ITF4,Puglia,KILLINJ,Killed and injured,9,Total,9,Total,9,Total,9,Total,X,Pedestrian,TOTAL,Total,9,Total,99,Total,2017,1036
A,Annual,ITF4,Puglia,KILLINJ,Killed and injured,9,Total,9,Total,9,Total,9,Total,X,Pedestrian,TOTAL,Total,9,Total,99,Total,2018,1044
A,Annual,ITF4,Puglia,KILLINJ,Killed and injured,9,Total,9,Total,9,Total,9,Total,X,Pedestrian,TOTAL,Total,9,Total,99,Total,2019,1061
A,Annual,ITF4,Puglia,KILLINJ,Killed and injured,9,Total,9,Total,9,Total,9,Total,X,Pedestrian,TOTAL,Total,9,Total,99,Total,2020,726
A,Annual,ITF4,Puglia,KILLINJ,Killed and injured,9,Total,9,Total,9,Total,9,Total,X,Pedestrian,TOTAL,Total,9,Total,99,Total,2021,1012
A,Annual,ITF4,Puglia,KILLINJ,Killed and injured,9,Total,9,Total,9,Total,9,Total,X,Pedestrian,TOTAL,Total,9,Total,99,Total,2022,1047
A,Annual,ITF4,Puglia,KILLINJ,Killed and injured,9,Total,9,Total,9,Total,9,Total,X,Pedestrian,TOTAL,Total,9,Total,99,Total,2023,1128
A,Annual,ITF4,Puglia,KILLINJ,Killed and injured,9,Total,9,Total,9,Total,9,Total,X,Pedestrian,TOTAL,Total,9,Total,99,Total,2024,1303
A,Annual,ITF4,Puglia,KILLINJ,Killed and injured,9,Total,9,Total,9,Total,9,Total,9,Total,TOTAL,Total,9,Total,99,Total,2010,21218
A,Annual,ITF4,Puglia,KILLINJ,Killed and injured,9,Total,9,Total,9,Total,9,Total,9,Total,TOTAL,Total,9,Total,99,Total,2011,20534
A,Annual,ITF4,Puglia,KILLINJ,Killed and injured,9,Total,9,Total,9,Total,9,Total,9,Total,TOTAL,Total,9,Total,99,Total,2012,16836
A,Annual,ITF4,Puglia,KILLINJ,Killed and injured,9,Total,9,Total,9,Total,9,Total,9,Total,TOTAL,Total,9,Total,99,Total,2013,17371
A,Annual,ITF4,Puglia,KILLINJ,Killed and injured,9,Total,9,Total,9,Total,9,Total,9,Total,TOTAL,Total,9,Total,99,Total,2014,16150
A,Annual,ITF4,Puglia,KILLINJ,Killed and injured,9,Total,9,Total,9,Total,9,Total,9,Total,TOTAL,Total,9,Total,99,Total,2015,15878
A,Annual,ITF4,Puglia,KILLINJ,Killed and injured,9,Total,9,Total,9,Total,9,Total,9,Total,TOTAL,Total,9,Total,99,Total,2016,16878
A,Annual,ITF4,Puglia,KILLINJ,Killed and injured,9,Total,9,Total,9,Total,9,Total,9,Total,TOTAL,Total,9,Total,99,Total,2017,16352
A,Annual,ITF4,Puglia,KILLINJ,Killed and injured,9,Total,9,Total,9,Total,9,Total,9,Total,TOTAL,Total,9,Total,99,Total,2018,16350
A,Annual,ITF4,Puglia,KILLINJ,Killed and injured,9,Total,9,Total,9,Total,9,Total,9,Total,TOTAL,Total,9,Total,99,Total,2019,16371
A,Annual,ITF4,Puglia,KILLINJ,Killed and injured,9,Total,9,Total,9,Total,9,Total,9,Total,TOTAL,Total,9,Total,99,Total,2020,11567
A,Annual,ITF4,Puglia,KILLINJ,Killed and injured,9,Total,9,Total,9,Total,9,Total,9,Total,TOTAL,Total,9,Total,99,Total,2021,14224
A,Annual,ITF4,Puglia,KILLINJ,Killed and injured,9,Total,9,Total,9,Total,9,Total,9,Total,TOTAL,Total,9,Total,99,Total,2022,14482
A,Annual,ITF4,Puglia,KILLINJ,Killed and injured,9,Total,9,Total,9,Total,9,Total,9,Total,TOTAL,Total,9,Total,99,Total,2023,15150
A,Annual,ITF4,Puglia,KILLINJ,Killed and injured,9,Total,9,Total,9,Total,9,Total,9,Total,TOTAL,Total,9,Total,99,Total,2024,17254
A,Annual,ITF5,Basilicata,KILLINJ,Killed and injured,9,Total,9,Total,9,Total,M,Killed,C,Driver,TOTAL,Total,9,Total,99,Total,2010,31
A,Annual,ITF5,Basilicata,KILLINJ,Killed and injured,9,Total,9,Total,9,Total,M,Killed,C,Driver,TOTAL,Total,9,Total,99,Total,2011,25
A,Annual,ITF5,Basilicata,KILLINJ,Killed and injured,9,Total,9,Total,9,Total,M,Killed,C,Driver,TOTAL,Total,9,Total,99,Total,2012,36
A,Annual,ITF5,Basilicata,KILLINJ,Killed and injured,9,Total,9,Total,9,Total,M,Killed,C,Driver,TOTAL,Total,9,Total,99,Total,2013,16
A,Annual,ITF5,Basilicata,KILLINJ,Killed and injured,9,Total,9,Total,9,Total,M,Killed,C,Driver,TOTAL,Total,9,Total,99,Total,2014,29
A,Annual,ITF5,Basilicata,KILLINJ,Killed and injured,9,Total,9,Total,9,Total,M,Killed,C,Driver,TOTAL,Total,9,Total,99,Total,2015,29
A,Annual,ITF5,Basilicata,KILLINJ,Killed and injured,9,Total,9,Total,9,Total,M,Killed,C,Driver,TOTAL,Total,9,Total,99,Total,2016,31
A,Annual,ITF5,Basilicata,KILLINJ,Killed and injured,9,Total,9,Total,9,Total,M,Killed,C,Driver,TOTAL,Total,9,Total,99,Total,2017,22
A,Annual,ITF5,Basilicata,KILLINJ,Killed and injured,9,Total,9,Total,9,Total,M,Killed,C,Driver,TOTAL,Total,9,Total,99,Total,2018,29
A,Annual,ITF5,Basilicata,KILLINJ,Killed and injured,9,Total,9,Total,9,Total,M,Killed,C,Driver,TOTAL,Total,9,Total,99,Total,2019,19
A,Annual,ITF5,Basilicata,KILLINJ,Killed and injured,9,Total,9,Total,9,Total,M,Killed,C,Driver,TOTAL,Total,9,Total,99,Total,2020,14
A,Annual,ITF5,Basilicata,KILLINJ,Killed and injured,9,Total,9,Total,9,Total,M,Killed,C,Driver,TOTAL,Total,9,Total,99,Total,2021,27
A,Annual,ITF5,Basilicata,KILLINJ,Killed and injured,9,Total,9,Total,9,Total,M,Killed,C,Driver,TOTAL,Total,9,Total,99,Total,2022,28
A,Annual,ITF5,Basilicata,KILLINJ,Killed and injured,9,Total,9,Total,9,Total,M,Killed,C,Driver,TOTAL,Total,9,Total,99,Total,2023,23
A,Annual,ITF5,Basilicata,KILLINJ,Killed and injured,9,Total,9,Total,9,Total,M,Killed,C,Driver,TOTAL,Total,9,Total,99,Total,2024,22
A,Annual,ITF5,Basilicata,KILLINJ,Killed and injured,9,Total,9,Total,9,Total,M,Killed,P,Passenger,TOTAL,Total,9,Total,99,Total,2010,12
A,Annual,ITF5,Basilicata,KILLINJ,Killed and injured,9,Total,9,Total,9,Total,M,Killed,P,Passenger,TOTAL,Total,9,Total,99,Total,2011,9
A,Annual,ITF5,Basilicata,KILLINJ,Killed and injured,9,Total,9,Total,9,Total,M,Killed,P,Passenger,TOTAL,Total,9,Total,99,Total,2012,10
A,Annual,ITF5,Basilicata,KILLINJ,Killed and injured,9,Total,9,Total,9,Total,M,Killed,P,Passenger,TOTAL,Total,9,Total,99,Total,2013,5
A,Annual,ITF5,Basilicata,KILLINJ,Killed and injured,9,Total,9,Total,9,Total,M,Killed,P,Passenger,TOTAL,Total,9,Total,99,Total,2014,11
A,Annual,ITF5,Basilicata,KILLINJ,Killed and injured,9,Total,9,Total,9,Total,M,Killed,P,Passenger,TOTAL,Total,9,Total,99,Total,2015,7
A,Annual,ITF5,Basilicata,KILLINJ,Killed and injured,9,Total,9,Total,9,Total,M,Killed,P,Passenger,TOTAL,Total,9,Total,99,Total,2016,6
A,Annual,ITF5,Basilicata,KILLINJ,Killed and injured,9,Total,9,Total,9,Total,M,Killed,P,Passenger,TOTAL,Total,9,Total,99,Total,2017,6
A,Annual,ITF5,Basilicata,KILLINJ,Killed and injured,9,Total,9,Total,9,Total,M,Killed,P,Passenger,TOTAL,Total,9,Total,99,Total,2018,11
A,Annual,ITF5,Basilicata,KILLINJ,Killed and injured,9,Total,9,Total,9,Total,M,Killed,P,Passenger,TOTAL,Total,9,Total,99,Total,2019,7
A,Annual,ITF5,Basilicata,KILLINJ,Killed and injured,9,Total,9,Total,9,Total,M,Killed,P,Passenger,TOTAL,Total,9,Total,99,Total,2020,1
A,Annual,ITF5,Basilicata,KILLINJ,Killed and injured,9,Total,9,Total,9,Total,M,Killed,P,Passenger,TOTAL,Total,9,Total,99,Total,2021,4
A,Annual,ITF5,Basilicata,KILLINJ,Killed and injured,9,Total,9,Total,9,Total,M,Killed,P,Passenger,TOTAL,Total,9,Total,99,Total,2022,11
A,Annual,ITF5,Basilicata,KILLINJ,Killed and injured,9,Total,9,Total,9,Total,M,Killed,P,Passenger,TOTAL,Total,9,Total,99,Total,2023,3
A,Annual,ITF5,Basilicata,KILLINJ,Killed and injured,9,Total,9,Total,9,Total,M,Killed,P,Passenger,TOTAL,Total,9,Total,99,Total,2024,8
A,Annual,ITF5,Basilicata,KILLINJ,Killed and injured,9,Total,9,Total,9,Total,M,Killed,X,Pedestrian,TOTAL,Total,9,Total,99,Total,2010,5
A,Annual,ITF5,Basilicata,KILLINJ,Killed and injured,9,Total,9,Total,9,Total,M,Killed,X,Pedestrian,TOTAL,Total,9,Total,99,Total,2011,3
A,Annual,ITF5,Basilicata,KILLINJ,Killed and injured,9,Total,9,Total,9,Total,M,Killed,X,Pedestrian,TOTAL,Total,9,Total,99,Total,2012,5
A,Annual,ITF5,Basilicata,KILLINJ,Killed and injured,9,Total,9,Total,9,Total,M,Killed,X,Pedestrian,TOTAL,Total,9,Total,99,Total,2013,1
A,Annual,ITF5,Basilicata,KILLINJ,Killed and injured,9,Total,9,Total,9,Total,M,Killed,X,Pedestrian,TOTAL,Total,9,Total,99,Total,2014,1
A,Annual,ITF5,Basilicata,KILLINJ,Killed and injured,9,Total,9,Total,9,Total,M,Killed,X,Pedestrian,TOTAL,Total,9,Total,99,Total,2015,7
A,Annual,ITF5,Basilicata,KILLINJ,Killed and injured,9,Total,9,Total,9,Total,M,Killed,X,Pedestrian,TOTAL,Total,9,Total,99,Total,2016,5
A,Annual,ITF5,Basilicata,KILLINJ,Killed and injured,9,Total,9,Total,9,Total,M,Killed,X,Pedestrian,TOTAL,Total,9,Total,99,Total,2017,5
A,Annual,ITF5,Basilicata,KILLINJ,Killed and injured,9,Total,9,Total,9,Total,M,Killed,X,Pedestrian,TOTAL,Total,9,Total,99,Total,2018,5
A,Annual,ITF5,Basilicata,KILLINJ,Killed and injured,9,Total,9,Total,9,Total,M,Killed,X,Pedestrian,TOTAL,Total,9,Total,99,Total,2019,3
A,Annual,ITF5,Basilicata,KILLINJ,Killed and injured,9,Total,9,Total,9,Total,M,Killed,X,Pedestrian,TOTAL,Total,9,Total,99,Total,2020,3
A,Annual,ITF5,Basilicata,KILLINJ,Killed and injured,9,Total,9,Total,9,Total,M,Killed,X,Pedestrian,TOTAL,Total,9,Total,99,Total,2021,5
A,Annual,ITF5,Basilicata,KILLINJ,Killed and injured,9,Total,9,Total,9,Total,M,Killed,X,Pedestrian,TOTAL,Total,9,Total,99,Total,2022,7
A,Annual,ITF5,Basilicata,KILLINJ,Killed and injured,9,Total,9,Total,9,Total,M,Killed,X,Pedestrian,TOTAL,Total,9,Total,99,Total,2023,1
A,Annual,ITF5,Basilicata,KILLINJ,Killed and injured,9,Total,9,Total,9,Total,M,Killed,X,Pedestrian,TOTAL,Total,9,Total,99,Total,2024,2
A,Annual,ITF5,Basilicata,KILLINJ,Killed and injured,9,Total,9,Total,9,Total,M,Killed,9,Total,TOTAL,Total,9,Total,99,Total,2010,48
A,Annual,ITF5,Basilicata,KILLINJ,Killed and injured,9,Total,9,Total,9,Total,M,Killed,9,Total,TOTAL,Total,9,Total,99,Total,2011,37
A,Annual,ITF5,Basilicata,KILLINJ,Killed and injured,9,Total,9,Total,9,Total,M,Killed,9,Total,TOTAL,Total,9,Total,99,Total,2012,51
A,Annual,ITF5,Basilicata,KILLINJ,Killed and injured,9,Total,9,Total,9,Total,M,Killed,9,Total,TOTAL,Total,9,Total,99,Total,2013,22
A,Annual,ITF5,Basilicata,KILLINJ,Killed and injured,9,Total,9,Total,9,Total,M,Killed,9,Total,TOTAL,Total,9,Total,99,Total,2014,41
A,Annual,ITF5,Basilicata,KILLINJ,Killed and injured,9,Total,9,Total,9,Total,M,Killed,9,Total,TOTAL,Total,9,Total,99,Total,2015,43
A,Annual,ITF5,Basilicata,KILLINJ,Killed and injured,9,Total,9,Total,9,Total,M,Killed,9,Total,TOTAL,Total,9,Total,99,Total,2016,42
A,Annual,ITF5,Basilicata,KILLINJ,Killed and injured,9,Total,9,Total,9,Total,M,Killed,9,Total,TOTAL,Total,9,Total,99,Total,2017,33
A,Annual,ITF5,Basilicata,KILLINJ,Killed and injured,9,Total,9,Total,9,Total,M,Killed,9,Total,TOTAL,Total,9,Total,99,Total,2018,45
A,Annual,ITF5,Basilicata,KILLINJ,Killed and injured,9,Total,9,Total,9,Total,M,Killed,9,Total,TOTAL,Total,9,Total,99,Total,2019,29
A,Annual,ITF5,Basilicata,KILLINJ,Killed and injured,9,Total,9,Total,9,Total,M,Killed,9,Total,TOTAL,Total,9,Total,99,Total,2020,18
A,Annual,ITF5,Basilicata,KILLINJ,Killed and injured,9,Total,9,Total,9,Total,M,Killed,9,Total,TOTAL,Total,9,Total,99,Total,2021,36
A,Annual,ITF5,Basilicata,KILLINJ,Killed and injured,9,Total,9,Total,9,Total,M,Killed,9,Total,TOTAL,Total,9,Total,99,Total,2022,46
A,Annual,ITF5,Basilicata,KILLINJ,Killed and injured,9,Total,9,Total,9,Total,M,Killed,9,Total,TOTAL,Total,9,Total,99,Total,2023,27
A,Annual,ITF5,Basilicata,KILLINJ,Killed and injured,9,Total,9,Total,9,Total,M,Killed,9,Total,TOTAL,Total,9,Total,99,Total,2024,32
A,Annual,ITF5,Basilicata,KILLINJ,Killed and injured,9,Total,9,Total,9,Total,F,Injured,C,Driver,TOTAL,Total,9,Total,99,Total,2010,1192
A,Annual,ITF5,Basilicata,KILLINJ,Killed and injured,9,Total,9,Total,9,Total,F,Injured,C,Driver,TOTAL,Total,9,Total,99,Total,2011,1078
A,Annual,ITF5,Basilicata,KILLINJ,Killed and injured,9,Total,9,Total,9,Total,F,Injured,C,Driver,TOTAL,Total,9,Total,99,Total,2012,992
A,Annual,ITF5,Basilicata,KILLINJ,Killed and injured,9,Total,9,Total,9,Total,F,Injured,C,Driver,TOTAL,Total,9,Total,99,Total,2013,884
A,Annual,ITF5,Basilicata,KILLINJ,Killed and injured,9,Total,9,Total,9,Total,F,Injured,C,Driver,TOTAL,Total,9,Total,99,Total,2014,975
A,Annual,ITF5,Basilicata,KILLINJ,Killed and injured,9,Total,9,Total,9,Total,F,Injured,C,Driver,TOTAL,Total,9,Total,99,Total,2015,938
A,Annual,ITF5,Basilicata,KILLINJ,Killed and injured,9,Total,9,Total,9,Total,F,Injured,C,Driver,TOTAL,Total,9,Total,99,Total,2016,905
A,Annual,ITF5,Basilicata,KILLINJ,Killed and injured,9,Total,9,Total,9,Total,F,Injured,C,Driver,TOTAL,Total,9,Total,99,Total,2017,805
A,Annual,ITF5,Basilicata,KILLINJ,Killed and injured,9,Total,9,Total,9,Total,F,Injured,C,Driver,TOTAL,Total,9,Total,99,Total,2018,989
A,Annual,ITF5,Basilicata,KILLINJ,Killed and injured,9,Total,9,Total,9,Total,F,Injured,C,Driver,TOTAL,Total,9,Total,99,Total,2019,915
A,Annual,ITF5,Basilicata,KILLINJ,Killed and injured,9,Total,9,Total,9,Total,F,Injured,C,Driver,TOTAL,Total,9,Total,99,Total,2020,661
A,Annual,ITF5,Basilicata,KILLINJ,Killed and injured,9,Total,9,Total,9,Total,F,Injured,C,Driver,TOTAL,Total,9,Total,99,Total,2021,900
A,Annual,ITF5,Basilicata,KILLINJ,Killed and injured,9,Total,9,Total,9,Total,F,Injured,C,Driver,TOTAL,Total,9,Total,99,Total,2022,856
A,Annual,ITF5,Basilicata,KILLINJ,Killed and injured,9,Total,9,Total,9,Total,F,Injured,C,Driver,TOTAL,Total,9,Total,99,Total,2023,955
A,Annual,ITF5,Basilicata,KILLINJ,Killed and injured,9,Total,9,Total,9,Total,F,Injured,C,Driver,TOTAL,Total,9,Total,99,Total,2024,967
A,Annual,ITF5,Basilicata,KILLINJ,Killed and injured,9,Total,9,Total,9,Total,F,Injured,P,Passenger,TOTAL,Total,9,Total,99,Total,2010,713
A,Annual,ITF5,Basilicata,KILLINJ,Killed and injured,9,Total,9,Total,9,Total,F,Injured,P,Passenger,TOTAL,Total,9,Total,99,Total,2011,589
A,Annual,ITF5,Basilicata,KILLINJ,Killed and injured,9,Total,9,Total,9,Total,F,Injured,P,Passenger,TOTAL,Total,9,Total,99,Total,2012,540
A,Annual,ITF5,Basilicata,KILLINJ,Killed and injured,9,Total,9,Total,9,Total,F,Injured,P,Passenger,TOTAL,Total,9,Total,99,Total,2013,470
A,Annual,ITF5,Basilicata,KILLINJ,Killed and injured,9,Total,9,Total,9,Total,F,Injured,P,Passenger,TOTAL,Total,9,Total,99,Total,2014,467
A,Annual,ITF5,Basilicata,KILLINJ,Killed and injured,9,Total,9,Total,9,Total,F,Injured,P,Passenger,TOTAL,Total,9,Total,99,Total,2015,505
A,Annual,ITF5,Basilicata,KILLINJ,Killed and injured,9,Total,9,Total,9,Total,F,Injured,P,Passenger,TOTAL,Total,9,Total,99,Total,2016,466
A,Annual,ITF5,Basilicata,KILLINJ,Killed and injured,9,Total,9,Total,9,Total,F,Injured,P,Passenger,TOTAL,Total,9,Total,99,Total,2017,433
A,Annual,ITF5,Basilicata,KILLINJ,Killed and injured,9,Total,9,Total,9,Total,F,Injured,P,Passenger,TOTAL,Total,9,Total,99,Total,2018,491
A,Annual,ITF5,Basilicata,KILLINJ,Killed and injured,9,Total,9,Total,9,Total,F,Injured,P,Passenger,TOTAL,Total,9,Total,99,Total,2019,456
A,Annual,ITF5,Basilicata,KILLINJ,Killed and injured,9,Total,9,Total,9,Total,F,Injured,P,Passenger,TOTAL,Total,9,Total,99,Total,2020,294
A,Annual,ITF5,Basilicata,KILLINJ,Killed and injured,9,Total,9,Total,9,Total,F,Injured,P,Passenger,TOTAL,Total,9,Total,99,Total,2021,338
A,Annual,ITF5,Basilicata,KILLINJ,Killed and injured,9,Total,9,Total,9,Total,F,Injured,P,Passenger,TOTAL,Total,9,Total,99,Total,2022,381
A,Annual,ITF5,Basilicata,KILLINJ,Killed and injured,9,Total,9,Total,9,Total,F,Injured,P,Passenger,TOTAL,Total,9,Total,99,Total,2023,427
A,Annual,ITF5,Basilicata,KILLINJ,Killed and injured,9,Total,9,Total,9,Total,F,Injured,P,Passenger,TOTAL,Total,9,Total,99,Total,2024,508
A,Annual,ITF5,Basilicata,KILLINJ,Killed and injured,9,Total,9,Total,9,Total,F,Injured,X,Pedestrian,TOTAL,Total,9,Total,99,Total,2010,110
A,Annual,ITF5,Basilicata,KILLINJ,Killed and injured,9,Total,9,Total,9,Total,F,Injured,X,Pedestrian,TOTAL,Total,9,Total,99,Total,2011,113
A,Annual,ITF5,Basilicata,KILLINJ,Killed and injured,9,Total,9,Total,9,Total,F,Injured,X,Pedestrian,TOTAL,Total,9,Total,99,Total,2012,102
A,Annual,ITF5,Basilicata,KILLINJ,Killed and injured,9,Total,9,Total,9,Total,F,Injured,X,Pedestrian,TOTAL,Total,9,Total,99,Total,2013,123
A,Annual,ITF5,Basilicata,KILLINJ,Killed and injured,9,Total,9,Total,9,Total,F,Injured,X,Pedestrian,TOTAL,Total,9,Total,99,Total,2014,85
A,Annual,ITF5,Basilicata,KILLINJ,Killed and injured,9,Total,9,Total,9,Total,F,Injured,X,Pedestrian,TOTAL,Total,9,Total,99,Total,2015,119
A,Annual,ITF5,Basilicata,KILLINJ,Killed and injured,9,Total,9,Total,9,Total,F,Injured,X,Pedestrian,TOTAL,Total,9,Total,99,Total,2016,148
A,Annual,ITF5,Basilicata,KILLINJ,Killed and injured,9,Total,9,Total,9,Total,F,Injured,X,Pedestrian,TOTAL,Total,9,Total,99,Total,2017,117
A,Annual,ITF5,Basilicata,KILLINJ,Killed and injured,9,Total,9,Total,9,Total,F,Injured,X,Pedestrian,TOTAL,Total,9,Total,99,Total,2018,129
A,Annual,ITF5,Basilicata,KILLINJ,Killed and injured,9,Total,9,Total,9,Total,F,Injured,X,Pedestrian,TOTAL,Total,9,Total,99,Total,2019,113
A,Annual,ITF5,Basilicata,KILLINJ,Killed and injured,9,Total,9,Total,9,Total,F,Injured,X,Pedestrian,TOTAL,Total,9,Total,99,Total,2020,101
A,Annual,ITF5,Basilicata,KILLINJ,Killed and injured,9,Total,9,Total,9,Total,F,Injured,X,Pedestrian,TOTAL,Total,9,Total,99,Total,2021,95
A,Annual,ITF5,Basilicata,KILLINJ,Killed and injured,9,Total,9,Total,9,Total,F,Injured,X,Pedestrian,TOTAL,Total,9,Total,99,Total,2022,118
A,Annual,ITF5,Basilicata,KILLINJ,Killed and injured,9,Total,9,Total,9,Total,F,Injured,X,Pedestrian,TOTAL,Total,9,Total,99,Total,2023,134
A,Annual,ITF5,Basilicata,KILLINJ,Killed and injured,9,Total,9,Total,9,Total,F,Injured,X,Pedestrian,TOTAL,Total,9,Total,99,Total,2024,111
A,Annual,ITF5,Basilicata,KILLINJ,Killed and injured,9,Total,9,Total,9,Total,F,Injured,9,Total,TOTAL,Total,9,Total,99,Total,2010,2015
A,Annual,ITF5,Basilicata,KILLINJ,Killed and injured,9,Total,9,Total,9,Total,F,Injured,9,Total,TOTAL,Total,9,Total,99,Total,2011,1780
A,Annual,ITF5,Basilicata,KILLINJ,Killed and injured,9,Total,9,Total,9,Total,F,Injured,9,Total,TOTAL,Total,9,Total,99,Total,2012,1634
A,Annual,ITF5,Basilicata,KILLINJ,Killed and injured,9,Total,9,Total,9,Total,F,Injured,9,Total,TOTAL,Total,9,Total,99,Total,2013,1477
A,Annual,ITF5,Basilicata,KILLINJ,Killed and injured,9,Total,9,Total,9,Total,F,Injured,9,Total,TOTAL,Total,9,Total,99,Total,2014,1527
A,Annual,ITF5,Basilicata,KILLINJ,Killed and injured,9,Total,9,Total,9,Total,F,Injured,9,Total,TOTAL,Total,9,Total,99,Total,2015,1562
A,Annual,ITF5,Basilicata,KILLINJ,Killed and injured,9,Total,9,Total,9,Total,F,Injured,9,Total,TOTAL,Total,9,Total,99,Total,2016,1519
A,Annual,ITF5,Basilicata,KILLINJ,Killed and injured,9,Total,9,Total,9,Total,F,Injured,9,Total,TOTAL,Total,9,Total,99,Total,2017,1355
A,Annual,ITF5,Basilicata,KILLINJ,Killed and injured,9,Total,9,Total,9,Total,F,Injured,9,Total,TOTAL,Total,9,Total,99,Total,2018,1609
A,Annual,ITF5,Basilicata,KILLINJ,Killed and injured,9,Total,9,Total,9,Total,F,Injured,9,Total,TOTAL,Total,9,Total,99,Total,2019,1484
A,Annual,ITF5,Basilicata,KILLINJ,Killed and injured,9,Total,9,Total,9,Total,F,Injured,9,Total,TOTAL,Total,9,Total,99,Total,2020,1056
A,Annual,ITF5,Basilicata,KILLINJ,Killed and injured,9,Total,9,Total,9,Total,F,Injured,9,Total,TOTAL,Total,9,Total,99,Total,2021,1333
A,Annual,ITF5,Basilicata,KILLINJ,Killed and injured,9,Total,9,Total,9,Total,F,Injured,9,Total,TOTAL,Total,9,Total,99,Total,2022,1355
A,Annual,ITF5,Basilicata,KILLINJ,Killed and injured,9,Total,9,Total,9,Total,F,Injured,9,Total,TOTAL,Total,9,Total,99,Total,2023,1516
A,Annual,ITF5,Basilicata,KILLINJ,Killed and injured,9,Total,9,Total,9,Total,F,Injured,9,Total,TOTAL,Total,9,Total,99,Total,2024,1586
A,Annual,ITF5,Basilicata,KILLINJ,Killed and injured,9,Total,9,Total,9,Total,9,Total,C,Driver,TOTAL,Total,9,Total,99,Total,2010,1223
A,Annual,ITF5,Basilicata,KILLINJ,Killed and injured,9,Total,9,Total,9,Total,9,Total,C,Driver,TOTAL,Total,9,Total,99,Total,2011,1103
A,Annual,ITF5,Basilicata,KILLINJ,Killed and injured,9,Total,9,Total,9,Total,9,Total,C,Driver,TOTAL,Total,9,Total,99,Total,2012,1028
A,Annual,ITF5,Basilicata,KILLINJ,Killed and injured,9,Total,9,Total,9,Total,9,Total,C,Driver,TOTAL,Total,9,Total,99,Total,2013,900
A,Annual,ITF5,Basilicata,KILLINJ,Killed and injured,9,Total,9,Total,9,Total,9,Total,C,Driver,TOTAL,Total,9,Total,99,Total,2014,1004
A,Annual,ITF5,Basilicata,KILLINJ,Killed and injured,9,Total,9,Total,9,Total,9,Total,C,Driver,TOTAL,Total,9,Total,99,Total,2015,967
A,Annual,ITF5,Basilicata,KILLINJ,Killed and injured,9,Total,9,Total,9,Total,9,Total,C,Driver,TOTAL,Total,9,Total,99,Total,2016,936
A,Annual,ITF5,Basilicata,KILLINJ,Killed and injured,9,Total,9,Total,9,Total,9,Total,C,Driver,TOTAL,Total,9,Total,99,Total,2017,827
A,Annual,ITF5,Basilicata,KILLINJ,Killed and injured,9,Total,9,Total,9,Total,9,Total,C,Driver,TOTAL,Total,9,Total,99,Total,2018,1018
A,Annual,ITF5,Basilicata,KILLINJ,Killed and injured,9,Total,9,Total,9,Total,9,Total,C,Driver,TOTAL,Total,9,Total,99,Total,2019,934
A,Annual,ITF5,Basilicata,KILLINJ,Killed and injured,9,Total,9,Total,9,Total,9,Total,C,Driver,TOTAL,Total,9,Total,99,Total,2020,675
A,Annual,ITF5,Basilicata,KILLINJ,Killed and injured,9,Total,9,Total,9,Total,9,Total,C,Driver,TOTAL,Total,9,Total,99,Total,2021,927
A,Annual,ITF5,Basilicata,KILLINJ,Killed and injured,9,Total,9,Total,9,Total,9,Total,C,Driver,TOTAL,Total,9,Total,99,Total,2022,884
A,Annual,ITF5,Basilicata,KILLINJ,Killed and injured,9,Total,9,Total,9,Total,9,Total,C,Driver,TOTAL,Total,9,Total,99,Total,2023,978
A,Annual,ITF5,Basilicata,KILLINJ,Killed and injured,9,Total,9,Total,9,Total,9,Total,C,Driver,TOTAL,Total,9,Total,99,Total,2024,989
A,Annual,ITF5,Basilicata,KILLINJ,Killed and injured,9,Total,9,Total,9,Total,9,Total,P,Passenger,TOTAL,Total,9,Total,99,Total,2010,725
A,Annual,ITF5,Basilicata,KILLINJ,Killed and injured,9,Total,9,Total,9,Total,9,Total,P,Passenger,TOTAL,Total,9,Total,99,Total,2011,598
A,Annual,ITF5,Basilicata,KILLINJ,Killed and injured,9,Total,9,Total,9,Total,9,Total,P,Passenger,TOTAL,Total,9,Total,99,Total,2012,550
A,Annual,ITF5,Basilicata,KILLINJ,Killed and injured,9,Total,9,Total,9,Total,9,Total,P,Passenger,TOTAL,Total,9,Total,99,Total,2013,475
A,Annual,ITF5,Basilicata,KILLINJ,Killed and injured,9,Total,9,Total,9,Total,9,Total,P,Passenger,TOTAL,Total,9,Total,99,Total,2014,478
A,Annual,ITF5,Basilicata,KILLINJ,Killed and injured,9,Total,9,Total,9,Total,9,Total,P,Passenger,TOTAL,Total,9,Total,99,Total,2015,512
A,Annual,ITF5,Basilicata,KILLINJ,Killed and injured,9,Total,9,Total,9,Total,9,Total,P,Passenger,TOTAL,Total,9,Total,99,Total,2016,472
A,Annual,ITF5,Basilicata,KILLINJ,Killed and injured,9,Total,9,Total,9,Total,9,Total,P,Passenger,TOTAL,Total,9,Total,99,Total,2017,439
A,Annual,ITF5,Basilicata,KILLINJ,Killed and injured,9,Total,9,Total,9,Total,9,Total,P,Passenger,TOTAL,Total,9,Total,99,Total,2018,502
A,Annual,ITF5,Basilicata,KILLINJ,Killed and injured,9,Total,9,Total,9,Total,9,Total,P,Passenger,TOTAL,Total,9,Total,99,Total,2019,463
A,Annual,ITF5,Basilicata,KILLINJ,Killed and injured,9,Total,9,Total,9,Total,9,Total,P,Passenger,TOTAL,Total,9,Total,99,Total,2020,295
A,Annual,ITF5,Basilicata,KILLINJ,Killed and injured,9,Total,9,Total,9,Total,9,Total,P,Passenger,TOTAL,Total,9,Total,99,Total,2021,342
A,Annual,ITF5,Basilicata,KILLINJ,Killed and injured,9,Total,9,Total,9,Total,9,Total,P,Passenger,TOTAL,Total,9,Total,99,Total,2022,392
A,Annual,ITF5,Basilicata,KILLINJ,Killed and injured,9,Total,9,Total,9,Total,9,Total,P,Passenger,TOTAL,Total,9,Total,99,Total,2023,430
A,Annual,ITF5,Basilicata,KILLINJ,Killed and injured,9,Total,9,Total,9,Total,9,Total,P,Passenger,TOTAL,Total,9,Total,99,Total,2024,516
A,Annual,ITF5,Basilicata,KILLINJ,Killed and injured,9,Total,9,Total,9,Total,9,Total,X,Pedestrian,TOTAL,Total,9,Total,99,Total,2010,115
A,Annual,ITF5,Basilicata,KILLINJ,Killed and injured,9,Total,9,Total,9,Total,9,Total,X,Pedestrian,TOTAL,Total,9,Total,99,Total,2011,116
A,Annual,ITF5,Basilicata,KILLINJ,Killed and injured,9,Total,9,Total,9,Total,9,Total,X,Pedestrian,TOTAL,Total,9,Total,99,Total,2012,107
A,Annual,ITF5,Basilicata,KILLINJ,Killed and injured,9,Total,9,Total,9,Total,9,Total,X,Pedestrian,TOTAL,Total,9,Total,99,Total,2013,124
A,Annual,ITF5,Basilicata,KILLINJ,Killed and injured,9,Total,9,Total,9,Total,9,Total,X,Pedestrian,TOTAL,Total,9,Total,99,Total,2014,86
A,Annual,ITF5,Basilicata,KILLINJ,Killed and injured,9,Total,9,Total,9,Total,9,Total,X,Pedestrian,TOTAL,Total,9,Total,99,Total,2015,126
A,Annual,ITF5,Basilicata,KILLINJ,Killed and injured,9,Total,9,Total,9,Total,9,Total,X,Pedestrian,TOTAL,Total,9,Total,99,Total,2016,153
A,Annual,ITF5,Basilicata,KILLINJ,Killed and injured,9,Total,9,Total,9,Total,9,Total,X,Pedestrian,TOTAL,Total,9,Total,99,Total,2017,122
A,Annual,ITF5,Basilicata,KILLINJ,Killed and injured,9,Total,9,Total,9,Total,9,Total,X,Pedestrian,TOTAL,Total,9,Total,99,Total,2018,134
A,Annual,ITF5,Basilicata,KILLINJ,Killed and injured,9,Total,9,Total,9,Total,9,Total,X,Pedestrian,TOTAL,Total,9,Total,99,Total,2019,116
A,Annual,ITF5,Basilicata,KILLINJ,Killed and injured,9,Total,9,Total,9,Total,9,Total,X,Pedestrian,TOTAL,Total,9,Total,99,Total,2020,104
A,Annual,ITF5,Basilicata,KILLINJ,Killed and injured,9,Total,9,Total,9,Total,9,Total,X,Pedestrian,TOTAL,Total,9,Total,99,Total,2021,100
A,Annual,ITF5,Basilicata,KILLINJ,Killed and injured,9,Total,9,Total,9,Total,9,Total,X,Pedestrian,TOTAL,Total,9,Total,99,Total,2022,125
A,Annual,ITF5,Basilicata,KILLINJ,Killed and injured,9,Total,9,Total,9,Total,9,Total,X,Pedestrian,TOTAL,Total,9,Total,99,Total,2023,135
A,Annual,ITF5,Basilicata,KILLINJ,Killed and injured,9,Total,9,Total,9,Total,9,Total,X,Pedestrian,TOTAL,Total,9,Total,99,Total,2024,113
A,Annual,ITF5,Basilicata,KILLINJ,Killed and injured,9,Total,9,Total,9,Total,9,Total,9,Total,TOTAL,Total,9,Total,99,Total,2010,2063
A,Annual,ITF5,Basilicata,KILLINJ,Killed and injured,9,Total,9,Total,9,Total,9,Total,9,Total,TOTAL,Total,9,Total,99,Total,2011,1817
A,Annual,ITF5,Basilicata,KILLINJ,Killed and injured,9,Total,9,Total,9,Total,9,Total,9,Total,TOTAL,Total,9,Total,99,Total,2012,1685
A,Annual,ITF5,Basilicata,KILLINJ,Killed and injured,9,Total,9,Total,9,Total,9,Total,9,Total,TOTAL,Total,9,Total,99,Total,2013,1499
A,Annual,ITF5,Basilicata,KILLINJ,Killed and injured,9,Total,9,Total,9,Total,9,Total,9,Total,TOTAL,Total,9,Total,99,Total,2014,1568
A,Annual,ITF5,Basilicata,KILLINJ,Killed and injured,9,Total,9,Total,9,Total,9,Total,9,Total,TOTAL,Total,9,Total,99,Total,2015,1605
A,Annual,ITF5,Basilicata,KILLINJ,Killed and injured,9,Total,9,Total,9,Total,9,Total,9,Total,TOTAL,Total,9,Total,99,Total,2016,1561
A,Annual,ITF5,Basilicata,KILLINJ,Killed and injured,9,Total,9,Total,9,Total,9,Total,9,Total,TOTAL,Total,9,Total,99,Total,2017,1388
A,Annual,ITF5,Basilicata,KILLINJ,Killed and injured,9,Total,9,Total,9,Total,9,Total,9,Total,TOTAL,Total,9,Total,99,Total,2018,1654
A,Annual,ITF5,Basilicata,KILLINJ,Killed and injured,9,Total,9,Total,9,Total,9,Total,9,Total,TOTAL,Total,9,Total,99,Total,2019,1513
A,Annual,ITF5,Basilicata,KILLINJ,Killed and injured,9,Total,9,Total,9,Total,9,Total,9,Total,TOTAL,Total,9,Total,99,Total,2020,1074
A,Annual,ITF5,Basilicata,KILLINJ,Killed and injured,9,Total,9,Total,9,Total,9,Total,9,Total,TOTAL,Total,9,Total,99,Total,2021,1369
A,Annual,ITF5,Basilicata,KILLINJ,Killed and injured,9,Total,9,Total,9,Total,9,Total,9,Total,TOTAL,Total,9,Total,99,Total,2022,1401
A,Annual,ITF5,Basilicata,KILLINJ,Killed and injured,9,Total,9,Total,9,Total,9,Total,9,Total,TOTAL,Total,9,Total,99,Total,2023,1543
A,Annual,ITF5,Basilicata,KILLINJ,Killed and injured,9,Total,9,Total,9,Total,9,Total,9,Total,TOTAL,Total,9,Total,99,Total,2024,1618
A,Annual,ITF6,Calabria,KILLINJ,Killed and injured,9,Total,9,Total,9,Total,M,Killed,C,Driver,TOTAL,Total,9,Total,99,Total,2010,90
A,Annual,ITF6,Calabria,KILLINJ,Killed and injured,9,Total,9,Total,9,Total,M,Killed,C,Driver,TOTAL,Total,9,Total,99,Total,2011,60
A,Annual,ITF6,Calabria,KILLINJ,Killed and injured,9,Total,9,Total,9,Total,M,Killed,C,Driver,TOTAL,Total,9,Total,99,Total,2012,85
A,Annual,ITF6,Calabria,KILLINJ,Killed and injured,9,Total,9,Total,9,Total,M,Killed,C,Driver,TOTAL,Total,9,Total,99,Total,2013,63
A,Annual,ITF6,Calabria,KILLINJ,Killed and injured,9,Total,9,Total,9,Total,M,Killed,C,Driver,TOTAL,Total,9,Total,99,Total,2014,64
A,Annual,ITF6,Calabria,KILLINJ,Killed and injured,9,Total,9,Total,9,Total,M,Killed,C,Driver,TOTAL,Total,9,Total,99,Total,2015,54
A,Annual,ITF6,Calabria,KILLINJ,Killed and injured,9,Total,9,Total,9,Total,M,Killed,C,Driver,TOTAL,Total,9,Total,99,Total,2016,74
A,Annual,ITF6,Calabria,KILLINJ,Killed and injured,9,Total,9,Total,9,Total,M,Killed,C,Driver,TOTAL,Total,9,Total,99,Total,2017,62
A,Annual,ITF6,Calabria,KILLINJ,Killed and injured,9,Total,9,Total,9,Total,M,Killed,C,Driver,TOTAL,Total,9,Total,99,Total,2018,89
A,Annual,ITF6,Calabria,KILLINJ,Killed and injured,9,Total,9,Total,9,Total,M,Killed,C,Driver,TOTAL,Total,9,Total,99,Total,2019,72
A,Annual,ITF6,Calabria,KILLINJ,Killed and injured,9,Total,9,Total,9,Total,M,Killed,C,Driver,TOTAL,Total,9,Total,99,Total,2020,37
A,Annual,ITF6,Calabria,KILLINJ,Killed and injured,9,Total,9,Total,9,Total,M,Killed,C,Driver,TOTAL,Total,9,Total,99,Total,2021,61
A,Annual,ITF6,Calabria,KILLINJ,Killed and injured,9,Total,9,Total,9,Total,M,Killed,C,Driver,TOTAL,Total,9,Total,99,Total,2022,53
A,Annual,ITF6,Calabria,KILLINJ,Killed and injured,9,Total,9,Total,9,Total,M,Killed,C,Driver,TOTAL,Total,9,Total,99,Total,2023,74
A,Annual,ITF6,Calabria,KILLINJ,Killed and injured,9,Total,9,Total,9,Total,M,Killed,C,Driver,TOTAL,Total,9,Total,99,Total,2024,67
A,Annual,ITF6,Calabria,KILLINJ,Killed and injured,9,Total,9,Total,9,Total,M,Killed,P,Passenger,TOTAL,Total,9,Total,99,Total,2010,34
A,Annual,ITF6,Calabria,KILLINJ,Killed and injured,9,Total,9,Total,9,Total,M,Killed,P,Passenger,TOTAL,Total,9,Total,99,Total,2011,32
A,Annual,ITF6,Calabria,KILLINJ,Killed and injured,9,Total,9,Total,9,Total,M,Killed,P,Passenger,TOTAL,Total,9,Total,99,Total,2012,22
A,Annual,ITF6,Calabria,KILLINJ,Killed and injured,9,Total,9,Total,9,Total,M,Killed,P,Passenger,TOTAL,Total,9,Total,99,Total,2013,22
A,Annual,ITF6,Calabria,KILLINJ,Killed and injured,9,Total,9,Total,9,Total,M,Killed,P,Passenger,TOTAL,Total,9,Total,99,Total,2014,26
A,Annual,ITF6,Calabria,KILLINJ,Killed and injured,9,Total,9,Total,9,Total,M,Killed,P,Passenger,TOTAL,Total,9,Total,99,Total,2015,26
A,Annual,ITF6,Calabria,KILLINJ,Killed and injured,9,Total,9,Total,9,Total,M,Killed,P,Passenger,TOTAL,Total,9,Total,99,Total,2016,28
A,Annual,ITF6,Calabria,KILLINJ,Killed and injured,9,Total,9,Total,9,Total,M,Killed,P,Passenger,TOTAL,Total,9,Total,99,Total,2017,17
A,Annual,ITF6,Calabria,KILLINJ,Killed and injured,9,Total,9,Total,9,Total,M,Killed,P,Passenger,TOTAL,Total,9,Total,99,Total,2018,16
A,Annual,ITF6,Calabria,KILLINJ,Killed and injured,9,Total,9,Total,9,Total,M,Killed,P,Passenger,TOTAL,Total,9,Total,99,Total,2019,20
A,Annual,ITF6,Calabria,KILLINJ,Killed and injured,9,Total,9,Total,9,Total,M,Killed,P,Passenger,TOTAL,Total,9,Total,99,Total,2020,9
A,Annual,ITF6,Calabria,KILLINJ,Killed and injured,9,Total,9,Total,9,Total,M,Killed,P,Passenger,TOTAL,Total,9,Total,99,Total,2021,15
A,Annual,ITF6,Calabria,KILLINJ,Killed and injured,9,Total,9,Total,9,Total,M,Killed,P,Passenger,TOTAL,Total,9,Total,99,Total,2022,11
A,Annual,ITF6,Calabria,KILLINJ,Killed and injured,9,Total,9,Total,9,Total,M,Killed,P,Passenger,TOTAL,Total,9,Total,99,Total,2023,22
A,Annual,ITF6,Calabria,KILLINJ,Killed and injured,9,Total,9,Total,9,Total,M,Killed,P,Passenger,TOTAL,Total,9,Total,99,Total,2024,18
A,Annual,ITF6,Calabria,KILLINJ,Killed and injured,9,Total,9,Total,9,Total,M,Killed,X,Pedestrian,TOTAL,Total,9,Total,99,Total,2010,14
A,Annual,ITF6,Calabria,KILLINJ,Killed and injured,9,Total,9,Total,9,Total,M,Killed,X,Pedestrian,TOTAL,Total,9,Total,99,Total,2011,12
A,Annual,ITF6,Calabria,KILLINJ,Killed and injured,9,Total,9,Total,9,Total,M,Killed,X,Pedestrian,TOTAL,Total,9,Total,99,Total,2012,16
A,Annual,ITF6,Calabria,KILLINJ,Killed and injured,9,Total,9,Total,9,Total,M,Killed,X,Pedestrian,TOTAL,Total,9,Total,99,Total,2013,13
A,Annual,ITF6,Calabria,KILLINJ,Killed and injured,9,Total,9,Total,9,Total,M,Killed,X,Pedestrian,TOTAL,Total,9,Total,99,Total,2014,11
A,Annual,ITF6,Calabria,KILLINJ,Killed and injured,9,Total,9,Total,9,Total,M,Killed,X,Pedestrian,TOTAL,Total,9,Total,99,Total,2015,14
A,Annual,ITF6,Calabria,KILLINJ,Killed and injured,9,Total,9,Total,9,Total,M,Killed,X,Pedestrian,TOTAL,Total,9,Total,99,Total,2016,15
A,Annual,ITF6,Calabria,KILLINJ,Killed and injured,9,Total,9,Total,9,Total,M,Killed,X,Pedestrian,TOTAL,Total,9,Total,99,Total,2017,21
A,Annual,ITF6,Calabria,KILLINJ,Killed and injured,9,Total,9,Total,9,Total,M,Killed,X,Pedestrian,TOTAL,Total,9,Total,99,Total,2018,22
A,Annual,ITF6,Calabria,KILLINJ,Killed and injured,9,Total,9,Total,9,Total,M,Killed,X,Pedestrian,TOTAL,Total,9,Total,99,Total,2019,12
A,Annual,ITF6,Calabria,KILLINJ,Killed and injured,9,Total,9,Total,9,Total,M,Killed,X,Pedestrian,TOTAL,Total,9,Total,99,Total,2020,15
A,Annual,ITF6,Calabria,KILLINJ,Killed and injured,9,Total,9,Total,9,Total,M,Killed,X,Pedestrian,TOTAL,Total,9,Total,99,Total,2021,9
A,Annual,ITF6,Calabria,KILLINJ,Killed and injured,9,Total,9,Total,9,Total,M,Killed,X,Pedestrian,TOTAL,Total,9,Total,99,Total,2022,10
A,Annual,ITF6,Calabria,KILLINJ,Killed and injured,9,Total,9,Total,9,Total,M,Killed,X,Pedestrian,TOTAL,Total,9,Total,99,Total,2023,13
A,Annual,ITF6,Calabria,KILLINJ,Killed and injured,9,Total,9,Total,9,Total,M,Killed,X,Pedestrian,TOTAL,Total,9,Total,99,Total,2024,11
A,Annual,ITF6,Calabria,KILLINJ,Killed and injured,9,Total,9,Total,9,Total,M,Killed,9,Total,TOTAL,Total,9,Total,99,Total,2010,138
A,Annual,ITF6,Calabria,KILLINJ,Killed and injured,9,Total,9,Total,9,Total,M,Killed,9,Total,TOTAL,Total,9,Total,99,Total,2011,104
A,Annual,ITF6,Calabria,KILLINJ,Killed and injured,9,Total,9,Total,9,Total,M,Killed,9,Total,TOTAL,Total,9,Total,99,Total,2012,123
A,Annual,ITF6,Calabria,KILLINJ,Killed and injured,9,Total,9,Total,9,Total,M,Killed,9,Total,TOTAL,Total,9,Total,99,Total,2013,98
A,Annual,ITF6,Calabria,KILLINJ,Killed and injured,9,Total,9,Total,9,Total,M,Killed,9,Total,TOTAL,Total,9,Total,99,Total,2014,101
A,Annual,ITF6,Calabria,KILLINJ,Killed and injured,9,Total,9,Total,9,Total,M,Killed,9,Total,TOTAL,Total,9,Total,99,Total,2015,94
A,Annual,ITF6,Calabria,KILLINJ,Killed and injured,9,Total,9,Total,9,Total,M,Killed,9,Total,TOTAL,Total,9,Total,99,Total,2016,117
A,Annual,ITF6,Calabria,KILLINJ,Killed and injured,9,Total,9,Total,9,Total,M,Killed,9,Total,TOTAL,Total,9,Total,99,Total,2017,100
A,Annual,ITF6,Calabria,KILLINJ,Killed and injured,9,Total,9,Total,9,Total,M,Killed,9,Total,TOTAL,Total,9,Total,99,Total,2018,127
A,Annual,ITF6,Calabria,KILLINJ,Killed and injured,9,Total,9,Total,9,Total,M,Killed,9,Total,TOTAL,Total,9,Total,99,Total,2019,104
A,Annual,ITF6,Calabria,KILLINJ,Killed and injured,9,Total,9,Total,9,Total,M,Killed,9,Total,TOTAL,Total,9,Total,99,Total,2020,61
A,Annual,ITF6,Calabria,KILLINJ,Killed and injured,9,Total,9,Total,9,Total,M,Killed,9,Total,TOTAL,Total,9,Total,99,Total,2021,85
A,Annual,ITF6,Calabria,KILLINJ,Killed and injured,9,Total,9,Total,9,Total,M,Killed,9,Total,TOTAL,Total,9,Total,99,Total,2022,74
A,Annual,ITF6,Calabria,KILLINJ,Killed and injured,9,Total,9,Total,9,Total,M,Killed,9,Total,TOTAL,Total,9,Total,99,Total,2023,109
A,Annual,ITF6,Calabria,KILLINJ,Killed and injured,9,Total,9,Total,9,Total,M,Killed,9,Total,TOTAL,Total,9,Total,99,Total,2024,96
A,Annual,ITF6,Calabria,KILLINJ,Killed and injured,9,Total,9,Total,9,Total,F,Injured,C,Driver,TOTAL,Total,9,Total,99,Total,2010,3560
A,Annual,ITF6,Calabria,KILLINJ,Killed and injured,9,Total,9,Total,9,Total,F,Injured,C,Driver,TOTAL,Total,9,Total,99,Total,2011,3197
A,Annual,ITF6,Calabria,KILLINJ,Killed and injured,9,Total,9,Total,9,Total,F,Injured,C,Driver,TOTAL,Total,9,Total,99,Total,2012,2846
A,Annual,ITF6,Calabria,KILLINJ,Killed and injured,9,Total,9,Total,9,Total,F,Injured,C,Driver,TOTAL,Total,9,Total,99,Total,2013,2889
A,Annual,ITF6,Calabria,KILLINJ,Killed and injured,9,Total,9,Total,9,Total,F,Injured,C,Driver,TOTAL,Total,9,Total,99,Total,2014,2758
A,Annual,ITF6,Calabria,KILLINJ,Killed and injured,9,Total,9,Total,9,Total,F,Injured,C,Driver,TOTAL,Total,9,Total,99,Total,2015,2840
A,Annual,ITF6,Calabria,KILLINJ,Killed and injured,9,Total,9,Total,9,Total,F,Injured,C,Driver,TOTAL,Total,9,Total,99,Total,2016,2989
A,Annual,ITF6,Calabria,KILLINJ,Killed and injured,9,Total,9,Total,9,Total,F,Injured,C,Driver,TOTAL,Total,9,Total,99,Total,2017,2936
A,Annual,ITF6,Calabria,KILLINJ,Killed and injured,9,Total,9,Total,9,Total,F,Injured,C,Driver,TOTAL,Total,9,Total,99,Total,2018,3024
A,Annual,ITF6,Calabria,KILLINJ,Killed and injured,9,Total,9,Total,9,Total,F,Injured,C,Driver,TOTAL,Total,9,Total,99,Total,2019,2808
A,Annual,ITF6,Calabria,KILLINJ,Killed and injured,9,Total,9,Total,9,Total,F,Injured,C,Driver,TOTAL,Total,9,Total,99,Total,2020,2083
A,Annual,ITF6,Calabria,KILLINJ,Killed and injured,9,Total,9,Total,9,Total,F,Injured,C,Driver,TOTAL,Total,9,Total,99,Total,2021,2669
A,Annual,ITF6,Calabria,KILLINJ,Killed and injured,9,Total,9,Total,9,Total,F,Injured,C,Driver,TOTAL,Total,9,Total,99,Total,2022,2856
A,Annual,ITF6,Calabria,KILLINJ,Killed and injured,9,Total,9,Total,9,Total,F,Injured,C,Driver,TOTAL,Total,9,Total,99,Total,2023,2827
A,Annual,ITF6,Calabria,KILLINJ,Killed and injured,9,Total,9,Total,9,Total,F,Injured,C,Driver,TOTAL,Total,9,Total,99,Total,2024,3100
A,Annual,ITF6,Calabria,KILLINJ,Killed and injured,9,Total,9,Total,9,Total,F,Injured,P,Passenger,TOTAL,Total,9,Total,99,Total,2010,1851
A,Annual,ITF6,Calabria,KILLINJ,Killed and injured,9,Total,9,Total,9,Total,F,Injured,P,Passenger,TOTAL,Total,9,Total,99,Total,2011,1701
A,Annual,ITF6,Calabria,KILLINJ,Killed and injured,9,Total,9,Total,9,Total,F,Injured,P,Passenger,TOTAL,Total,9,Total,99,Total,2012,1562
A,Annual,ITF6,Calabria,KILLINJ,Killed and injured,9,Total,9,Total,9,Total,F,Injured,P,Passenger,TOTAL,Total,9,Total,99,Total,2013,1583
A,Annual,ITF6,Calabria,KILLINJ,Killed and injured,9,Total,9,Total,9,Total,F,Injured,P,Passenger,TOTAL,Total,9,Total,99,Total,2014,1404
A,Annual,ITF6,Calabria,KILLINJ,Killed and injured,9,Total,9,Total,9,Total,F,Injured,P,Passenger,TOTAL,Total,9,Total,99,Total,2015,1602
A,Annual,ITF6,Calabria,KILLINJ,Killed and injured,9,Total,9,Total,9,Total,F,Injured,P,Passenger,TOTAL,Total,9,Total,99,Total,2016,1607
A,Annual,ITF6,Calabria,KILLINJ,Killed and injured,9,Total,9,Total,9,Total,F,Injured,P,Passenger,TOTAL,Total,9,Total,99,Total,2017,1644
A,Annual,ITF6,Calabria,KILLINJ,Killed and injured,9,Total,9,Total,9,Total,F,Injured,P,Passenger,TOTAL,Total,9,Total,99,Total,2018,1574
A,Annual,ITF6,Calabria,KILLINJ,Killed and injured,9,Total,9,Total,9,Total,F,Injured,P,Passenger,TOTAL,Total,9,Total,99,Total,2019,1449
A,Annual,ITF6,Calabria,KILLINJ,Killed and injured,9,Total,9,Total,9,Total,F,Injured,P,Passenger,TOTAL,Total,9,Total,99,Total,2020,961
A,Annual,ITF6,Calabria,KILLINJ,Killed and injured,9,Total,9,Total,9,Total,F,Injured,P,Passenger,TOTAL,Total,9,Total,99,Total,2021,1139
A,Annual,ITF6,Calabria,KILLINJ,Killed and injured,9,Total,9,Total,9,Total,F,Injured,P,Passenger,TOTAL,Total,9,Total,99,Total,2022,1296
A,Annual,ITF6,Calabria,KILLINJ,Killed and injured,9,Total,9,Total,9,Total,F,Injured,P,Passenger,TOTAL,Total,9,Total,99,Total,2023,1286
A,Annual,ITF6,Calabria,KILLINJ,Killed and injured,9,Total,9,Total,9,Total,F,Injured,P,Passenger,TOTAL,Total,9,Total,99,Total,2024,1310
A,Annual,ITF6,Calabria,KILLINJ,Killed and injured,9,Total,9,Total,9,Total,F,Injured,X,Pedestrian,TOTAL,Total,9,Total,99,Total,2010,234
A,Annual,ITF6,Calabria,KILLINJ,Killed and injured,9,Total,9,Total,9,Total,F,Injured,X,Pedestrian,TOTAL,Total,9,Total,99,Total,2011,218
A,Annual,ITF6,Calabria,KILLINJ,Killed and injured,9,Total,9,Total,9,Total,F,Injured,X,Pedestrian,TOTAL,Total,9,Total,99,Total,2012,289
A,Annual,ITF6,Calabria,KILLINJ,Killed and injured,9,Total,9,Total,9,Total,F,Injured,X,Pedestrian,TOTAL,Total,9,Total,99,Total,2013,249
A,Annual,ITF6,Calabria,KILLINJ,Killed and injured,9,Total,9,Total,9,Total,F,Injured,X,Pedestrian,TOTAL,Total,9,Total,99,Total,2014,266
A,Annual,ITF6,Calabria,KILLINJ,Killed and injured,9,Total,9,Total,9,Total,F,Injured,X,Pedestrian,TOTAL,Total,9,Total,99,Total,2015,258
A,Annual,ITF6,Calabria,KILLINJ,Killed and injured,9,Total,9,Total,9,Total,F,Injured,X,Pedestrian,TOTAL,Total,9,Total,99,Total,2016,272
A,Annual,ITF6,Calabria,KILLINJ,Killed and injured,9,Total,9,Total,9,Total,F,Injured,X,Pedestrian,TOTAL,Total,9,Total,99,Total,2017,283
A,Annual,ITF6,Calabria,KILLINJ,Killed and injured,9,Total,9,Total,9,Total,F,Injured,X,Pedestrian,TOTAL,Total,9,Total,99,Total,2018,264
A,Annual,ITF6,Calabria,KILLINJ,Killed and injured,9,Total,9,Total,9,Total,F,Injured,X,Pedestrian,TOTAL,Total,9,Total,99,Total,2019,294
A,Annual,ITF6,Calabria,KILLINJ,Killed and injured,9,Total,9,Total,9,Total,F,Injured,X,Pedestrian,TOTAL,Total,9,Total,99,Total,2020,220
A,Annual,ITF6,Calabria,KILLINJ,Killed and injured,9,Total,9,Total,9,Total,F,Injured,X,Pedestrian,TOTAL,Total,9,Total,99,Total,2021,221
A,Annual,ITF6,Calabria,KILLINJ,Killed and injured,9,Total,9,Total,9,Total,F,Injured,X,Pedestrian,TOTAL,Total,9,Total,99,Total,2022,318
A,Annual,ITF6,Calabria,KILLINJ,Killed and injured,9,Total,9,Total,9,Total,F,Injured,X,Pedestrian,TOTAL,Total,9,Total,99,Total,2023,272
A,Annual,ITF6,Calabria,KILLINJ,Killed and injured,9,Total,9,Total,9,Total,F,Injured,X,Pedestrian,TOTAL,Total,9,Total,99,Total,2024,306
A,Annual,ITF6,Calabria,KILLINJ,Killed and injured,9,Total,9,Total,9,Total,F,Injured,9,Total,TOTAL,Total,9,Total,99,Total,2010,5645
A,Annual,ITF6,Calabria,KILLINJ,Killed and injured,9,Total,9,Total,9,Total,F,Injured,9,Total,TOTAL,Total,9,Total,99,Total,2011,5116
A,Annual,ITF6,Calabria,KILLINJ,Killed and injured,9,Total,9,Total,9,Total,F,Injured,9,Total,TOTAL,Total,9,Total,99,Total,2012,4697
A,Annual,ITF6,Calabria,KILLINJ,Killed and injured,9,Total,9,Total,9,Total,F,Injured,9,Total,TOTAL,Total,9,Total,99,Total,2013,4721
A,Annual,ITF6,Calabria,KILLINJ,Killed and injured,9,Total,9,Total,9,Total,F,Injured,9,Total,TOTAL,Total,9,Total,99,Total,2014,4428
A,Annual,ITF6,Calabria,KILLINJ,Killed and injured,9,Total,9,Total,9,Total,F,Injured,9,Total,TOTAL,Total,9,Total,99,Total,2015,4700
A,Annual,ITF6,Calabria,KILLINJ,Killed and injured,9,Total,9,Total,9,Total,F,Injured,9,Total,TOTAL,Total,9,Total,99,Total,2016,4868
A,Annual,ITF6,Calabria,KILLINJ,Killed and injured,9,Total,9,Total,9,Total,F,Injured,9,Total,TOTAL,Total,9,Total,99,Total,2017,4863
A,Annual,ITF6,Calabria,KILLINJ,Killed and injured,9,Total,9,Total,9,Total,F,Injured,9,Total,TOTAL,Total,9,Total,99,Total,2018,4862
A,Annual,ITF6,Calabria,KILLINJ,Killed and injured,9,Total,9,Total,9,Total,F,Injured,9,Total,TOTAL,Total,9,Total,99,Total,2019,4551
A,Annual,ITF6,Calabria,KILLINJ,Killed and injured,9,Total,9,Total,9,Total,F,Injured,9,Total,TOTAL,Total,9,Total,99,Total,2020,3264
A,Annual,ITF6,Calabria,KILLINJ,Killed and injured,9,Total,9,Total,9,Total,F,Injured,9,Total,TOTAL,Total,9,Total,99,Total,2021,4029
A,Annual,ITF6,Calabria,KILLINJ,Killed and injured,9,Total,9,Total,9,Total,F,Injured,9,Total,TOTAL,Total,9,Total,99,Total,2022,4470
A,Annual,ITF6,Calabria,KILLINJ,Killed and injured,9,Total,9,Total,9,Total,F,Injured,9,Total,TOTAL,Total,9,Total,99,Total,2023,4385
A,Annual,ITF6,Calabria,KILLINJ,Killed and injured,9,Total,9,Total,9,Total,F,Injured,9,Total,TOTAL,Total,9,Total,99,Total,2024,4716
A,Annual,ITF6,Calabria,KILLINJ,Killed and injured,9,Total,9,Total,9,Total,9,Total,C,Driver,TOTAL,Total,9,Total,99,Total,2010,3650
A,Annual,ITF6,Calabria,KILLINJ,Killed and injured,9,Total,9,Total,9,Total,9,Total,C,Driver,TOTAL,Total,9,Total,99,Total,2011,3257
A,Annual,ITF6,Calabria,KILLINJ,Killed and injured,9,Total,9,Total,9,Total,9,Total,C,Driver,TOTAL,Total,9,Total,99,Total,2012,2931
A,Annual,ITF6,Calabria,KILLINJ,Killed and injured,9,Total,9,Total,9,Total,9,Total,C,Driver,TOTAL,Total,9,Total,99,Total,2013,2952
A,Annual,ITF6,Calabria,KILLINJ,Killed and injured,9,Total,9,Total,9,Total,9,Total,C,Driver,TOTAL,Total,9,Total,99,Total,2014,2822
A,Annual,ITF6,Calabria,KILLINJ,Killed and injured,9,Total,9,Total,9,Total,9,Total,C,Driver,TOTAL,Total,9,Total,99,Total,2015,2894
A,Annual,ITF6,Calabria,KILLINJ,Killed and injured,9,Total,9,Total,9,Total,9,Total,C,Driver,TOTAL,Total,9,Total,99,Total,2016,3063
A,Annual,ITF6,Calabria,KILLINJ,Killed and injured,9,Total,9,Total,9,Total,9,Total,C,Driver,TOTAL,Total,9,Total,99,Total,2017,2998
A,Annual,ITF6,Calabria,KILLINJ,Killed and injured,9,Total,9,Total,9,Total,9,Total,C,Driver,TOTAL,Total,9,Total,99,Total,2018,3113
A,Annual,ITF6,Calabria,KILLINJ,Killed and injured,9,Total,9,Total,9,Total,9,Total,C,Driver,TOTAL,Total,9,Total,99,Total,2019,2880
A,Annual,ITF6,Calabria,KILLINJ,Killed and injured,9,Total,9,Total,9,Total,9,Total,C,Driver,TOTAL,Total,9,Total,99,Total,2020,2120
A,Annual,ITF6,Calabria,KILLINJ,Killed and injured,9,Total,9,Total,9,Total,9,Total,C,Driver,TOTAL,Total,9,Total,99,Total,2021,2730
A,Annual,ITF6,Calabria,KILLINJ,Killed and injured,9,Total,9,Total,9,Total,9,Total,C,Driver,TOTAL,Total,9,Total,99,Total,2022,2909
A,Annual,ITF6,Calabria,KILLINJ,Killed and injured,9,Total,9,Total,9,Total,9,Total,C,Driver,TOTAL,Total,9,Total,99,Total,2023,2901
A,Annual,ITF6,Calabria,KILLINJ,Killed and injured,9,Total,9,Total,9,Total,9,Total,C,Driver,TOTAL,Total,9,Total,99,Total,2024,3167
A,Annual,ITF6,Calabria,KILLINJ,Killed and injured,9,Total,9,Total,9,Total,9,Total,P,Passenger,TOTAL,Total,9,Total,99,Total,2010,1885
A,Annual,ITF6,Calabria,KILLINJ,Killed and injured,9,Total,9,Total,9,Total,9,Total,P,Passenger,TOTAL,Total,9,Total,99,Total,2011,1733
A,Annual,ITF6,Calabria,KILLINJ,Killed and injured,9,Total,9,Total,9,Total,9,Total,P,Passenger,TOTAL,Total,9,Total,99,Total,2012,1584
A,Annual,ITF6,Calabria,KILLINJ,Killed and injured,9,Total,9,Total,9,Total,9,Total,P,Passenger,TOTAL,Total,9,Total,99,Total,2013,1605
A,Annual,ITF6,Calabria,KILLINJ,Killed and injured,9,Total,9,Total,9,Total,9,Total,P,Passenger,TOTAL,Total,9,Total,99,Total,2014,1430
A,Annual,ITF6,Calabria,KILLINJ,Killed and injured,9,Total,9,Total,9,Total,9,Total,P,Passenger,TOTAL,Total,9,Total,99,Total,2015,1628
A,Annual,ITF6,Calabria,KILLINJ,Killed and injured,9,Total,9,Total,9,Total,9,Total,P,Passenger,TOTAL,Total,9,Total,99,Total,2016,1635
A,Annual,ITF6,Calabria,KILLINJ,Killed and injured,9,Total,9,Total,9,Total,9,Total,P,Passenger,TOTAL,Total,9,Total,99,Total,2017,1661
A,Annual,ITF6,Calabria,KILLINJ,Killed and injured,9,Total,9,Total,9,Total,9,Total,P,Passenger,TOTAL,Total,9,Total,99,Total,2018,1590
A,Annual,ITF6,Calabria,KILLINJ,Killed and injured,9,Total,9,Total,9,Total,9,Total,P,Passenger,TOTAL,Total,9,Total,99,Total,2019,1469
A,Annual,ITF6,Calabria,KILLINJ,Killed and injured,9,Total,9,Total,9,Total,9,Total,P,Passenger,TOTAL,Total,9,Total,99,Total,2020,970
A,Annual,ITF6,Calabria,KILLINJ,Killed and injured,9,Total,9,Total,9,Total,9,Total,P,Passenger,TOTAL,Total,9,Total,99,Total,2021,1154
A,Annual,ITF6,Calabria,KILLINJ,Killed and injured,9,Total,9,Total,9,Total,9,Total,P,Passenger,TOTAL,Total,9,Total,99,Total,2022,1307
A,Annual,ITF6,Calabria,KILLINJ,Killed and injured,9,Total,9,Total,9,Total,9,Total,P,Passenger,TOTAL,Total,9,Total,99,Total,2023,1308
A,Annual,ITF6,Calabria,KILLINJ,Killed and injured,9,Total,9,Total,9,Total,9,Total,P,Passenger,TOTAL,Total,9,Total,99,Total,2024,1328
A,Annual,ITF6,Calabria,KILLINJ,Killed and injured,9,Total,9,Total,9,Total,9,Total,X,Pedestrian,TOTAL,Total,9,Total,99,Total,2010,248
A,Annual,ITF6,Calabria,KILLINJ,Killed and injured,9,Total,9,Total,9,Total,9,Total,X,Pedestrian,TOTAL,Total,9,Total,99,Total,2011,230
A,Annual,ITF6,Calabria,KILLINJ,Killed and injured,9,Total,9,Total,9,Total,9,Total,X,Pedestrian,TOTAL,Total,9,Total,99,Total,2012,305
A,Annual,ITF6,Calabria,KILLINJ,Killed and injured,9,Total,9,Total,9,Total,9,Total,X,Pedestrian,TOTAL,Total,9,Total,99,Total,2013,262
A,Annual,ITF6,Calabria,KILLINJ,Killed and injured,9,Total,9,Total,9,Total,9,Total,X,Pedestrian,TOTAL,Total,9,Total,99,Total,2014,277
A,Annual,ITF6,Calabria,KILLINJ,Killed and injured,9,Total,9,Total,9,Total,9,Total,X,Pedestrian,TOTAL,Total,9,Total,99,Total,2015,272
A,Annual,ITF6,Calabria,KILLINJ,Killed and injured,9,Total,9,Total,9,Total,9,Total,X,Pedestrian,TOTAL,Total,9,Total,99,Total,2016,287
A,Annual,ITF6,Calabria,KILLINJ,Killed and injured,9,Total,9,Total,9,Total,9,Total,X,Pedestrian,TOTAL,Total,9,Total,99,Total,2017,304
A,Annual,ITF6,Calabria,KILLINJ,Killed and injured,9,Total,9,Total,9,Total,9,Total,X,Pedestrian,TOTAL,Total,9,Total,99,Total,2018,286
A,Annual,ITF6,Calabria,KILLINJ,Killed and injured,9,Total,9,Total,9,Total,9,Total,X,Pedestrian,TOTAL,Total,9,Total,99,Total,2019,306
A,Annual,ITF6,Calabria,KILLINJ,Killed and injured,9,Total,9,Total,9,Total,9,Total,X,Pedestrian,TOTAL,Total,9,Total,99,Total,2020,235
A,Annual,ITF6,Calabria,KILLINJ,Killed and injured,9,Total,9,Total,9,Total,9,Total,X,Pedestrian,TOTAL,Total,9,Total,99,Total,2021,230
A,Annual,ITF6,Calabria,KILLINJ,Killed and injured,9,Total,9,Total,9,Total,9,Total,X,Pedestrian,TOTAL,Total,9,Total,99,Total,2022,328
A,Annual,ITF6,Calabria,KILLINJ,Killed and injured,9,Total,9,Total,9,Total,9,Total,X,Pedestrian,TOTAL,Total,9,Total,99,Total,2023,285
A,Annual,ITF6,Calabria,KILLINJ,Killed and injured,9,Total,9,Total,9,Total,9,Total,X,Pedestrian,TOTAL,Total,9,Total,99,Total,2024,317
A,Annual,ITF6,Calabria,KILLINJ,Killed and injured,9,Total,9,Total,9,Total,9,Total,9,Total,TOTAL,Total,9,Total,99,Total,2010,5783
A,Annual,ITF6,Calabria,KILLINJ,Killed and injured,9,Total,9,Total,9,Total,9,Total,9,Total,TOTAL,Total,9,Total,99,Total,2011,5220
A,Annual,ITF6,Calabria,KILLINJ,Killed and injured,9,Total,9,Total,9,Total,9,Total,9,Total,TOTAL,Total,9,Total,99,Total,2012,4820
A,Annual,ITF6,Calabria,KILLINJ,Killed and injured,9,Total,9,Total,9,Total,9,Total,9,Total,TOTAL,Total,9,Total,99,Total,2013,4819
A,Annual,ITF6,Calabria,KILLINJ,Killed and injured,9,Total,9,Total,9,Total,9,Total,9,Total,TOTAL,Total,9,Total,99,Total,2014,4529
A,Annual,ITF6,Calabria,KILLINJ,Killed and injured,9,Total,9,Total,9,Total,9,Total,9,Total,TOTAL,Total,9,Total,99,Total,2015,4794
A,Annual,ITF6,Calabria,KILLINJ,Killed and injured,9,Total,9,Total,9,Total,9,Total,9,Total,TOTAL,Total,9,Total,99,Total,2016,4985
A,Annual,ITF6,Calabria,KILLINJ,Killed and injured,9,Total,9,Total,9,Total,9,Total,9,Total,TOTAL,Total,9,Total,99,Total,2017,4963
A,Annual,ITF6,Calabria,KILLINJ,Killed and injured,9,Total,9,Total,9,Total,9,Total,9,Total,TOTAL,Total,9,Total,99,Total,2018,4989
A,Annual,ITF6,Calabria,KILLINJ,Killed and injured,9,Total,9,Total,9,Total,9,Total,9,Total,TOTAL,Total,9,Total,99,Total,2019,4655
A,Annual,ITF6,Calabria,KILLINJ,Killed and injured,9,Total,9,Total,9,Total,9,Total,9,Total,TOTAL,Total,9,Total,99,Total,2020,3325
A,Annual,ITF6,Calabria,KILLINJ,Killed and injured,9,Total,9,Total,9,Total,9,Total,9,Total,TOTAL,Total,9,Total,99,Total,2021,4114
A,Annual,ITF6,Calabria,KILLINJ,Killed and injured,9,Total,9,Total,9,Total,9,Total,9,Total,TOTAL,Total,9,Total,99,Total,2022,4544
A,Annual,ITF6,Calabria,KILLINJ,Killed and injured,9,Total,9,Total,9,Total,9,Total,9,Total,TOTAL,Total,9,Total,99,Total,2023,4494
A,Annual,ITF6,Calabria,KILLINJ,Killed and injured,9,Total,9,Total,9,Total,9,Total,9,Total,TOTAL,Total,9,Total,99,Total,2024,4812
A,Annual,ITG1,Sicilia,KILLINJ,Killed and injured,9,Total,9,Total,9,Total,M,Killed,C,Driver,TOTAL,Total,9,Total,99,Total,2010,188
A,Annual,ITG1,Sicilia,KILLINJ,Killed and injured,9,Total,9,Total,9,Total,M,Killed,C,Driver,TOTAL,Total,9,Total,99,Total,2011,180
A,Annual,ITG1,Sicilia,KILLINJ,Killed and injured,9,Total,9,Total,9,Total,M,Killed,C,Driver,TOTAL,Total,9,Total,99,Total,2012,141
A,Annual,ITG1,Sicilia,KILLINJ,Killed and injured,9,Total,9,Total,9,Total,M,Killed,C,Driver,TOTAL,Total,9,Total,99,Total,2013,166
A,Annual,ITG1,Sicilia,KILLINJ,Killed and injured,9,Total,9,Total,9,Total,M,Killed,C,Driver,TOTAL,Total,9,Total,99,Total,2014,136
A,Annual,ITG1,Sicilia,KILLINJ,Killed and injured,9,Total,9,Total,9,Total,M,Killed,C,Driver,TOTAL,Total,9,Total,99,Total,2015,146
A,Annual,ITG1,Sicilia,KILLINJ,Killed and injured,9,Total,9,Total,9,Total,M,Killed,C,Driver,TOTAL,Total,9,Total,99,Total,2016,130
A,Annual,ITG1,Sicilia,KILLINJ,Killed and injured,9,Total,9,Total,9,Total,M,Killed,C,Driver,TOTAL,Total,9,Total,99,Total,2017,137
A,Annual,ITG1,Sicilia,KILLINJ,Killed and injured,9,Total,9,Total,9,Total,M,Killed,C,Driver,TOTAL,Total,9,Total,99,Total,2018,131
A,Annual,ITG1,Sicilia,KILLINJ,Killed and injured,9,Total,9,Total,9,Total,M,Killed,C,Driver,TOTAL,Total,9,Total,99,Total,2019,131
A,Annual,ITG1,Sicilia,KILLINJ,Killed and injured,9,Total,9,Total,9,Total,M,Killed,C,Driver,TOTAL,Total,9,Total,99,Total,2020,119
A,Annual,ITG1,Sicilia,KILLINJ,Killed and injured,9,Total,9,Total,9,Total,M,Killed,C,Driver,TOTAL,Total,9,Total,99,Total,2021,159
A,Annual,ITG1,Sicilia,KILLINJ,Killed and injured,9,Total,9,Total,9,Total,M,Killed,C,Driver,TOTAL,Total,9,Total,99,Total,2022,160
A,Annual,ITG1,Sicilia,KILLINJ,Killed and injured,9,Total,9,Total,9,Total,M,Killed,C,Driver,TOTAL,Total,9,Total,99,Total,2023,157
A,Annual,ITG1,Sicilia,KILLINJ,Killed and injured,9,Total,9,Total,9,Total,M,Killed,C,Driver,TOTAL,Total,9,Total,99,Total,2024,166
A,Annual,ITG1,Sicilia,KILLINJ,Killed and injured,9,Total,9,Total,9,Total,M,Killed,P,Passenger,TOTAL,Total,9,Total,99,Total,2010,44
A,Annual,ITG1,Sicilia,KILLINJ,Killed and injured,9,Total,9,Total,9,Total,M,Killed,P,Passenger,TOTAL,Total,9,Total,99,Total,2011,52
A,Annual,ITG1,Sicilia,KILLINJ,Killed and injured,9,Total,9,Total,9,Total,M,Killed,P,Passenger,TOTAL,Total,9,Total,99,Total,2012,46
A,Annual,ITG1,Sicilia,KILLINJ,Killed and injured,9,Total,9,Total,9,Total,M,Killed,P,Passenger,TOTAL,Total,9,Total,99,Total,2013,53
A,Annual,ITG1,Sicilia,KILLINJ,Killed and injured,9,Total,9,Total,9,Total,M,Killed,P,Passenger,TOTAL,Total,9,Total,99,Total,2014,42
A,Annual,ITG1,Sicilia,KILLINJ,Killed and injured,9,Total,9,Total,9,Total,M,Killed,P,Passenger,TOTAL,Total,9,Total,99,Total,2015,34
A,Annual,ITG1,Sicilia,KILLINJ,Killed and injured,9,Total,9,Total,9,Total,M,Killed,P,Passenger,TOTAL,Total,9,Total,99,Total,2016,32
A,Annual,ITG1,Sicilia,KILLINJ,Killed and injured,9,Total,9,Total,9,Total,M,Killed,P,Passenger,TOTAL,Total,9,Total,99,Total,2017,37
A,Annual,ITG1,Sicilia,KILLINJ,Killed and injured,9,Total,9,Total,9,Total,M,Killed,P,Passenger,TOTAL,Total,9,Total,99,Total,2018,36
A,Annual,ITG1,Sicilia,KILLINJ,Killed and injured,9,Total,9,Total,9,Total,M,Killed,P,Passenger,TOTAL,Total,9,Total,99,Total,2019,44
A,Annual,ITG1,Sicilia,KILLINJ,Killed and injured,9,Total,9,Total,9,Total,M,Killed,P,Passenger,TOTAL,Total,9,Total,99,Total,2020,16
A,Annual,ITG1,Sicilia,KILLINJ,Killed and injured,9,Total,9,Total,9,Total,M,Killed,P,Passenger,TOTAL,Total,9,Total,99,Total,2021,39
A,Annual,ITG1,Sicilia,KILLINJ,Killed and injured,9,Total,9,Total,9,Total,M,Killed,P,Passenger,TOTAL,Total,9,Total,99,Total,2022,26
A,Annual,ITG1,Sicilia,KILLINJ,Killed and injured,9,Total,9,Total,9,Total,M,Killed,P,Passenger,TOTAL,Total,9,Total,99,Total,2023,45
A,Annual,ITG1,Sicilia,KILLINJ,Killed and injured,9,Total,9,Total,9,Total,M,Killed,P,Passenger,TOTAL,Total,9,Total,99,Total,2024,40
A,Annual,ITG1,Sicilia,KILLINJ,Killed and injured,9,Total,9,Total,9,Total,M,Killed,X,Pedestrian,TOTAL,Total,9,Total,99,Total,2010,47
A,Annual,ITG1,Sicilia,KILLINJ,Killed and injured,9,Total,9,Total,9,Total,M,Killed,X,Pedestrian,TOTAL,Total,9,Total,99,Total,2011,39
A,Annual,ITG1,Sicilia,KILLINJ,Killed and injured,9,Total,9,Total,9,Total,M,Killed,X,Pedestrian,TOTAL,Total,9,Total,99,Total,2012,42
A,Annual,ITG1,Sicilia,KILLINJ,Killed and injured,9,Total,9,Total,9,Total,M,Killed,X,Pedestrian,TOTAL,Total,9,Total,99,Total,2013,35
A,Annual,ITG1,Sicilia,KILLINJ,Killed and injured,9,Total,9,Total,9,Total,M,Killed,X,Pedestrian,TOTAL,Total,9,Total,99,Total,2014,31
A,Annual,ITG1,Sicilia,KILLINJ,Killed and injured,9,Total,9,Total,9,Total,M,Killed,X,Pedestrian,TOTAL,Total,9,Total,99,Total,2015,45
A,Annual,ITG1,Sicilia,KILLINJ,Killed and injured,9,Total,9,Total,9,Total,M,Killed,X,Pedestrian,TOTAL,Total,9,Total,99,Total,2016,30
A,Annual,ITG1,Sicilia,KILLINJ,Killed and injured,9,Total,9,Total,9,Total,M,Killed,X,Pedestrian,TOTAL,Total,9,Total,99,Total,2017,34
A,Annual,ITG1,Sicilia,KILLINJ,Killed and injured,9,Total,9,Total,9,Total,M,Killed,X,Pedestrian,TOTAL,Total,9,Total,99,Total,2018,43
A,Annual,ITG1,Sicilia,KILLINJ,Killed and injured,9,Total,9,Total,9,Total,M,Killed,X,Pedestrian,TOTAL,Total,9,Total,99,Total,2019,35
A,Annual,ITG1,Sicilia,KILLINJ,Killed and injured,9,Total,9,Total,9,Total,M,Killed,X,Pedestrian,TOTAL,Total,9,Total,99,Total,2020,26
A,Annual,ITG1,Sicilia,KILLINJ,Killed and injured,9,Total,9,Total,9,Total,M,Killed,X,Pedestrian,TOTAL,Total,9,Total,99,Total,2021,27
A,Annual,ITG1,Sicilia,KILLINJ,Killed and injured,9,Total,9,Total,9,Total,M,Killed,X,Pedestrian,TOTAL,Total,9,Total,99,Total,2022,40
A,Annual,ITG1,Sicilia,KILLINJ,Killed and injured,9,Total,9,Total,9,Total,M,Killed,X,Pedestrian,TOTAL,Total,9,Total,99,Total,2023,39
A,Annual,ITG1,Sicilia,KILLINJ,Killed and injured,9,Total,9,Total,9,Total,M,Killed,X,Pedestrian,TOTAL,Total,9,Total,99,Total,2024,34
A,Annual,ITG1,Sicilia,KILLINJ,Killed and injured,9,Total,9,Total,9,Total,M,Killed,9,Total,TOTAL,Total,9,Total,99,Total,2010,279
A,Annual,ITG1,Sicilia,KILLINJ,Killed and injured,9,Total,9,Total,9,Total,M,Killed,9,Total,TOTAL,Total,9,Total,99,Total,2011,271
A,Annual,ITG1,Sicilia,KILLINJ,Killed and injured,9,Total,9,Total,9,Total,M,Killed,9,Total,TOTAL,Total,9,Total,99,Total,2012,229
A,Annual,ITG1,Sicilia,KILLINJ,Killed and injured,9,Total,9,Total,9,Total,M,Killed,9,Total,TOTAL,Total,9,Total,99,Total,2013,254
A,Annual,ITG1,Sicilia,KILLINJ,Killed and injured,9,Total,9,Total,9,Total,M,Killed,9,Total,TOTAL,Total,9,Total,99,Total,2014,209
A,Annual,ITG1,Sicilia,KILLINJ,Killed and injured,9,Total,9,Total,9,Total,M,Killed,9,Total,TOTAL,Total,9,Total,99,Total,2015,225
A,Annual,ITG1,Sicilia,KILLINJ,Killed and injured,9,Total,9,Total,9,Total,M,Killed,9,Total,TOTAL,Total,9,Total,99,Total,2016,192
A,Annual,ITG1,Sicilia,KILLINJ,Killed and injured,9,Total,9,Total,9,Total,M,Killed,9,Total,TOTAL,Total,9,Total,99,Total,2017,208
A,Annual,ITG1,Sicilia,KILLINJ,Killed and injured,9,Total,9,Total,9,Total,M,Killed,9,Total,TOTAL,Total,9,Total,99,Total,2018,210
A,Annual,ITG1,Sicilia,KILLINJ,Killed and injured,9,Total,9,Total,9,Total,M,Killed,9,Total,TOTAL,Total,9,Total,99,Total,2019,210
A,Annual,ITG1,Sicilia,KILLINJ,Killed and injured,9,Total,9,Total,9,Total,M,Killed,9,Total,TOTAL,Total,9,Total,99,Total,2020,161
A,Annual,ITG1,Sicilia,KILLINJ,Killed and injured,9,Total,9,Total,9,Total,M,Killed,9,Total,TOTAL,Total,9,Total,99,Total,2021,225
A,Annual,ITG1,Sicilia,KILLINJ,Killed and injured,9,Total,9,Total,9,Total,M,Killed,9,Total,TOTAL,Total,9,Total,99,Total,2022,226
A,Annual,ITG1,Sicilia,KILLINJ,Killed and injured,9,Total,9,Total,9,Total,M,Killed,9,Total,TOTAL,Total,9,Total,99,Total,2023,241
A,Annual,ITG1,Sicilia,KILLINJ,Killed and injured,9,Total,9,Total,9,Total,M,Killed,9,Total,TOTAL,Total,9,Total,99,Total,2024,240
A,Annual,ITG1,Sicilia,KILLINJ,Killed and injured,9,Total,9,Total,9,Total,F,Injured,C,Driver,TOTAL,Total,9,Total,99,Total,2010,14482
A,Annual,ITG1,Sicilia,KILLINJ,Killed and injured,9,Total,9,Total,9,Total,F,Injured,C,Driver,TOTAL,Total,9,Total,99,Total,2011,13656
A,Annual,ITG1,Sicilia,KILLINJ,Killed and injured,9,Total,9,Total,9,Total,F,Injured,C,Driver,TOTAL,Total,9,Total,99,Total,2012,11875
A,Annual,ITG1,Sicilia,KILLINJ,Killed and injured,9,Total,9,Total,9,Total,F,Injured,C,Driver,TOTAL,Total,9,Total,99,Total,2013,11558
A,Annual,ITG1,Sicilia,KILLINJ,Killed and injured,9,Total,9,Total,9,Total,F,Injured,C,Driver,TOTAL,Total,9,Total,99,Total,2014,11226
A,Annual,ITG1,Sicilia,KILLINJ,Killed and injured,9,Total,9,Total,9,Total,F,Injured,C,Driver,TOTAL,Total,9,Total,99,Total,2015,10762
A,Annual,ITG1,Sicilia,KILLINJ,Killed and injured,9,Total,9,Total,9,Total,F,Injured,C,Driver,TOTAL,Total,9,Total,99,Total,2016,10969
A,Annual,ITG1,Sicilia,KILLINJ,Killed and injured,9,Total,9,Total,9,Total,F,Injured,C,Driver,TOTAL,Total,9,Total,99,Total,2017,10769
A,Annual,ITG1,Sicilia,KILLINJ,Killed and injured,9,Total,9,Total,9,Total,F,Injured,C,Driver,TOTAL,Total,9,Total,99,Total,2018,10716
A,Annual,ITG1,Sicilia,KILLINJ,Killed and injured,9,Total,9,Total,9,Total,F,Injured,C,Driver,TOTAL,Total,9,Total,99,Total,2019,10543
A,Annual,ITG1,Sicilia,KILLINJ,Killed and injured,9,Total,9,Total,9,Total,F,Injured,C,Driver,TOTAL,Total,9,Total,99,Total,2020,7771
A,Annual,ITG1,Sicilia,KILLINJ,Killed and injured,9,Total,9,Total,9,Total,F,Injured,C,Driver,TOTAL,Total,9,Total,99,Total,2021,9712
A,Annual,ITG1,Sicilia,KILLINJ,Killed and injured,9,Total,9,Total,9,Total,F,Injured,C,Driver,TOTAL,Total,9,Total,99,Total,2022,10243
A,Annual,ITG1,Sicilia,KILLINJ,Killed and injured,9,Total,9,Total,9,Total,F,Injured,C,Driver,TOTAL,Total,9,Total,99,Total,2023,10683
A,Annual,ITG1,Sicilia,KILLINJ,Killed and injured,9,Total,9,Total,9,Total,F,Injured,C,Driver,TOTAL,Total,9,Total,99,Total,2024,11147
A,Annual,ITG1,Sicilia,KILLINJ,Killed and injured,9,Total,9,Total,9,Total,F,Injured,P,Passenger,TOTAL,Total,9,Total,99,Total,2010,6172
A,Annual,ITG1,Sicilia,KILLINJ,Killed and injured,9,Total,9,Total,9,Total,F,Injured,P,Passenger,TOTAL,Total,9,Total,99,Total,2011,5267
A,Annual,ITG1,Sicilia,KILLINJ,Killed and injured,9,Total,9,Total,9,Total,F,Injured,P,Passenger,TOTAL,Total,9,Total,99,Total,2012,4722
A,Annual,ITG1,Sicilia,KILLINJ,Killed and injured,9,Total,9,Total,9,Total,F,Injured,P,Passenger,TOTAL,Total,9,Total,99,Total,2013,4991
A,Annual,ITG1,Sicilia,KILLINJ,Killed and injured,9,Total,9,Total,9,Total,F,Injured,P,Passenger,TOTAL,Total,9,Total,99,Total,2014,4826
A,Annual,ITG1,Sicilia,KILLINJ,Killed and injured,9,Total,9,Total,9,Total,F,Injured,P,Passenger,TOTAL,Total,9,Total,99,Total,2015,4322
A,Annual,ITG1,Sicilia,KILLINJ,Killed and injured,9,Total,9,Total,9,Total,F,Injured,P,Passenger,TOTAL,Total,9,Total,99,Total,2016,4547
A,Annual,ITG1,Sicilia,KILLINJ,Killed and injured,9,Total,9,Total,9,Total,F,Injured,P,Passenger,TOTAL,Total,9,Total,99,Total,2017,4458
A,Annual,ITG1,Sicilia,KILLINJ,Killed and injured,9,Total,9,Total,9,Total,F,Injured,P,Passenger,TOTAL,Total,9,Total,99,Total,2018,4460
A,Annual,ITG1,Sicilia,KILLINJ,Killed and injured,9,Total,9,Total,9,Total,F,Injured,P,Passenger,TOTAL,Total,9,Total,99,Total,2019,4411
A,Annual,ITG1,Sicilia,KILLINJ,Killed and injured,9,Total,9,Total,9,Total,F,Injured,P,Passenger,TOTAL,Total,9,Total,99,Total,2020,3039
A,Annual,ITG1,Sicilia,KILLINJ,Killed and injured,9,Total,9,Total,9,Total,F,Injured,P,Passenger,TOTAL,Total,9,Total,99,Total,2021,3809
A,Annual,ITG1,Sicilia,KILLINJ,Killed and injured,9,Total,9,Total,9,Total,F,Injured,P,Passenger,TOTAL,Total,9,Total,99,Total,2022,4017
A,Annual,ITG1,Sicilia,KILLINJ,Killed and injured,9,Total,9,Total,9,Total,F,Injured,P,Passenger,TOTAL,Total,9,Total,99,Total,2023,4145
A,Annual,ITG1,Sicilia,KILLINJ,Killed and injured,9,Total,9,Total,9,Total,F,Injured,P,Passenger,TOTAL,Total,9,Total,99,Total,2024,4389
A,Annual,ITG1,Sicilia,KILLINJ,Killed and injured,9,Total,9,Total,9,Total,F,Injured,X,Pedestrian,TOTAL,Total,9,Total,99,Total,2010,1350
A,Annual,ITG1,Sicilia,KILLINJ,Killed and injured,9,Total,9,Total,9,Total,F,Injured,X,Pedestrian,TOTAL,Total,9,Total,99,Total,2011,1206
A,Annual,ITG1,Sicilia,KILLINJ,Killed and injured,9,Total,9,Total,9,Total,F,Injured,X,Pedestrian,TOTAL,Total,9,Total,99,Total,2012,1121
A,Annual,ITG1,Sicilia,KILLINJ,Killed and injured,9,Total,9,Total,9,Total,F,Injured,X,Pedestrian,TOTAL,Total,9,Total,99,Total,2013,1177
A,Annual,ITG1,Sicilia,KILLINJ,Killed and injured,9,Total,9,Total,9,Total,F,Injured,X,Pedestrian,TOTAL,Total,9,Total,99,Total,2014,1115
A,Annual,ITG1,Sicilia,KILLINJ,Killed and injured,9,Total,9,Total,9,Total,F,Injured,X,Pedestrian,TOTAL,Total,9,Total,99,Total,2015,1140
A,Annual,ITG1,Sicilia,KILLINJ,Killed and injured,9,Total,9,Total,9,Total,F,Injured,X,Pedestrian,TOTAL,Total,9,Total,99,Total,2016,1085
A,Annual,ITG1,Sicilia,KILLINJ,Killed and injured,9,Total,9,Total,9,Total,F,Injured,X,Pedestrian,TOTAL,Total,9,Total,99,Total,2017,1230
A,Annual,ITG1,Sicilia,KILLINJ,Killed and injured,9,Total,9,Total,9,Total,F,Injured,X,Pedestrian,TOTAL,Total,9,Total,99,Total,2018,1242
A,Annual,ITG1,Sicilia,KILLINJ,Killed and injured,9,Total,9,Total,9,Total,F,Injured,X,Pedestrian,TOTAL,Total,9,Total,99,Total,2019,1129
A,Annual,ITG1,Sicilia,KILLINJ,Killed and injured,9,Total,9,Total,9,Total,F,Injured,X,Pedestrian,TOTAL,Total,9,Total,99,Total,2020,780
A,Annual,ITG1,Sicilia,KILLINJ,Killed and injured,9,Total,9,Total,9,Total,F,Injured,X,Pedestrian,TOTAL,Total,9,Total,99,Total,2021,967
A,Annual,ITG1,Sicilia,KILLINJ,Killed and injured,9,Total,9,Total,9,Total,F,Injured,X,Pedestrian,TOTAL,Total,9,Total,99,Total,2022,939
A,Annual,ITG1,Sicilia,KILLINJ,Killed and injured,9,Total,9,Total,9,Total,F,Injured,X,Pedestrian,TOTAL,Total,9,Total,99,Total,2023,1027
A,Annual,ITG1,Sicilia,KILLINJ,Killed and injured,9,Total,9,Total,9,Total,F,Injured,X,Pedestrian,TOTAL,Total,9,Total,99,Total,2024,1031
A,Annual,ITG1,Sicilia,KILLINJ,Killed and injured,9,Total,9,Total,9,Total,F,Injured,9,Total,TOTAL,Total,9,Total,99,Total,2010,22004
A,Annual,ITG1,Sicilia,KILLINJ,Killed and injured,9,Total,9,Total,9,Total,F,Injured,9,Total,TOTAL,Total,9,Total,99,Total,2011,20129
A,Annual,ITG1,Sicilia,KILLINJ,Killed and injured,9,Total,9,Total,9,Total,F,Injured,9,Total,TOTAL,Total,9,Total,99,Total,2012,17718
A,Annual,ITG1,Sicilia,KILLINJ,Killed and injured,9,Total,9,Total,9,Total,F,Injured,9,Total,TOTAL,Total,9,Total,99,Total,2013,17726
A,Annual,ITG1,Sicilia,KILLINJ,Killed and injured,9,Total,9,Total,9,Total,F,Injured,9,Total,TOTAL,Total,9,Total,99,Total,2014,17167
A,Annual,ITG1,Sicilia,KILLINJ,Killed and injured,9,Total,9,Total,9,Total,F,Injured,9,Total,TOTAL,Total,9,Total,99,Total,2015,16224
A,Annual,ITG1,Sicilia,KILLINJ,Killed and injured,9,Total,9,Total,9,Total,F,Injured,9,Total,TOTAL,Total,9,Total,99,Total,2016,16601
A,Annual,ITG1,Sicilia,KILLINJ,Killed and injured,9,Total,9,Total,9,Total,F,Injured,9,Total,TOTAL,Total,9,Total,99,Total,2017,16457
A,Annual,ITG1,Sicilia,KILLINJ,Killed and injured,9,Total,9,Total,9,Total,F,Injured,9,Total,TOTAL,Total,9,Total,99,Total,2018,16418
A,Annual,ITG1,Sicilia,KILLINJ,Killed and injured,9,Total,9,Total,9,Total,F,Injured,9,Total,TOTAL,Total,9,Total,99,Total,2019,16083
A,Annual,ITG1,Sicilia,KILLINJ,Killed and injured,9,Total,9,Total,9,Total,F,Injured,9,Total,TOTAL,Total,9,Total,99,Total,2020,11590
A,Annual,ITG1,Sicilia,KILLINJ,Killed and injured,9,Total,9,Total,9,Total,F,Injured,9,Total,TOTAL,Total,9,Total,99,Total,2021,14488
A,Annual,ITG1,Sicilia,KILLINJ,Killed and injured,9,Total,9,Total,9,Total,F,Injured,9,Total,TOTAL,Total,9,Total,99,Total,2022,15199
A,Annual,ITG1,Sicilia,KILLINJ,Killed and injured,9,Total,9,Total,9,Total,F,Injured,9,Total,TOTAL,Total,9,Total,99,Total,2023,15855
A,Annual,ITG1,Sicilia,KILLINJ,Killed and injured,9,Total,9,Total,9,Total,F,Injured,9,Total,TOTAL,Total,9,Total,99,Total,2024,16567
A,Annual,ITG1,Sicilia,KILLINJ,Killed and injured,9,Total,9,Total,9,Total,9,Total,C,Driver,TOTAL,Total,9,Total,99,Total,2010,14670
A,Annual,ITG1,Sicilia,KILLINJ,Killed and injured,9,Total,9,Total,9,Total,9,Total,C,Driver,TOTAL,Total,9,Total,99,Total,2011,13836
A,Annual,ITG1,Sicilia,KILLINJ,Killed and injured,9,Total,9,Total,9,Total,9,Total,C,Driver,TOTAL,Total,9,Total,99,Total,2012,12016
A,Annual,ITG1,Sicilia,KILLINJ,Killed and injured,9,Total,9,Total,9,Total,9,Total,C,Driver,TOTAL,Total,9,Total,99,Total,2013,11724
A,Annual,ITG1,Sicilia,KILLINJ,Killed and injured,9,Total,9,Total,9,Total,9,Total,C,Driver,TOTAL,Total,9,Total,99,Total,2014,11362
A,Annual,ITG1,Sicilia,KILLINJ,Killed and injured,9,Total,9,Total,9,Total,9,Total,C,Driver,TOTAL,Total,9,Total,99,Total,2015,10908
A,Annual,ITG1,Sicilia,KILLINJ,Killed and injured,9,Total,9,Total,9,Total,9,Total,C,Driver,TOTAL,Total,9,Total,99,Total,2016,11099
A,Annual,ITG1,Sicilia,KILLINJ,Killed and injured,9,Total,9,Total,9,Total,9,Total,C,Driver,TOTAL,Total,9,Total,99,Total,2017,10906
A,Annual,ITG1,Sicilia,KILLINJ,Killed and injured,9,Total,9,Total,9,Total,9,Total,C,Driver,TOTAL,Total,9,Total,99,Total,2018,10847
A,Annual,ITG1,Sicilia,KILLINJ,Killed and injured,9,Total,9,Total,9,Total,9,Total,C,Driver,TOTAL,Total,9,Total,99,Total,2019,10674
A,Annual,ITG1,Sicilia,KILLINJ,Killed and injured,9,Total,9,Total,9,Total,9,Total,C,Driver,TOTAL,Total,9,Total,99,Total,2020,7890
A,Annual,ITG1,Sicilia,KILLINJ,Killed and injured,9,Total,9,Total,9,Total,9,Total,C,Driver,TOTAL,Total,9,Total,99,Total,2021,9871
A,Annual,ITG1,Sicilia,KILLINJ,Killed and injured,9,Total,9,Total,9,Total,9,Total,C,Driver,TOTAL,Total,9,Total,99,Total,2022,10403
A,Annual,ITG1,Sicilia,KILLINJ,Killed and injured,9,Total,9,Total,9,Total,9,Total,C,Driver,TOTAL,Total,9,Total,99,Total,2023,10840
A,Annual,ITG1,Sicilia,KILLINJ,Killed and injured,9,Total,9,Total,9,Total,9,Total,C,Driver,TOTAL,Total,9,Total,99,Total,2024,11313
A,Annual,ITG1,Sicilia,KILLINJ,Killed and injured,9,Total,9,Total,9,Total,9,Total,P,Passenger,TOTAL,Total,9,Total,99,Total,2010,6216
A,Annual,ITG1,Sicilia,KILLINJ,Killed and injured,9,Total,9,Total,9,Total,9,Total,P,Passenger,TOTAL,Total,9,Total,99,Total,2011,5319
A,Annual,ITG1,Sicilia,KILLINJ,Killed and injured,9,Total,9,Total,9,Total,9,Total,P,Passenger,TOTAL,Total,9,Total,99,Total,2012,4768
A,Annual,ITG1,Sicilia,KILLINJ,Killed and injured,9,Total,9,Total,9,Total,9,Total,P,Passenger,TOTAL,Total,9,Total,99,Total,2013,5044
A,Annual,ITG1,Sicilia,KILLINJ,Killed and injured,9,Total,9,Total,9,Total,9,Total,P,Passenger,TOTAL,Total,9,Total,99,Total,2014,4868
A,Annual,ITG1,Sicilia,KILLINJ,Killed and injured,9,Total,9,Total,9,Total,9,Total,P,Passenger,TOTAL,Total,9,Total,99,Total,2015,4356
A,Annual,ITG1,Sicilia,KILLINJ,Killed and injured,9,Total,9,Total,9,Total,9,Total,P,Passenger,TOTAL,Total,9,Total,99,Total,2016,4579
A,Annual,ITG1,Sicilia,KILLINJ,Killed and injured,9,Total,9,Total,9,Total,9,Total,P,Passenger,TOTAL,Total,9,Total,99,Total,2017,4495
A,Annual,ITG1,Sicilia,KILLINJ,Killed and injured,9,Total,9,Total,9,Total,9,Total,P,Passenger,TOTAL,Total,9,Total,99,Total,2018,4496
A,Annual,ITG1,Sicilia,KILLINJ,Killed and injured,9,Total,9,Total,9,Total,9,Total,P,Passenger,TOTAL,Total,9,Total,99,Total,2019,4455
A,Annual,ITG1,Sicilia,KILLINJ,Killed and injured,9,Total,9,Total,9,Total,9,Total,P,Passenger,TOTAL,Total,9,Total,99,Total,2020,3055
A,Annual,ITG1,Sicilia,KILLINJ,Killed and injured,9,Total,9,Total,9,Total,9,Total,P,Passenger,TOTAL,Total,9,Total,99,Total,2021,3848
A,Annual,ITG1,Sicilia,KILLINJ,Killed and injured,9,Total,9,Total,9,Total,9,Total,P,Passenger,TOTAL,Total,9,Total,99,Total,2022,4043
A,Annual,ITG1,Sicilia,KILLINJ,Killed and injured,9,Total,9,Total,9,Total,9,Total,P,Passenger,TOTAL,Total,9,Total,99,Total,2023,4190
A,Annual,ITG1,Sicilia,KILLINJ,Killed and injured,9,Total,9,Total,9,Total,9,Total,P,Passenger,TOTAL,Total,9,Total,99,Total,2024,4429
A,Annual,ITG1,Sicilia,KILLINJ,Killed and injured,9,Total,9,Total,9,Total,9,Total,X,Pedestrian,TOTAL,Total,9,Total,99,Total,2010,1397
A,Annual,ITG1,Sicilia,KILLINJ,Killed and injured,9,Total,9,Total,9,Total,9,Total,X,Pedestrian,TOTAL,Total,9,Total,99,Total,2011,1245
A,Annual,ITG1,Sicilia,KILLINJ,Killed and injured,9,Total,9,Total,9,Total,9,Total,X,Pedestrian,TOTAL,Total,9,Total,99,Total,2012,1163
A,Annual,ITG1,Sicilia,KILLINJ,Killed and injured,9,Total,9,Total,9,Total,9,Total,X,Pedestrian,TOTAL,Total,9,Total,99,Total,2013,1212
A,Annual,ITG1,Sicilia,KILLINJ,Killed and injured,9,Total,9,Total,9,Total,9,Total,X,Pedestrian,TOTAL,Total,9,Total,99,Total,2014,1146
A,Annual,ITG1,Sicilia,KILLINJ,Killed and injured,9,Total,9,Total,9,Total,9,Total,X,Pedestrian,TOTAL,Total,9,Total,99,Total,2015,1185
A,Annual,ITG1,Sicilia,KILLINJ,Killed and injured,9,Total,9,Total,9,Total,9,Total,X,Pedestrian,TOTAL,Total,9,Total,99,Total,2016,1115
A,Annual,ITG1,Sicilia,KILLINJ,Killed and injured,9,Total,9,Total,9,Total,9,Total,X,Pedestrian,TOTAL,Total,9,Total,99,Total,2017,1264
A,Annual,ITG1,Sicilia,KILLINJ,Killed and injured,9,Total,9,Total,9,Total,9,Total,X,Pedestrian,TOTAL,Total,9,Total,99,Total,2018,1285
A,Annual,ITG1,Sicilia,KILLINJ,Killed and injured,9,Total,9,Total,9,Total,9,Total,X,Pedestrian,TOTAL,Total,9,Total,99,Total,2019,1164
A,Annual,ITG1,Sicilia,KILLINJ,Killed and injured,9,Total,9,Total,9,Total,9,Total,X,Pedestrian,TOTAL,Total,9,Total,99,Total,2020,806
A,Annual,ITG1,Sicilia,KILLINJ,Killed and injured,9,Total,9,Total,9,Total,9,Total,X,Pedestrian,TOTAL,Total,9,Total,99,Total,2021,994
A,Annual,ITG1,Sicilia,KILLINJ,Killed and injured,9,Total,9,Total,9,Total,9,Total,X,Pedestrian,TOTAL,Total,9,Total,99,Total,2022,979
A,Annual,ITG1,Sicilia,KILLINJ,Killed and injured,9,Total,9,Total,9,Total,9,Total,X,Pedestrian,TOTAL,Total,9,Total,99,Total,2023,1066
A,Annual,ITG1,Sicilia,KILLINJ,Killed and injured,9,Total,9,Total,9,Total,9,Total,X,Pedestrian,TOTAL,Total,9,Total,99,Total,2024,1065
A,Annual,ITG1,Sicilia,KILLINJ,Killed and injured,9,Total,9,Total,9,Total,9,Total,9,Total,TOTAL,Total,9,Total,99,Total,2010,22283
A,Annual,ITG1,Sicilia,KILLINJ,Killed and injured,9,Total,9,Total,9,Total,9,Total,9,Total,TOTAL,Total,9,Total,99,Total,2011,20400
A,Annual,ITG1,Sicilia,KILLINJ,Killed and injured,9,Total,9,Total,9,Total,9,Total,9,Total,TOTAL,Total,9,Total,99,Total,2012,17947
A,Annual,ITG1,Sicilia,KILLINJ,Killed and injured,9,Total,9,Total,9,Total,9,Total,9,Total,TOTAL,Total,9,Total,99,Total,2013,17980
A,Annual,ITG1,Sicilia,KILLINJ,Killed and injured,9,Total,9,Total,9,Total,9,Total,9,Total,TOTAL,Total,9,Total,99,Total,2014,17376
A,Annual,ITG1,Sicilia,KILLINJ,Killed and injured,9,Total,9,Total,9,Total,9,Total,9,Total,TOTAL,Total,9,Total,99,Total,2015,16449
A,Annual,ITG1,Sicilia,KILLINJ,Killed and injured,9,Total,9,Total,9,Total,9,Total,9,Total,TOTAL,Total,9,Total,99,Total,2016,16793
A,Annual,ITG1,Sicilia,KILLINJ,Killed and injured,9,Total,9,Total,9,Total,9,Total,9,Total,TOTAL,Total,9,Total,99,Total,2017,16665
A,Annual,ITG1,Sicilia,KILLINJ,Killed and injured,9,Total,9,Total,9,Total,9,Total,9,Total,TOTAL,Total,9,Total,99,Total,2018,16628
A,Annual,ITG1,Sicilia,KILLINJ,Killed and injured,9,Total,9,Total,9,Total,9,Total,9,Total,TOTAL,Total,9,Total,99,Total,2019,16293
A,Annual,ITG1,Sicilia,KILLINJ,Killed and injured,9,Total,9,Total,9,Total,9,Total,9,Total,TOTAL,Total,9,Total,99,Total,2020,11751
A,Annual,ITG1,Sicilia,KILLINJ,Killed and injured,9,Total,9,Total,9,Total,9,Total,9,Total,TOTAL,Total,9,Total,99,Total,2021,14713
A,Annual,ITG1,Sicilia,KILLINJ,Killed and injured,9,Total,9,Total,9,Total,9,Total,9,Total,TOTAL,Total,9,Total,99,Total,2022,15425
A,Annual,ITG1,Sicilia,KILLINJ,Killed and injured,9,Total,9,Total,9,Total,9,Total,9,Total,TOTAL,Total,9,Total,99,Total,2023,16096
A,Annual,ITG1,Sicilia,KILLINJ,Killed and injured,9,Total,9,Total,9,Total,9,Total,9,Total,TOTAL,Total,9,Total,99,Total,2024,16807
A,Annual,ITG2,Sardegna,KILLINJ,Killed and injured,9,Total,9,Total,9,Total,M,Killed,C,Driver,TOTAL,Total,9,Total,99,Total,2010,77
A,Annual,ITG2,Sardegna,KILLINJ,Killed and injured,9,Total,9,Total,9,Total,M,Killed,C,Driver,TOTAL,Total,9,Total,99,Total,2011,66
A,Annual,ITG2,Sardegna,KILLINJ,Killed and injured,9,Total,9,Total,9,Total,M,Killed,C,Driver,TOTAL,Total,9,Total,99,Total,2012,71
A,Annual,ITG2,Sardegna,KILLINJ,Killed and injured,9,Total,9,Total,9,Total,M,Killed,C,Driver,TOTAL,Total,9,Total,99,Total,2013,85
A,Annual,ITG2,Sardegna,KILLINJ,Killed and injured,9,Total,9,Total,9,Total,M,Killed,C,Driver,TOTAL,Total,9,Total,99,Total,2014,64
A,Annual,ITG2,Sardegna,KILLINJ,Killed and injured,9,Total,9,Total,9,Total,M,Killed,C,Driver,TOTAL,Total,9,Total,99,Total,2015,82
A,Annual,ITG2,Sardegna,KILLINJ,Killed and injured,9,Total,9,Total,9,Total,M,Killed,C,Driver,TOTAL,Total,9,Total,99,Total,2016,79
A,Annual,ITG2,Sardegna,KILLINJ,Killed and injured,9,Total,9,Total,9,Total,M,Killed,C,Driver,TOTAL,Total,9,Total,99,Total,2017,63
A,Annual,ITG2,Sardegna,KILLINJ,Killed and injured,9,Total,9,Total,9,Total,M,Killed,C,Driver,TOTAL,Total,9,Total,99,Total,2018,68
A,Annual,ITG2,Sardegna,KILLINJ,Killed and injured,9,Total,9,Total,9,Total,M,Killed,C,Driver,TOTAL,Total,9,Total,99,Total,2019,52
A,Annual,ITG2,Sardegna,KILLINJ,Killed and injured,9,Total,9,Total,9,Total,M,Killed,C,Driver,TOTAL,Total,9,Total,99,Total,2020,62
A,Annual,ITG2,Sardegna,KILLINJ,Killed and injured,9,Total,9,Total,9,Total,M,Killed,C,Driver,TOTAL,Total,9,Total,99,Total,2021,63
A,Annual,ITG2,Sardegna,KILLINJ,Killed and injured,9,Total,9,Total,9,Total,M,Killed,C,Driver,TOTAL,Total,9,Total,99,Total,2022,84
A,Annual,ITG2,Sardegna,KILLINJ,Killed and injured,9,Total,9,Total,9,Total,M,Killed,C,Driver,TOTAL,Total,9,Total,99,Total,2023,72
A,Annual,ITG2,Sardegna,KILLINJ,Killed and injured,9,Total,9,Total,9,Total,M,Killed,C,Driver,TOTAL,Total,9,Total,99,Total,2024,80
A,Annual,ITG2,Sardegna,KILLINJ,Killed and injured,9,Total,9,Total,9,Total,M,Killed,P,Passenger,TOTAL,Total,9,Total,99,Total,2010,18
A,Annual,ITG2,Sardegna,KILLINJ,Killed and injured,9,Total,9,Total,9,Total,M,Killed,P,Passenger,TOTAL,Total,9,Total,99,Total,2011,23
A,Annual,ITG2,Sardegna,KILLINJ,Killed and injured,9,Total,9,Total,9,Total,M,Killed,P,Passenger,TOTAL,Total,9,Total,99,Total,2012,14
A,Annual,ITG2,Sardegna,KILLINJ,Killed and injured,9,Total,9,Total,9,Total,M,Killed,P,Passenger,TOTAL,Total,9,Total,99,Total,2013,26
A,Annual,ITG2,Sardegna,KILLINJ,Killed and injured,9,Total,9,Total,9,Total,M,Killed,P,Passenger,TOTAL,Total,9,Total,99,Total,2014,22
A,Annual,ITG2,Sardegna,KILLINJ,Killed and injured,9,Total,9,Total,9,Total,M,Killed,P,Passenger,TOTAL,Total,9,Total,99,Total,2015,13
A,Annual,ITG2,Sardegna,KILLINJ,Killed and injured,9,Total,9,Total,9,Total,M,Killed,P,Passenger,TOTAL,Total,9,Total,99,Total,2016,13
A,Annual,ITG2,Sardegna,KILLINJ,Killed and injured,9,Total,9,Total,9,Total,M,Killed,P,Passenger,TOTAL,Total,9,Total,99,Total,2017,14
A,Annual,ITG2,Sardegna,KILLINJ,Killed and injured,9,Total,9,Total,9,Total,M,Killed,P,Passenger,TOTAL,Total,9,Total,99,Total,2018,16
A,Annual,ITG2,Sardegna,KILLINJ,Killed and injured,9,Total,9,Total,9,Total,M,Killed,P,Passenger,TOTAL,Total,9,Total,99,Total,2019,9
A,Annual,ITG2,Sardegna,KILLINJ,Killed and injured,9,Total,9,Total,9,Total,M,Killed,P,Passenger,TOTAL,Total,9,Total,99,Total,2020,16
A,Annual,ITG2,Sardegna,KILLINJ,Killed and injured,9,Total,9,Total,9,Total,M,Killed,P,Passenger,TOTAL,Total,9,Total,99,Total,2021,13
A,Annual,ITG2,Sardegna,KILLINJ,Killed and injured,9,Total,9,Total,9,Total,M,Killed,P,Passenger,TOTAL,Total,9,Total,99,Total,2022,7
A,Annual,ITG2,Sardegna,KILLINJ,Killed and injured,9,Total,9,Total,9,Total,M,Killed,P,Passenger,TOTAL,Total,9,Total,99,Total,2023,22
A,Annual,ITG2,Sardegna,KILLINJ,Killed and injured,9,Total,9,Total,9,Total,M,Killed,P,Passenger,TOTAL,Total,9,Total,99,Total,2024,16
A,Annual,ITG2,Sardegna,KILLINJ,Killed and injured,9,Total,9,Total,9,Total,M,Killed,X,Pedestrian,TOTAL,Total,9,Total,99,Total,2010,11
A,Annual,ITG2,Sardegna,KILLINJ,Killed and injured,9,Total,9,Total,9,Total,M,Killed,X,Pedestrian,TOTAL,Total,9,Total,99,Total,2011,11
A,Annual,ITG2,Sardegna,KILLINJ,Killed and injured,9,Total,9,Total,9,Total,M,Killed,X,Pedestrian,TOTAL,Total,9,Total,99,Total,2012,10
A,Annual,ITG2,Sardegna,KILLINJ,Killed and injured,9,Total,9,Total,9,Total,M,Killed,X,Pedestrian,TOTAL,Total,9,Total,99,Total,2013,12
A,Annual,ITG2,Sardegna,KILLINJ,Killed and injured,9,Total,9,Total,9,Total,M,Killed,X,Pedestrian,TOTAL,Total,9,Total,99,Total,2014,12
A,Annual,ITG2,Sardegna,KILLINJ,Killed and injured,9,Total,9,Total,9,Total,M,Killed,X,Pedestrian,TOTAL,Total,9,Total,99,Total,2015,15
A,Annual,ITG2,Sardegna,KILLINJ,Killed and injured,9,Total,9,Total,9,Total,M,Killed,X,Pedestrian,TOTAL,Total,9,Total,99,Total,2016,14
A,Annual,ITG2,Sardegna,KILLINJ,Killed and injured,9,Total,9,Total,9,Total,M,Killed,X,Pedestrian,TOTAL,Total,9,Total,99,Total,2017,13
A,Annual,ITG2,Sardegna,KILLINJ,Killed and injured,9,Total,9,Total,9,Total,M,Killed,X,Pedestrian,TOTAL,Total,9,Total,99,Total,2018,21
A,Annual,ITG2,Sardegna,KILLINJ,Killed and injured,9,Total,9,Total,9,Total,M,Killed,X,Pedestrian,TOTAL,Total,9,Total,99,Total,2019,10
A,Annual,ITG2,Sardegna,KILLINJ,Killed and injured,9,Total,9,Total,9,Total,M,Killed,X,Pedestrian,TOTAL,Total,9,Total,99,Total,2020,17
A,Annual,ITG2,Sardegna,KILLINJ,Killed and injured,9,Total,9,Total,9,Total,M,Killed,X,Pedestrian,TOTAL,Total,9,Total,99,Total,2021,15
A,Annual,ITG2,Sardegna,KILLINJ,Killed and injured,9,Total,9,Total,9,Total,M,Killed,X,Pedestrian,TOTAL,Total,9,Total,99,Total,2022,9
A,Annual,ITG2,Sardegna,KILLINJ,Killed and injured,9,Total,9,Total,9,Total,M,Killed,X,Pedestrian,TOTAL,Total,9,Total,99,Total,2023,16
A,Annual,ITG2,Sardegna,KILLINJ,Killed and injured,9,Total,9,Total,9,Total,M,Killed,X,Pedestrian,TOTAL,Total,9,Total,99,Total,2024,17
A,Annual,ITG2,Sardegna,KILLINJ,Killed and injured,9,Total,9,Total,9,Total,M,Killed,9,Total,TOTAL,Total,9,Total,99,Total,2010,106
A,Annual,ITG2,Sardegna,KILLINJ,Killed and injured,9,Total,9,Total,9,Total,M,Killed,9,Total,TOTAL,Total,9,Total,99,Total,2011,100
A,Annual,ITG2,Sardegna,KILLINJ,Killed and injured,9,Total,9,Total,9,Total,M,Killed,9,Total,TOTAL,Total,9,Total,99,Total,2012,95
A,Annual,ITG2,Sardegna,KILLINJ,Killed and injured,9,Total,9,Total,9,Total,M,Killed,9,Total,TOTAL,Total,9,Total,99,Total,2013,123
A,Annual,ITG2,Sardegna,KILLINJ,Killed and injured,9,Total,9,Total,9,Total,M,Killed,9,Total,TOTAL,Total,9,Total,99,Total,2014,98
A,Annual,ITG2,Sardegna,KILLINJ,Killed and injured,9,Total,9,Total,9,Total,M,Killed,9,Total,TOTAL,Total,9,Total,99,Total,2015,110
A,Annual,ITG2,Sardegna,KILLINJ,Killed and injured,9,Total,9,Total,9,Total,M,Killed,9,Total,TOTAL,Total,9,Total,99,Total,2016,106
A,Annual,ITG2,Sardegna,KILLINJ,Killed and injured,9,Total,9,Total,9,Total,M,Killed,9,Total,TOTAL,Total,9,Total,99,Total,2017,90
A,Annual,ITG2,Sardegna,KILLINJ,Killed and injured,9,Total,9,Total,9,Total,M,Killed,9,Total,TOTAL,Total,9,Total,99,Total,2018,105
A,Annual,ITG2,Sardegna,KILLINJ,Killed and injured,9,Total,9,Total,9,Total,M,Killed,9,Total,TOTAL,Total,9,Total,99,Total,2019,71
A,Annual,ITG2,Sardegna,KILLINJ,Killed and injured,9,Total,9,Total,9,Total,M,Killed,9,Total,TOTAL,Total,9,Total,99,Total,2020,95
A,Annual,ITG2,Sardegna,KILLINJ,Killed and injured,9,Total,9,Total,9,Total,M,Killed,9,Total,TOTAL,Total,9,Total,99,Total,2021,91
A,Annual,ITG2,Sardegna,KILLINJ,Killed and injured,9,Total,9,Total,9,Total,M,Killed,9,Total,TOTAL,Total,9,Total,99,Total,2022,100
A,Annual,ITG2,Sardegna,KILLINJ,Killed and injured,9,Total,9,Total,9,Total,M,Killed,9,Total,TOTAL,Total,9,Total,99,Total,2023,110
A,Annual,ITG2,Sardegna,KILLINJ,Killed and injured,9,Total,9,Total,9,Total,M,Killed,9,Total,TOTAL,Total,9,Total,99,Total,2024,113
A,Annual,ITG2,Sardegna,KILLINJ,Killed and injured,9,Total,9,Total,9,Total,F,Injured,C,Driver,TOTAL,Total,9,Total,99,Total,2010,4138
A,Annual,ITG2,Sardegna,KILLINJ,Killed and injured,9,Total,9,Total,9,Total,F,Injured,C,Driver,TOTAL,Total,9,Total,99,Total,2011,3703
A,Annual,ITG2,Sardegna,KILLINJ,Killed and injured,9,Total,9,Total,9,Total,F,Injured,C,Driver,TOTAL,Total,9,Total,99,Total,2012,3325
A,Annual,ITG2,Sardegna,KILLINJ,Killed and injured,9,Total,9,Total,9,Total,F,Injured,C,Driver,TOTAL,Total,9,Total,99,Total,2013,3481
A,Annual,ITG2,Sardegna,KILLINJ,Killed and injured,9,Total,9,Total,9,Total,F,Injured,C,Driver,TOTAL,Total,9,Total,99,Total,2014,3299
A,Annual,ITG2,Sardegna,KILLINJ,Killed and injured,9,Total,9,Total,9,Total,F,Injured,C,Driver,TOTAL,Total,9,Total,99,Total,2015,3366
A,Annual,ITG2,Sardegna,KILLINJ,Killed and injured,9,Total,9,Total,9,Total,F,Injured,C,Driver,TOTAL,Total,9,Total,99,Total,2016,3267
A,Annual,ITG2,Sardegna,KILLINJ,Killed and injured,9,Total,9,Total,9,Total,F,Injured,C,Driver,TOTAL,Total,9,Total,99,Total,2017,3204
A,Annual,ITG2,Sardegna,KILLINJ,Killed and injured,9,Total,9,Total,9,Total,F,Injured,C,Driver,TOTAL,Total,9,Total,99,Total,2018,3178
A,Annual,ITG2,Sardegna,KILLINJ,Killed and injured,9,Total,9,Total,9,Total,F,Injured,C,Driver,TOTAL,Total,9,Total,99,Total,2019,3413
A,Annual,ITG2,Sardegna,KILLINJ,Killed and injured,9,Total,9,Total,9,Total,F,Injured,C,Driver,TOTAL,Total,9,Total,99,Total,2020,2232
A,Annual,ITG2,Sardegna,KILLINJ,Killed and injured,9,Total,9,Total,9,Total,F,Injured,C,Driver,TOTAL,Total,9,Total,99,Total,2021,2984
A,Annual,ITG2,Sardegna,KILLINJ,Killed and injured,9,Total,9,Total,9,Total,F,Injured,C,Driver,TOTAL,Total,9,Total,99,Total,2022,3031
A,Annual,ITG2,Sardegna,KILLINJ,Killed and injured,9,Total,9,Total,9,Total,F,Injured,C,Driver,TOTAL,Total,9,Total,99,Total,2023,3024
A,Annual,ITG2,Sardegna,KILLINJ,Killed and injured,9,Total,9,Total,9,Total,F,Injured,C,Driver,TOTAL,Total,9,Total,99,Total,2024,3237
A,Annual,ITG2,Sardegna,KILLINJ,Killed and injured,9,Total,9,Total,9,Total,F,Injured,P,Passenger,TOTAL,Total,9,Total,99,Total,2010,1651
A,Annual,ITG2,Sardegna,KILLINJ,Killed and injured,9,Total,9,Total,9,Total,F,Injured,P,Passenger,TOTAL,Total,9,Total,99,Total,2011,1640
A,Annual,ITG2,Sardegna,KILLINJ,Killed and injured,9,Total,9,Total,9,Total,F,Injured,P,Passenger,TOTAL,Total,9,Total,99,Total,2012,1462
A,Annual,ITG2,Sardegna,KILLINJ,Killed and injured,9,Total,9,Total,9,Total,F,Injured,P,Passenger,TOTAL,Total,9,Total,99,Total,2013,1517
A,Annual,ITG2,Sardegna,KILLINJ,Killed and injured,9,Total,9,Total,9,Total,F,Injured,P,Passenger,TOTAL,Total,9,Total,99,Total,2014,1543
A,Annual,ITG2,Sardegna,KILLINJ,Killed and injured,9,Total,9,Total,9,Total,F,Injured,P,Passenger,TOTAL,Total,9,Total,99,Total,2015,1412
A,Annual,ITG2,Sardegna,KILLINJ,Killed and injured,9,Total,9,Total,9,Total,F,Injured,P,Passenger,TOTAL,Total,9,Total,99,Total,2016,1374
A,Annual,ITG2,Sardegna,KILLINJ,Killed and injured,9,Total,9,Total,9,Total,F,Injured,P,Passenger,TOTAL,Total,9,Total,99,Total,2017,1330
A,Annual,ITG2,Sardegna,KILLINJ,Killed and injured,9,Total,9,Total,9,Total,F,Injured,P,Passenger,TOTAL,Total,9,Total,99,Total,2018,1351
A,Annual,ITG2,Sardegna,KILLINJ,Killed and injured,9,Total,9,Total,9,Total,F,Injured,P,Passenger,TOTAL,Total,9,Total,99,Total,2019,1463
A,Annual,ITG2,Sardegna,KILLINJ,Killed and injured,9,Total,9,Total,9,Total,F,Injured,P,Passenger,TOTAL,Total,9,Total,99,Total,2020,771
A,Annual,ITG2,Sardegna,KILLINJ,Killed and injured,9,Total,9,Total,9,Total,F,Injured,P,Passenger,TOTAL,Total,9,Total,99,Total,2021,1087
A,Annual,ITG2,Sardegna,KILLINJ,Killed and injured,9,Total,9,Total,9,Total,F,Injured,P,Passenger,TOTAL,Total,9,Total,99,Total,2022,1109
A,Annual,ITG2,Sardegna,KILLINJ,Killed and injured,9,Total,9,Total,9,Total,F,Injured,P,Passenger,TOTAL,Total,9,Total,99,Total,2023,1125
A,Annual,ITG2,Sardegna,KILLINJ,Killed and injured,9,Total,9,Total,9,Total,F,Injured,P,Passenger,TOTAL,Total,9,Total,99,Total,2024,1179
A,Annual,ITG2,Sardegna,KILLINJ,Killed and injured,9,Total,9,Total,9,Total,F,Injured,X,Pedestrian,TOTAL,Total,9,Total,99,Total,2010,489
A,Annual,ITG2,Sardegna,KILLINJ,Killed and injured,9,Total,9,Total,9,Total,F,Injured,X,Pedestrian,TOTAL,Total,9,Total,99,Total,2011,455
A,Annual,ITG2,Sardegna,KILLINJ,Killed and injured,9,Total,9,Total,9,Total,F,Injured,X,Pedestrian,TOTAL,Total,9,Total,99,Total,2012,476
A,Annual,ITG2,Sardegna,KILLINJ,Killed and injured,9,Total,9,Total,9,Total,F,Injured,X,Pedestrian,TOTAL,Total,9,Total,99,Total,2013,528
A,Annual,ITG2,Sardegna,KILLINJ,Killed and injured,9,Total,9,Total,9,Total,F,Injured,X,Pedestrian,TOTAL,Total,9,Total,99,Total,2014,469
A,Annual,ITG2,Sardegna,KILLINJ,Killed and injured,9,Total,9,Total,9,Total,F,Injured,X,Pedestrian,TOTAL,Total,9,Total,99,Total,2015,487
A,Annual,ITG2,Sardegna,KILLINJ,Killed and injured,9,Total,9,Total,9,Total,F,Injured,X,Pedestrian,TOTAL,Total,9,Total,99,Total,2016,551
A,Annual,ITG2,Sardegna,KILLINJ,Killed and injured,9,Total,9,Total,9,Total,F,Injured,X,Pedestrian,TOTAL,Total,9,Total,99,Total,2017,511
A,Annual,ITG2,Sardegna,KILLINJ,Killed and injured,9,Total,9,Total,9,Total,F,Injured,X,Pedestrian,TOTAL,Total,9,Total,99,Total,2018,517
A,Annual,ITG2,Sardegna,KILLINJ,Killed and injured,9,Total,9,Total,9,Total,F,Injured,X,Pedestrian,TOTAL,Total,9,Total,99,Total,2019,498
A,Annual,ITG2,Sardegna,KILLINJ,Killed and injured,9,Total,9,Total,9,Total,F,Injured,X,Pedestrian,TOTAL,Total,9,Total,99,Total,2020,337
A,Annual,ITG2,Sardegna,KILLINJ,Killed and injured,9,Total,9,Total,9,Total,F,Injured,X,Pedestrian,TOTAL,Total,9,Total,99,Total,2021,413
A,Annual,ITG2,Sardegna,KILLINJ,Killed and injured,9,Total,9,Total,9,Total,F,Injured,X,Pedestrian,TOTAL,Total,9,Total,99,Total,2022,417
A,Annual,ITG2,Sardegna,KILLINJ,Killed and injured,9,Total,9,Total,9,Total,F,Injured,X,Pedestrian,TOTAL,Total,9,Total,99,Total,2023,470
A,Annual,ITG2,Sardegna,KILLINJ,Killed and injured,9,Total,9,Total,9,Total,F,Injured,X,Pedestrian,TOTAL,Total,9,Total,99,Total,2024,492
A,Annual,ITG2,Sardegna,KILLINJ,Killed and injured,9,Total,9,Total,9,Total,F,Injured,9,Total,TOTAL,Total,9,Total,99,Total,2010,6278
A,Annual,ITG2,Sardegna,KILLINJ,Killed and injured,9,Total,9,Total,9,Total,F,Injured,9,Total,TOTAL,Total,9,Total,99,Total,2011,5798
A,Annual,ITG2,Sardegna,KILLINJ,Killed and injured,9,Total,9,Total,9,Total,F,Injured,9,Total,TOTAL,Total,9,Total,99,Total,2012,5263
A,Annual,ITG2,Sardegna,KILLINJ,Killed and injured,9,Total,9,Total,9,Total,F,Injured,9,Total,TOTAL,Total,9,Total,99,Total,2013,5526
A,Annual,ITG2,Sardegna,KILLINJ,Killed and injured,9,Total,9,Total,9,Total,F,Injured,9,Total,TOTAL,Total,9,Total,99,Total,2014,5311
A,Annual,ITG2,Sardegna,KILLINJ,Killed and injured,9,Total,9,Total,9,Total,F,Injured,9,Total,TOTAL,Total,9,Total,99,Total,2015,5265
A,Annual,ITG2,Sardegna,KILLINJ,Killed and injured,9,Total,9,Total,9,Total,F,Injured,9,Total,TOTAL,Total,9,Total,99,Total,2016,5192
A,Annual,ITG2,Sardegna,KILLINJ,Killed and injured,9,Total,9,Total,9,Total,F,Injured,9,Total,TOTAL,Total,9,Total,99,Total,2017,5045
A,Annual,ITG2,Sardegna,KILLINJ,Killed and injured,9,Total,9,Total,9,Total,F,Injured,9,Total,TOTAL,Total,9,Total,99,Total,2018,5046
A,Annual,ITG2,Sardegna,KILLINJ,Killed and injured,9,Total,9,Total,9,Total,F,Injured,9,Total,TOTAL,Total,9,Total,99,Total,2019,5374
A,Annual,ITG2,Sardegna,KILLINJ,Killed and injured,9,Total,9,Total,9,Total,F,Injured,9,Total,TOTAL,Total,9,Total,99,Total,2020,3340
A,Annual,ITG2,Sardegna,KILLINJ,Killed and injured,9,Total,9,Total,9,Total,F,Injured,9,Total,TOTAL,Total,9,Total,99,Total,2021,4484
A,Annual,ITG2,Sardegna,KILLINJ,Killed and injured,9,Total,9,Total,9,Total,F,Injured,9,Total,TOTAL,Total,9,Total,99,Total,2022,4557
A,Annual,ITG2,Sardegna,KILLINJ,Killed and injured,9,Total,9,Total,9,Total,F,Injured,9,Total,TOTAL,Total,9,Total,99,Total,2023,4619
A,Annual,ITG2,Sardegna,KILLINJ,Killed and injured,9,Total,9,Total,9,Total,F,Injured,9,Total,TOTAL,Total,9,Total,99,Total,2024,4908
A,Annual,ITG2,Sardegna,KILLINJ,Killed and injured,9,Total,9,Total,9,Total,9,Total,C,Driver,TOTAL,Total,9,Total,99,Total,2010,4215
A,Annual,ITG2,Sardegna,KILLINJ,Killed and injured,9,Total,9,Total,9,Total,9,Total,C,Driver,TOTAL,Total,9,Total,99,Total,2011,3769
A,Annual,ITG2,Sardegna,KILLINJ,Killed and injured,9,Total,9,Total,9,Total,9,Total,C,Driver,TOTAL,Total,9,Total,99,Total,2012,3396
A,Annual,ITG2,Sardegna,KILLINJ,Killed and injured,9,Total,9,Total,9,Total,9,Total,C,Driver,TOTAL,Total,9,Total,99,Total,2013,3566
A,Annual,ITG2,Sardegna,KILLINJ,Killed and injured,9,Total,9,Total,9,Total,9,Total,C,Driver,TOTAL,Total,9,Total,99,Total,2014,3363
A,Annual,ITG2,Sardegna,KILLINJ,Killed and injured,9,Total,9,Total,9,Total,9,Total,C,Driver,TOTAL,Total,9,Total,99,Total,2015,3448
A,Annual,ITG2,Sardegna,KILLINJ,Killed and injured,9,Total,9,Total,9,Total,9,Total,C,Driver,TOTAL,Total,9,Total,99,Total,2016,3346
A,Annual,ITG2,Sardegna,KILLINJ,Killed and injured,9,Total,9,Total,9,Total,9,Total,C,Driver,TOTAL,Total,9,Total,99,Total,2017,3267
A,Annual,ITG2,Sardegna,KILLINJ,Killed and injured,9,Total,9,Total,9,Total,9,Total,C,Driver,TOTAL,Total,9,Total,99,Total,2018,3246
A,Annual,ITG2,Sardegna,KILLINJ,Killed and injured,9,Total,9,Total,9,Total,9,Total,C,Driver,TOTAL,Total,9,Total,99,Total,2019,3465
A,Annual,ITG2,Sardegna,KILLINJ,Killed and injured,9,Total,9,Total,9,Total,9,Total,C,Driver,TOTAL,Total,9,Total,99,Total,2020,2294
A,Annual,ITG2,Sardegna,KILLINJ,Killed and injured,9,Total,9,Total,9,Total,9,Total,C,Driver,TOTAL,Total,9,Total,99,Total,2021,3047
A,Annual,ITG2,Sardegna,KILLINJ,Killed and injured,9,Total,9,Total,9,Total,9,Total,C,Driver,TOTAL,Total,9,Total,99,Total,2022,3115
A,Annual,ITG2,Sardegna,KILLINJ,Killed and injured,9,Total,9,Total,9,Total,9,Total,C,Driver,TOTAL,Total,9,Total,99,Total,2023,3096
A,Annual,ITG2,Sardegna,KILLINJ,Killed and injured,9,Total,9,Total,9,Total,9,Total,C,Driver,TOTAL,Total,9,Total,99,Total,2024,3317
A,Annual,ITG2,Sardegna,KILLINJ,Killed and injured,9,Total,9,Total,9,Total,9,Total,P,Passenger,TOTAL,Total,9,Total,99,Total,2010,1669
A,Annual,ITG2,Sardegna,KILLINJ,Killed and injured,9,Total,9,Total,9,Total,9,Total,P,Passenger,TOTAL,Total,9,Total,99,Total,2011,1663
A,Annual,ITG2,Sardegna,KILLINJ,Killed and injured,9,Total,9,Total,9,Total,9,Total,P,Passenger,TOTAL,Total,9,Total,99,Total,2012,1476
A,Annual,ITG2,Sardegna,KILLINJ,Killed and injured,9,Total,9,Total,9,Total,9,Total,P,Passenger,TOTAL,Total,9,Total,99,Total,2013,1543
A,Annual,ITG2,Sardegna,KILLINJ,Killed and injured,9,Total,9,Total,9,Total,9,Total,P,Passenger,TOTAL,Total,9,Total,99,Total,2014,1565
A,Annual,ITG2,Sardegna,KILLINJ,Killed and injured,9,Total,9,Total,9,Total,9,Total,P,Passenger,TOTAL,Total,9,Total,99,Total,2015,1425
A,Annual,ITG2,Sardegna,KILLINJ,Killed and injured,9,Total,9,Total,9,Total,9,Total,P,Passenger,TOTAL,Total,9,Total,99,Total,2016,1387
A,Annual,ITG2,Sardegna,KILLINJ,Killed and injured,9,Total,9,Total,9,Total,9,Total,P,Passenger,TOTAL,Total,9,Total,99,Total,2017,1344
A,Annual,ITG2,Sardegna,KILLINJ,Killed and injured,9,Total,9,Total,9,Total,9,Total,P,Passenger,TOTAL,Total,9,Total,99,Total,2018,1367
A,Annual,ITG2,Sardegna,KILLINJ,Killed and injured,9,Total,9,Total,9,Total,9,Total,P,Passenger,TOTAL,Total,9,Total,99,Total,2019,1472
A,Annual,ITG2,Sardegna,KILLINJ,Killed and injured,9,Total,9,Total,9,Total,9,Total,P,Passenger,TOTAL,Total,9,Total,99,Total,2020,787
A,Annual,ITG2,Sardegna,KILLINJ,Killed and injured,9,Total,9,Total,9,Total,9,Total,P,Passenger,TOTAL,Total,9,Total,99,Total,2021,1100
A,Annual,ITG2,Sardegna,KILLINJ,Killed and injured,9,Total,9,Total,9,Total,9,Total,P,Passenger,TOTAL,Total,9,Total,99,Total,2022,1116
A,Annual,ITG2,Sardegna,KILLINJ,Killed and injured,9,Total,9,Total,9,Total,9,Total,P,Passenger,TOTAL,Total,9,Total,99,Total,2023,1147
A,Annual,ITG2,Sardegna,KILLINJ,Killed and injured,9,Total,9,Total,9,Total,9,Total,P,Passenger,TOTAL,Total,9,Total,99,Total,2024,1195
A,Annual,ITG2,Sardegna,KILLINJ,Killed and injured,9,Total,9,Total,9,Total,9,Total,X,Pedestrian,TOTAL,Total,9,Total,99,Total,2010,500
A,Annual,ITG2,Sardegna,KILLINJ,Killed and injured,9,Total,9,Total,9,Total,9,Total,X,Pedestrian,TOTAL,Total,9,Total,99,Total,2011,466
A,Annual,ITG2,Sardegna,KILLINJ,Killed and injured,9,Total,9,Total,9,Total,9,Total,X,Pedestrian,TOTAL,Total,9,Total,99,Total,2012,486
A,Annual,ITG2,Sardegna,KILLINJ,Killed and injured,9,Total,9,Total,9,Total,9,Total,X,Pedestrian,TOTAL,Total,9,Total,99,Total,2013,540
A,Annual,ITG2,Sardegna,KILLINJ,Killed and injured,9,Total,9,Total,9,Total,9,Total,X,Pedestrian,TOTAL,Total,9,Total,99,Total,2014,481
A,Annual,ITG2,Sardegna,KILLINJ,Killed and injured,9,Total,9,Total,9,Total,9,Total,X,Pedestrian,TOTAL,Total,9,Total,99,Total,2015,502
A,Annual,ITG2,Sardegna,KILLINJ,Killed and injured,9,Total,9,Total,9,Total,9,Total,X,Pedestrian,TOTAL,Total,9,Total,99,Total,2016,565
A,Annual,ITG2,Sardegna,KILLINJ,Killed and injured,9,Total,9,Total,9,Total,9,Total,X,Pedestrian,TOTAL,Total,9,Total,99,Total,2017,524
A,Annual,ITG2,Sardegna,KILLINJ,Killed and injured,9,Total,9,Total,9,Total,9,Total,X,Pedestrian,TOTAL,Total,9,Total,99,Total,2018,538
A,Annual,ITG2,Sardegna,KILLINJ,Killed and injured,9,Total,9,Total,9,Total,9,Total,X,Pedestrian,TOTAL,Total,9,Total,99,Total,2019,508
A,Annual,ITG2,Sardegna,KILLINJ,Killed and injured,9,Total,9,Total,9,Total,9,Total,X,Pedestrian,TOTAL,Total,9,Total,99,Total,2020,354
A,Annual,ITG2,Sardegna,KILLINJ,Killed and injured,9,Total,9,Total,9,Total,9,Total,X,Pedestrian,TOTAL,Total,9,Total,99,Total,2021,428
A,Annual,ITG2,Sardegna,KILLINJ,Killed and injured,9,Total,9,Total,9,Total,9,Total,X,Pedestrian,TOTAL,Total,9,Total,99,Total,2022,426
A,Annual,ITG2,Sardegna,KILLINJ,Killed and injured,9,Total,9,Total,9,Total,9,Total,X,Pedestrian,TOTAL,Total,9,Total,99,Total,2023,486
A,Annual,ITG2,Sardegna,KILLINJ,Killed and injured,9,Total,9,Total,9,Total,9,Total,X,Pedestrian,TOTAL,Total,9,Total,99,Total,2024,509
A,Annual,ITG2,Sardegna,KILLINJ,Killed and injured,9,Total,9,Total,9,Total,9,Total,9,Total,TOTAL,Total,9,Total,99,Total,2010,6384
A,Annual,ITG2,Sardegna,KILLINJ,Killed and injured,9,Total,9,Total,9,Total,9,Total,9,Total,TOTAL,Total,9,Total,99,Total,2011,5898
A,Annual,ITG2,Sardegna,KILLINJ,Killed and injured,9,Total,9,Total,9,Total,9,Total,9,Total,TOTAL,Total,9,Total,99,Total,2012,5358
A,Annual,ITG2,Sardegna,KILLINJ,Killed and injured,9,Total,9,Total,9,Total,9,Total,9,Total,TOTAL,Total,9,Total,99,Total,2013,5649
A,Annual,ITG2,Sardegna,KILLINJ,Killed and injured,9,Total,9,Total,9,Total,9,Total,9,Total,TOTAL,Total,9,Total,99,Total,2014,5409
A,Annual,ITG2,Sardegna,KILLINJ,Killed and injured,9,Total,9,Total,9,Total,9,Total,9,Total,TOTAL,Total,9,Total,99,Total,2015,5375
A,Annual,ITG2,Sardegna,KILLINJ,Killed and injured,9,Total,9,Total,9,Total,9,Total,9,Total,TOTAL,Total,9,Total,99,Total,2016,5298
A,Annual,ITG2,Sardegna,KILLINJ,Killed and injured,9,Total,9,Total,9,Total,9,Total,9,Total,TOTAL,Total,9,Total,99,Total,2017,5135
A,Annual,ITG2,Sardegna,KILLINJ,Killed and injured,9,Total,9,Total,9,Total,9,Total,9,Total,TOTAL,Total,9,Total,99,Total,2018,5151
A,Annual,ITG2,Sardegna,KILLINJ,Killed and injured,9,Total,9,Total,9,Total,9,Total,9,Total,TOTAL,Total,9,Total,99,Total,2019,5445
A,Annual,ITG2,Sardegna,KILLINJ,Killed and injured,9,Total,9,Total,9,Total,9,Total,9,Total,TOTAL,Total,9,Total,99,Total,2020,3435
A,Annual,ITG2,Sardegna,KILLINJ,Killed and injured,9,Total,9,Total,9,Total,9,Total,9,Total,TOTAL,Total,9,Total,99,Total,2021,4575
A,Annual,ITG2,Sardegna,KILLINJ,Killed and injured,9,Total,9,Total,9,Total,9,Total,9,Total,TOTAL,Total,9,Total,99,Total,2022,4657
A,Annual,ITG2,Sardegna,KILLINJ,Killed and injured,9,Total,9,Total,9,Total,9,Total,9,Total,TOTAL,Total,9,Total,99,Total,2023,4729
A,Annual,ITG2,Sardegna,KILLINJ,Killed and injured,9,Total,9,Total,9,Total,9,Total,9,Total,TOTAL,Total,9,Total,99,Total,2024,5021
