FREQ,Frequency,REF_AREA,Territory,DATA_TYPE,Indicator,MEASURE,Measure (DESC),TIME_PERIOD,Observation
A,Annual,IT,Italy,HOUS_DIFFPARK_V,Households declaring to live in an area where some problems are present: difficult parking: very much,HSC_F,Per 100 households with the same characteristics,2010,18.7
A,Annual,IT,Italy,HOUS_DIFFPARK_V,Households declaring to live in an area where some problems are present: difficult parking: very much,HSC_F,Per 100 households with the same characteristics,2011,17.9
A,Annual,IT,Italy,HOUS_DIFFPARK_V,Households declaring to live in an area where some problems are present: difficult parking: very much,HSC_F,Per 100 households with the same characteristics,2012,14.8
A,Annual,IT,Italy,HOUS_DIFFPARK_V,Households declaring to live in an area where some problems are present: difficult parking: very much,HSC_F,Per 100 households with the same characteristics,2013,15.8
A,Annual,IT,Italy,HOUS_DIFFPARK_V,Households declaring to live in an area where some problems are present: difficult parking: very much,HSC_F,Per 100 households with the same characteristics,2014,14.9
A,Annual,IT,Italy,HOUS_DIFFPARK_V,Households declaring to live in an area where some problems are present: difficult parking: very much,HSC_F,Per 100 households with the same characteristics,2015,15.2
A,Annual,IT,Italy,HOUS_DIFFPARK_V,Households declaring to live in an area where some problems are present: difficult parking: very much,HSC_F,Per 100 households with the same characteristics,2016,15.9
A,Annual,IT,Italy,HOUS_DIFFPARK_V,Households declaring to live in an area where some problems are present: difficult parking: very much,HSC_F,Per 100 households with the same characteristics,2017,14.9
A,Annual,IT,Italy,HOUS_DIFFPARK_V,Households declaring to live in an area where some problems are present: difficult parking: very much,HSC_F,Per 100 households with the same characteristics,2018,14.9
A,Annual,IT,Italy,HOUS_DIFFPARK_V,Households declaring to live in an area where some problems are present: difficult parking: very much,HSC_F,Per 100 households with the same characteristics,2019,15.9
A,Annual,IT,Italy,HOUS_DIFFPARK_V,Households declaring to live in an area where some problems are present: difficult parking: very much,HSC_F,Per 100 households with the same characteristics,2020,13.9
A,Annual,IT,Italy,HOUS_DIFFPARK_V,Households declaring to live in an area where some problems are present: difficult parking: very much,HSC_F,Per 100 households with the same characteristics,2021,14.7
A,Annual,IT,Italy,HOUS_DIFFPARK_V,Households declaring to live in an area where some problems are present: difficult parking: very much,HSC_F,Per 100 households with the same characteristics,2022,15.4
A,Annual,IT,Italy,HOUS_DIFFPARK_V,Households declaring to live in an area where some problems are present: difficult parking: very much,HSC_F,Per 100 households with the same characteristics,2023,16.7
A,Annual,IT,Italy,HOUS_DIFFPARK_V,Households declaring to live in an area where some problems are present: difficult parking: very much,HSC_F,Per 100 households with the same characteristics,2024,17.4
A,Annual,IT,Italy,HOUS_DIFFPARK_VQ,Households declaring to live in an area where some problems are present: difficult parking: very much and quite,HSC_F,Per 100 households with the same characteristics,2010,39.6
A,Annual,IT,Italy,HOUS_DIFFPARK_VQ,Households declaring to live in an area where some problems are present: difficult parking: very much and quite,HSC_F,Per 100 households with the same characteristics,2011,38
A,Annual,IT,Italy,HOUS_DIFFPARK_VQ,Households declaring to live in an area where some problems are present: difficult parking: very much and quite,HSC_F,Per 100 households with the same characteristics,2012,35.8
A,Annual,IT,Italy,HOUS_DIFFPARK_VQ,Households declaring to live in an area where some problems are present: difficult parking: very much and quite,HSC_F,Per 100 households with the same characteristics,2013,37.2
A,Annual,IT,Italy,HOUS_DIFFPARK_VQ,Households declaring to live in an area where some problems are present: difficult parking: very much and quite,HSC_F,Per 100 households with the same characteristics,2014,35.2
A,Annual,IT,Italy,HOUS_DIFFPARK_VQ,Households declaring to live in an area where some problems are present: difficult parking: very much and quite,HSC_F,Per 100 households with the same characteristics,2015,37.3
A,Annual,IT,Italy,HOUS_DIFFPARK_VQ,Households declaring to live in an area where some problems are present: difficult parking: very much and quite,HSC_F,Per 100 households with the same characteristics,2016,37.2
A,Annual,IT,Italy,HOUS_DIFFPARK_VQ,Households declaring to live in an area where some problems are present: difficult parking: very much and quite,HSC_F,Per 100 households with the same characteristics,2017,35.9
A,Annual,IT,Italy,HOUS_DIFFPARK_VQ,Households declaring to live in an area where some problems are present: difficult parking: very much and quite,HSC_F,Per 100 households with the same characteristics,2018,35.7
A,Annual,IT,Italy,HOUS_DIFFPARK_VQ,Households declaring to live in an area where some problems are present: difficult parking: very much and quite,HSC_F,Per 100 households with the same characteristics,2019,37.4
A,Annual,IT,Italy,HOUS_DIFFPARK_VQ,Households declaring to live in an area where some problems are present: difficult parking: very much and quite,HSC_F,Per 100 households with the same characteristics,2020,34.9
A,Annual,IT,Italy,HOUS_DIFFPARK_VQ,Households declaring to live in an area where some problems are present: difficult parking: very much and quite,HSC_F,Per 100 households with the same characteristics,2021,35.6
A,Annual,IT,Italy,HOUS_DIFFPARK_VQ,Households declaring to live in an area where some problems are present: difficult parking: very much and quite,HSC_F,Per 100 households with the same characteristics,2022,38.1
A,Annual,IT,Italy,HOUS_DIFFPARK_VQ,Households declaring to live in an area where some problems are present: difficult parking: very much and quite,HSC_F,Per 100 households with the same characteristics,2023,38.9
A,Annual,IT,Italy,HOUS_DIFFPARK_VQ,Households declaring to live in an area where some problems are present: difficult parking: very much and quite,HSC_F,Per 100 households with the same characteristics,2024,39.7
A,Annual,IT,Italy,HOUS_DIFF_TRANS_V,Households declaring to live in an area where some problems are present: difficulties of links with public transport means: very much,HSC_F,Per 100 households with the same characteristics,2010,10.3
A,Annual,IT,Italy,HOUS_DIFF_TRANS_V,Households declaring to live in an area where some problems are present: difficulties of links with public transport means: very much,HSC_F,Per 100 households with the same characteristics,2011,9.8
A,Annual,IT,Italy,HOUS_DIFF_TRANS_V,Households declaring to live in an area where some problems are present: difficulties of links with public transport means: very much,HSC_F,Per 100 households with the same characteristics,2012,9.9
A,Annual,IT,Italy,HOUS_DIFF_TRANS_V,Households declaring to live in an area where some problems are present: difficulties of links with public transport means: very much,HSC_F,Per 100 households with the same characteristics,2013,10.5
A,Annual,IT,Italy,HOUS_DIFF_TRANS_V,Households declaring to live in an area where some problems are present: difficulties of links with public transport means: very much,HSC_F,Per 100 households with the same characteristics,2014,10.2
A,Annual,IT,Italy,HOUS_DIFF_TRANS_V,Households declaring to live in an area where some problems are present: difficulties of links with public transport means: very much,HSC_F,Per 100 households with the same characteristics,2015,11
A,Annual,IT,Italy,HOUS_DIFF_TRANS_V,Households declaring to live in an area where some problems are present: difficulties of links with public transport means: very much,HSC_F,Per 100 households with the same characteristics,2016,12.7
A,Annual,IT,Italy,HOUS_DIFF_TRANS_V,Households declaring to live in an area where some problems are present: difficulties of links with public transport means: very much,HSC_F,Per 100 households with the same characteristics,2017,12.4
A,Annual,IT,Italy,HOUS_DIFF_TRANS_V,Households declaring to live in an area where some problems are present: difficulties of links with public transport means: very much,HSC_F,Per 100 households with the same characteristics,2018,11.5
A,Annual,IT,Italy,HOUS_DIFF_TRANS_V,Households declaring to live in an area where some problems are present: difficulties of links with public transport means: very much,HSC_F,Per 100 households with the same characteristics,2019,12.4
A,Annual,IT,Italy,HOUS_DIFF_TRANS_V,Households declaring to live in an area where some problems are present: difficulties of links with public transport means: very much,HSC_F,Per 100 households with the same characteristics,2020,10.3
A,Annual,IT,Italy,HOUS_DIFF_TRANS_V,Households declaring to live in an area where some problems are present: difficulties of links with public transport means: very much,HSC_F,Per 100 households with the same characteristics,2021,10.7
A,Annual,IT,Italy,HOUS_DIFF_TRANS_V,Households declaring to live in an area where some problems are present: difficulties of links with public transport means: very much,HSC_F,Per 100 households with the same characteristics,2022,10.4
A,Annual,IT,Italy,HOUS_DIFF_TRANS_V,Households declaring to live in an area where some problems are present: difficulties of links with public transport means: very much,HSC_F,Per 100 households with the same characteristics,2023,11.8
A,Annual,IT,Italy,HOUS_DIFF_TRANS_V,Households declaring to live in an area where some problems are present: difficulties of links with public transport means: very much,HSC_F,Per 100 households with the same characteristics,2024,12.5
A,Annual,IT,Italy,HOUS_DIFF_TRANS_VQ,Households declaring to live in an area where some problems are present: difficulties of links with public transport means: very much and quite,HSC_F,Per 100 households with the same characteristics,2010,29.5
A,Annual,IT,Italy,HOUS_DIFF_TRANS_VQ,Households declaring to live in an area where some problems are present: difficulties of links with public transport means: very much and quite,HSC_F,Per 100 households with the same characteristics,2011,28.6
A,Annual,IT,Italy,HOUS_DIFF_TRANS_VQ,Households declaring to live in an area where some problems are present: difficulties of links with public transport means: very much and quite,HSC_F,Per 100 households with the same characteristics,2012,28.8
A,Annual,IT,Italy,HOUS_DIFF_TRANS_VQ,Households declaring to live in an area where some problems are present: difficulties of links with public transport means: very much and quite,HSC_F,Per 100 households with the same characteristics,2013,31.3
A,Annual,IT,Italy,HOUS_DIFF_TRANS_VQ,Households declaring to live in an area where some problems are present: difficulties of links with public transport means: very much and quite,HSC_F,Per 100 households with the same characteristics,2014,30.7
A,Annual,IT,Italy,HOUS_DIFF_TRANS_VQ,Households declaring to live in an area where some problems are present: difficulties of links with public transport means: very much and quite,HSC_F,Per 100 households with the same characteristics,2015,30.5
A,Annual,IT,Italy,HOUS_DIFF_TRANS_VQ,Households declaring to live in an area where some problems are present: difficulties of links with public transport means: very much and quite,HSC_F,Per 100 households with the same characteristics,2016,32.9
A,Annual,IT,Italy,HOUS_DIFF_TRANS_VQ,Households declaring to live in an area where some problems are present: difficulties of links with public transport means: very much and quite,HSC_F,Per 100 households with the same characteristics,2017,33.3
A,Annual,IT,Italy,HOUS_DIFF_TRANS_VQ,Households declaring to live in an area where some problems are present: difficulties of links with public transport means: very much and quite,HSC_F,Per 100 households with the same characteristics,2018,32.4
A,Annual,IT,Italy,HOUS_DIFF_TRANS_VQ,Households declaring to live in an area where some problems are present: difficulties of links with public transport means: very much and quite,HSC_F,Per 100 households with the same characteristics,2019,33.5
A,Annual,IT,Italy,HOUS_DIFF_TRANS_VQ,Households declaring to live in an area where some problems are present: difficulties of links with public transport means: very much and quite,HSC_F,Per 100 households with the same characteristics,2020,30.2
A,Annual,IT,Italy,HOUS_DIFF_TRANS_VQ,Households declaring to live in an area where some problems are present: difficulties of links with public transport means: very much and quite,HSC_F,Per 100 households with the same characteristics,2021,30.6
A,Annual,IT,Italy,HOUS_DIFF_TRANS_VQ,Households declaring to live in an area where some problems are present: difficulties of links with public transport means: very much and quite,HSC_F,Per 100 households with the same characteristics,2022,30.7
A,Annual,IT,Italy,HOUS_DIFF_TRANS_VQ,Households declaring to live in an area where some problems are present: difficulties of links with public transport means: very much and quite,HSC_F,Per 100 households with the same characteristics,2023,32.7
A,Annual,IT,Italy,HOUS_DIFF_TRANS_VQ,Households declaring to live in an area where some problems are present: difficulties of links with public transport means: very much and quite,HSC_F,Per 100 households with the same characteristics,2024,34.5
A,Annual,IT,Italy,HOUS_TRAFFIC_V,Households declaring to live in an area where some problems are present: traffic: very much,HSC_F,Per 100 households with the same characteristics,2010,15.2
A,Annual,IT,Italy,HOUS_TRAFFIC_V,Households declaring to live in an area where some problems are present: traffic: very much,HSC_F,Per 100 households with the same characteristics,2011,14.4
A,Annual,IT,Italy,HOUS_TRAFFIC_V,Households declaring to live in an area where some problems are present: traffic: very much,HSC_F,Per 100 households with the same characteristics,2012,12.4
A,Annual,IT,Italy,HOUS_TRAFFIC_V,Households declaring to live in an area where some problems are present: traffic: very much,HSC_F,Per 100 households with the same characteristics,2013,11.7
A,Annual,IT,Italy,HOUS_TRAFFIC_V,Households declaring to live in an area where some problems are present: traffic: very much,HSC_F,Per 100 households with the same characteristics,2014,11.3
A,Annual,IT,Italy,HOUS_TRAFFIC_V,Households declaring to live in an area where some problems are present: traffic: very much,HSC_F,Per 100 households with the same characteristics,2015,11.3
A,Annual,IT,Italy,HOUS_TRAFFIC_V,Households declaring to live in an area where some problems are present: traffic: very much,HSC_F,Per 100 households with the same characteristics,2016,12
A,Annual,IT,Italy,HOUS_TRAFFIC_V,Households declaring to live in an area where some problems are present: traffic: very much,HSC_F,Per 100 households with the same characteristics,2017,10.8
A,Annual,IT,Italy,HOUS_TRAFFIC_V,Households declaring to live in an area where some problems are present: traffic: very much,HSC_F,Per 100 households with the same characteristics,2018,11.5
A,Annual,IT,Italy,HOUS_TRAFFIC_V,Households declaring to live in an area where some problems are present: traffic: very much,HSC_F,Per 100 households with the same characteristics,2019,11.6
A,Annual,IT,Italy,HOUS_TRAFFIC_V,Households declaring to live in an area where some problems are present: traffic: very much,HSC_F,Per 100 households with the same characteristics,2020,10.1
A,Annual,IT,Italy,HOUS_TRAFFIC_V,Households declaring to live in an area where some problems are present: traffic: very much,HSC_F,Per 100 households with the same characteristics,2021,9.8
A,Annual,IT,Italy,HOUS_TRAFFIC_V,Households declaring to live in an area where some problems are present: traffic: very much,HSC_F,Per 100 households with the same characteristics,2022,10.9
A,Annual,IT,Italy,HOUS_TRAFFIC_V,Households declaring to live in an area where some problems are present: traffic: very much,HSC_F,Per 100 households with the same characteristics,2023,12.3
A,Annual,IT,Italy,HOUS_TRAFFIC_V,Households declaring to live in an area where some problems are present: traffic: very much,HSC_F,Per 100 households with the same characteristics,2024,12.7
A,Annual,IT,Italy,HOUS_TRAFFIC_VQ,Households declaring to live in an area where some problems are present: traffic: very much and quite,HSC_F,Per 100 households with the same characteristics,2010,42.6
A,Annual,IT,Italy,HOUS_TRAFFIC_VQ,Households declaring to live in an area where some problems are present: traffic: very much and quite,HSC_F,Per 100 households with the same characteristics,2011,41.2
A,Annual,IT,Italy,HOUS_TRAFFIC_VQ,Households declaring to live in an area where some problems are present: traffic: very much and quite,HSC_F,Per 100 households with the same characteristics,2012,38.5
A,Annual,IT,Italy,HOUS_TRAFFIC_VQ,Households declaring to live in an area where some problems are present: traffic: very much and quite,HSC_F,Per 100 households with the same characteristics,2013,38.1
A,Annual,IT,Italy,HOUS_TRAFFIC_VQ,Households declaring to live in an area where some problems are present: traffic: very much and quite,HSC_F,Per 100 households with the same characteristics,2014,37
A,Annual,IT,Italy,HOUS_TRAFFIC_VQ,Households declaring to live in an area where some problems are present: traffic: very much and quite,HSC_F,Per 100 households with the same characteristics,2015,38.4
A,Annual,IT,Italy,HOUS_TRAFFIC_VQ,Households declaring to live in an area where some problems are present: traffic: very much and quite,HSC_F,Per 100 households with the same characteristics,2016,37.9
A,Annual,IT,Italy,HOUS_TRAFFIC_VQ,Households declaring to live in an area where some problems are present: traffic: very much and quite,HSC_F,Per 100 households with the same characteristics,2017,36.9
A,Annual,IT,Italy,HOUS_TRAFFIC_VQ,Households declaring to live in an area where some problems are present: traffic: very much and quite,HSC_F,Per 100 households with the same characteristics,2018,38.8
A,Annual,IT,Italy,HOUS_TRAFFIC_VQ,Households declaring to live in an area where some problems are present: traffic: very much and quite,HSC_F,Per 100 households with the same characteristics,2019,39.3
A,Annual,IT,Italy,HOUS_TRAFFIC_VQ,Households declaring to live in an area where some problems are present: traffic: very much and quite,HSC_F,Per 100 households with the same characteristics,2020,38
A,Annual,IT,Italy,HOUS_TRAFFIC_VQ,Households declaring to live in an area where some problems are present: traffic: very much and quite,HSC_F,Per 100 households with the same characteristics,2021,37.2
A,Annual,IT,Italy,HOUS_TRAFFIC_VQ,Households declaring to live in an area where some problems are present: traffic: very much and quite,HSC_F,Per 100 households with the same characteristics,2022,39.1
A,Annual,IT,Italy,HOUS_TRAFFIC_VQ,Households declaring to live in an area where some problems are present: traffic: very much and quite,HSC_F,Per 100 households with the same characteristics,2023,40.2
A,Annual,IT,Italy,HOUS_TRAFFIC_VQ,Households declaring to live in an area where some problems are present: traffic: very much and quite,HSC_F,Per 100 households with the same characteristics,2024,41.2
A,Annual,IT,Italy,HOUS_STRLIGHT_V,Households declaring to live in an area where some problems are present: poor street lighting: very much,HSC_F,Per 100 households with the same characteristics,2010,9.7
A,Annual,IT,Italy,HOUS_STRLIGHT_V,Households declaring to live in an area where some problems are present: poor street lighting: very much,HSC_F,Per 100 households with the same characteristics,2011,9.1
A,Annual,IT,Italy,HOUS_STRLIGHT_V,Households declaring to live in an area where some problems are present: poor street lighting: very much,HSC_F,Per 100 households with the same characteristics,2012,7.8
A,Annual,IT,Italy,HOUS_STRLIGHT_V,Households declaring to live in an area where some problems are present: poor street lighting: very much,HSC_F,Per 100 households with the same characteristics,2013,8.3
A,Annual,IT,Italy,HOUS_STRLIGHT_V,Households declaring to live in an area where some problems are present: poor street lighting: very much,HSC_F,Per 100 households with the same characteristics,2014,8.2
A,Annual,IT,Italy,HOUS_STRLIGHT_V,Households declaring to live in an area where some problems are present: poor street lighting: very much,HSC_F,Per 100 households with the same characteristics,2015,10.2
A,Annual,IT,Italy,HOUS_STRLIGHT_V,Households declaring to live in an area where some problems are present: poor street lighting: very much,HSC_F,Per 100 households with the same characteristics,2016,9.9
A,Annual,IT,Italy,HOUS_STRLIGHT_V,Households declaring to live in an area where some problems are present: poor street lighting: very much,HSC_F,Per 100 households with the same characteristics,2017,9.1
A,Annual,IT,Italy,HOUS_STRLIGHT_V,Households declaring to live in an area where some problems are present: poor street lighting: very much,HSC_F,Per 100 households with the same characteristics,2018,9
A,Annual,IT,Italy,HOUS_STRLIGHT_V,Households declaring to live in an area where some problems are present: poor street lighting: very much,HSC_F,Per 100 households with the same characteristics,2019,8.8
A,Annual,IT,Italy,HOUS_STRLIGHT_V,Households declaring to live in an area where some problems are present: poor street lighting: very much,HSC_F,Per 100 households with the same characteristics,2020,6.9
A,Annual,IT,Italy,HOUS_STRLIGHT_V,Households declaring to live in an area where some problems are present: poor street lighting: very much,HSC_F,Per 100 households with the same characteristics,2021,7.3
A,Annual,IT,Italy,HOUS_STRLIGHT_V,Households declaring to live in an area where some problems are present: poor street lighting: very much,HSC_F,Per 100 households with the same characteristics,2022,7.2
A,Annual,IT,Italy,HOUS_STRLIGHT_V,Households declaring to live in an area where some problems are present: poor street lighting: very much,HSC_F,Per 100 households with the same characteristics,2023,9
A,Annual,IT,Italy,HOUS_STRLIGHT_V,Households declaring to live in an area where some problems are present: poor street lighting: very much,HSC_F,Per 100 households with the same characteristics,2024,8.9
A,Annual,IT,Italy,HOUS_STRLIGHT_VQ,Households declaring to live in an area where some problems are present: poor street lighting: very much and quite,HSC_F,Per 100 households with the same characteristics,2010,32.3
A,Annual,IT,Italy,HOUS_STRLIGHT_VQ,Households declaring to live in an area where some problems are present: poor street lighting: very much and quite,HSC_F,Per 100 households with the same characteristics,2011,31.8
A,Annual,IT,Italy,HOUS_STRLIGHT_VQ,Households declaring to live in an area where some problems are present: poor street lighting: very much and quite,HSC_F,Per 100 households with the same characteristics,2012,28.5
A,Annual,IT,Italy,HOUS_STRLIGHT_VQ,Households declaring to live in an area where some problems are present: poor street lighting: very much and quite,HSC_F,Per 100 households with the same characteristics,2013,31.5
A,Annual,IT,Italy,HOUS_STRLIGHT_VQ,Households declaring to live in an area where some problems are present: poor street lighting: very much and quite,HSC_F,Per 100 households with the same characteristics,2014,30.1
A,Annual,IT,Italy,HOUS_STRLIGHT_VQ,Households declaring to live in an area where some problems are present: poor street lighting: very much and quite,HSC_F,Per 100 households with the same characteristics,2015,35
A,Annual,IT,Italy,HOUS_STRLIGHT_VQ,Households declaring to live in an area where some problems are present: poor street lighting: very much and quite,HSC_F,Per 100 households with the same characteristics,2016,34.5
A,Annual,IT,Italy,HOUS_STRLIGHT_VQ,Households declaring to live in an area where some problems are present: poor street lighting: very much and quite,HSC_F,Per 100 households with the same characteristics,2017,33
A,Annual,IT,Italy,HOUS_STRLIGHT_VQ,Households declaring to live in an area where some problems are present: poor street lighting: very much and quite,HSC_F,Per 100 households with the same characteristics,2018,32.1
A,Annual,IT,Italy,HOUS_STRLIGHT_VQ,Households declaring to live in an area where some problems are present: poor street lighting: very much and quite,HSC_F,Per 100 households with the same characteristics,2019,31.7
A,Annual,IT,Italy,HOUS_STRLIGHT_VQ,Households declaring to live in an area where some problems are present: poor street lighting: very much and quite,HSC_F,Per 100 households with the same characteristics,2020,27.9
A,Annual,IT,Italy,HOUS_STRLIGHT_VQ,Households declaring to live in an area where some problems are present: poor street lighting: very much and quite,HSC_F,Per 100 households with the same characteristics,2021,28.6
A,Annual,IT,Italy,HOUS_STRLIGHT_VQ,Households declaring to live in an area where some problems are present: poor street lighting: very much and quite,HSC_F,Per 100 households with the same characteristics,2022,29.3
A,Annual,IT,Italy,HOUS_STRLIGHT_VQ,Households declaring to live in an area where some problems are present: poor street lighting: very much and quite,HSC_F,Per 100 households with the same characteristics,2023,32.5
A,Annual,IT,Italy,HOUS_STRLIGHT_VQ,Households declaring to live in an area where some problems are present: poor street lighting: very much and quite,HSC_F,Per 100 households with the same characteristics,2024,33.7
A,Annual,IT,Italy,HOUS_PROAD_V,Households declaring to live in an area where some problems are present: poor road conditions: very much,HSC_F,Per 100 households with the same characteristics,2010,23
A,Annual,IT,Italy,HOUS_PROAD_V,Households declaring to live in an area where some problems are present: poor road conditions: very much,HSC_F,Per 100 households with the same characteristics,2011,21.7
A,Annual,IT,Italy,HOUS_PROAD_V,Households declaring to live in an area where some problems are present: poor road conditions: very much,HSC_F,Per 100 households with the same characteristics,2012,17.9
A,Annual,IT,Italy,HOUS_PROAD_V,Households declaring to live in an area where some problems are present: poor road conditions: very much,HSC_F,Per 100 households with the same characteristics,2013,22.6
A,Annual,IT,Italy,HOUS_PROAD_V,Households declaring to live in an area where some problems are present: poor road conditions: very much,HSC_F,Per 100 households with the same characteristics,2014,21.2
A,Annual,IT,Italy,HOUS_PROAD_V,Households declaring to live in an area where some problems are present: poor road conditions: very much,HSC_F,Per 100 households with the same characteristics,2015,24.9
A,Annual,IT,Italy,HOUS_PROAD_V,Households declaring to live in an area where some problems are present: poor road conditions: very much,HSC_F,Per 100 households with the same characteristics,2016,24.1
A,Annual,IT,Italy,HOUS_PROAD_V,Households declaring to live in an area where some problems are present: poor road conditions: very much,HSC_F,Per 100 households with the same characteristics,2017,22
A,Annual,IT,Italy,HOUS_PROAD_V,Households declaring to live in an area where some problems are present: poor road conditions: very much,HSC_F,Per 100 households with the same characteristics,2018,23.5
A,Annual,IT,Italy,HOUS_PROAD_V,Households declaring to live in an area where some problems are present: poor road conditions: very much,HSC_F,Per 100 households with the same characteristics,2019,22.6
A,Annual,IT,Italy,HOUS_PROAD_V,Households declaring to live in an area where some problems are present: poor road conditions: very much,HSC_F,Per 100 households with the same characteristics,2020,16.3
A,Annual,IT,Italy,HOUS_PROAD_V,Households declaring to live in an area where some problems are present: poor road conditions: very much,HSC_F,Per 100 households with the same characteristics,2021,18.9
A,Annual,IT,Italy,HOUS_PROAD_V,Households declaring to live in an area where some problems are present: poor road conditions: very much,HSC_F,Per 100 households with the same characteristics,2022,19.1
A,Annual,IT,Italy,HOUS_PROAD_V,Households declaring to live in an area where some problems are present: poor road conditions: very much,HSC_F,Per 100 households with the same characteristics,2023,20.5
A,Annual,IT,Italy,HOUS_PROAD_V,Households declaring to live in an area where some problems are present: poor road conditions: very much,HSC_F,Per 100 households with the same characteristics,2024,22.9
A,Annual,IT,Italy,HOUS_PROAD_VQ,Households declaring to live in an area where some problems are present: poor road conditions: very much and quite,HSC_F,Per 100 households with the same characteristics,2010,51.6
A,Annual,IT,Italy,HOUS_PROAD_VQ,Households declaring to live in an area where some problems are present: poor road conditions: very much and quite,HSC_F,Per 100 households with the same characteristics,2011,50.3
A,Annual,IT,Italy,HOUS_PROAD_VQ,Households declaring to live in an area where some problems are present: poor road conditions: very much and quite,HSC_F,Per 100 households with the same characteristics,2012,45.2
A,Annual,IT,Italy,HOUS_PROAD_VQ,Households declaring to live in an area where some problems are present: poor road conditions: very much and quite,HSC_F,Per 100 households with the same characteristics,2013,52.3
A,Annual,IT,Italy,HOUS_PROAD_VQ,Households declaring to live in an area where some problems are present: poor road conditions: very much and quite,HSC_F,Per 100 households with the same characteristics,2014,50.6
A,Annual,IT,Italy,HOUS_PROAD_VQ,Households declaring to live in an area where some problems are present: poor road conditions: very much and quite,HSC_F,Per 100 households with the same characteristics,2015,55.2
A,Annual,IT,Italy,HOUS_PROAD_VQ,Households declaring to live in an area where some problems are present: poor road conditions: very much and quite,HSC_F,Per 100 households with the same characteristics,2016,54.1
A,Annual,IT,Italy,HOUS_PROAD_VQ,Households declaring to live in an area where some problems are present: poor road conditions: very much and quite,HSC_F,Per 100 households with the same characteristics,2017,51.9
A,Annual,IT,Italy,HOUS_PROAD_VQ,Households declaring to live in an area where some problems are present: poor road conditions: very much and quite,HSC_F,Per 100 households with the same characteristics,2018,53.8
A,Annual,IT,Italy,HOUS_PROAD_VQ,Households declaring to live in an area where some problems are present: poor road conditions: very much and quite,HSC_F,Per 100 households with the same characteristics,2019,53
A,Annual,IT,Italy,HOUS_PROAD_VQ,Households declaring to live in an area where some problems are present: poor road conditions: very much and quite,HSC_F,Per 100 households with the same characteristics,2020,45.7
A,Annual,IT,Italy,HOUS_PROAD_VQ,Households declaring to live in an area where some problems are present: poor road conditions: very much and quite,HSC_F,Per 100 households with the same characteristics,2021,48.7
A,Annual,IT,Italy,HOUS_PROAD_VQ,Households declaring to live in an area where some problems are present: poor road conditions: very much and quite,HSC_F,Per 100 households with the same characteristics,2022,49.1
A,Annual,IT,Italy,HOUS_PROAD_VQ,Households declaring to live in an area where some problems are present: poor road conditions: very much and quite,HSC_F,Per 100 households with the same characteristics,2023,50.2
A,Annual,IT,Italy,HOUS_PROAD_VQ,Households declaring to live in an area where some problems are present: poor road conditions: very much and quite,HSC_F,Per 100 households with the same characteristics,2024,53.7
A,Annual,ITC1,Piemonte,HOUS_DIFFPARK_V,Households declaring to live in an area where some problems are present: difficult parking: very much,HSC_F,Per 100 households with the same characteristics,2010,18.5
A,Annual,ITC1,Piemonte,HOUS_DIFFPARK_V,Households declaring to live in an area where some problems are present: difficult parking: very much,HSC_F,Per 100 households with the same characteristics,2011,17.9
A,Annual,ITC1,Piemonte,HOUS_DIFFPARK_V,Households declaring to live in an area where some problems are present: difficult parking: very much,HSC_F,Per 100 households with the same characteristics,2012,14.6
A,Annual,ITC1,Piemonte,HOUS_DIFFPARK_V,Households declaring to live in an area where some problems are present: difficult parking: very much,HSC_F,Per 100 households with the same characteristics,2013,13.8
A,Annual,ITC1,Piemonte,HOUS_DIFFPARK_V,Households declaring to live in an area where some problems are present: difficult parking: very much,HSC_F,Per 100 households with the same characteristics,2014,13.7
A,Annual,ITC1,Piemonte,HOUS_DIFFPARK_V,Households declaring to live in an area where some problems are present: difficult parking: very much,HSC_F,Per 100 households with the same characteristics,2015,14.9
A,Annual,ITC1,Piemonte,HOUS_DIFFPARK_V,Households declaring to live in an area where some problems are present: difficult parking: very much,HSC_F,Per 100 households with the same characteristics,2016,12.3
A,Annual,ITC1,Piemonte,HOUS_DIFFPARK_V,Households declaring to live in an area where some problems are present: difficult parking: very much,HSC_F,Per 100 households with the same characteristics,2017,13.3
A,Annual,ITC1,Piemonte,HOUS_DIFFPARK_V,Households declaring to live in an area where some problems are present: difficult parking: very much,HSC_F,Per 100 households with the same characteristics,2018,14.5
A,Annual,ITC1,Piemonte,HOUS_DIFFPARK_V,Households declaring to live in an area where some problems are present: difficult parking: very much,HSC_F,Per 100 households with the same characteristics,2019,14.6
A,Annual,ITC1,Piemonte,HOUS_DIFFPARK_V,Households declaring to live in an area where some problems are present: difficult parking: very much,HSC_F,Per 100 households with the same characteristics,2020,12.1
A,Annual,ITC1,Piemonte,HOUS_DIFFPARK_V,Households declaring to live in an area where some problems are present: difficult parking: very much,HSC_F,Per 100 households with the same characteristics,2021,12.1
A,Annual,ITC1,Piemonte,HOUS_DIFFPARK_V,Households declaring to live in an area where some problems are present: difficult parking: very much,HSC_F,Per 100 households with the same characteristics,2022,14.5
A,Annual,ITC1,Piemonte,HOUS_DIFFPARK_V,Households declaring to live in an area where some problems are present: difficult parking: very much,HSC_F,Per 100 households with the same characteristics,2023,14.4
A,Annual,ITC1,Piemonte,HOUS_DIFFPARK_V,Households declaring to live in an area where some problems are present: difficult parking: very much,HSC_F,Per 100 households with the same characteristics,2024,14.7
A,Annual,ITC1,Piemonte,HOUS_DIFFPARK_VQ,Households declaring to live in an area where some problems are present: difficult parking: very much and quite,HSC_F,Per 100 households with the same characteristics,2010,38.4
A,Annual,ITC1,Piemonte,HOUS_DIFFPARK_VQ,Households declaring to live in an area where some problems are present: difficult parking: very much and quite,HSC_F,Per 100 households with the same characteristics,2011,36
A,Annual,ITC1,Piemonte,HOUS_DIFFPARK_VQ,Households declaring to live in an area where some problems are present: difficult parking: very much and quite,HSC_F,Per 100 households with the same characteristics,2012,34.7
A,Annual,ITC1,Piemonte,HOUS_DIFFPARK_VQ,Households declaring to live in an area where some problems are present: difficult parking: very much and quite,HSC_F,Per 100 households with the same characteristics,2013,36
A,Annual,ITC1,Piemonte,HOUS_DIFFPARK_VQ,Households declaring to live in an area where some problems are present: difficult parking: very much and quite,HSC_F,Per 100 households with the same characteristics,2014,34.7
A,Annual,ITC1,Piemonte,HOUS_DIFFPARK_VQ,Households declaring to live in an area where some problems are present: difficult parking: very much and quite,HSC_F,Per 100 households with the same characteristics,2015,35.7
A,Annual,ITC1,Piemonte,HOUS_DIFFPARK_VQ,Households declaring to live in an area where some problems are present: difficult parking: very much and quite,HSC_F,Per 100 households with the same characteristics,2016,36
A,Annual,ITC1,Piemonte,HOUS_DIFFPARK_VQ,Households declaring to live in an area where some problems are present: difficult parking: very much and quite,HSC_F,Per 100 households with the same characteristics,2017,33.9
A,Annual,ITC1,Piemonte,HOUS_DIFFPARK_VQ,Households declaring to live in an area where some problems are present: difficult parking: very much and quite,HSC_F,Per 100 households with the same characteristics,2018,35.6
A,Annual,ITC1,Piemonte,HOUS_DIFFPARK_VQ,Households declaring to live in an area where some problems are present: difficult parking: very much and quite,HSC_F,Per 100 households with the same characteristics,2019,34.3
A,Annual,ITC1,Piemonte,HOUS_DIFFPARK_VQ,Households declaring to live in an area where some problems are present: difficult parking: very much and quite,HSC_F,Per 100 households with the same characteristics,2020,33.1
A,Annual,ITC1,Piemonte,HOUS_DIFFPARK_VQ,Households declaring to live in an area where some problems are present: difficult parking: very much and quite,HSC_F,Per 100 households with the same characteristics,2021,31.9
A,Annual,ITC1,Piemonte,HOUS_DIFFPARK_VQ,Households declaring to live in an area where some problems are present: difficult parking: very much and quite,HSC_F,Per 100 households with the same characteristics,2022,34.1
A,Annual,ITC1,Piemonte,HOUS_DIFFPARK_VQ,Households declaring to live in an area where some problems are present: difficult parking: very much and quite,HSC_F,Per 100 households with the same characteristics,2023,34.3
A,Annual,ITC1,Piemonte,HOUS_DIFFPARK_VQ,Households declaring to live in an area where some problems are present: difficult parking: very much and quite,HSC_F,Per 100 households with the same characteristics,2024,35.4
A,Annual,ITC1,Piemonte,HOUS_DIFF_TRANS_V,Households declaring to live in an area where some problems are present: difficulties of links with public transport means: very much,HSC_F,Per 100 households with the same characteristics,2010,10
A,Annual,ITC1,Piemonte,HOUS_DIFF_TRANS_V,Households declaring to live in an area where some problems are present: difficulties of links with public transport means: very much,HSC_F,Per 100 households with the same characteristics,2011,10
A,Annual,ITC1,Piemonte,HOUS_DIFF_TRANS_V,Households declaring to live in an area where some problems are present: difficulties of links with public transport means: very much,HSC_F,Per 100 households with the same characteristics,2012,9.4
A,Annual,ITC1,Piemonte,HOUS_DIFF_TRANS_V,Households declaring to live in an area where some problems are present: difficulties of links with public transport means: very much,HSC_F,Per 100 households with the same characteristics,2013,12.1
A,Annual,ITC1,Piemonte,HOUS_DIFF_TRANS_V,Households declaring to live in an area where some problems are present: difficulties of links with public transport means: very much,HSC_F,Per 100 households with the same characteristics,2014,9.4
A,Annual,ITC1,Piemonte,HOUS_DIFF_TRANS_V,Households declaring to live in an area where some problems are present: difficulties of links with public transport means: very much,HSC_F,Per 100 households with the same characteristics,2015,14.7
A,Annual,ITC1,Piemonte,HOUS_DIFF_TRANS_V,Households declaring to live in an area where some problems are present: difficulties of links with public transport means: very much,HSC_F,Per 100 households with the same characteristics,2016,13.5
A,Annual,ITC1,Piemonte,HOUS_DIFF_TRANS_V,Households declaring to live in an area where some problems are present: difficulties of links with public transport means: very much,HSC_F,Per 100 households with the same characteristics,2017,14
A,Annual,ITC1,Piemonte,HOUS_DIFF_TRANS_V,Households declaring to live in an area where some problems are present: difficulties of links with public transport means: very much,HSC_F,Per 100 households with the same characteristics,2018,10.3
A,Annual,ITC1,Piemonte,HOUS_DIFF_TRANS_V,Households declaring to live in an area where some problems are present: difficulties of links with public transport means: very much,HSC_F,Per 100 households with the same characteristics,2019,13.2
A,Annual,ITC1,Piemonte,HOUS_DIFF_TRANS_V,Households declaring to live in an area where some problems are present: difficulties of links with public transport means: very much,HSC_F,Per 100 households with the same characteristics,2020,10.7
A,Annual,ITC1,Piemonte,HOUS_DIFF_TRANS_V,Households declaring to live in an area where some problems are present: difficulties of links with public transport means: very much,HSC_F,Per 100 households with the same characteristics,2021,9.7
A,Annual,ITC1,Piemonte,HOUS_DIFF_TRANS_V,Households declaring to live in an area where some problems are present: difficulties of links with public transport means: very much,HSC_F,Per 100 households with the same characteristics,2022,9
A,Annual,ITC1,Piemonte,HOUS_DIFF_TRANS_V,Households declaring to live in an area where some problems are present: difficulties of links with public transport means: very much,HSC_F,Per 100 households with the same characteristics,2023,12.1
A,Annual,ITC1,Piemonte,HOUS_DIFF_TRANS_V,Households declaring to live in an area where some problems are present: difficulties of links with public transport means: very much,HSC_F,Per 100 households with the same characteristics,2024,12.8
A,Annual,ITC1,Piemonte,HOUS_DIFF_TRANS_VQ,Households declaring to live in an area where some problems are present: difficulties of links with public transport means: very much and quite,HSC_F,Per 100 households with the same characteristics,2010,28
A,Annual,ITC1,Piemonte,HOUS_DIFF_TRANS_VQ,Households declaring to live in an area where some problems are present: difficulties of links with public transport means: very much and quite,HSC_F,Per 100 households with the same characteristics,2011,27.8
A,Annual,ITC1,Piemonte,HOUS_DIFF_TRANS_VQ,Households declaring to live in an area where some problems are present: difficulties of links with public transport means: very much and quite,HSC_F,Per 100 households with the same characteristics,2012,26.4
A,Annual,ITC1,Piemonte,HOUS_DIFF_TRANS_VQ,Households declaring to live in an area where some problems are present: difficulties of links with public transport means: very much and quite,HSC_F,Per 100 households with the same characteristics,2013,34.4
A,Annual,ITC1,Piemonte,HOUS_DIFF_TRANS_VQ,Households declaring to live in an area where some problems are present: difficulties of links with public transport means: very much and quite,HSC_F,Per 100 households with the same characteristics,2014,29.7
A,Annual,ITC1,Piemonte,HOUS_DIFF_TRANS_VQ,Households declaring to live in an area where some problems are present: difficulties of links with public transport means: very much and quite,HSC_F,Per 100 households with the same characteristics,2015,32
A,Annual,ITC1,Piemonte,HOUS_DIFF_TRANS_VQ,Households declaring to live in an area where some problems are present: difficulties of links with public transport means: very much and quite,HSC_F,Per 100 households with the same characteristics,2016,33.1
A,Annual,ITC1,Piemonte,HOUS_DIFF_TRANS_VQ,Households declaring to live in an area where some problems are present: difficulties of links with public transport means: very much and quite,HSC_F,Per 100 households with the same characteristics,2017,33.8
A,Annual,ITC1,Piemonte,HOUS_DIFF_TRANS_VQ,Households declaring to live in an area where some problems are present: difficulties of links with public transport means: very much and quite,HSC_F,Per 100 households with the same characteristics,2018,32.5
A,Annual,ITC1,Piemonte,HOUS_DIFF_TRANS_VQ,Households declaring to live in an area where some problems are present: difficulties of links with public transport means: very much and quite,HSC_F,Per 100 households with the same characteristics,2019,33.9
A,Annual,ITC1,Piemonte,HOUS_DIFF_TRANS_VQ,Households declaring to live in an area where some problems are present: difficulties of links with public transport means: very much and quite,HSC_F,Per 100 households with the same characteristics,2020,31.6
A,Annual,ITC1,Piemonte,HOUS_DIFF_TRANS_VQ,Households declaring to live in an area where some problems are present: difficulties of links with public transport means: very much and quite,HSC_F,Per 100 households with the same characteristics,2021,27.9
A,Annual,ITC1,Piemonte,HOUS_DIFF_TRANS_VQ,Households declaring to live in an area where some problems are present: difficulties of links with public transport means: very much and quite,HSC_F,Per 100 households with the same characteristics,2022,29.4
A,Annual,ITC1,Piemonte,HOUS_DIFF_TRANS_VQ,Households declaring to live in an area where some problems are present: difficulties of links with public transport means: very much and quite,HSC_F,Per 100 households with the same characteristics,2023,33
A,Annual,ITC1,Piemonte,HOUS_DIFF_TRANS_VQ,Households declaring to live in an area where some problems are present: difficulties of links with public transport means: very much and quite,HSC_F,Per 100 households with the same characteristics,2024,35.1
A,Annual,ITC1,Piemonte,HOUS_TRAFFIC_V,Households declaring to live in an area where some problems are present: traffic: very much,HSC_F,Per 100 households with the same characteristics,2010,14.1
A,Annual,ITC1,Piemonte,HOUS_TRAFFIC_V,Households declaring to live in an area where some problems are present: traffic: very much,HSC_F,Per 100 households with the same characteristics,2011,12.5
A,Annual,ITC1,Piemonte,HOUS_TRAFFIC_V,Households declaring to live in an area where some problems are present: traffic: very much,HSC_F,Per 100 households with the same characteristics,2012,12.5
A,Annual,ITC1,Piemonte,HOUS_TRAFFIC_V,Households declaring to live in an area where some problems are present: traffic: very much,HSC_F,Per 100 households with the same characteristics,2013,10.2
A,Annual,ITC1,Piemonte,HOUS_TRAFFIC_V,Households declaring to live in an area where some problems are present: traffic: very much,HSC_F,Per 100 households with the same characteristics,2014,10.1
A,Annual,ITC1,Piemonte,HOUS_TRAFFIC_V,Households declaring to live in an area where some problems are present: traffic: very much,HSC_F,Per 100 households with the same characteristics,2015,9.7
A,Annual,ITC1,Piemonte,HOUS_TRAFFIC_V,Households declaring to live in an area where some problems are present: traffic: very much,HSC_F,Per 100 households with the same characteristics,2016,8.2
A,Annual,ITC1,Piemonte,HOUS_TRAFFIC_V,Households declaring to live in an area where some problems are present: traffic: very much,HSC_F,Per 100 households with the same characteristics,2017,8.5
A,Annual,ITC1,Piemonte,HOUS_TRAFFIC_V,Households declaring to live in an area where some problems are present: traffic: very much,HSC_F,Per 100 households with the same characteristics,2018,9.1
A,Annual,ITC1,Piemonte,HOUS_TRAFFIC_V,Households declaring to live in an area where some problems are present: traffic: very much,HSC_F,Per 100 households with the same characteristics,2019,9.3
A,Annual,ITC1,Piemonte,HOUS_TRAFFIC_V,Households declaring to live in an area where some problems are present: traffic: very much,HSC_F,Per 100 households with the same characteristics,2020,11.4
A,Annual,ITC1,Piemonte,HOUS_TRAFFIC_V,Households declaring to live in an area where some problems are present: traffic: very much,HSC_F,Per 100 households with the same characteristics,2021,7.1
A,Annual,ITC1,Piemonte,HOUS_TRAFFIC_V,Households declaring to live in an area where some problems are present: traffic: very much,HSC_F,Per 100 households with the same characteristics,2022,9.3
A,Annual,ITC1,Piemonte,HOUS_TRAFFIC_V,Households declaring to live in an area where some problems are present: traffic: very much,HSC_F,Per 100 households with the same characteristics,2023,9
A,Annual,ITC1,Piemonte,HOUS_TRAFFIC_V,Households declaring to live in an area where some problems are present: traffic: very much,HSC_F,Per 100 households with the same characteristics,2024,9.8
A,Annual,ITC1,Piemonte,HOUS_TRAFFIC_VQ,Households declaring to live in an area where some problems are present: traffic: very much and quite,HSC_F,Per 100 households with the same characteristics,2010,42.4
A,Annual,ITC1,Piemonte,HOUS_TRAFFIC_VQ,Households declaring to live in an area where some problems are present: traffic: very much and quite,HSC_F,Per 100 households with the same characteristics,2011,38
A,Annual,ITC1,Piemonte,HOUS_TRAFFIC_VQ,Households declaring to live in an area where some problems are present: traffic: very much and quite,HSC_F,Per 100 households with the same characteristics,2012,37.8
A,Annual,ITC1,Piemonte,HOUS_TRAFFIC_VQ,Households declaring to live in an area where some problems are present: traffic: very much and quite,HSC_F,Per 100 households with the same characteristics,2013,38.3
A,Annual,ITC1,Piemonte,HOUS_TRAFFIC_VQ,Households declaring to live in an area where some problems are present: traffic: very much and quite,HSC_F,Per 100 households with the same characteristics,2014,36.4
A,Annual,ITC1,Piemonte,HOUS_TRAFFIC_VQ,Households declaring to live in an area where some problems are present: traffic: very much and quite,HSC_F,Per 100 households with the same characteristics,2015,37.2
A,Annual,ITC1,Piemonte,HOUS_TRAFFIC_VQ,Households declaring to live in an area where some problems are present: traffic: very much and quite,HSC_F,Per 100 households with the same characteristics,2016,37.1
A,Annual,ITC1,Piemonte,HOUS_TRAFFIC_VQ,Households declaring to live in an area where some problems are present: traffic: very much and quite,HSC_F,Per 100 households with the same characteristics,2017,34.4
A,Annual,ITC1,Piemonte,HOUS_TRAFFIC_VQ,Households declaring to live in an area where some problems are present: traffic: very much and quite,HSC_F,Per 100 households with the same characteristics,2018,35.2
A,Annual,ITC1,Piemonte,HOUS_TRAFFIC_VQ,Households declaring to live in an area where some problems are present: traffic: very much and quite,HSC_F,Per 100 households with the same characteristics,2019,35.8
A,Annual,ITC1,Piemonte,HOUS_TRAFFIC_VQ,Households declaring to live in an area where some problems are present: traffic: very much and quite,HSC_F,Per 100 households with the same characteristics,2020,35.5
A,Annual,ITC1,Piemonte,HOUS_TRAFFIC_VQ,Households declaring to live in an area where some problems are present: traffic: very much and quite,HSC_F,Per 100 households with the same characteristics,2021,37.5
A,Annual,ITC1,Piemonte,HOUS_TRAFFIC_VQ,Households declaring to live in an area where some problems are present: traffic: very much and quite,HSC_F,Per 100 households with the same characteristics,2022,36.1
A,Annual,ITC1,Piemonte,HOUS_TRAFFIC_VQ,Households declaring to live in an area where some problems are present: traffic: very much and quite,HSC_F,Per 100 households with the same characteristics,2023,37.8
A,Annual,ITC1,Piemonte,HOUS_TRAFFIC_VQ,Households declaring to live in an area where some problems are present: traffic: very much and quite,HSC_F,Per 100 households with the same characteristics,2024,36.1
A,Annual,ITC1,Piemonte,HOUS_STRLIGHT_V,Households declaring to live in an area where some problems are present: poor street lighting: very much,HSC_F,Per 100 households with the same characteristics,2010,9.1
A,Annual,ITC1,Piemonte,HOUS_STRLIGHT_V,Households declaring to live in an area where some problems are present: poor street lighting: very much,HSC_F,Per 100 households with the same characteristics,2011,7.3
A,Annual,ITC1,Piemonte,HOUS_STRLIGHT_V,Households declaring to live in an area where some problems are present: poor street lighting: very much,HSC_F,Per 100 households with the same characteristics,2012,6.9
A,Annual,ITC1,Piemonte,HOUS_STRLIGHT_V,Households declaring to live in an area where some problems are present: poor street lighting: very much,HSC_F,Per 100 households with the same characteristics,2013,5.8
A,Annual,ITC1,Piemonte,HOUS_STRLIGHT_V,Households declaring to live in an area where some problems are present: poor street lighting: very much,HSC_F,Per 100 households with the same characteristics,2014,6.1
A,Annual,ITC1,Piemonte,HOUS_STRLIGHT_V,Households declaring to live in an area where some problems are present: poor street lighting: very much,HSC_F,Per 100 households with the same characteristics,2015,9.6
A,Annual,ITC1,Piemonte,HOUS_STRLIGHT_V,Households declaring to live in an area where some problems are present: poor street lighting: very much,HSC_F,Per 100 households with the same characteristics,2016,7.1
A,Annual,ITC1,Piemonte,HOUS_STRLIGHT_V,Households declaring to live in an area where some problems are present: poor street lighting: very much,HSC_F,Per 100 households with the same characteristics,2017,9
A,Annual,ITC1,Piemonte,HOUS_STRLIGHT_V,Households declaring to live in an area where some problems are present: poor street lighting: very much,HSC_F,Per 100 households with the same characteristics,2018,6.4
A,Annual,ITC1,Piemonte,HOUS_STRLIGHT_V,Households declaring to live in an area where some problems are present: poor street lighting: very much,HSC_F,Per 100 households with the same characteristics,2019,5.4
A,Annual,ITC1,Piemonte,HOUS_STRLIGHT_V,Households declaring to live in an area where some problems are present: poor street lighting: very much,HSC_F,Per 100 households with the same characteristics,2020,5.3
A,Annual,ITC1,Piemonte,HOUS_STRLIGHT_V,Households declaring to live in an area where some problems are present: poor street lighting: very much,HSC_F,Per 100 households with the same characteristics,2021,5.3
A,Annual,ITC1,Piemonte,HOUS_STRLIGHT_V,Households declaring to live in an area where some problems are present: poor street lighting: very much,HSC_F,Per 100 households with the same characteristics,2022,4.6
A,Annual,ITC1,Piemonte,HOUS_STRLIGHT_V,Households declaring to live in an area where some problems are present: poor street lighting: very much,HSC_F,Per 100 households with the same characteristics,2023,6.3
A,Annual,ITC1,Piemonte,HOUS_STRLIGHT_V,Households declaring to live in an area where some problems are present: poor street lighting: very much,HSC_F,Per 100 households with the same characteristics,2024,6.1
A,Annual,ITC1,Piemonte,HOUS_STRLIGHT_VQ,Households declaring to live in an area where some problems are present: poor street lighting: very much and quite,HSC_F,Per 100 households with the same characteristics,2010,29.8
A,Annual,ITC1,Piemonte,HOUS_STRLIGHT_VQ,Households declaring to live in an area where some problems are present: poor street lighting: very much and quite,HSC_F,Per 100 households with the same characteristics,2011,27.1
A,Annual,ITC1,Piemonte,HOUS_STRLIGHT_VQ,Households declaring to live in an area where some problems are present: poor street lighting: very much and quite,HSC_F,Per 100 households with the same characteristics,2012,26.1
A,Annual,ITC1,Piemonte,HOUS_STRLIGHT_VQ,Households declaring to live in an area where some problems are present: poor street lighting: very much and quite,HSC_F,Per 100 households with the same characteristics,2013,27.2
A,Annual,ITC1,Piemonte,HOUS_STRLIGHT_VQ,Households declaring to live in an area where some problems are present: poor street lighting: very much and quite,HSC_F,Per 100 households with the same characteristics,2014,24.7
A,Annual,ITC1,Piemonte,HOUS_STRLIGHT_VQ,Households declaring to live in an area where some problems are present: poor street lighting: very much and quite,HSC_F,Per 100 households with the same characteristics,2015,31.3
A,Annual,ITC1,Piemonte,HOUS_STRLIGHT_VQ,Households declaring to live in an area where some problems are present: poor street lighting: very much and quite,HSC_F,Per 100 households with the same characteristics,2016,30.5
A,Annual,ITC1,Piemonte,HOUS_STRLIGHT_VQ,Households declaring to live in an area where some problems are present: poor street lighting: very much and quite,HSC_F,Per 100 households with the same characteristics,2017,31.5
A,Annual,ITC1,Piemonte,HOUS_STRLIGHT_VQ,Households declaring to live in an area where some problems are present: poor street lighting: very much and quite,HSC_F,Per 100 households with the same characteristics,2018,27.1
A,Annual,ITC1,Piemonte,HOUS_STRLIGHT_VQ,Households declaring to live in an area where some problems are present: poor street lighting: very much and quite,HSC_F,Per 100 households with the same characteristics,2019,25.8
A,Annual,ITC1,Piemonte,HOUS_STRLIGHT_VQ,Households declaring to live in an area where some problems are present: poor street lighting: very much and quite,HSC_F,Per 100 households with the same characteristics,2020,24
A,Annual,ITC1,Piemonte,HOUS_STRLIGHT_VQ,Households declaring to live in an area where some problems are present: poor street lighting: very much and quite,HSC_F,Per 100 households with the same characteristics,2021,23.2
A,Annual,ITC1,Piemonte,HOUS_STRLIGHT_VQ,Households declaring to live in an area where some problems are present: poor street lighting: very much and quite,HSC_F,Per 100 households with the same characteristics,2022,24.7
A,Annual,ITC1,Piemonte,HOUS_STRLIGHT_VQ,Households declaring to live in an area where some problems are present: poor street lighting: very much and quite,HSC_F,Per 100 households with the same characteristics,2023,27
A,Annual,ITC1,Piemonte,HOUS_STRLIGHT_VQ,Households declaring to live in an area where some problems are present: poor street lighting: very much and quite,HSC_F,Per 100 households with the same characteristics,2024,30
A,Annual,ITC1,Piemonte,HOUS_PROAD_V,Households declaring to live in an area where some problems are present: poor road conditions: very much,HSC_F,Per 100 households with the same characteristics,2010,19.5
A,Annual,ITC1,Piemonte,HOUS_PROAD_V,Households declaring to live in an area where some problems are present: poor road conditions: very much,HSC_F,Per 100 households with the same characteristics,2011,17.9
A,Annual,ITC1,Piemonte,HOUS_PROAD_V,Households declaring to live in an area where some problems are present: poor road conditions: very much,HSC_F,Per 100 households with the same characteristics,2012,14.5
A,Annual,ITC1,Piemonte,HOUS_PROAD_V,Households declaring to live in an area where some problems are present: poor road conditions: very much,HSC_F,Per 100 households with the same characteristics,2013,16.6
A,Annual,ITC1,Piemonte,HOUS_PROAD_V,Households declaring to live in an area where some problems are present: poor road conditions: very much,HSC_F,Per 100 households with the same characteristics,2014,18.6
A,Annual,ITC1,Piemonte,HOUS_PROAD_V,Households declaring to live in an area where some problems are present: poor road conditions: very much,HSC_F,Per 100 households with the same characteristics,2015,23.3
A,Annual,ITC1,Piemonte,HOUS_PROAD_V,Households declaring to live in an area where some problems are present: poor road conditions: very much,HSC_F,Per 100 households with the same characteristics,2016,15.8
A,Annual,ITC1,Piemonte,HOUS_PROAD_V,Households declaring to live in an area where some problems are present: poor road conditions: very much,HSC_F,Per 100 households with the same characteristics,2017,19.2
A,Annual,ITC1,Piemonte,HOUS_PROAD_V,Households declaring to live in an area where some problems are present: poor road conditions: very much,HSC_F,Per 100 households with the same characteristics,2018,17.7
A,Annual,ITC1,Piemonte,HOUS_PROAD_V,Households declaring to live in an area where some problems are present: poor road conditions: very much,HSC_F,Per 100 households with the same characteristics,2019,15.4
A,Annual,ITC1,Piemonte,HOUS_PROAD_V,Households declaring to live in an area where some problems are present: poor road conditions: very much,HSC_F,Per 100 households with the same characteristics,2020,12.3
A,Annual,ITC1,Piemonte,HOUS_PROAD_V,Households declaring to live in an area where some problems are present: poor road conditions: very much,HSC_F,Per 100 households with the same characteristics,2021,14
A,Annual,ITC1,Piemonte,HOUS_PROAD_V,Households declaring to live in an area where some problems are present: poor road conditions: very much,HSC_F,Per 100 households with the same characteristics,2022,14.9
A,Annual,ITC1,Piemonte,HOUS_PROAD_V,Households declaring to live in an area where some problems are present: poor road conditions: very much,HSC_F,Per 100 households with the same characteristics,2023,14.1
A,Annual,ITC1,Piemonte,HOUS_PROAD_V,Households declaring to live in an area where some problems are present: poor road conditions: very much,HSC_F,Per 100 households with the same characteristics,2024,21.7
A,Annual,ITC1,Piemonte,HOUS_PROAD_VQ,Households declaring to live in an area where some problems are present: poor road conditions: very much and quite,HSC_F,Per 100 households with the same characteristics,2010,47.7
A,Annual,ITC1,Piemonte,HOUS_PROAD_VQ,Households declaring to live in an area where some problems are present: poor road conditions: very much and quite,HSC_F,Per 100 households with the same characteristics,2011,44.3
A,Annual,ITC1,Piemonte,HOUS_PROAD_VQ,Households declaring to live in an area where some problems are present: poor road conditions: very much and quite,HSC_F,Per 100 households with the same characteristics,2012,40.4
A,Annual,ITC1,Piemonte,HOUS_PROAD_VQ,Households declaring to live in an area where some problems are present: poor road conditions: very much and quite,HSC_F,Per 100 households with the same characteristics,2013,44.2
A,Annual,ITC1,Piemonte,HOUS_PROAD_VQ,Households declaring to live in an area where some problems are present: poor road conditions: very much and quite,HSC_F,Per 100 households with the same characteristics,2014,47.4
A,Annual,ITC1,Piemonte,HOUS_PROAD_VQ,Households declaring to live in an area where some problems are present: poor road conditions: very much and quite,HSC_F,Per 100 households with the same characteristics,2015,50
A,Annual,ITC1,Piemonte,HOUS_PROAD_VQ,Households declaring to live in an area where some problems are present: poor road conditions: very much and quite,HSC_F,Per 100 households with the same characteristics,2016,47.2
A,Annual,ITC1,Piemonte,HOUS_PROAD_VQ,Households declaring to live in an area where some problems are present: poor road conditions: very much and quite,HSC_F,Per 100 households with the same characteristics,2017,48.3
A,Annual,ITC1,Piemonte,HOUS_PROAD_VQ,Households declaring to live in an area where some problems are present: poor road conditions: very much and quite,HSC_F,Per 100 households with the same characteristics,2018,52.2
A,Annual,ITC1,Piemonte,HOUS_PROAD_VQ,Households declaring to live in an area where some problems are present: poor road conditions: very much and quite,HSC_F,Per 100 households with the same characteristics,2019,46.8
A,Annual,ITC1,Piemonte,HOUS_PROAD_VQ,Households declaring to live in an area where some problems are present: poor road conditions: very much and quite,HSC_F,Per 100 households with the same characteristics,2020,39.6
A,Annual,ITC1,Piemonte,HOUS_PROAD_VQ,Households declaring to live in an area where some problems are present: poor road conditions: very much and quite,HSC_F,Per 100 households with the same characteristics,2021,44
A,Annual,ITC1,Piemonte,HOUS_PROAD_VQ,Households declaring to live in an area where some problems are present: poor road conditions: very much and quite,HSC_F,Per 100 households with the same characteristics,2022,45.7
A,Annual,ITC1,Piemonte,HOUS_PROAD_VQ,Households declaring to live in an area where some problems are present: poor road conditions: very much and quite,HSC_F,Per 100 households with the same characteristics,2023,44.1
A,Annual,ITC1,Piemonte,HOUS_PROAD_VQ,Households declaring to live in an area where some problems are present: poor road conditions: very much and quite,HSC_F,Per 100 households with the same characteristics,2024,51.4
A,Annual,ITC2,"'Valle d""'Aosta / Vallée d""'Aoste'",HOUS_DIFFPARK_V,Households declaring to live in an area where some problems are present: difficult parking: very much,HSC_F,Per 100 households with the same characteristics,2010,13.3
A,Annual,ITC2,"'Valle d""'Aosta / Vallée d""'Aoste'",HOUS_DIFFPARK_V,Households declaring to live in an area where some problems are present: difficult parking: very much,HSC_F,Per 100 households with the same characteristics,2011,16.6
A,Annual,ITC2,"'Valle d""'Aosta / Vallée d""'Aoste'",HOUS_DIFFPARK_V,Households declaring to live in an area where some problems are present: difficult parking: very much,HSC_F,Per 100 households with the same characteristics,2012,11
A,Annual,ITC2,"'Valle d""'Aosta / Vallée d""'Aoste'",HOUS_DIFFPARK_V,Households declaring to live in an area where some problems are present: difficult parking: very much,HSC_F,Per 100 households with the same characteristics,2013,10.4
A,Annual,ITC2,"'Valle d""'Aosta / Vallée d""'Aoste'",HOUS_DIFFPARK_V,Households declaring to live in an area where some problems are present: difficult parking: very much,HSC_F,Per 100 households with the same characteristics,2014,10.9
A,Annual,ITC2,"'Valle d""'Aosta / Vallée d""'Aoste'",HOUS_DIFFPARK_V,Households declaring to live in an area where some problems are present: difficult parking: very much,HSC_F,Per 100 households with the same characteristics,2015,11.2
A,Annual,ITC2,"'Valle d""'Aosta / Vallée d""'Aoste'",HOUS_DIFFPARK_V,Households declaring to live in an area where some problems are present: difficult parking: very much,HSC_F,Per 100 households with the same characteristics,2016,10.8
A,Annual,ITC2,"'Valle d""'Aosta / Vallée d""'Aoste'",HOUS_DIFFPARK_V,Households declaring to live in an area where some problems are present: difficult parking: very much,HSC_F,Per 100 households with the same characteristics,2017,6.7
A,Annual,ITC2,"'Valle d""'Aosta / Vallée d""'Aoste'",HOUS_DIFFPARK_V,Households declaring to live in an area where some problems are present: difficult parking: very much,HSC_F,Per 100 households with the same characteristics,2018,6.1
A,Annual,ITC2,"'Valle d""'Aosta / Vallée d""'Aoste'",HOUS_DIFFPARK_V,Households declaring to live in an area where some problems are present: difficult parking: very much,HSC_F,Per 100 households with the same characteristics,2019,10.6
A,Annual,ITC2,"'Valle d""'Aosta / Vallée d""'Aoste'",HOUS_DIFFPARK_V,Households declaring to live in an area where some problems are present: difficult parking: very much,HSC_F,Per 100 households with the same characteristics,2020,7.4
A,Annual,ITC2,"'Valle d""'Aosta / Vallée d""'Aoste'",HOUS_DIFFPARK_V,Households declaring to live in an area where some problems are present: difficult parking: very much,HSC_F,Per 100 households with the same characteristics,2021,6.7
A,Annual,ITC2,"'Valle d""'Aosta / Vallée d""'Aoste'",HOUS_DIFFPARK_V,Households declaring to live in an area where some problems are present: difficult parking: very much,HSC_F,Per 100 households with the same characteristics,2022,10
A,Annual,ITC2,"'Valle d""'Aosta / Vallée d""'Aoste'",HOUS_DIFFPARK_V,Households declaring to live in an area where some problems are present: difficult parking: very much,HSC_F,Per 100 households with the same characteristics,2023,9.5
A,Annual,ITC2,"'Valle d""'Aosta / Vallée d""'Aoste'",HOUS_DIFFPARK_V,Households declaring to live in an area where some problems are present: difficult parking: very much,HSC_F,Per 100 households with the same characteristics,2024,8.2
A,Annual,ITC2,"'Valle d""'Aosta / Vallée d""'Aoste'",HOUS_DIFFPARK_VQ,Households declaring to live in an area where some problems are present: difficult parking: very much and quite,HSC_F,Per 100 households with the same characteristics,2010,34.2
A,Annual,ITC2,"'Valle d""'Aosta / Vallée d""'Aoste'",HOUS_DIFFPARK_VQ,Households declaring to live in an area where some problems are present: difficult parking: very much and quite,HSC_F,Per 100 households with the same characteristics,2011,30
A,Annual,ITC2,"'Valle d""'Aosta / Vallée d""'Aoste'",HOUS_DIFFPARK_VQ,Households declaring to live in an area where some problems are present: difficult parking: very much and quite,HSC_F,Per 100 households with the same characteristics,2012,25.2
A,Annual,ITC2,"'Valle d""'Aosta / Vallée d""'Aoste'",HOUS_DIFFPARK_VQ,Households declaring to live in an area where some problems are present: difficult parking: very much and quite,HSC_F,Per 100 households with the same characteristics,2013,24
A,Annual,ITC2,"'Valle d""'Aosta / Vallée d""'Aoste'",HOUS_DIFFPARK_VQ,Households declaring to live in an area where some problems are present: difficult parking: very much and quite,HSC_F,Per 100 households with the same characteristics,2014,22.9
A,Annual,ITC2,"'Valle d""'Aosta / Vallée d""'Aoste'",HOUS_DIFFPARK_VQ,Households declaring to live in an area where some problems are present: difficult parking: very much and quite,HSC_F,Per 100 households with the same characteristics,2015,24.8
A,Annual,ITC2,"'Valle d""'Aosta / Vallée d""'Aoste'",HOUS_DIFFPARK_VQ,Households declaring to live in an area where some problems are present: difficult parking: very much and quite,HSC_F,Per 100 households with the same characteristics,2016,25
A,Annual,ITC2,"'Valle d""'Aosta / Vallée d""'Aoste'",HOUS_DIFFPARK_VQ,Households declaring to live in an area where some problems are present: difficult parking: very much and quite,HSC_F,Per 100 households with the same characteristics,2017,20.5
A,Annual,ITC2,"'Valle d""'Aosta / Vallée d""'Aoste'",HOUS_DIFFPARK_VQ,Households declaring to live in an area where some problems are present: difficult parking: very much and quite,HSC_F,Per 100 households with the same characteristics,2018,21.5
A,Annual,ITC2,"'Valle d""'Aosta / Vallée d""'Aoste'",HOUS_DIFFPARK_VQ,Households declaring to live in an area where some problems are present: difficult parking: very much and quite,HSC_F,Per 100 households with the same characteristics,2019,28.8
A,Annual,ITC2,"'Valle d""'Aosta / Vallée d""'Aoste'",HOUS_DIFFPARK_VQ,Households declaring to live in an area where some problems are present: difficult parking: very much and quite,HSC_F,Per 100 households with the same characteristics,2020,25.2
A,Annual,ITC2,"'Valle d""'Aosta / Vallée d""'Aoste'",HOUS_DIFFPARK_VQ,Households declaring to live in an area where some problems are present: difficult parking: very much and quite,HSC_F,Per 100 households with the same characteristics,2021,24.5
A,Annual,ITC2,"'Valle d""'Aosta / Vallée d""'Aoste'",HOUS_DIFFPARK_VQ,Households declaring to live in an area where some problems are present: difficult parking: very much and quite,HSC_F,Per 100 households with the same characteristics,2022,26.5
A,Annual,ITC2,"'Valle d""'Aosta / Vallée d""'Aoste'",HOUS_DIFFPARK_VQ,Households declaring to live in an area where some problems are present: difficult parking: very much and quite,HSC_F,Per 100 households with the same characteristics,2023,28.9
A,Annual,ITC2,"'Valle d""'Aosta / Vallée d""'Aoste'",HOUS_DIFFPARK_VQ,Households declaring to live in an area where some problems are present: difficult parking: very much and quite,HSC_F,Per 100 households with the same characteristics,2024,28.8
A,Annual,ITC2,"'Valle d""'Aosta / Vallée d""'Aoste'",HOUS_DIFF_TRANS_V,Households declaring to live in an area where some problems are present: difficulties of links with public transport means: very much,HSC_F,Per 100 households with the same characteristics,2010,7.6
A,Annual,ITC2,"'Valle d""'Aosta / Vallée d""'Aoste'",HOUS_DIFF_TRANS_V,Households declaring to live in an area where some problems are present: difficulties of links with public transport means: very much,HSC_F,Per 100 households with the same characteristics,2011,5.2
A,Annual,ITC2,"'Valle d""'Aosta / Vallée d""'Aoste'",HOUS_DIFF_TRANS_V,Households declaring to live in an area where some problems are present: difficulties of links with public transport means: very much,HSC_F,Per 100 households with the same characteristics,2012,6.5
A,Annual,ITC2,"'Valle d""'Aosta / Vallée d""'Aoste'",HOUS_DIFF_TRANS_V,Households declaring to live in an area where some problems are present: difficulties of links with public transport means: very much,HSC_F,Per 100 households with the same characteristics,2013,7.1
A,Annual,ITC2,"'Valle d""'Aosta / Vallée d""'Aoste'",HOUS_DIFF_TRANS_V,Households declaring to live in an area where some problems are present: difficulties of links with public transport means: very much,HSC_F,Per 100 households with the same characteristics,2014,9.9
A,Annual,ITC2,"'Valle d""'Aosta / Vallée d""'Aoste'",HOUS_DIFF_TRANS_V,Households declaring to live in an area where some problems are present: difficulties of links with public transport means: very much,HSC_F,Per 100 households with the same characteristics,2015,8.6
A,Annual,ITC2,"'Valle d""'Aosta / Vallée d""'Aoste'",HOUS_DIFF_TRANS_V,Households declaring to live in an area where some problems are present: difficulties of links with public transport means: very much,HSC_F,Per 100 households with the same characteristics,2016,11.3
A,Annual,ITC2,"'Valle d""'Aosta / Vallée d""'Aoste'",HOUS_DIFF_TRANS_V,Households declaring to live in an area where some problems are present: difficulties of links with public transport means: very much,HSC_F,Per 100 households with the same characteristics,2017,10.4
A,Annual,ITC2,"'Valle d""'Aosta / Vallée d""'Aoste'",HOUS_DIFF_TRANS_V,Households declaring to live in an area where some problems are present: difficulties of links with public transport means: very much,HSC_F,Per 100 households with the same characteristics,2018,7.9
A,Annual,ITC2,"'Valle d""'Aosta / Vallée d""'Aoste'",HOUS_DIFF_TRANS_V,Households declaring to live in an area where some problems are present: difficulties of links with public transport means: very much,HSC_F,Per 100 households with the same characteristics,2019,12.4
A,Annual,ITC2,"'Valle d""'Aosta / Vallée d""'Aoste'",HOUS_DIFF_TRANS_V,Households declaring to live in an area where some problems are present: difficulties of links with public transport means: very much,HSC_F,Per 100 households with the same characteristics,2020,9.1
A,Annual,ITC2,"'Valle d""'Aosta / Vallée d""'Aoste'",HOUS_DIFF_TRANS_V,Households declaring to live in an area where some problems are present: difficulties of links with public transport means: very much,HSC_F,Per 100 households with the same characteristics,2021,8.3
A,Annual,ITC2,"'Valle d""'Aosta / Vallée d""'Aoste'",HOUS_DIFF_TRANS_V,Households declaring to live in an area where some problems are present: difficulties of links with public transport means: very much,HSC_F,Per 100 households with the same characteristics,2022,10.1
A,Annual,ITC2,"'Valle d""'Aosta / Vallée d""'Aoste'",HOUS_DIFF_TRANS_V,Households declaring to live in an area where some problems are present: difficulties of links with public transport means: very much,HSC_F,Per 100 households with the same characteristics,2023,10.8
A,Annual,ITC2,"'Valle d""'Aosta / Vallée d""'Aoste'",HOUS_DIFF_TRANS_V,Households declaring to live in an area where some problems are present: difficulties of links with public transport means: very much,HSC_F,Per 100 households with the same characteristics,2024,9
A,Annual,ITC2,"'Valle d""'Aosta / Vallée d""'Aoste'",HOUS_DIFF_TRANS_VQ,Households declaring to live in an area where some problems are present: difficulties of links with public transport means: very much and quite,HSC_F,Per 100 households with the same characteristics,2010,23.6
A,Annual,ITC2,"'Valle d""'Aosta / Vallée d""'Aoste'",HOUS_DIFF_TRANS_VQ,Households declaring to live in an area where some problems are present: difficulties of links with public transport means: very much and quite,HSC_F,Per 100 households with the same characteristics,2011,18.6
A,Annual,ITC2,"'Valle d""'Aosta / Vallée d""'Aoste'",HOUS_DIFF_TRANS_VQ,Households declaring to live in an area where some problems are present: difficulties of links with public transport means: very much and quite,HSC_F,Per 100 households with the same characteristics,2012,20.2
A,Annual,ITC2,"'Valle d""'Aosta / Vallée d""'Aoste'",HOUS_DIFF_TRANS_VQ,Households declaring to live in an area where some problems are present: difficulties of links with public transport means: very much and quite,HSC_F,Per 100 households with the same characteristics,2013,21.5
A,Annual,ITC2,"'Valle d""'Aosta / Vallée d""'Aoste'",HOUS_DIFF_TRANS_VQ,Households declaring to live in an area where some problems are present: difficulties of links with public transport means: very much and quite,HSC_F,Per 100 households with the same characteristics,2014,25.7
A,Annual,ITC2,"'Valle d""'Aosta / Vallée d""'Aoste'",HOUS_DIFF_TRANS_VQ,Households declaring to live in an area where some problems are present: difficulties of links with public transport means: very much and quite,HSC_F,Per 100 households with the same characteristics,2015,25.7
A,Annual,ITC2,"'Valle d""'Aosta / Vallée d""'Aoste'",HOUS_DIFF_TRANS_VQ,Households declaring to live in an area where some problems are present: difficulties of links with public transport means: very much and quite,HSC_F,Per 100 households with the same characteristics,2016,30
A,Annual,ITC2,"'Valle d""'Aosta / Vallée d""'Aoste'",HOUS_DIFF_TRANS_VQ,Households declaring to live in an area where some problems are present: difficulties of links with public transport means: very much and quite,HSC_F,Per 100 households with the same characteristics,2017,28.6
A,Annual,ITC2,"'Valle d""'Aosta / Vallée d""'Aoste'",HOUS_DIFF_TRANS_VQ,Households declaring to live in an area where some problems are present: difficulties of links with public transport means: very much and quite,HSC_F,Per 100 households with the same characteristics,2018,25.3
A,Annual,ITC2,"'Valle d""'Aosta / Vallée d""'Aoste'",HOUS_DIFF_TRANS_VQ,Households declaring to live in an area where some problems are present: difficulties of links with public transport means: very much and quite,HSC_F,Per 100 households with the same characteristics,2019,31.2
A,Annual,ITC2,"'Valle d""'Aosta / Vallée d""'Aoste'",HOUS_DIFF_TRANS_VQ,Households declaring to live in an area where some problems are present: difficulties of links with public transport means: very much and quite,HSC_F,Per 100 households with the same characteristics,2020,27.1
A,Annual,ITC2,"'Valle d""'Aosta / Vallée d""'Aoste'",HOUS_DIFF_TRANS_VQ,Households declaring to live in an area where some problems are present: difficulties of links with public transport means: very much and quite,HSC_F,Per 100 households with the same characteristics,2021,26.2
A,Annual,ITC2,"'Valle d""'Aosta / Vallée d""'Aoste'",HOUS_DIFF_TRANS_VQ,Households declaring to live in an area where some problems are present: difficulties of links with public transport means: very much and quite,HSC_F,Per 100 households with the same characteristics,2022,27.5
A,Annual,ITC2,"'Valle d""'Aosta / Vallée d""'Aoste'",HOUS_DIFF_TRANS_VQ,Households declaring to live in an area where some problems are present: difficulties of links with public transport means: very much and quite,HSC_F,Per 100 households with the same characteristics,2023,29.7
A,Annual,ITC2,"'Valle d""'Aosta / Vallée d""'Aoste'",HOUS_DIFF_TRANS_VQ,Households declaring to live in an area where some problems are present: difficulties of links with public transport means: very much and quite,HSC_F,Per 100 households with the same characteristics,2024,32.2
A,Annual,ITC2,"'Valle d""'Aosta / Vallée d""'Aoste'",HOUS_TRAFFIC_V,Households declaring to live in an area where some problems are present: traffic: very much,HSC_F,Per 100 households with the same characteristics,2010,7.5
A,Annual,ITC2,"'Valle d""'Aosta / Vallée d""'Aoste'",HOUS_TRAFFIC_V,Households declaring to live in an area where some problems are present: traffic: very much,HSC_F,Per 100 households with the same characteristics,2011,9.3
A,Annual,ITC2,"'Valle d""'Aosta / Vallée d""'Aoste'",HOUS_TRAFFIC_V,Households declaring to live in an area where some problems are present: traffic: very much,HSC_F,Per 100 households with the same characteristics,2012,4.9
A,Annual,ITC2,"'Valle d""'Aosta / Vallée d""'Aoste'",HOUS_TRAFFIC_V,Households declaring to live in an area where some problems are present: traffic: very much,HSC_F,Per 100 households with the same characteristics,2013,4.9
A,Annual,ITC2,"'Valle d""'Aosta / Vallée d""'Aoste'",HOUS_TRAFFIC_V,Households declaring to live in an area where some problems are present: traffic: very much,HSC_F,Per 100 households with the same characteristics,2014,5.1
A,Annual,ITC2,"'Valle d""'Aosta / Vallée d""'Aoste'",HOUS_TRAFFIC_V,Households declaring to live in an area where some problems are present: traffic: very much,HSC_F,Per 100 households with the same characteristics,2015,5.4
A,Annual,ITC2,"'Valle d""'Aosta / Vallée d""'Aoste'",HOUS_TRAFFIC_V,Households declaring to live in an area where some problems are present: traffic: very much,HSC_F,Per 100 households with the same characteristics,2016,4.9
A,Annual,ITC2,"'Valle d""'Aosta / Vallée d""'Aoste'",HOUS_TRAFFIC_V,Households declaring to live in an area where some problems are present: traffic: very much,HSC_F,Per 100 households with the same characteristics,2017,5.7
A,Annual,ITC2,"'Valle d""'Aosta / Vallée d""'Aoste'",HOUS_TRAFFIC_V,Households declaring to live in an area where some problems are present: traffic: very much,HSC_F,Per 100 households with the same characteristics,2018,4.4
A,Annual,ITC2,"'Valle d""'Aosta / Vallée d""'Aoste'",HOUS_TRAFFIC_V,Households declaring to live in an area where some problems are present: traffic: very much,HSC_F,Per 100 households with the same characteristics,2019,6.1
A,Annual,ITC2,"'Valle d""'Aosta / Vallée d""'Aoste'",HOUS_TRAFFIC_V,Households declaring to live in an area where some problems are present: traffic: very much,HSC_F,Per 100 households with the same characteristics,2020,5.2
A,Annual,ITC2,"'Valle d""'Aosta / Vallée d""'Aoste'",HOUS_TRAFFIC_V,Households declaring to live in an area where some problems are present: traffic: very much,HSC_F,Per 100 households with the same characteristics,2021,4
A,Annual,ITC2,"'Valle d""'Aosta / Vallée d""'Aoste'",HOUS_TRAFFIC_V,Households declaring to live in an area where some problems are present: traffic: very much,HSC_F,Per 100 households with the same characteristics,2022,5.2
A,Annual,ITC2,"'Valle d""'Aosta / Vallée d""'Aoste'",HOUS_TRAFFIC_V,Households declaring to live in an area where some problems are present: traffic: very much,HSC_F,Per 100 households with the same characteristics,2023,4.4
A,Annual,ITC2,"'Valle d""'Aosta / Vallée d""'Aoste'",HOUS_TRAFFIC_V,Households declaring to live in an area where some problems are present: traffic: very much,HSC_F,Per 100 households with the same characteristics,2024,4.6
A,Annual,ITC2,"'Valle d""'Aosta / Vallée d""'Aoste'",HOUS_TRAFFIC_VQ,Households declaring to live in an area where some problems are present: traffic: very much and quite,HSC_F,Per 100 households with the same characteristics,2010,26.2
A,Annual,ITC2,"'Valle d""'Aosta / Vallée d""'Aoste'",HOUS_TRAFFIC_VQ,Households declaring to live in an area where some problems are present: traffic: very much and quite,HSC_F,Per 100 households with the same characteristics,2011,24.9
A,Annual,ITC2,"'Valle d""'Aosta / Vallée d""'Aoste'",HOUS_TRAFFIC_VQ,Households declaring to live in an area where some problems are present: traffic: very much and quite,HSC_F,Per 100 households with the same characteristics,2012,20.4
A,Annual,ITC2,"'Valle d""'Aosta / Vallée d""'Aoste'",HOUS_TRAFFIC_VQ,Households declaring to live in an area where some problems are present: traffic: very much and quite,HSC_F,Per 100 households with the same characteristics,2013,18.7
A,Annual,ITC2,"'Valle d""'Aosta / Vallée d""'Aoste'",HOUS_TRAFFIC_VQ,Households declaring to live in an area where some problems are present: traffic: very much and quite,HSC_F,Per 100 households with the same characteristics,2014,18.6
A,Annual,ITC2,"'Valle d""'Aosta / Vallée d""'Aoste'",HOUS_TRAFFIC_VQ,Households declaring to live in an area where some problems are present: traffic: very much and quite,HSC_F,Per 100 households with the same characteristics,2015,20.1
A,Annual,ITC2,"'Valle d""'Aosta / Vallée d""'Aoste'",HOUS_TRAFFIC_VQ,Households declaring to live in an area where some problems are present: traffic: very much and quite,HSC_F,Per 100 households with the same characteristics,2016,20.4
A,Annual,ITC2,"'Valle d""'Aosta / Vallée d""'Aoste'",HOUS_TRAFFIC_VQ,Households declaring to live in an area where some problems are present: traffic: very much and quite,HSC_F,Per 100 households with the same characteristics,2017,20.8
A,Annual,ITC2,"'Valle d""'Aosta / Vallée d""'Aoste'",HOUS_TRAFFIC_VQ,Households declaring to live in an area where some problems are present: traffic: very much and quite,HSC_F,Per 100 households with the same characteristics,2018,17.6
A,Annual,ITC2,"'Valle d""'Aosta / Vallée d""'Aoste'",HOUS_TRAFFIC_VQ,Households declaring to live in an area where some problems are present: traffic: very much and quite,HSC_F,Per 100 households with the same characteristics,2019,22.9
A,Annual,ITC2,"'Valle d""'Aosta / Vallée d""'Aoste'",HOUS_TRAFFIC_VQ,Households declaring to live in an area where some problems are present: traffic: very much and quite,HSC_F,Per 100 households with the same characteristics,2020,24.3
A,Annual,ITC2,"'Valle d""'Aosta / Vallée d""'Aoste'",HOUS_TRAFFIC_VQ,Households declaring to live in an area where some problems are present: traffic: very much and quite,HSC_F,Per 100 households with the same characteristics,2021,23.7
A,Annual,ITC2,"'Valle d""'Aosta / Vallée d""'Aoste'",HOUS_TRAFFIC_VQ,Households declaring to live in an area where some problems are present: traffic: very much and quite,HSC_F,Per 100 households with the same characteristics,2022,21.5
A,Annual,ITC2,"'Valle d""'Aosta / Vallée d""'Aoste'",HOUS_TRAFFIC_VQ,Households declaring to live in an area where some problems are present: traffic: very much and quite,HSC_F,Per 100 households with the same characteristics,2023,20.3
A,Annual,ITC2,"'Valle d""'Aosta / Vallée d""'Aoste'",HOUS_TRAFFIC_VQ,Households declaring to live in an area where some problems are present: traffic: very much and quite,HSC_F,Per 100 households with the same characteristics,2024,23.2
A,Annual,ITC2,"'Valle d""'Aosta / Vallée d""'Aoste'",HOUS_STRLIGHT_V,Households declaring to live in an area where some problems are present: poor street lighting: very much,HSC_F,Per 100 households with the same characteristics,2010,4.3
A,Annual,ITC2,"'Valle d""'Aosta / Vallée d""'Aoste'",HOUS_STRLIGHT_V,Households declaring to live in an area where some problems are present: poor street lighting: very much,HSC_F,Per 100 households with the same characteristics,2011,4.5
A,Annual,ITC2,"'Valle d""'Aosta / Vallée d""'Aoste'",HOUS_STRLIGHT_V,Households declaring to live in an area where some problems are present: poor street lighting: very much,HSC_F,Per 100 households with the same characteristics,2012,4.5
A,Annual,ITC2,"'Valle d""'Aosta / Vallée d""'Aoste'",HOUS_STRLIGHT_V,Households declaring to live in an area where some problems are present: poor street lighting: very much,HSC_F,Per 100 households with the same characteristics,2013,2.8
A,Annual,ITC2,"'Valle d""'Aosta / Vallée d""'Aoste'",HOUS_STRLIGHT_V,Households declaring to live in an area where some problems are present: poor street lighting: very much,HSC_F,Per 100 households with the same characteristics,2014,5.2
A,Annual,ITC2,"'Valle d""'Aosta / Vallée d""'Aoste'",HOUS_STRLIGHT_V,Households declaring to live in an area where some problems are present: poor street lighting: very much,HSC_F,Per 100 households with the same characteristics,2015,5
A,Annual,ITC2,"'Valle d""'Aosta / Vallée d""'Aoste'",HOUS_STRLIGHT_V,Households declaring to live in an area where some problems are present: poor street lighting: very much,HSC_F,Per 100 households with the same characteristics,2016,2
A,Annual,ITC2,"'Valle d""'Aosta / Vallée d""'Aoste'",HOUS_STRLIGHT_V,Households declaring to live in an area where some problems are present: poor street lighting: very much,HSC_F,Per 100 households with the same characteristics,2017,2.9
A,Annual,ITC2,"'Valle d""'Aosta / Vallée d""'Aoste'",HOUS_STRLIGHT_V,Households declaring to live in an area where some problems are present: poor street lighting: very much,HSC_F,Per 100 households with the same characteristics,2018,4.8
A,Annual,ITC2,"'Valle d""'Aosta / Vallée d""'Aoste'",HOUS_STRLIGHT_V,Households declaring to live in an area where some problems are present: poor street lighting: very much,HSC_F,Per 100 households with the same characteristics,2019,6.1
A,Annual,ITC2,"'Valle d""'Aosta / Vallée d""'Aoste'",HOUS_STRLIGHT_V,Households declaring to live in an area where some problems are present: poor street lighting: very much,HSC_F,Per 100 households with the same characteristics,2020,4.3
A,Annual,ITC2,"'Valle d""'Aosta / Vallée d""'Aoste'",HOUS_STRLIGHT_V,Households declaring to live in an area where some problems are present: poor street lighting: very much,HSC_F,Per 100 households with the same characteristics,2021,2.2
A,Annual,ITC2,"'Valle d""'Aosta / Vallée d""'Aoste'",HOUS_STRLIGHT_V,Households declaring to live in an area where some problems are present: poor street lighting: very much,HSC_F,Per 100 households with the same characteristics,2022,2.8
A,Annual,ITC2,"'Valle d""'Aosta / Vallée d""'Aoste'",HOUS_STRLIGHT_V,Households declaring to live in an area where some problems are present: poor street lighting: very much,HSC_F,Per 100 households with the same characteristics,2023,6.1
A,Annual,ITC2,"'Valle d""'Aosta / Vallée d""'Aoste'",HOUS_STRLIGHT_V,Households declaring to live in an area where some problems are present: poor street lighting: very much,HSC_F,Per 100 households with the same characteristics,2024,6.8
A,Annual,ITC2,"'Valle d""'Aosta / Vallée d""'Aoste'",HOUS_STRLIGHT_VQ,Households declaring to live in an area where some problems are present: poor street lighting: very much and quite,HSC_F,Per 100 households with the same characteristics,2010,18.3
A,Annual,ITC2,"'Valle d""'Aosta / Vallée d""'Aoste'",HOUS_STRLIGHT_VQ,Households declaring to live in an area where some problems are present: poor street lighting: very much and quite,HSC_F,Per 100 households with the same characteristics,2011,20.7
A,Annual,ITC2,"'Valle d""'Aosta / Vallée d""'Aoste'",HOUS_STRLIGHT_VQ,Households declaring to live in an area where some problems are present: poor street lighting: very much and quite,HSC_F,Per 100 households with the same characteristics,2012,18.2
A,Annual,ITC2,"'Valle d""'Aosta / Vallée d""'Aoste'",HOUS_STRLIGHT_VQ,Households declaring to live in an area where some problems are present: poor street lighting: very much and quite,HSC_F,Per 100 households with the same characteristics,2013,15.5
A,Annual,ITC2,"'Valle d""'Aosta / Vallée d""'Aoste'",HOUS_STRLIGHT_VQ,Households declaring to live in an area where some problems are present: poor street lighting: very much and quite,HSC_F,Per 100 households with the same characteristics,2014,19.8
A,Annual,ITC2,"'Valle d""'Aosta / Vallée d""'Aoste'",HOUS_STRLIGHT_VQ,Households declaring to live in an area where some problems are present: poor street lighting: very much and quite,HSC_F,Per 100 households with the same characteristics,2015,18.7
A,Annual,ITC2,"'Valle d""'Aosta / Vallée d""'Aoste'",HOUS_STRLIGHT_VQ,Households declaring to live in an area where some problems are present: poor street lighting: very much and quite,HSC_F,Per 100 households with the same characteristics,2016,16.2
A,Annual,ITC2,"'Valle d""'Aosta / Vallée d""'Aoste'",HOUS_STRLIGHT_VQ,Households declaring to live in an area where some problems are present: poor street lighting: very much and quite,HSC_F,Per 100 households with the same characteristics,2017,13.3
A,Annual,ITC2,"'Valle d""'Aosta / Vallée d""'Aoste'",HOUS_STRLIGHT_VQ,Households declaring to live in an area where some problems are present: poor street lighting: very much and quite,HSC_F,Per 100 households with the same characteristics,2018,17.4
A,Annual,ITC2,"'Valle d""'Aosta / Vallée d""'Aoste'",HOUS_STRLIGHT_VQ,Households declaring to live in an area where some problems are present: poor street lighting: very much and quite,HSC_F,Per 100 households with the same characteristics,2019,22.2
A,Annual,ITC2,"'Valle d""'Aosta / Vallée d""'Aoste'",HOUS_STRLIGHT_VQ,Households declaring to live in an area where some problems are present: poor street lighting: very much and quite,HSC_F,Per 100 households with the same characteristics,2020,12.5
A,Annual,ITC2,"'Valle d""'Aosta / Vallée d""'Aoste'",HOUS_STRLIGHT_VQ,Households declaring to live in an area where some problems are present: poor street lighting: very much and quite,HSC_F,Per 100 households with the same characteristics,2021,14.1
A,Annual,ITC2,"'Valle d""'Aosta / Vallée d""'Aoste'",HOUS_STRLIGHT_VQ,Households declaring to live in an area where some problems are present: poor street lighting: very much and quite,HSC_F,Per 100 households with the same characteristics,2022,15.2
A,Annual,ITC2,"'Valle d""'Aosta / Vallée d""'Aoste'",HOUS_STRLIGHT_VQ,Households declaring to live in an area where some problems are present: poor street lighting: very much and quite,HSC_F,Per 100 households with the same characteristics,2023,19.8
A,Annual,ITC2,"'Valle d""'Aosta / Vallée d""'Aoste'",HOUS_STRLIGHT_VQ,Households declaring to live in an area where some problems are present: poor street lighting: very much and quite,HSC_F,Per 100 households with the same characteristics,2024,24.8
A,Annual,ITC2,"'Valle d""'Aosta / Vallée d""'Aoste'",HOUS_PROAD_V,Households declaring to live in an area where some problems are present: poor road conditions: very much,HSC_F,Per 100 households with the same characteristics,2010,12.7
A,Annual,ITC2,"'Valle d""'Aosta / Vallée d""'Aoste'",HOUS_PROAD_V,Households declaring to live in an area where some problems are present: poor road conditions: very much,HSC_F,Per 100 households with the same characteristics,2011,8.5
A,Annual,ITC2,"'Valle d""'Aosta / Vallée d""'Aoste'",HOUS_PROAD_V,Households declaring to live in an area where some problems are present: poor road conditions: very much,HSC_F,Per 100 households with the same characteristics,2012,8.9
A,Annual,ITC2,"'Valle d""'Aosta / Vallée d""'Aoste'",HOUS_PROAD_V,Households declaring to live in an area where some problems are present: poor road conditions: very much,HSC_F,Per 100 households with the same characteristics,2013,10.7
A,Annual,ITC2,"'Valle d""'Aosta / Vallée d""'Aoste'",HOUS_PROAD_V,Households declaring to live in an area where some problems are present: poor road conditions: very much,HSC_F,Per 100 households with the same characteristics,2014,9.4
A,Annual,ITC2,"'Valle d""'Aosta / Vallée d""'Aoste'",HOUS_PROAD_V,Households declaring to live in an area where some problems are present: poor road conditions: very much,HSC_F,Per 100 households with the same characteristics,2015,9.9
A,Annual,ITC2,"'Valle d""'Aosta / Vallée d""'Aoste'",HOUS_PROAD_V,Households declaring to live in an area where some problems are present: poor road conditions: very much,HSC_F,Per 100 households with the same characteristics,2016,8.3
A,Annual,ITC2,"'Valle d""'Aosta / Vallée d""'Aoste'",HOUS_PROAD_V,Households declaring to live in an area where some problems are present: poor road conditions: very much,HSC_F,Per 100 households with the same characteristics,2017,9.3
A,Annual,ITC2,"'Valle d""'Aosta / Vallée d""'Aoste'",HOUS_PROAD_V,Households declaring to live in an area where some problems are present: poor road conditions: very much,HSC_F,Per 100 households with the same characteristics,2018,12.9
A,Annual,ITC2,"'Valle d""'Aosta / Vallée d""'Aoste'",HOUS_PROAD_V,Households declaring to live in an area where some problems are present: poor road conditions: very much,HSC_F,Per 100 households with the same characteristics,2019,11.9
A,Annual,ITC2,"'Valle d""'Aosta / Vallée d""'Aoste'",HOUS_PROAD_V,Households declaring to live in an area where some problems are present: poor road conditions: very much,HSC_F,Per 100 households with the same characteristics,2020,7.6
A,Annual,ITC2,"'Valle d""'Aosta / Vallée d""'Aoste'",HOUS_PROAD_V,Households declaring to live in an area where some problems are present: poor road conditions: very much,HSC_F,Per 100 households with the same characteristics,2021,6.7
A,Annual,ITC2,"'Valle d""'Aosta / Vallée d""'Aoste'",HOUS_PROAD_V,Households declaring to live in an area where some problems are present: poor road conditions: very much,HSC_F,Per 100 households with the same characteristics,2022,5.8
A,Annual,ITC2,"'Valle d""'Aosta / Vallée d""'Aoste'",HOUS_PROAD_V,Households declaring to live in an area where some problems are present: poor road conditions: very much,HSC_F,Per 100 households with the same characteristics,2023,10.6
A,Annual,ITC2,"'Valle d""'Aosta / Vallée d""'Aoste'",HOUS_PROAD_V,Households declaring to live in an area where some problems are present: poor road conditions: very much,HSC_F,Per 100 households with the same characteristics,2024,12.7
A,Annual,ITC2,"'Valle d""'Aosta / Vallée d""'Aoste'",HOUS_PROAD_VQ,Households declaring to live in an area where some problems are present: poor road conditions: very much and quite,HSC_F,Per 100 households with the same characteristics,2010,38.9
A,Annual,ITC2,"'Valle d""'Aosta / Vallée d""'Aoste'",HOUS_PROAD_VQ,Households declaring to live in an area where some problems are present: poor road conditions: very much and quite,HSC_F,Per 100 households with the same characteristics,2011,30.5
A,Annual,ITC2,"'Valle d""'Aosta / Vallée d""'Aoste'",HOUS_PROAD_VQ,Households declaring to live in an area where some problems are present: poor road conditions: very much and quite,HSC_F,Per 100 households with the same characteristics,2012,28.6
A,Annual,ITC2,"'Valle d""'Aosta / Vallée d""'Aoste'",HOUS_PROAD_VQ,Households declaring to live in an area where some problems are present: poor road conditions: very much and quite,HSC_F,Per 100 households with the same characteristics,2013,30.8
A,Annual,ITC2,"'Valle d""'Aosta / Vallée d""'Aoste'",HOUS_PROAD_VQ,Households declaring to live in an area where some problems are present: poor road conditions: very much and quite,HSC_F,Per 100 households with the same characteristics,2014,30.7
A,Annual,ITC2,"'Valle d""'Aosta / Vallée d""'Aoste'",HOUS_PROAD_VQ,Households declaring to live in an area where some problems are present: poor road conditions: very much and quite,HSC_F,Per 100 households with the same characteristics,2015,33.1
A,Annual,ITC2,"'Valle d""'Aosta / Vallée d""'Aoste'",HOUS_PROAD_VQ,Households declaring to live in an area where some problems are present: poor road conditions: very much and quite,HSC_F,Per 100 households with the same characteristics,2016,32.3
A,Annual,ITC2,"'Valle d""'Aosta / Vallée d""'Aoste'",HOUS_PROAD_VQ,Households declaring to live in an area where some problems are present: poor road conditions: very much and quite,HSC_F,Per 100 households with the same characteristics,2017,31.1
A,Annual,ITC2,"'Valle d""'Aosta / Vallée d""'Aoste'",HOUS_PROAD_VQ,Households declaring to live in an area where some problems are present: poor road conditions: very much and quite,HSC_F,Per 100 households with the same characteristics,2018,38.8
A,Annual,ITC2,"'Valle d""'Aosta / Vallée d""'Aoste'",HOUS_PROAD_VQ,Households declaring to live in an area where some problems are present: poor road conditions: very much and quite,HSC_F,Per 100 households with the same characteristics,2019,36.5
A,Annual,ITC2,"'Valle d""'Aosta / Vallée d""'Aoste'",HOUS_PROAD_VQ,Households declaring to live in an area where some problems are present: poor road conditions: very much and quite,HSC_F,Per 100 households with the same characteristics,2020,26.3
A,Annual,ITC2,"'Valle d""'Aosta / Vallée d""'Aoste'",HOUS_PROAD_VQ,Households declaring to live in an area where some problems are present: poor road conditions: very much and quite,HSC_F,Per 100 households with the same characteristics,2021,23.1
A,Annual,ITC2,"'Valle d""'Aosta / Vallée d""'Aoste'",HOUS_PROAD_VQ,Households declaring to live in an area where some problems are present: poor road conditions: very much and quite,HSC_F,Per 100 households with the same characteristics,2022,26.5
A,Annual,ITC2,"'Valle d""'Aosta / Vallée d""'Aoste'",HOUS_PROAD_VQ,Households declaring to live in an area where some problems are present: poor road conditions: very much and quite,HSC_F,Per 100 households with the same characteristics,2023,36.2
A,Annual,ITC2,"'Valle d""'Aosta / Vallée d""'Aoste'",HOUS_PROAD_VQ,Households declaring to live in an area where some problems are present: poor road conditions: very much and quite,HSC_F,Per 100 households with the same characteristics,2024,35.3
A,Annual,ITC3,Liguria,HOUS_DIFFPARK_V,Households declaring to live in an area where some problems are present: difficult parking: very much,HSC_F,Per 100 households with the same characteristics,2010,29.7
A,Annual,ITC3,Liguria,HOUS_DIFFPARK_V,Households declaring to live in an area where some problems are present: difficult parking: very much,HSC_F,Per 100 households with the same characteristics,2011,24.1
A,Annual,ITC3,Liguria,HOUS_DIFFPARK_V,Households declaring to live in an area where some problems are present: difficult parking: very much,HSC_F,Per 100 households with the same characteristics,2012,24.2
A,Annual,ITC3,Liguria,HOUS_DIFFPARK_V,Households declaring to live in an area where some problems are present: difficult parking: very much,HSC_F,Per 100 households with the same characteristics,2013,23.4
A,Annual,ITC3,Liguria,HOUS_DIFFPARK_V,Households declaring to live in an area where some problems are present: difficult parking: very much,HSC_F,Per 100 households with the same characteristics,2014,25
A,Annual,ITC3,Liguria,HOUS_DIFFPARK_V,Households declaring to live in an area where some problems are present: difficult parking: very much,HSC_F,Per 100 households with the same characteristics,2015,27.7
A,Annual,ITC3,Liguria,HOUS_DIFFPARK_V,Households declaring to live in an area where some problems are present: difficult parking: very much,HSC_F,Per 100 households with the same characteristics,2016,27.5
A,Annual,ITC3,Liguria,HOUS_DIFFPARK_V,Households declaring to live in an area where some problems are present: difficult parking: very much,HSC_F,Per 100 households with the same characteristics,2017,27.4
A,Annual,ITC3,Liguria,HOUS_DIFFPARK_V,Households declaring to live in an area where some problems are present: difficult parking: very much,HSC_F,Per 100 households with the same characteristics,2018,26.7
A,Annual,ITC3,Liguria,HOUS_DIFFPARK_V,Households declaring to live in an area where some problems are present: difficult parking: very much,HSC_F,Per 100 households with the same characteristics,2019,26.7
A,Annual,ITC3,Liguria,HOUS_DIFFPARK_V,Households declaring to live in an area where some problems are present: difficult parking: very much,HSC_F,Per 100 households with the same characteristics,2020,25.3
A,Annual,ITC3,Liguria,HOUS_DIFFPARK_V,Households declaring to live in an area where some problems are present: difficult parking: very much,HSC_F,Per 100 households with the same characteristics,2021,28.2
A,Annual,ITC3,Liguria,HOUS_DIFFPARK_V,Households declaring to live in an area where some problems are present: difficult parking: very much,HSC_F,Per 100 households with the same characteristics,2022,28.7
A,Annual,ITC3,Liguria,HOUS_DIFFPARK_V,Households declaring to live in an area where some problems are present: difficult parking: very much,HSC_F,Per 100 households with the same characteristics,2023,29.2
A,Annual,ITC3,Liguria,HOUS_DIFFPARK_V,Households declaring to live in an area where some problems are present: difficult parking: very much,HSC_F,Per 100 households with the same characteristics,2024,30.5
A,Annual,ITC3,Liguria,HOUS_DIFFPARK_VQ,Households declaring to live in an area where some problems are present: difficult parking: very much and quite,HSC_F,Per 100 households with the same characteristics,2010,52.9
A,Annual,ITC3,Liguria,HOUS_DIFFPARK_VQ,Households declaring to live in an area where some problems are present: difficult parking: very much and quite,HSC_F,Per 100 households with the same characteristics,2011,49.6
A,Annual,ITC3,Liguria,HOUS_DIFFPARK_VQ,Households declaring to live in an area where some problems are present: difficult parking: very much and quite,HSC_F,Per 100 households with the same characteristics,2012,47.7
A,Annual,ITC3,Liguria,HOUS_DIFFPARK_VQ,Households declaring to live in an area where some problems are present: difficult parking: very much and quite,HSC_F,Per 100 households with the same characteristics,2013,51.4
A,Annual,ITC3,Liguria,HOUS_DIFFPARK_VQ,Households declaring to live in an area where some problems are present: difficult parking: very much and quite,HSC_F,Per 100 households with the same characteristics,2014,45.8
A,Annual,ITC3,Liguria,HOUS_DIFFPARK_VQ,Households declaring to live in an area where some problems are present: difficult parking: very much and quite,HSC_F,Per 100 households with the same characteristics,2015,51
A,Annual,ITC3,Liguria,HOUS_DIFFPARK_VQ,Households declaring to live in an area where some problems are present: difficult parking: very much and quite,HSC_F,Per 100 households with the same characteristics,2016,50
A,Annual,ITC3,Liguria,HOUS_DIFFPARK_VQ,Households declaring to live in an area where some problems are present: difficult parking: very much and quite,HSC_F,Per 100 households with the same characteristics,2017,52.7
A,Annual,ITC3,Liguria,HOUS_DIFFPARK_VQ,Households declaring to live in an area where some problems are present: difficult parking: very much and quite,HSC_F,Per 100 households with the same characteristics,2018,53.3
A,Annual,ITC3,Liguria,HOUS_DIFFPARK_VQ,Households declaring to live in an area where some problems are present: difficult parking: very much and quite,HSC_F,Per 100 households with the same characteristics,2019,50.3
A,Annual,ITC3,Liguria,HOUS_DIFFPARK_VQ,Households declaring to live in an area where some problems are present: difficult parking: very much and quite,HSC_F,Per 100 households with the same characteristics,2020,50.3
A,Annual,ITC3,Liguria,HOUS_DIFFPARK_VQ,Households declaring to live in an area where some problems are present: difficult parking: very much and quite,HSC_F,Per 100 households with the same characteristics,2021,54
A,Annual,ITC3,Liguria,HOUS_DIFFPARK_VQ,Households declaring to live in an area where some problems are present: difficult parking: very much and quite,HSC_F,Per 100 households with the same characteristics,2022,51.4
A,Annual,ITC3,Liguria,HOUS_DIFFPARK_VQ,Households declaring to live in an area where some problems are present: difficult parking: very much and quite,HSC_F,Per 100 households with the same characteristics,2023,54.4
A,Annual,ITC3,Liguria,HOUS_DIFFPARK_VQ,Households declaring to live in an area where some problems are present: difficult parking: very much and quite,HSC_F,Per 100 households with the same characteristics,2024,54.6
A,Annual,ITC3,Liguria,HOUS_DIFF_TRANS_V,Households declaring to live in an area where some problems are present: difficulties of links with public transport means: very much,HSC_F,Per 100 households with the same characteristics,2010,7.2
A,Annual,ITC3,Liguria,HOUS_DIFF_TRANS_V,Households declaring to live in an area where some problems are present: difficulties of links with public transport means: very much,HSC_F,Per 100 households with the same characteristics,2011,6.6
A,Annual,ITC3,Liguria,HOUS_DIFF_TRANS_V,Households declaring to live in an area where some problems are present: difficulties of links with public transport means: very much,HSC_F,Per 100 households with the same characteristics,2012,6.2
A,Annual,ITC3,Liguria,HOUS_DIFF_TRANS_V,Households declaring to live in an area where some problems are present: difficulties of links with public transport means: very much,HSC_F,Per 100 households with the same characteristics,2013,7.5
A,Annual,ITC3,Liguria,HOUS_DIFF_TRANS_V,Households declaring to live in an area where some problems are present: difficulties of links with public transport means: very much,HSC_F,Per 100 households with the same characteristics,2014,7.3
A,Annual,ITC3,Liguria,HOUS_DIFF_TRANS_V,Households declaring to live in an area where some problems are present: difficulties of links with public transport means: very much,HSC_F,Per 100 households with the same characteristics,2015,6.8
A,Annual,ITC3,Liguria,HOUS_DIFF_TRANS_V,Households declaring to live in an area where some problems are present: difficulties of links with public transport means: very much,HSC_F,Per 100 households with the same characteristics,2016,7.3
A,Annual,ITC3,Liguria,HOUS_DIFF_TRANS_V,Households declaring to live in an area where some problems are present: difficulties of links with public transport means: very much,HSC_F,Per 100 households with the same characteristics,2017,9.9
A,Annual,ITC3,Liguria,HOUS_DIFF_TRANS_V,Households declaring to live in an area where some problems are present: difficulties of links with public transport means: very much,HSC_F,Per 100 households with the same characteristics,2018,7.3
A,Annual,ITC3,Liguria,HOUS_DIFF_TRANS_V,Households declaring to live in an area where some problems are present: difficulties of links with public transport means: very much,HSC_F,Per 100 households with the same characteristics,2019,9.9
A,Annual,ITC3,Liguria,HOUS_DIFF_TRANS_V,Households declaring to live in an area where some problems are present: difficulties of links with public transport means: very much,HSC_F,Per 100 households with the same characteristics,2020,8.3
A,Annual,ITC3,Liguria,HOUS_DIFF_TRANS_V,Households declaring to live in an area where some problems are present: difficulties of links with public transport means: very much,HSC_F,Per 100 households with the same characteristics,2021,7.1
A,Annual,ITC3,Liguria,HOUS_DIFF_TRANS_V,Households declaring to live in an area where some problems are present: difficulties of links with public transport means: very much,HSC_F,Per 100 households with the same characteristics,2022,6.3
A,Annual,ITC3,Liguria,HOUS_DIFF_TRANS_V,Households declaring to live in an area where some problems are present: difficulties of links with public transport means: very much,HSC_F,Per 100 households with the same characteristics,2023,6.8
A,Annual,ITC3,Liguria,HOUS_DIFF_TRANS_V,Households declaring to live in an area where some problems are present: difficulties of links with public transport means: very much,HSC_F,Per 100 households with the same characteristics,2024,10.1
A,Annual,ITC3,Liguria,HOUS_DIFF_TRANS_VQ,Households declaring to live in an area where some problems are present: difficulties of links with public transport means: very much and quite,HSC_F,Per 100 households with the same characteristics,2010,24.5
A,Annual,ITC3,Liguria,HOUS_DIFF_TRANS_VQ,Households declaring to live in an area where some problems are present: difficulties of links with public transport means: very much and quite,HSC_F,Per 100 households with the same characteristics,2011,26.3
A,Annual,ITC3,Liguria,HOUS_DIFF_TRANS_VQ,Households declaring to live in an area where some problems are present: difficulties of links with public transport means: very much and quite,HSC_F,Per 100 households with the same characteristics,2012,26.3
A,Annual,ITC3,Liguria,HOUS_DIFF_TRANS_VQ,Households declaring to live in an area where some problems are present: difficulties of links with public transport means: very much and quite,HSC_F,Per 100 households with the same characteristics,2013,26.9
A,Annual,ITC3,Liguria,HOUS_DIFF_TRANS_VQ,Households declaring to live in an area where some problems are present: difficulties of links with public transport means: very much and quite,HSC_F,Per 100 households with the same characteristics,2014,22.5
A,Annual,ITC3,Liguria,HOUS_DIFF_TRANS_VQ,Households declaring to live in an area where some problems are present: difficulties of links with public transport means: very much and quite,HSC_F,Per 100 households with the same characteristics,2015,28.8
A,Annual,ITC3,Liguria,HOUS_DIFF_TRANS_VQ,Households declaring to live in an area where some problems are present: difficulties of links with public transport means: very much and quite,HSC_F,Per 100 households with the same characteristics,2016,25.7
A,Annual,ITC3,Liguria,HOUS_DIFF_TRANS_VQ,Households declaring to live in an area where some problems are present: difficulties of links with public transport means: very much and quite,HSC_F,Per 100 households with the same characteristics,2017,29.4
A,Annual,ITC3,Liguria,HOUS_DIFF_TRANS_VQ,Households declaring to live in an area where some problems are present: difficulties of links with public transport means: very much and quite,HSC_F,Per 100 households with the same characteristics,2018,24.5
A,Annual,ITC3,Liguria,HOUS_DIFF_TRANS_VQ,Households declaring to live in an area where some problems are present: difficulties of links with public transport means: very much and quite,HSC_F,Per 100 households with the same characteristics,2019,28.7
A,Annual,ITC3,Liguria,HOUS_DIFF_TRANS_VQ,Households declaring to live in an area where some problems are present: difficulties of links with public transport means: very much and quite,HSC_F,Per 100 households with the same characteristics,2020,27.8
A,Annual,ITC3,Liguria,HOUS_DIFF_TRANS_VQ,Households declaring to live in an area where some problems are present: difficulties of links with public transport means: very much and quite,HSC_F,Per 100 households with the same characteristics,2021,23.7
A,Annual,ITC3,Liguria,HOUS_DIFF_TRANS_VQ,Households declaring to live in an area where some problems are present: difficulties of links with public transport means: very much and quite,HSC_F,Per 100 households with the same characteristics,2022,26.3
A,Annual,ITC3,Liguria,HOUS_DIFF_TRANS_VQ,Households declaring to live in an area where some problems are present: difficulties of links with public transport means: very much and quite,HSC_F,Per 100 households with the same characteristics,2023,27.9
A,Annual,ITC3,Liguria,HOUS_DIFF_TRANS_VQ,Households declaring to live in an area where some problems are present: difficulties of links with public transport means: very much and quite,HSC_F,Per 100 households with the same characteristics,2024,30.7
A,Annual,ITC3,Liguria,HOUS_TRAFFIC_V,Households declaring to live in an area where some problems are present: traffic: very much,HSC_F,Per 100 households with the same characteristics,2010,16.6
A,Annual,ITC3,Liguria,HOUS_TRAFFIC_V,Households declaring to live in an area where some problems are present: traffic: very much,HSC_F,Per 100 households with the same characteristics,2011,10.8
A,Annual,ITC3,Liguria,HOUS_TRAFFIC_V,Households declaring to live in an area where some problems are present: traffic: very much,HSC_F,Per 100 households with the same characteristics,2012,10
A,Annual,ITC3,Liguria,HOUS_TRAFFIC_V,Households declaring to live in an area where some problems are present: traffic: very much,HSC_F,Per 100 households with the same characteristics,2013,11.1
A,Annual,ITC3,Liguria,HOUS_TRAFFIC_V,Households declaring to live in an area where some problems are present: traffic: very much,HSC_F,Per 100 households with the same characteristics,2014,12.3
A,Annual,ITC3,Liguria,HOUS_TRAFFIC_V,Households declaring to live in an area where some problems are present: traffic: very much,HSC_F,Per 100 households with the same characteristics,2015,10.8
A,Annual,ITC3,Liguria,HOUS_TRAFFIC_V,Households declaring to live in an area where some problems are present: traffic: very much,HSC_F,Per 100 households with the same characteristics,2016,11.9
A,Annual,ITC3,Liguria,HOUS_TRAFFIC_V,Households declaring to live in an area where some problems are present: traffic: very much,HSC_F,Per 100 households with the same characteristics,2017,11.6
A,Annual,ITC3,Liguria,HOUS_TRAFFIC_V,Households declaring to live in an area where some problems are present: traffic: very much,HSC_F,Per 100 households with the same characteristics,2018,11.6
A,Annual,ITC3,Liguria,HOUS_TRAFFIC_V,Households declaring to live in an area where some problems are present: traffic: very much,HSC_F,Per 100 households with the same characteristics,2019,13.1
A,Annual,ITC3,Liguria,HOUS_TRAFFIC_V,Households declaring to live in an area where some problems are present: traffic: very much,HSC_F,Per 100 households with the same characteristics,2020,9.8
A,Annual,ITC3,Liguria,HOUS_TRAFFIC_V,Households declaring to live in an area where some problems are present: traffic: very much,HSC_F,Per 100 households with the same characteristics,2021,11.3
A,Annual,ITC3,Liguria,HOUS_TRAFFIC_V,Households declaring to live in an area where some problems are present: traffic: very much,HSC_F,Per 100 households with the same characteristics,2022,13.8
A,Annual,ITC3,Liguria,HOUS_TRAFFIC_V,Households declaring to live in an area where some problems are present: traffic: very much,HSC_F,Per 100 households with the same characteristics,2023,12
A,Annual,ITC3,Liguria,HOUS_TRAFFIC_V,Households declaring to live in an area where some problems are present: traffic: very much,HSC_F,Per 100 households with the same characteristics,2024,13
A,Annual,ITC3,Liguria,HOUS_TRAFFIC_VQ,Households declaring to live in an area where some problems are present: traffic: very much and quite,HSC_F,Per 100 households with the same characteristics,2010,42.3
A,Annual,ITC3,Liguria,HOUS_TRAFFIC_VQ,Households declaring to live in an area where some problems are present: traffic: very much and quite,HSC_F,Per 100 households with the same characteristics,2011,36.2
A,Annual,ITC3,Liguria,HOUS_TRAFFIC_VQ,Households declaring to live in an area where some problems are present: traffic: very much and quite,HSC_F,Per 100 households with the same characteristics,2012,37.2
A,Annual,ITC3,Liguria,HOUS_TRAFFIC_VQ,Households declaring to live in an area where some problems are present: traffic: very much and quite,HSC_F,Per 100 households with the same characteristics,2013,40.9
A,Annual,ITC3,Liguria,HOUS_TRAFFIC_VQ,Households declaring to live in an area where some problems are present: traffic: very much and quite,HSC_F,Per 100 households with the same characteristics,2014,37.5
A,Annual,ITC3,Liguria,HOUS_TRAFFIC_VQ,Households declaring to live in an area where some problems are present: traffic: very much and quite,HSC_F,Per 100 households with the same characteristics,2015,40.5
A,Annual,ITC3,Liguria,HOUS_TRAFFIC_VQ,Households declaring to live in an area where some problems are present: traffic: very much and quite,HSC_F,Per 100 households with the same characteristics,2016,36.2
A,Annual,ITC3,Liguria,HOUS_TRAFFIC_VQ,Households declaring to live in an area where some problems are present: traffic: very much and quite,HSC_F,Per 100 households with the same characteristics,2017,41.8
A,Annual,ITC3,Liguria,HOUS_TRAFFIC_VQ,Households declaring to live in an area where some problems are present: traffic: very much and quite,HSC_F,Per 100 households with the same characteristics,2018,41.4
A,Annual,ITC3,Liguria,HOUS_TRAFFIC_VQ,Households declaring to live in an area where some problems are present: traffic: very much and quite,HSC_F,Per 100 households with the same characteristics,2019,41
A,Annual,ITC3,Liguria,HOUS_TRAFFIC_VQ,Households declaring to live in an area where some problems are present: traffic: very much and quite,HSC_F,Per 100 households with the same characteristics,2020,38.1
A,Annual,ITC3,Liguria,HOUS_TRAFFIC_VQ,Households declaring to live in an area where some problems are present: traffic: very much and quite,HSC_F,Per 100 households with the same characteristics,2021,39.4
A,Annual,ITC3,Liguria,HOUS_TRAFFIC_VQ,Households declaring to live in an area where some problems are present: traffic: very much and quite,HSC_F,Per 100 households with the same characteristics,2022,42.4
A,Annual,ITC3,Liguria,HOUS_TRAFFIC_VQ,Households declaring to live in an area where some problems are present: traffic: very much and quite,HSC_F,Per 100 households with the same characteristics,2023,42.1
A,Annual,ITC3,Liguria,HOUS_TRAFFIC_VQ,Households declaring to live in an area where some problems are present: traffic: very much and quite,HSC_F,Per 100 households with the same characteristics,2024,46.1
A,Annual,ITC3,Liguria,HOUS_STRLIGHT_V,Households declaring to live in an area where some problems are present: poor street lighting: very much,HSC_F,Per 100 households with the same characteristics,2010,9
A,Annual,ITC3,Liguria,HOUS_STRLIGHT_V,Households declaring to live in an area where some problems are present: poor street lighting: very much,HSC_F,Per 100 households with the same characteristics,2011,8.2
A,Annual,ITC3,Liguria,HOUS_STRLIGHT_V,Households declaring to live in an area where some problems are present: poor street lighting: very much,HSC_F,Per 100 households with the same characteristics,2012,5.3
A,Annual,ITC3,Liguria,HOUS_STRLIGHT_V,Households declaring to live in an area where some problems are present: poor street lighting: very much,HSC_F,Per 100 households with the same characteristics,2013,5.7
A,Annual,ITC3,Liguria,HOUS_STRLIGHT_V,Households declaring to live in an area where some problems are present: poor street lighting: very much,HSC_F,Per 100 households with the same characteristics,2014,4.6
A,Annual,ITC3,Liguria,HOUS_STRLIGHT_V,Households declaring to live in an area where some problems are present: poor street lighting: very much,HSC_F,Per 100 households with the same characteristics,2015,7.5
A,Annual,ITC3,Liguria,HOUS_STRLIGHT_V,Households declaring to live in an area where some problems are present: poor street lighting: very much,HSC_F,Per 100 households with the same characteristics,2016,10.5
A,Annual,ITC3,Liguria,HOUS_STRLIGHT_V,Households declaring to live in an area where some problems are present: poor street lighting: very much,HSC_F,Per 100 households with the same characteristics,2017,11
A,Annual,ITC3,Liguria,HOUS_STRLIGHT_V,Households declaring to live in an area where some problems are present: poor street lighting: very much,HSC_F,Per 100 households with the same characteristics,2018,8.1
A,Annual,ITC3,Liguria,HOUS_STRLIGHT_V,Households declaring to live in an area where some problems are present: poor street lighting: very much,HSC_F,Per 100 households with the same characteristics,2019,6.6
A,Annual,ITC3,Liguria,HOUS_STRLIGHT_V,Households declaring to live in an area where some problems are present: poor street lighting: very much,HSC_F,Per 100 households with the same characteristics,2020,8.1
A,Annual,ITC3,Liguria,HOUS_STRLIGHT_V,Households declaring to live in an area where some problems are present: poor street lighting: very much,HSC_F,Per 100 households with the same characteristics,2021,8.2
A,Annual,ITC3,Liguria,HOUS_STRLIGHT_V,Households declaring to live in an area where some problems are present: poor street lighting: very much,HSC_F,Per 100 households with the same characteristics,2022,7
A,Annual,ITC3,Liguria,HOUS_STRLIGHT_V,Households declaring to live in an area where some problems are present: poor street lighting: very much,HSC_F,Per 100 households with the same characteristics,2023,8.8
A,Annual,ITC3,Liguria,HOUS_STRLIGHT_V,Households declaring to live in an area where some problems are present: poor street lighting: very much,HSC_F,Per 100 households with the same characteristics,2024,6.8
A,Annual,ITC3,Liguria,HOUS_STRLIGHT_VQ,Households declaring to live in an area where some problems are present: poor street lighting: very much and quite,HSC_F,Per 100 households with the same characteristics,2010,37.6
A,Annual,ITC3,Liguria,HOUS_STRLIGHT_VQ,Households declaring to live in an area where some problems are present: poor street lighting: very much and quite,HSC_F,Per 100 households with the same characteristics,2011,33.4
A,Annual,ITC3,Liguria,HOUS_STRLIGHT_VQ,Households declaring to live in an area where some problems are present: poor street lighting: very much and quite,HSC_F,Per 100 households with the same characteristics,2012,25.9
A,Annual,ITC3,Liguria,HOUS_STRLIGHT_VQ,Households declaring to live in an area where some problems are present: poor street lighting: very much and quite,HSC_F,Per 100 households with the same characteristics,2013,33.8
A,Annual,ITC3,Liguria,HOUS_STRLIGHT_VQ,Households declaring to live in an area where some problems are present: poor street lighting: very much and quite,HSC_F,Per 100 households with the same characteristics,2014,28.8
A,Annual,ITC3,Liguria,HOUS_STRLIGHT_VQ,Households declaring to live in an area where some problems are present: poor street lighting: very much and quite,HSC_F,Per 100 households with the same characteristics,2015,32.6
A,Annual,ITC3,Liguria,HOUS_STRLIGHT_VQ,Households declaring to live in an area where some problems are present: poor street lighting: very much and quite,HSC_F,Per 100 households with the same characteristics,2016,33.2
A,Annual,ITC3,Liguria,HOUS_STRLIGHT_VQ,Households declaring to live in an area where some problems are present: poor street lighting: very much and quite,HSC_F,Per 100 households with the same characteristics,2017,33.9
A,Annual,ITC3,Liguria,HOUS_STRLIGHT_VQ,Households declaring to live in an area where some problems are present: poor street lighting: very much and quite,HSC_F,Per 100 households with the same characteristics,2018,34.5
A,Annual,ITC3,Liguria,HOUS_STRLIGHT_VQ,Households declaring to live in an area where some problems are present: poor street lighting: very much and quite,HSC_F,Per 100 households with the same characteristics,2019,31.4
A,Annual,ITC3,Liguria,HOUS_STRLIGHT_VQ,Households declaring to live in an area where some problems are present: poor street lighting: very much and quite,HSC_F,Per 100 households with the same characteristics,2020,29.4
A,Annual,ITC3,Liguria,HOUS_STRLIGHT_VQ,Households declaring to live in an area where some problems are present: poor street lighting: very much and quite,HSC_F,Per 100 households with the same characteristics,2021,30.2
A,Annual,ITC3,Liguria,HOUS_STRLIGHT_VQ,Households declaring to live in an area where some problems are present: poor street lighting: very much and quite,HSC_F,Per 100 households with the same characteristics,2022,31.7
A,Annual,ITC3,Liguria,HOUS_STRLIGHT_VQ,Households declaring to live in an area where some problems are present: poor street lighting: very much and quite,HSC_F,Per 100 households with the same characteristics,2023,34.7
A,Annual,ITC3,Liguria,HOUS_STRLIGHT_VQ,Households declaring to live in an area where some problems are present: poor street lighting: very much and quite,HSC_F,Per 100 households with the same characteristics,2024,34.6
A,Annual,ITC3,Liguria,HOUS_PROAD_V,Households declaring to live in an area where some problems are present: poor road conditions: very much,HSC_F,Per 100 households with the same characteristics,2010,24.6
A,Annual,ITC3,Liguria,HOUS_PROAD_V,Households declaring to live in an area where some problems are present: poor road conditions: very much,HSC_F,Per 100 households with the same characteristics,2011,20.5
A,Annual,ITC3,Liguria,HOUS_PROAD_V,Households declaring to live in an area where some problems are present: poor road conditions: very much,HSC_F,Per 100 households with the same characteristics,2012,14.1
A,Annual,ITC3,Liguria,HOUS_PROAD_V,Households declaring to live in an area where some problems are present: poor road conditions: very much,HSC_F,Per 100 households with the same characteristics,2013,21.3
A,Annual,ITC3,Liguria,HOUS_PROAD_V,Households declaring to live in an area where some problems are present: poor road conditions: very much,HSC_F,Per 100 households with the same characteristics,2014,19.3
A,Annual,ITC3,Liguria,HOUS_PROAD_V,Households declaring to live in an area where some problems are present: poor road conditions: very much,HSC_F,Per 100 households with the same characteristics,2015,25.8
A,Annual,ITC3,Liguria,HOUS_PROAD_V,Households declaring to live in an area where some problems are present: poor road conditions: very much,HSC_F,Per 100 households with the same characteristics,2016,24.9
A,Annual,ITC3,Liguria,HOUS_PROAD_V,Households declaring to live in an area where some problems are present: poor road conditions: very much,HSC_F,Per 100 households with the same characteristics,2017,22.1
A,Annual,ITC3,Liguria,HOUS_PROAD_V,Households declaring to live in an area where some problems are present: poor road conditions: very much,HSC_F,Per 100 households with the same characteristics,2018,22.2
A,Annual,ITC3,Liguria,HOUS_PROAD_V,Households declaring to live in an area where some problems are present: poor road conditions: very much,HSC_F,Per 100 households with the same characteristics,2019,20.8
A,Annual,ITC3,Liguria,HOUS_PROAD_V,Households declaring to live in an area where some problems are present: poor road conditions: very much,HSC_F,Per 100 households with the same characteristics,2020,18.3
A,Annual,ITC3,Liguria,HOUS_PROAD_V,Households declaring to live in an area where some problems are present: poor road conditions: very much,HSC_F,Per 100 households with the same characteristics,2021,19.8
A,Annual,ITC3,Liguria,HOUS_PROAD_V,Households declaring to live in an area where some problems are present: poor road conditions: very much,HSC_F,Per 100 households with the same characteristics,2022,20.5
A,Annual,ITC3,Liguria,HOUS_PROAD_V,Households declaring to live in an area where some problems are present: poor road conditions: very much,HSC_F,Per 100 households with the same characteristics,2023,17.5
A,Annual,ITC3,Liguria,HOUS_PROAD_V,Households declaring to live in an area where some problems are present: poor road conditions: very much,HSC_F,Per 100 households with the same characteristics,2024,20.6
A,Annual,ITC3,Liguria,HOUS_PROAD_VQ,Households declaring to live in an area where some problems are present: poor road conditions: very much and quite,HSC_F,Per 100 households with the same characteristics,2010,55.3
A,Annual,ITC3,Liguria,HOUS_PROAD_VQ,Households declaring to live in an area where some problems are present: poor road conditions: very much and quite,HSC_F,Per 100 households with the same characteristics,2011,52.6
A,Annual,ITC3,Liguria,HOUS_PROAD_VQ,Households declaring to live in an area where some problems are present: poor road conditions: very much and quite,HSC_F,Per 100 households with the same characteristics,2012,43.7
A,Annual,ITC3,Liguria,HOUS_PROAD_VQ,Households declaring to live in an area where some problems are present: poor road conditions: very much and quite,HSC_F,Per 100 households with the same characteristics,2013,53.1
A,Annual,ITC3,Liguria,HOUS_PROAD_VQ,Households declaring to live in an area where some problems are present: poor road conditions: very much and quite,HSC_F,Per 100 households with the same characteristics,2014,51.1
A,Annual,ITC3,Liguria,HOUS_PROAD_VQ,Households declaring to live in an area where some problems are present: poor road conditions: very much and quite,HSC_F,Per 100 households with the same characteristics,2015,56.7
A,Annual,ITC3,Liguria,HOUS_PROAD_VQ,Households declaring to live in an area where some problems are present: poor road conditions: very much and quite,HSC_F,Per 100 households with the same characteristics,2016,50.5
A,Annual,ITC3,Liguria,HOUS_PROAD_VQ,Households declaring to live in an area where some problems are present: poor road conditions: very much and quite,HSC_F,Per 100 households with the same characteristics,2017,50.9
A,Annual,ITC3,Liguria,HOUS_PROAD_VQ,Households declaring to live in an area where some problems are present: poor road conditions: very much and quite,HSC_F,Per 100 households with the same characteristics,2018,54.4
A,Annual,ITC3,Liguria,HOUS_PROAD_VQ,Households declaring to live in an area where some problems are present: poor road conditions: very much and quite,HSC_F,Per 100 households with the same characteristics,2019,51.3
A,Annual,ITC3,Liguria,HOUS_PROAD_VQ,Households declaring to live in an area where some problems are present: poor road conditions: very much and quite,HSC_F,Per 100 households with the same characteristics,2020,46.9
A,Annual,ITC3,Liguria,HOUS_PROAD_VQ,Households declaring to live in an area where some problems are present: poor road conditions: very much and quite,HSC_F,Per 100 households with the same characteristics,2021,50.8
A,Annual,ITC3,Liguria,HOUS_PROAD_VQ,Households declaring to live in an area where some problems are present: poor road conditions: very much and quite,HSC_F,Per 100 households with the same characteristics,2022,52.8
A,Annual,ITC3,Liguria,HOUS_PROAD_VQ,Households declaring to live in an area where some problems are present: poor road conditions: very much and quite,HSC_F,Per 100 households with the same characteristics,2023,51.2
A,Annual,ITC3,Liguria,HOUS_PROAD_VQ,Households declaring to live in an area where some problems are present: poor road conditions: very much and quite,HSC_F,Per 100 households with the same characteristics,2024,55.9
A,Annual,ITC4,Lombardia,HOUS_DIFFPARK_V,Households declaring to live in an area where some problems are present: difficult parking: very much,HSC_F,Per 100 households with the same characteristics,2010,19.9
A,Annual,ITC4,Lombardia,HOUS_DIFFPARK_V,Households declaring to live in an area where some problems are present: difficult parking: very much,HSC_F,Per 100 households with the same characteristics,2011,19.8
A,Annual,ITC4,Lombardia,HOUS_DIFFPARK_V,Households declaring to live in an area where some problems are present: difficult parking: very much,HSC_F,Per 100 households with the same characteristics,2012,15.7
A,Annual,ITC4,Lombardia,HOUS_DIFFPARK_V,Households declaring to live in an area where some problems are present: difficult parking: very much,HSC_F,Per 100 households with the same characteristics,2013,17.3
A,Annual,ITC4,Lombardia,HOUS_DIFFPARK_V,Households declaring to live in an area where some problems are present: difficult parking: very much,HSC_F,Per 100 households with the same characteristics,2014,14.8
A,Annual,ITC4,Lombardia,HOUS_DIFFPARK_V,Households declaring to live in an area where some problems are present: difficult parking: very much,HSC_F,Per 100 households with the same characteristics,2015,16.1
A,Annual,ITC4,Lombardia,HOUS_DIFFPARK_V,Households declaring to live in an area where some problems are present: difficult parking: very much,HSC_F,Per 100 households with the same characteristics,2016,18.9
A,Annual,ITC4,Lombardia,HOUS_DIFFPARK_V,Households declaring to live in an area where some problems are present: difficult parking: very much,HSC_F,Per 100 households with the same characteristics,2017,14.5
A,Annual,ITC4,Lombardia,HOUS_DIFFPARK_V,Households declaring to live in an area where some problems are present: difficult parking: very much,HSC_F,Per 100 households with the same characteristics,2018,14.9
A,Annual,ITC4,Lombardia,HOUS_DIFFPARK_V,Households declaring to live in an area where some problems are present: difficult parking: very much,HSC_F,Per 100 households with the same characteristics,2019,16
A,Annual,ITC4,Lombardia,HOUS_DIFFPARK_V,Households declaring to live in an area where some problems are present: difficult parking: very much,HSC_F,Per 100 households with the same characteristics,2020,13.5
A,Annual,ITC4,Lombardia,HOUS_DIFFPARK_V,Households declaring to live in an area where some problems are present: difficult parking: very much,HSC_F,Per 100 households with the same characteristics,2021,13.2
A,Annual,ITC4,Lombardia,HOUS_DIFFPARK_V,Households declaring to live in an area where some problems are present: difficult parking: very much,HSC_F,Per 100 households with the same characteristics,2022,16.4
A,Annual,ITC4,Lombardia,HOUS_DIFFPARK_V,Households declaring to live in an area where some problems are present: difficult parking: very much,HSC_F,Per 100 households with the same characteristics,2023,15.8
A,Annual,ITC4,Lombardia,HOUS_DIFFPARK_V,Households declaring to live in an area where some problems are present: difficult parking: very much,HSC_F,Per 100 households with the same characteristics,2024,18
A,Annual,ITC4,Lombardia,HOUS_DIFFPARK_VQ,Households declaring to live in an area where some problems are present: difficult parking: very much and quite,HSC_F,Per 100 households with the same characteristics,2010,42.4
A,Annual,ITC4,Lombardia,HOUS_DIFFPARK_VQ,Households declaring to live in an area where some problems are present: difficult parking: very much and quite,HSC_F,Per 100 households with the same characteristics,2011,41.3
A,Annual,ITC4,Lombardia,HOUS_DIFFPARK_VQ,Households declaring to live in an area where some problems are present: difficult parking: very much and quite,HSC_F,Per 100 households with the same characteristics,2012,37.5
A,Annual,ITC4,Lombardia,HOUS_DIFFPARK_VQ,Households declaring to live in an area where some problems are present: difficult parking: very much and quite,HSC_F,Per 100 households with the same characteristics,2013,38
A,Annual,ITC4,Lombardia,HOUS_DIFFPARK_VQ,Households declaring to live in an area where some problems are present: difficult parking: very much and quite,HSC_F,Per 100 households with the same characteristics,2014,35.9
A,Annual,ITC4,Lombardia,HOUS_DIFFPARK_VQ,Households declaring to live in an area where some problems are present: difficult parking: very much and quite,HSC_F,Per 100 households with the same characteristics,2015,39
A,Annual,ITC4,Lombardia,HOUS_DIFFPARK_VQ,Households declaring to live in an area where some problems are present: difficult parking: very much and quite,HSC_F,Per 100 households with the same characteristics,2016,41.5
A,Annual,ITC4,Lombardia,HOUS_DIFFPARK_VQ,Households declaring to live in an area where some problems are present: difficult parking: very much and quite,HSC_F,Per 100 households with the same characteristics,2017,36.8
A,Annual,ITC4,Lombardia,HOUS_DIFFPARK_VQ,Households declaring to live in an area where some problems are present: difficult parking: very much and quite,HSC_F,Per 100 households with the same characteristics,2018,36
A,Annual,ITC4,Lombardia,HOUS_DIFFPARK_VQ,Households declaring to live in an area where some problems are present: difficult parking: very much and quite,HSC_F,Per 100 households with the same characteristics,2019,39.3
A,Annual,ITC4,Lombardia,HOUS_DIFFPARK_VQ,Households declaring to live in an area where some problems are present: difficult parking: very much and quite,HSC_F,Per 100 households with the same characteristics,2020,34.6
A,Annual,ITC4,Lombardia,HOUS_DIFFPARK_VQ,Households declaring to live in an area where some problems are present: difficult parking: very much and quite,HSC_F,Per 100 households with the same characteristics,2021,35.6
A,Annual,ITC4,Lombardia,HOUS_DIFFPARK_VQ,Households declaring to live in an area where some problems are present: difficult parking: very much and quite,HSC_F,Per 100 households with the same characteristics,2022,40.6
A,Annual,ITC4,Lombardia,HOUS_DIFFPARK_VQ,Households declaring to live in an area where some problems are present: difficult parking: very much and quite,HSC_F,Per 100 households with the same characteristics,2023,39.2
A,Annual,ITC4,Lombardia,HOUS_DIFFPARK_VQ,Households declaring to live in an area where some problems are present: difficult parking: very much and quite,HSC_F,Per 100 households with the same characteristics,2024,40.3
A,Annual,ITC4,Lombardia,HOUS_DIFF_TRANS_V,Households declaring to live in an area where some problems are present: difficulties of links with public transport means: very much,HSC_F,Per 100 households with the same characteristics,2010,10.8
A,Annual,ITC4,Lombardia,HOUS_DIFF_TRANS_V,Households declaring to live in an area where some problems are present: difficulties of links with public transport means: very much,HSC_F,Per 100 households with the same characteristics,2011,9.2
A,Annual,ITC4,Lombardia,HOUS_DIFF_TRANS_V,Households declaring to live in an area where some problems are present: difficulties of links with public transport means: very much,HSC_F,Per 100 households with the same characteristics,2012,9.9
A,Annual,ITC4,Lombardia,HOUS_DIFF_TRANS_V,Households declaring to live in an area where some problems are present: difficulties of links with public transport means: very much,HSC_F,Per 100 households with the same characteristics,2013,8.6
A,Annual,ITC4,Lombardia,HOUS_DIFF_TRANS_V,Households declaring to live in an area where some problems are present: difficulties of links with public transport means: very much,HSC_F,Per 100 households with the same characteristics,2014,7.9
A,Annual,ITC4,Lombardia,HOUS_DIFF_TRANS_V,Households declaring to live in an area where some problems are present: difficulties of links with public transport means: very much,HSC_F,Per 100 households with the same characteristics,2015,8.4
A,Annual,ITC4,Lombardia,HOUS_DIFF_TRANS_V,Households declaring to live in an area where some problems are present: difficulties of links with public transport means: very much,HSC_F,Per 100 households with the same characteristics,2016,12.1
A,Annual,ITC4,Lombardia,HOUS_DIFF_TRANS_V,Households declaring to live in an area where some problems are present: difficulties of links with public transport means: very much,HSC_F,Per 100 households with the same characteristics,2017,10
A,Annual,ITC4,Lombardia,HOUS_DIFF_TRANS_V,Households declaring to live in an area where some problems are present: difficulties of links with public transport means: very much,HSC_F,Per 100 households with the same characteristics,2018,9.9
A,Annual,ITC4,Lombardia,HOUS_DIFF_TRANS_V,Households declaring to live in an area where some problems are present: difficulties of links with public transport means: very much,HSC_F,Per 100 households with the same characteristics,2019,10.1
A,Annual,ITC4,Lombardia,HOUS_DIFF_TRANS_V,Households declaring to live in an area where some problems are present: difficulties of links with public transport means: very much,HSC_F,Per 100 households with the same characteristics,2020,8.4
A,Annual,ITC4,Lombardia,HOUS_DIFF_TRANS_V,Households declaring to live in an area where some problems are present: difficulties of links with public transport means: very much,HSC_F,Per 100 households with the same characteristics,2021,9.2
A,Annual,ITC4,Lombardia,HOUS_DIFF_TRANS_V,Households declaring to live in an area where some problems are present: difficulties of links with public transport means: very much,HSC_F,Per 100 households with the same characteristics,2022,7.6
A,Annual,ITC4,Lombardia,HOUS_DIFF_TRANS_V,Households declaring to live in an area where some problems are present: difficulties of links with public transport means: very much,HSC_F,Per 100 households with the same characteristics,2023,9.1
A,Annual,ITC4,Lombardia,HOUS_DIFF_TRANS_V,Households declaring to live in an area where some problems are present: difficulties of links with public transport means: very much,HSC_F,Per 100 households with the same characteristics,2024,9.5
A,Annual,ITC4,Lombardia,HOUS_DIFF_TRANS_VQ,Households declaring to live in an area where some problems are present: difficulties of links with public transport means: very much and quite,HSC_F,Per 100 households with the same characteristics,2010,29.1
A,Annual,ITC4,Lombardia,HOUS_DIFF_TRANS_VQ,Households declaring to live in an area where some problems are present: difficulties of links with public transport means: very much and quite,HSC_F,Per 100 households with the same characteristics,2011,27.1
A,Annual,ITC4,Lombardia,HOUS_DIFF_TRANS_VQ,Households declaring to live in an area where some problems are present: difficulties of links with public transport means: very much and quite,HSC_F,Per 100 households with the same characteristics,2012,27.8
A,Annual,ITC4,Lombardia,HOUS_DIFF_TRANS_VQ,Households declaring to live in an area where some problems are present: difficulties of links with public transport means: very much and quite,HSC_F,Per 100 households with the same characteristics,2013,25.4
A,Annual,ITC4,Lombardia,HOUS_DIFF_TRANS_VQ,Households declaring to live in an area where some problems are present: difficulties of links with public transport means: very much and quite,HSC_F,Per 100 households with the same characteristics,2014,25.2
A,Annual,ITC4,Lombardia,HOUS_DIFF_TRANS_VQ,Households declaring to live in an area where some problems are present: difficulties of links with public transport means: very much and quite,HSC_F,Per 100 households with the same characteristics,2015,24.2
A,Annual,ITC4,Lombardia,HOUS_DIFF_TRANS_VQ,Households declaring to live in an area where some problems are present: difficulties of links with public transport means: very much and quite,HSC_F,Per 100 households with the same characteristics,2016,29.7
A,Annual,ITC4,Lombardia,HOUS_DIFF_TRANS_VQ,Households declaring to live in an area where some problems are present: difficulties of links with public transport means: very much and quite,HSC_F,Per 100 households with the same characteristics,2017,29.8
A,Annual,ITC4,Lombardia,HOUS_DIFF_TRANS_VQ,Households declaring to live in an area where some problems are present: difficulties of links with public transport means: very much and quite,HSC_F,Per 100 households with the same characteristics,2018,29.5
A,Annual,ITC4,Lombardia,HOUS_DIFF_TRANS_VQ,Households declaring to live in an area where some problems are present: difficulties of links with public transport means: very much and quite,HSC_F,Per 100 households with the same characteristics,2019,30.2
A,Annual,ITC4,Lombardia,HOUS_DIFF_TRANS_VQ,Households declaring to live in an area where some problems are present: difficulties of links with public transport means: very much and quite,HSC_F,Per 100 households with the same characteristics,2020,25.9
A,Annual,ITC4,Lombardia,HOUS_DIFF_TRANS_VQ,Households declaring to live in an area where some problems are present: difficulties of links with public transport means: very much and quite,HSC_F,Per 100 households with the same characteristics,2021,27.3
A,Annual,ITC4,Lombardia,HOUS_DIFF_TRANS_VQ,Households declaring to live in an area where some problems are present: difficulties of links with public transport means: very much and quite,HSC_F,Per 100 households with the same characteristics,2022,26.4
A,Annual,ITC4,Lombardia,HOUS_DIFF_TRANS_VQ,Households declaring to live in an area where some problems are present: difficulties of links with public transport means: very much and quite,HSC_F,Per 100 households with the same characteristics,2023,28.5
A,Annual,ITC4,Lombardia,HOUS_DIFF_TRANS_VQ,Households declaring to live in an area where some problems are present: difficulties of links with public transport means: very much and quite,HSC_F,Per 100 households with the same characteristics,2024,28.5
A,Annual,ITC4,Lombardia,HOUS_TRAFFIC_V,Households declaring to live in an area where some problems are present: traffic: very much,HSC_F,Per 100 households with the same characteristics,2010,16.5
A,Annual,ITC4,Lombardia,HOUS_TRAFFIC_V,Households declaring to live in an area where some problems are present: traffic: very much,HSC_F,Per 100 households with the same characteristics,2011,16.8
A,Annual,ITC4,Lombardia,HOUS_TRAFFIC_V,Households declaring to live in an area where some problems are present: traffic: very much,HSC_F,Per 100 households with the same characteristics,2012,13.4
A,Annual,ITC4,Lombardia,HOUS_TRAFFIC_V,Households declaring to live in an area where some problems are present: traffic: very much,HSC_F,Per 100 households with the same characteristics,2013,11.6
A,Annual,ITC4,Lombardia,HOUS_TRAFFIC_V,Households declaring to live in an area where some problems are present: traffic: very much,HSC_F,Per 100 households with the same characteristics,2014,12.4
A,Annual,ITC4,Lombardia,HOUS_TRAFFIC_V,Households declaring to live in an area where some problems are present: traffic: very much,HSC_F,Per 100 households with the same characteristics,2015,11.1
A,Annual,ITC4,Lombardia,HOUS_TRAFFIC_V,Households declaring to live in an area where some problems are present: traffic: very much,HSC_F,Per 100 households with the same characteristics,2016,12.1
A,Annual,ITC4,Lombardia,HOUS_TRAFFIC_V,Households declaring to live in an area where some problems are present: traffic: very much,HSC_F,Per 100 households with the same characteristics,2017,11.8
A,Annual,ITC4,Lombardia,HOUS_TRAFFIC_V,Households declaring to live in an area where some problems are present: traffic: very much,HSC_F,Per 100 households with the same characteristics,2018,10.8
A,Annual,ITC4,Lombardia,HOUS_TRAFFIC_V,Households declaring to live in an area where some problems are present: traffic: very much,HSC_F,Per 100 households with the same characteristics,2019,11.1
A,Annual,ITC4,Lombardia,HOUS_TRAFFIC_V,Households declaring to live in an area where some problems are present: traffic: very much,HSC_F,Per 100 households with the same characteristics,2020,8.5
A,Annual,ITC4,Lombardia,HOUS_TRAFFIC_V,Households declaring to live in an area where some problems are present: traffic: very much,HSC_F,Per 100 households with the same characteristics,2021,9.3
A,Annual,ITC4,Lombardia,HOUS_TRAFFIC_V,Households declaring to live in an area where some problems are present: traffic: very much,HSC_F,Per 100 households with the same characteristics,2022,11.4
A,Annual,ITC4,Lombardia,HOUS_TRAFFIC_V,Households declaring to live in an area where some problems are present: traffic: very much,HSC_F,Per 100 households with the same characteristics,2023,12.5
A,Annual,ITC4,Lombardia,HOUS_TRAFFIC_V,Households declaring to live in an area where some problems are present: traffic: very much,HSC_F,Per 100 households with the same characteristics,2024,14.5
A,Annual,ITC4,Lombardia,HOUS_TRAFFIC_VQ,Households declaring to live in an area where some problems are present: traffic: very much and quite,HSC_F,Per 100 households with the same characteristics,2010,45.2
A,Annual,ITC4,Lombardia,HOUS_TRAFFIC_VQ,Households declaring to live in an area where some problems are present: traffic: very much and quite,HSC_F,Per 100 households with the same characteristics,2011,43.6
A,Annual,ITC4,Lombardia,HOUS_TRAFFIC_VQ,Households declaring to live in an area where some problems are present: traffic: very much and quite,HSC_F,Per 100 households with the same characteristics,2012,39.1
A,Annual,ITC4,Lombardia,HOUS_TRAFFIC_VQ,Households declaring to live in an area where some problems are present: traffic: very much and quite,HSC_F,Per 100 households with the same characteristics,2013,38
A,Annual,ITC4,Lombardia,HOUS_TRAFFIC_VQ,Households declaring to live in an area where some problems are present: traffic: very much and quite,HSC_F,Per 100 households with the same characteristics,2014,38.6
A,Annual,ITC4,Lombardia,HOUS_TRAFFIC_VQ,Households declaring to live in an area where some problems are present: traffic: very much and quite,HSC_F,Per 100 households with the same characteristics,2015,38.7
A,Annual,ITC4,Lombardia,HOUS_TRAFFIC_VQ,Households declaring to live in an area where some problems are present: traffic: very much and quite,HSC_F,Per 100 households with the same characteristics,2016,37.3
A,Annual,ITC4,Lombardia,HOUS_TRAFFIC_VQ,Households declaring to live in an area where some problems are present: traffic: very much and quite,HSC_F,Per 100 households with the same characteristics,2017,35.9
A,Annual,ITC4,Lombardia,HOUS_TRAFFIC_VQ,Households declaring to live in an area where some problems are present: traffic: very much and quite,HSC_F,Per 100 households with the same characteristics,2018,40
A,Annual,ITC4,Lombardia,HOUS_TRAFFIC_VQ,Households declaring to live in an area where some problems are present: traffic: very much and quite,HSC_F,Per 100 households with the same characteristics,2019,41.9
A,Annual,ITC4,Lombardia,HOUS_TRAFFIC_VQ,Households declaring to live in an area where some problems are present: traffic: very much and quite,HSC_F,Per 100 households with the same characteristics,2020,36.8
A,Annual,ITC4,Lombardia,HOUS_TRAFFIC_VQ,Households declaring to live in an area where some problems are present: traffic: very much and quite,HSC_F,Per 100 households with the same characteristics,2021,37.4
A,Annual,ITC4,Lombardia,HOUS_TRAFFIC_VQ,Households declaring to live in an area where some problems are present: traffic: very much and quite,HSC_F,Per 100 households with the same characteristics,2022,40.2
A,Annual,ITC4,Lombardia,HOUS_TRAFFIC_VQ,Households declaring to live in an area where some problems are present: traffic: very much and quite,HSC_F,Per 100 households with the same characteristics,2023,43.2
A,Annual,ITC4,Lombardia,HOUS_TRAFFIC_VQ,Households declaring to live in an area where some problems are present: traffic: very much and quite,HSC_F,Per 100 households with the same characteristics,2024,45.3
A,Annual,ITC4,Lombardia,HOUS_STRLIGHT_V,Households declaring to live in an area where some problems are present: poor street lighting: very much,HSC_F,Per 100 households with the same characteristics,2010,7.7
A,Annual,ITC4,Lombardia,HOUS_STRLIGHT_V,Households declaring to live in an area where some problems are present: poor street lighting: very much,HSC_F,Per 100 households with the same characteristics,2011,6.9
A,Annual,ITC4,Lombardia,HOUS_STRLIGHT_V,Households declaring to live in an area where some problems are present: poor street lighting: very much,HSC_F,Per 100 households with the same characteristics,2012,5.9
A,Annual,ITC4,Lombardia,HOUS_STRLIGHT_V,Households declaring to live in an area where some problems are present: poor street lighting: very much,HSC_F,Per 100 households with the same characteristics,2013,6.6
A,Annual,ITC4,Lombardia,HOUS_STRLIGHT_V,Households declaring to live in an area where some problems are present: poor street lighting: very much,HSC_F,Per 100 households with the same characteristics,2014,6.5
A,Annual,ITC4,Lombardia,HOUS_STRLIGHT_V,Households declaring to live in an area where some problems are present: poor street lighting: very much,HSC_F,Per 100 households with the same characteristics,2015,7.8
A,Annual,ITC4,Lombardia,HOUS_STRLIGHT_V,Households declaring to live in an area where some problems are present: poor street lighting: very much,HSC_F,Per 100 households with the same characteristics,2016,8.1
A,Annual,ITC4,Lombardia,HOUS_STRLIGHT_V,Households declaring to live in an area where some problems are present: poor street lighting: very much,HSC_F,Per 100 households with the same characteristics,2017,6.6
A,Annual,ITC4,Lombardia,HOUS_STRLIGHT_V,Households declaring to live in an area where some problems are present: poor street lighting: very much,HSC_F,Per 100 households with the same characteristics,2018,5.2
A,Annual,ITC4,Lombardia,HOUS_STRLIGHT_V,Households declaring to live in an area where some problems are present: poor street lighting: very much,HSC_F,Per 100 households with the same characteristics,2019,6.1
A,Annual,ITC4,Lombardia,HOUS_STRLIGHT_V,Households declaring to live in an area where some problems are present: poor street lighting: very much,HSC_F,Per 100 households with the same characteristics,2020,4.9
A,Annual,ITC4,Lombardia,HOUS_STRLIGHT_V,Households declaring to live in an area where some problems are present: poor street lighting: very much,HSC_F,Per 100 households with the same characteristics,2021,5.5
A,Annual,ITC4,Lombardia,HOUS_STRLIGHT_V,Households declaring to live in an area where some problems are present: poor street lighting: very much,HSC_F,Per 100 households with the same characteristics,2022,5.3
A,Annual,ITC4,Lombardia,HOUS_STRLIGHT_V,Households declaring to live in an area where some problems are present: poor street lighting: very much,HSC_F,Per 100 households with the same characteristics,2023,6.1
A,Annual,ITC4,Lombardia,HOUS_STRLIGHT_V,Households declaring to live in an area where some problems are present: poor street lighting: very much,HSC_F,Per 100 households with the same characteristics,2024,5.2
A,Annual,ITC4,Lombardia,HOUS_STRLIGHT_VQ,Households declaring to live in an area where some problems are present: poor street lighting: very much and quite,HSC_F,Per 100 households with the same characteristics,2010,28.4
A,Annual,ITC4,Lombardia,HOUS_STRLIGHT_VQ,Households declaring to live in an area where some problems are present: poor street lighting: very much and quite,HSC_F,Per 100 households with the same characteristics,2011,27.1
A,Annual,ITC4,Lombardia,HOUS_STRLIGHT_VQ,Households declaring to live in an area where some problems are present: poor street lighting: very much and quite,HSC_F,Per 100 households with the same characteristics,2012,23.4
A,Annual,ITC4,Lombardia,HOUS_STRLIGHT_VQ,Households declaring to live in an area where some problems are present: poor street lighting: very much and quite,HSC_F,Per 100 households with the same characteristics,2013,24.4
A,Annual,ITC4,Lombardia,HOUS_STRLIGHT_VQ,Households declaring to live in an area where some problems are present: poor street lighting: very much and quite,HSC_F,Per 100 households with the same characteristics,2014,25.7
A,Annual,ITC4,Lombardia,HOUS_STRLIGHT_VQ,Households declaring to live in an area where some problems are present: poor street lighting: very much and quite,HSC_F,Per 100 households with the same characteristics,2015,28.7
A,Annual,ITC4,Lombardia,HOUS_STRLIGHT_VQ,Households declaring to live in an area where some problems are present: poor street lighting: very much and quite,HSC_F,Per 100 households with the same characteristics,2016,28.7
A,Annual,ITC4,Lombardia,HOUS_STRLIGHT_VQ,Households declaring to live in an area where some problems are present: poor street lighting: very much and quite,HSC_F,Per 100 households with the same characteristics,2017,26.5
A,Annual,ITC4,Lombardia,HOUS_STRLIGHT_VQ,Households declaring to live in an area where some problems are present: poor street lighting: very much and quite,HSC_F,Per 100 households with the same characteristics,2018,25.8
A,Annual,ITC4,Lombardia,HOUS_STRLIGHT_VQ,Households declaring to live in an area where some problems are present: poor street lighting: very much and quite,HSC_F,Per 100 households with the same characteristics,2019,27.5
A,Annual,ITC4,Lombardia,HOUS_STRLIGHT_VQ,Households declaring to live in an area where some problems are present: poor street lighting: very much and quite,HSC_F,Per 100 households with the same characteristics,2020,21.4
A,Annual,ITC4,Lombardia,HOUS_STRLIGHT_VQ,Households declaring to live in an area where some problems are present: poor street lighting: very much and quite,HSC_F,Per 100 households with the same characteristics,2021,22.9
A,Annual,ITC4,Lombardia,HOUS_STRLIGHT_VQ,Households declaring to live in an area where some problems are present: poor street lighting: very much and quite,HSC_F,Per 100 households with the same characteristics,2022,23.4
A,Annual,ITC4,Lombardia,HOUS_STRLIGHT_VQ,Households declaring to live in an area where some problems are present: poor street lighting: very much and quite,HSC_F,Per 100 households with the same characteristics,2023,26.9
A,Annual,ITC4,Lombardia,HOUS_STRLIGHT_VQ,Households declaring to live in an area where some problems are present: poor street lighting: very much and quite,HSC_F,Per 100 households with the same characteristics,2024,26.8
A,Annual,ITC4,Lombardia,HOUS_PROAD_V,Households declaring to live in an area where some problems are present: poor road conditions: very much,HSC_F,Per 100 households with the same characteristics,2010,20.2
A,Annual,ITC4,Lombardia,HOUS_PROAD_V,Households declaring to live in an area where some problems are present: poor road conditions: very much,HSC_F,Per 100 households with the same characteristics,2011,21.4
A,Annual,ITC4,Lombardia,HOUS_PROAD_V,Households declaring to live in an area where some problems are present: poor road conditions: very much,HSC_F,Per 100 households with the same characteristics,2012,17.4
A,Annual,ITC4,Lombardia,HOUS_PROAD_V,Households declaring to live in an area where some problems are present: poor road conditions: very much,HSC_F,Per 100 households with the same characteristics,2013,20.1
A,Annual,ITC4,Lombardia,HOUS_PROAD_V,Households declaring to live in an area where some problems are present: poor road conditions: very much,HSC_F,Per 100 households with the same characteristics,2014,19.1
A,Annual,ITC4,Lombardia,HOUS_PROAD_V,Households declaring to live in an area where some problems are present: poor road conditions: very much,HSC_F,Per 100 households with the same characteristics,2015,21.8
A,Annual,ITC4,Lombardia,HOUS_PROAD_V,Households declaring to live in an area where some problems are present: poor road conditions: very much,HSC_F,Per 100 households with the same characteristics,2016,20.8
A,Annual,ITC4,Lombardia,HOUS_PROAD_V,Households declaring to live in an area where some problems are present: poor road conditions: very much,HSC_F,Per 100 households with the same characteristics,2017,17.4
A,Annual,ITC4,Lombardia,HOUS_PROAD_V,Households declaring to live in an area where some problems are present: poor road conditions: very much,HSC_F,Per 100 households with the same characteristics,2018,17.6
A,Annual,ITC4,Lombardia,HOUS_PROAD_V,Households declaring to live in an area where some problems are present: poor road conditions: very much,HSC_F,Per 100 households with the same characteristics,2019,16.2
A,Annual,ITC4,Lombardia,HOUS_PROAD_V,Households declaring to live in an area where some problems are present: poor road conditions: very much,HSC_F,Per 100 households with the same characteristics,2020,12.2
A,Annual,ITC4,Lombardia,HOUS_PROAD_V,Households declaring to live in an area where some problems are present: poor road conditions: very much,HSC_F,Per 100 households with the same characteristics,2021,14.3
A,Annual,ITC4,Lombardia,HOUS_PROAD_V,Households declaring to live in an area where some problems are present: poor road conditions: very much,HSC_F,Per 100 households with the same characteristics,2022,14.3
A,Annual,ITC4,Lombardia,HOUS_PROAD_V,Households declaring to live in an area where some problems are present: poor road conditions: very much,HSC_F,Per 100 households with the same characteristics,2023,15.1
A,Annual,ITC4,Lombardia,HOUS_PROAD_V,Households declaring to live in an area where some problems are present: poor road conditions: very much,HSC_F,Per 100 households with the same characteristics,2024,19
A,Annual,ITC4,Lombardia,HOUS_PROAD_VQ,Households declaring to live in an area where some problems are present: poor road conditions: very much and quite,HSC_F,Per 100 households with the same characteristics,2010,49.4
A,Annual,ITC4,Lombardia,HOUS_PROAD_VQ,Households declaring to live in an area where some problems are present: poor road conditions: very much and quite,HSC_F,Per 100 households with the same characteristics,2011,49.6
A,Annual,ITC4,Lombardia,HOUS_PROAD_VQ,Households declaring to live in an area where some problems are present: poor road conditions: very much and quite,HSC_F,Per 100 households with the same characteristics,2012,41.3
A,Annual,ITC4,Lombardia,HOUS_PROAD_VQ,Households declaring to live in an area where some problems are present: poor road conditions: very much and quite,HSC_F,Per 100 households with the same characteristics,2013,46.8
A,Annual,ITC4,Lombardia,HOUS_PROAD_VQ,Households declaring to live in an area where some problems are present: poor road conditions: very much and quite,HSC_F,Per 100 households with the same characteristics,2014,48.6
A,Annual,ITC4,Lombardia,HOUS_PROAD_VQ,Households declaring to live in an area where some problems are present: poor road conditions: very much and quite,HSC_F,Per 100 households with the same characteristics,2015,52.9
A,Annual,ITC4,Lombardia,HOUS_PROAD_VQ,Households declaring to live in an area where some problems are present: poor road conditions: very much and quite,HSC_F,Per 100 households with the same characteristics,2016,50.1
A,Annual,ITC4,Lombardia,HOUS_PROAD_VQ,Households declaring to live in an area where some problems are present: poor road conditions: very much and quite,HSC_F,Per 100 households with the same characteristics,2017,46
A,Annual,ITC4,Lombardia,HOUS_PROAD_VQ,Households declaring to live in an area where some problems are present: poor road conditions: very much and quite,HSC_F,Per 100 households with the same characteristics,2018,47.3
A,Annual,ITC4,Lombardia,HOUS_PROAD_VQ,Households declaring to live in an area where some problems are present: poor road conditions: very much and quite,HSC_F,Per 100 households with the same characteristics,2019,46.7
A,Annual,ITC4,Lombardia,HOUS_PROAD_VQ,Households declaring to live in an area where some problems are present: poor road conditions: very much and quite,HSC_F,Per 100 households with the same characteristics,2020,38.7
A,Annual,ITC4,Lombardia,HOUS_PROAD_VQ,Households declaring to live in an area where some problems are present: poor road conditions: very much and quite,HSC_F,Per 100 households with the same characteristics,2021,42.7
A,Annual,ITC4,Lombardia,HOUS_PROAD_VQ,Households declaring to live in an area where some problems are present: poor road conditions: very much and quite,HSC_F,Per 100 households with the same characteristics,2022,42.2
A,Annual,ITC4,Lombardia,HOUS_PROAD_VQ,Households declaring to live in an area where some problems are present: poor road conditions: very much and quite,HSC_F,Per 100 households with the same characteristics,2023,45.2
A,Annual,ITC4,Lombardia,HOUS_PROAD_VQ,Households declaring to live in an area where some problems are present: poor road conditions: very much and quite,HSC_F,Per 100 households with the same characteristics,2024,49.1
A,Annual,ITDA,Trentino Alto Adige / Südtirol,HOUS_DIFFPARK_V,Households declaring to live in an area where some problems are present: difficult parking: very much,HSC_F,Per 100 households with the same characteristics,2010,14.9
A,Annual,ITDA,Trentino Alto Adige / Südtirol,HOUS_DIFFPARK_V,Households declaring to live in an area where some problems are present: difficult parking: very much,HSC_F,Per 100 households with the same characteristics,2011,16.4
A,Annual,ITDA,Trentino Alto Adige / Südtirol,HOUS_DIFFPARK_V,Households declaring to live in an area where some problems are present: difficult parking: very much,HSC_F,Per 100 households with the same characteristics,2012,11.9
A,Annual,ITDA,Trentino Alto Adige / Südtirol,HOUS_DIFFPARK_V,Households declaring to live in an area where some problems are present: difficult parking: very much,HSC_F,Per 100 households with the same characteristics,2013,13.4
A,Annual,ITDA,Trentino Alto Adige / Südtirol,HOUS_DIFFPARK_V,Households declaring to live in an area where some problems are present: difficult parking: very much,HSC_F,Per 100 households with the same characteristics,2014,11.3
A,Annual,ITDA,Trentino Alto Adige / Südtirol,HOUS_DIFFPARK_V,Households declaring to live in an area where some problems are present: difficult parking: very much,HSC_F,Per 100 households with the same characteristics,2015,12.8
A,Annual,ITDA,Trentino Alto Adige / Südtirol,HOUS_DIFFPARK_V,Households declaring to live in an area where some problems are present: difficult parking: very much,HSC_F,Per 100 households with the same characteristics,2016,9.9
A,Annual,ITDA,Trentino Alto Adige / Südtirol,HOUS_DIFFPARK_V,Households declaring to live in an area where some problems are present: difficult parking: very much,HSC_F,Per 100 households with the same characteristics,2017,10.5
A,Annual,ITDA,Trentino Alto Adige / Südtirol,HOUS_DIFFPARK_V,Households declaring to live in an area where some problems are present: difficult parking: very much,HSC_F,Per 100 households with the same characteristics,2018,11
A,Annual,ITDA,Trentino Alto Adige / Südtirol,HOUS_DIFFPARK_V,Households declaring to live in an area where some problems are present: difficult parking: very much,HSC_F,Per 100 households with the same characteristics,2019,14.1
A,Annual,ITDA,Trentino Alto Adige / Südtirol,HOUS_DIFFPARK_V,Households declaring to live in an area where some problems are present: difficult parking: very much,HSC_F,Per 100 households with the same characteristics,2020,9.3
A,Annual,ITDA,Trentino Alto Adige / Südtirol,HOUS_DIFFPARK_V,Households declaring to live in an area where some problems are present: difficult parking: very much,HSC_F,Per 100 households with the same characteristics,2021,13.9
A,Annual,ITDA,Trentino Alto Adige / Südtirol,HOUS_DIFFPARK_V,Households declaring to live in an area where some problems are present: difficult parking: very much,HSC_F,Per 100 households with the same characteristics,2022,13.5
A,Annual,ITDA,Trentino Alto Adige / Südtirol,HOUS_DIFFPARK_V,Households declaring to live in an area where some problems are present: difficult parking: very much,HSC_F,Per 100 households with the same characteristics,2023,13.7
A,Annual,ITDA,Trentino Alto Adige / Südtirol,HOUS_DIFFPARK_V,Households declaring to live in an area where some problems are present: difficult parking: very much,HSC_F,Per 100 households with the same characteristics,2024,15.2
A,Annual,ITDA,Trentino Alto Adige / Südtirol,HOUS_DIFFPARK_VQ,Households declaring to live in an area where some problems are present: difficult parking: very much and quite,HSC_F,Per 100 households with the same characteristics,2010,33.8
A,Annual,ITDA,Trentino Alto Adige / Südtirol,HOUS_DIFFPARK_VQ,Households declaring to live in an area where some problems are present: difficult parking: very much and quite,HSC_F,Per 100 households with the same characteristics,2011,34.7
A,Annual,ITDA,Trentino Alto Adige / Südtirol,HOUS_DIFFPARK_VQ,Households declaring to live in an area where some problems are present: difficult parking: very much and quite,HSC_F,Per 100 households with the same characteristics,2012,27.6
A,Annual,ITDA,Trentino Alto Adige / Südtirol,HOUS_DIFFPARK_VQ,Households declaring to live in an area where some problems are present: difficult parking: very much and quite,HSC_F,Per 100 households with the same characteristics,2013,30.6
A,Annual,ITDA,Trentino Alto Adige / Südtirol,HOUS_DIFFPARK_VQ,Households declaring to live in an area where some problems are present: difficult parking: very much and quite,HSC_F,Per 100 households with the same characteristics,2014,26.5
A,Annual,ITDA,Trentino Alto Adige / Südtirol,HOUS_DIFFPARK_VQ,Households declaring to live in an area where some problems are present: difficult parking: very much and quite,HSC_F,Per 100 households with the same characteristics,2015,26.7
A,Annual,ITDA,Trentino Alto Adige / Südtirol,HOUS_DIFFPARK_VQ,Households declaring to live in an area where some problems are present: difficult parking: very much and quite,HSC_F,Per 100 households with the same characteristics,2016,25.8
A,Annual,ITDA,Trentino Alto Adige / Südtirol,HOUS_DIFFPARK_VQ,Households declaring to live in an area where some problems are present: difficult parking: very much and quite,HSC_F,Per 100 households with the same characteristics,2017,27
A,Annual,ITDA,Trentino Alto Adige / Südtirol,HOUS_DIFFPARK_VQ,Households declaring to live in an area where some problems are present: difficult parking: very much and quite,HSC_F,Per 100 households with the same characteristics,2018,29.8
A,Annual,ITDA,Trentino Alto Adige / Südtirol,HOUS_DIFFPARK_VQ,Households declaring to live in an area where some problems are present: difficult parking: very much and quite,HSC_F,Per 100 households with the same characteristics,2019,31.9
A,Annual,ITDA,Trentino Alto Adige / Südtirol,HOUS_DIFFPARK_VQ,Households declaring to live in an area where some problems are present: difficult parking: very much and quite,HSC_F,Per 100 households with the same characteristics,2020,32.2
A,Annual,ITDA,Trentino Alto Adige / Südtirol,HOUS_DIFFPARK_VQ,Households declaring to live in an area where some problems are present: difficult parking: very much and quite,HSC_F,Per 100 households with the same characteristics,2021,32.8
A,Annual,ITDA,Trentino Alto Adige / Südtirol,HOUS_DIFFPARK_VQ,Households declaring to live in an area where some problems are present: difficult parking: very much and quite,HSC_F,Per 100 households with the same characteristics,2022,32.4
A,Annual,ITDA,Trentino Alto Adige / Südtirol,HOUS_DIFFPARK_VQ,Households declaring to live in an area where some problems are present: difficult parking: very much and quite,HSC_F,Per 100 households with the same characteristics,2023,34.5
A,Annual,ITDA,Trentino Alto Adige / Südtirol,HOUS_DIFFPARK_VQ,Households declaring to live in an area where some problems are present: difficult parking: very much and quite,HSC_F,Per 100 households with the same characteristics,2024,38
A,Annual,ITDA,Trentino Alto Adige / Südtirol,HOUS_DIFF_TRANS_V,Households declaring to live in an area where some problems are present: difficulties of links with public transport means: very much,HSC_F,Per 100 households with the same characteristics,2010,6.5
A,Annual,ITDA,Trentino Alto Adige / Südtirol,HOUS_DIFF_TRANS_V,Households declaring to live in an area where some problems are present: difficulties of links with public transport means: very much,HSC_F,Per 100 households with the same characteristics,2011,5.3
A,Annual,ITDA,Trentino Alto Adige / Südtirol,HOUS_DIFF_TRANS_V,Households declaring to live in an area where some problems are present: difficulties of links with public transport means: very much,HSC_F,Per 100 households with the same characteristics,2012,6
A,Annual,ITDA,Trentino Alto Adige / Südtirol,HOUS_DIFF_TRANS_V,Households declaring to live in an area where some problems are present: difficulties of links with public transport means: very much,HSC_F,Per 100 households with the same characteristics,2013,6.6
A,Annual,ITDA,Trentino Alto Adige / Südtirol,HOUS_DIFF_TRANS_V,Households declaring to live in an area where some problems are present: difficulties of links with public transport means: very much,HSC_F,Per 100 households with the same characteristics,2014,7.1
A,Annual,ITDA,Trentino Alto Adige / Südtirol,HOUS_DIFF_TRANS_V,Households declaring to live in an area where some problems are present: difficulties of links with public transport means: very much,HSC_F,Per 100 households with the same characteristics,2015,6.1
A,Annual,ITDA,Trentino Alto Adige / Südtirol,HOUS_DIFF_TRANS_V,Households declaring to live in an area where some problems are present: difficulties of links with public transport means: very much,HSC_F,Per 100 households with the same characteristics,2016,6.5
A,Annual,ITDA,Trentino Alto Adige / Südtirol,HOUS_DIFF_TRANS_V,Households declaring to live in an area where some problems are present: difficulties of links with public transport means: very much,HSC_F,Per 100 households with the same characteristics,2017,3.7
A,Annual,ITDA,Trentino Alto Adige / Südtirol,HOUS_DIFF_TRANS_V,Households declaring to live in an area where some problems are present: difficulties of links with public transport means: very much,HSC_F,Per 100 households with the same characteristics,2018,6
A,Annual,ITDA,Trentino Alto Adige / Südtirol,HOUS_DIFF_TRANS_V,Households declaring to live in an area where some problems are present: difficulties of links with public transport means: very much,HSC_F,Per 100 households with the same characteristics,2019,6
A,Annual,ITDA,Trentino Alto Adige / Südtirol,HOUS_DIFF_TRANS_V,Households declaring to live in an area where some problems are present: difficulties of links with public transport means: very much,HSC_F,Per 100 households with the same characteristics,2020,5.3
A,Annual,ITDA,Trentino Alto Adige / Südtirol,HOUS_DIFF_TRANS_V,Households declaring to live in an area where some problems are present: difficulties of links with public transport means: very much,HSC_F,Per 100 households with the same characteristics,2021,7.3
A,Annual,ITDA,Trentino Alto Adige / Südtirol,HOUS_DIFF_TRANS_V,Households declaring to live in an area where some problems are present: difficulties of links with public transport means: very much,HSC_F,Per 100 households with the same characteristics,2022,7.7
A,Annual,ITDA,Trentino Alto Adige / Südtirol,HOUS_DIFF_TRANS_V,Households declaring to live in an area where some problems are present: difficulties of links with public transport means: very much,HSC_F,Per 100 households with the same characteristics,2023,5.8
A,Annual,ITDA,Trentino Alto Adige / Südtirol,HOUS_DIFF_TRANS_V,Households declaring to live in an area where some problems are present: difficulties of links with public transport means: very much,HSC_F,Per 100 households with the same characteristics,2024,6.9
A,Annual,ITDA,Trentino Alto Adige / Südtirol,HOUS_DIFF_TRANS_VQ,Households declaring to live in an area where some problems are present: difficulties of links with public transport means: very much and quite,HSC_F,Per 100 households with the same characteristics,2010,18.1
A,Annual,ITDA,Trentino Alto Adige / Südtirol,HOUS_DIFF_TRANS_VQ,Households declaring to live in an area where some problems are present: difficulties of links with public transport means: very much and quite,HSC_F,Per 100 households with the same characteristics,2011,18.2
A,Annual,ITDA,Trentino Alto Adige / Südtirol,HOUS_DIFF_TRANS_VQ,Households declaring to live in an area where some problems are present: difficulties of links with public transport means: very much and quite,HSC_F,Per 100 households with the same characteristics,2012,20.6
A,Annual,ITDA,Trentino Alto Adige / Südtirol,HOUS_DIFF_TRANS_VQ,Households declaring to live in an area where some problems are present: difficulties of links with public transport means: very much and quite,HSC_F,Per 100 households with the same characteristics,2013,19.2
A,Annual,ITDA,Trentino Alto Adige / Südtirol,HOUS_DIFF_TRANS_VQ,Households declaring to live in an area where some problems are present: difficulties of links with public transport means: very much and quite,HSC_F,Per 100 households with the same characteristics,2014,20.3
A,Annual,ITDA,Trentino Alto Adige / Südtirol,HOUS_DIFF_TRANS_VQ,Households declaring to live in an area where some problems are present: difficulties of links with public transport means: very much and quite,HSC_F,Per 100 households with the same characteristics,2015,17.5
A,Annual,ITDA,Trentino Alto Adige / Südtirol,HOUS_DIFF_TRANS_VQ,Households declaring to live in an area where some problems are present: difficulties of links with public transport means: very much and quite,HSC_F,Per 100 households with the same characteristics,2016,16.7
A,Annual,ITDA,Trentino Alto Adige / Südtirol,HOUS_DIFF_TRANS_VQ,Households declaring to live in an area where some problems are present: difficulties of links with public transport means: very much and quite,HSC_F,Per 100 households with the same characteristics,2017,17.8
A,Annual,ITDA,Trentino Alto Adige / Südtirol,HOUS_DIFF_TRANS_VQ,Households declaring to live in an area where some problems are present: difficulties of links with public transport means: very much and quite,HSC_F,Per 100 households with the same characteristics,2018,19
A,Annual,ITDA,Trentino Alto Adige / Südtirol,HOUS_DIFF_TRANS_VQ,Households declaring to live in an area where some problems are present: difficulties of links with public transport means: very much and quite,HSC_F,Per 100 households with the same characteristics,2019,17.2
A,Annual,ITDA,Trentino Alto Adige / Südtirol,HOUS_DIFF_TRANS_VQ,Households declaring to live in an area where some problems are present: difficulties of links with public transport means: very much and quite,HSC_F,Per 100 households with the same characteristics,2020,17.5
A,Annual,ITDA,Trentino Alto Adige / Südtirol,HOUS_DIFF_TRANS_VQ,Households declaring to live in an area where some problems are present: difficulties of links with public transport means: very much and quite,HSC_F,Per 100 households with the same characteristics,2021,20.6
A,Annual,ITDA,Trentino Alto Adige / Südtirol,HOUS_DIFF_TRANS_VQ,Households declaring to live in an area where some problems are present: difficulties of links with public transport means: very much and quite,HSC_F,Per 100 households with the same characteristics,2022,20.5
A,Annual,ITDA,Trentino Alto Adige / Südtirol,HOUS_DIFF_TRANS_VQ,Households declaring to live in an area where some problems are present: difficulties of links with public transport means: very much and quite,HSC_F,Per 100 households with the same characteristics,2023,21.4
A,Annual,ITDA,Trentino Alto Adige / Südtirol,HOUS_DIFF_TRANS_VQ,Households declaring to live in an area where some problems are present: difficulties of links with public transport means: very much and quite,HSC_F,Per 100 households with the same characteristics,2024,22.4
A,Annual,ITDA,Trentino Alto Adige / Südtirol,HOUS_TRAFFIC_V,Households declaring to live in an area where some problems are present: traffic: very much,HSC_F,Per 100 households with the same characteristics,2010,11.2
A,Annual,ITDA,Trentino Alto Adige / Südtirol,HOUS_TRAFFIC_V,Households declaring to live in an area where some problems are present: traffic: very much,HSC_F,Per 100 households with the same characteristics,2011,10
A,Annual,ITDA,Trentino Alto Adige / Südtirol,HOUS_TRAFFIC_V,Households declaring to live in an area where some problems are present: traffic: very much,HSC_F,Per 100 households with the same characteristics,2012,8.3
A,Annual,ITDA,Trentino Alto Adige / Südtirol,HOUS_TRAFFIC_V,Households declaring to live in an area where some problems are present: traffic: very much,HSC_F,Per 100 households with the same characteristics,2013,8.9
A,Annual,ITDA,Trentino Alto Adige / Südtirol,HOUS_TRAFFIC_V,Households declaring to live in an area where some problems are present: traffic: very much,HSC_F,Per 100 households with the same characteristics,2014,8.1
A,Annual,ITDA,Trentino Alto Adige / Südtirol,HOUS_TRAFFIC_V,Households declaring to live in an area where some problems are present: traffic: very much,HSC_F,Per 100 households with the same characteristics,2015,8.3
A,Annual,ITDA,Trentino Alto Adige / Südtirol,HOUS_TRAFFIC_V,Households declaring to live in an area where some problems are present: traffic: very much,HSC_F,Per 100 households with the same characteristics,2016,7.5
A,Annual,ITDA,Trentino Alto Adige / Südtirol,HOUS_TRAFFIC_V,Households declaring to live in an area where some problems are present: traffic: very much,HSC_F,Per 100 households with the same characteristics,2017,5.3
A,Annual,ITDA,Trentino Alto Adige / Südtirol,HOUS_TRAFFIC_V,Households declaring to live in an area where some problems are present: traffic: very much,HSC_F,Per 100 households with the same characteristics,2018,7.6
A,Annual,ITDA,Trentino Alto Adige / Südtirol,HOUS_TRAFFIC_V,Households declaring to live in an area where some problems are present: traffic: very much,HSC_F,Per 100 households with the same characteristics,2019,8.9
A,Annual,ITDA,Trentino Alto Adige / Südtirol,HOUS_TRAFFIC_V,Households declaring to live in an area where some problems are present: traffic: very much,HSC_F,Per 100 households with the same characteristics,2020,9.2
A,Annual,ITDA,Trentino Alto Adige / Südtirol,HOUS_TRAFFIC_V,Households declaring to live in an area where some problems are present: traffic: very much,HSC_F,Per 100 households with the same characteristics,2021,7.2
A,Annual,ITDA,Trentino Alto Adige / Südtirol,HOUS_TRAFFIC_V,Households declaring to live in an area where some problems are present: traffic: very much,HSC_F,Per 100 households with the same characteristics,2022,9.7
A,Annual,ITDA,Trentino Alto Adige / Südtirol,HOUS_TRAFFIC_V,Households declaring to live in an area where some problems are present: traffic: very much,HSC_F,Per 100 households with the same characteristics,2023,9.4
A,Annual,ITDA,Trentino Alto Adige / Südtirol,HOUS_TRAFFIC_V,Households declaring to live in an area where some problems are present: traffic: very much,HSC_F,Per 100 households with the same characteristics,2024,9.3
A,Annual,ITDA,Trentino Alto Adige / Südtirol,HOUS_TRAFFIC_VQ,Households declaring to live in an area where some problems are present: traffic: very much and quite,HSC_F,Per 100 households with the same characteristics,2010,31.4
A,Annual,ITDA,Trentino Alto Adige / Südtirol,HOUS_TRAFFIC_VQ,Households declaring to live in an area where some problems are present: traffic: very much and quite,HSC_F,Per 100 households with the same characteristics,2011,34.1
A,Annual,ITDA,Trentino Alto Adige / Südtirol,HOUS_TRAFFIC_VQ,Households declaring to live in an area where some problems are present: traffic: very much and quite,HSC_F,Per 100 households with the same characteristics,2012,30
A,Annual,ITDA,Trentino Alto Adige / Südtirol,HOUS_TRAFFIC_VQ,Households declaring to live in an area where some problems are present: traffic: very much and quite,HSC_F,Per 100 households with the same characteristics,2013,29.3
A,Annual,ITDA,Trentino Alto Adige / Südtirol,HOUS_TRAFFIC_VQ,Households declaring to live in an area where some problems are present: traffic: very much and quite,HSC_F,Per 100 households with the same characteristics,2014,24.5
A,Annual,ITDA,Trentino Alto Adige / Südtirol,HOUS_TRAFFIC_VQ,Households declaring to live in an area where some problems are present: traffic: very much and quite,HSC_F,Per 100 households with the same characteristics,2015,25.6
A,Annual,ITDA,Trentino Alto Adige / Südtirol,HOUS_TRAFFIC_VQ,Households declaring to live in an area where some problems are present: traffic: very much and quite,HSC_F,Per 100 households with the same characteristics,2016,26.2
A,Annual,ITDA,Trentino Alto Adige / Südtirol,HOUS_TRAFFIC_VQ,Households declaring to live in an area where some problems are present: traffic: very much and quite,HSC_F,Per 100 households with the same characteristics,2017,26.6
A,Annual,ITDA,Trentino Alto Adige / Südtirol,HOUS_TRAFFIC_VQ,Households declaring to live in an area where some problems are present: traffic: very much and quite,HSC_F,Per 100 households with the same characteristics,2018,29.5
A,Annual,ITDA,Trentino Alto Adige / Südtirol,HOUS_TRAFFIC_VQ,Households declaring to live in an area where some problems are present: traffic: very much and quite,HSC_F,Per 100 households with the same characteristics,2019,33
A,Annual,ITDA,Trentino Alto Adige / Südtirol,HOUS_TRAFFIC_VQ,Households declaring to live in an area where some problems are present: traffic: very much and quite,HSC_F,Per 100 households with the same characteristics,2020,34.9
A,Annual,ITDA,Trentino Alto Adige / Südtirol,HOUS_TRAFFIC_VQ,Households declaring to live in an area where some problems are present: traffic: very much and quite,HSC_F,Per 100 households with the same characteristics,2021,27.4
A,Annual,ITDA,Trentino Alto Adige / Südtirol,HOUS_TRAFFIC_VQ,Households declaring to live in an area where some problems are present: traffic: very much and quite,HSC_F,Per 100 households with the same characteristics,2022,31.2
A,Annual,ITDA,Trentino Alto Adige / Südtirol,HOUS_TRAFFIC_VQ,Households declaring to live in an area where some problems are present: traffic: very much and quite,HSC_F,Per 100 households with the same characteristics,2023,30.1
A,Annual,ITDA,Trentino Alto Adige / Südtirol,HOUS_TRAFFIC_VQ,Households declaring to live in an area where some problems are present: traffic: very much and quite,HSC_F,Per 100 households with the same characteristics,2024,36.1
A,Annual,ITDA,Trentino Alto Adige / Südtirol,HOUS_STRLIGHT_V,Households declaring to live in an area where some problems are present: poor street lighting: very much,HSC_F,Per 100 households with the same characteristics,2010,5
A,Annual,ITDA,Trentino Alto Adige / Südtirol,HOUS_STRLIGHT_V,Households declaring to live in an area where some problems are present: poor street lighting: very much,HSC_F,Per 100 households with the same characteristics,2011,4.7
A,Annual,ITDA,Trentino Alto Adige / Südtirol,HOUS_STRLIGHT_V,Households declaring to live in an area where some problems are present: poor street lighting: very much,HSC_F,Per 100 households with the same characteristics,2012,5.5
A,Annual,ITDA,Trentino Alto Adige / Südtirol,HOUS_STRLIGHT_V,Households declaring to live in an area where some problems are present: poor street lighting: very much,HSC_F,Per 100 households with the same characteristics,2013,4.1
A,Annual,ITDA,Trentino Alto Adige / Südtirol,HOUS_STRLIGHT_V,Households declaring to live in an area where some problems are present: poor street lighting: very much,HSC_F,Per 100 households with the same characteristics,2014,4.3
A,Annual,ITDA,Trentino Alto Adige / Südtirol,HOUS_STRLIGHT_V,Households declaring to live in an area where some problems are present: poor street lighting: very much,HSC_F,Per 100 households with the same characteristics,2015,4.7
A,Annual,ITDA,Trentino Alto Adige / Südtirol,HOUS_STRLIGHT_V,Households declaring to live in an area where some problems are present: poor street lighting: very much,HSC_F,Per 100 households with the same characteristics,2016,3.3
A,Annual,ITDA,Trentino Alto Adige / Südtirol,HOUS_STRLIGHT_V,Households declaring to live in an area where some problems are present: poor street lighting: very much,HSC_F,Per 100 households with the same characteristics,2017,2.9
A,Annual,ITDA,Trentino Alto Adige / Südtirol,HOUS_STRLIGHT_V,Households declaring to live in an area where some problems are present: poor street lighting: very much,HSC_F,Per 100 households with the same characteristics,2018,4.3
A,Annual,ITDA,Trentino Alto Adige / Südtirol,HOUS_STRLIGHT_V,Households declaring to live in an area where some problems are present: poor street lighting: very much,HSC_F,Per 100 households with the same characteristics,2019,3.5
A,Annual,ITDA,Trentino Alto Adige / Südtirol,HOUS_STRLIGHT_V,Households declaring to live in an area where some problems are present: poor street lighting: very much,HSC_F,Per 100 households with the same characteristics,2020,3.4
A,Annual,ITDA,Trentino Alto Adige / Südtirol,HOUS_STRLIGHT_V,Households declaring to live in an area where some problems are present: poor street lighting: very much,HSC_F,Per 100 households with the same characteristics,2021,4.6
A,Annual,ITDA,Trentino Alto Adige / Südtirol,HOUS_STRLIGHT_V,Households declaring to live in an area where some problems are present: poor street lighting: very much,HSC_F,Per 100 households with the same characteristics,2022,3.5
A,Annual,ITDA,Trentino Alto Adige / Südtirol,HOUS_STRLIGHT_V,Households declaring to live in an area where some problems are present: poor street lighting: very much,HSC_F,Per 100 households with the same characteristics,2023,4.7
A,Annual,ITDA,Trentino Alto Adige / Südtirol,HOUS_STRLIGHT_V,Households declaring to live in an area where some problems are present: poor street lighting: very much,HSC_F,Per 100 households with the same characteristics,2024,4.7
A,Annual,ITDA,Trentino Alto Adige / Südtirol,HOUS_STRLIGHT_VQ,Households declaring to live in an area where some problems are present: poor street lighting: very much and quite,HSC_F,Per 100 households with the same characteristics,2010,16.9
A,Annual,ITDA,Trentino Alto Adige / Südtirol,HOUS_STRLIGHT_VQ,Households declaring to live in an area where some problems are present: poor street lighting: very much and quite,HSC_F,Per 100 households with the same characteristics,2011,14.9
A,Annual,ITDA,Trentino Alto Adige / Südtirol,HOUS_STRLIGHT_VQ,Households declaring to live in an area where some problems are present: poor street lighting: very much and quite,HSC_F,Per 100 households with the same characteristics,2012,16
A,Annual,ITDA,Trentino Alto Adige / Südtirol,HOUS_STRLIGHT_VQ,Households declaring to live in an area where some problems are present: poor street lighting: very much and quite,HSC_F,Per 100 households with the same characteristics,2013,15.1
A,Annual,ITDA,Trentino Alto Adige / Südtirol,HOUS_STRLIGHT_VQ,Households declaring to live in an area where some problems are present: poor street lighting: very much and quite,HSC_F,Per 100 households with the same characteristics,2014,13.3
A,Annual,ITDA,Trentino Alto Adige / Südtirol,HOUS_STRLIGHT_VQ,Households declaring to live in an area where some problems are present: poor street lighting: very much and quite,HSC_F,Per 100 households with the same characteristics,2015,14.3
A,Annual,ITDA,Trentino Alto Adige / Südtirol,HOUS_STRLIGHT_VQ,Households declaring to live in an area where some problems are present: poor street lighting: very much and quite,HSC_F,Per 100 households with the same characteristics,2016,13.2
A,Annual,ITDA,Trentino Alto Adige / Südtirol,HOUS_STRLIGHT_VQ,Households declaring to live in an area where some problems are present: poor street lighting: very much and quite,HSC_F,Per 100 households with the same characteristics,2017,13.7
A,Annual,ITDA,Trentino Alto Adige / Südtirol,HOUS_STRLIGHT_VQ,Households declaring to live in an area where some problems are present: poor street lighting: very much and quite,HSC_F,Per 100 households with the same characteristics,2018,15.2
A,Annual,ITDA,Trentino Alto Adige / Südtirol,HOUS_STRLIGHT_VQ,Households declaring to live in an area where some problems are present: poor street lighting: very much and quite,HSC_F,Per 100 households with the same characteristics,2019,14.5
A,Annual,ITDA,Trentino Alto Adige / Südtirol,HOUS_STRLIGHT_VQ,Households declaring to live in an area where some problems are present: poor street lighting: very much and quite,HSC_F,Per 100 households with the same characteristics,2020,15.1
A,Annual,ITDA,Trentino Alto Adige / Südtirol,HOUS_STRLIGHT_VQ,Households declaring to live in an area where some problems are present: poor street lighting: very much and quite,HSC_F,Per 100 households with the same characteristics,2021,15.6
A,Annual,ITDA,Trentino Alto Adige / Südtirol,HOUS_STRLIGHT_VQ,Households declaring to live in an area where some problems are present: poor street lighting: very much and quite,HSC_F,Per 100 households with the same characteristics,2022,13.4
A,Annual,ITDA,Trentino Alto Adige / Südtirol,HOUS_STRLIGHT_VQ,Households declaring to live in an area where some problems are present: poor street lighting: very much and quite,HSC_F,Per 100 households with the same characteristics,2023,18.4
A,Annual,ITDA,Trentino Alto Adige / Südtirol,HOUS_STRLIGHT_VQ,Households declaring to live in an area where some problems are present: poor street lighting: very much and quite,HSC_F,Per 100 households with the same characteristics,2024,18.6
A,Annual,ITDA,Trentino Alto Adige / Südtirol,HOUS_PROAD_V,Households declaring to live in an area where some problems are present: poor road conditions: very much,HSC_F,Per 100 households with the same characteristics,2010,9
A,Annual,ITDA,Trentino Alto Adige / Südtirol,HOUS_PROAD_V,Households declaring to live in an area where some problems are present: poor road conditions: very much,HSC_F,Per 100 households with the same characteristics,2011,7.4
A,Annual,ITDA,Trentino Alto Adige / Südtirol,HOUS_PROAD_V,Households declaring to live in an area where some problems are present: poor road conditions: very much,HSC_F,Per 100 households with the same characteristics,2012,6.5
A,Annual,ITDA,Trentino Alto Adige / Südtirol,HOUS_PROAD_V,Households declaring to live in an area where some problems are present: poor road conditions: very much,HSC_F,Per 100 households with the same characteristics,2013,7
A,Annual,ITDA,Trentino Alto Adige / Südtirol,HOUS_PROAD_V,Households declaring to live in an area where some problems are present: poor road conditions: very much,HSC_F,Per 100 households with the same characteristics,2014,8.4
A,Annual,ITDA,Trentino Alto Adige / Südtirol,HOUS_PROAD_V,Households declaring to live in an area where some problems are present: poor road conditions: very much,HSC_F,Per 100 households with the same characteristics,2015,6.1
A,Annual,ITDA,Trentino Alto Adige / Südtirol,HOUS_PROAD_V,Households declaring to live in an area where some problems are present: poor road conditions: very much,HSC_F,Per 100 households with the same characteristics,2016,5
A,Annual,ITDA,Trentino Alto Adige / Südtirol,HOUS_PROAD_V,Households declaring to live in an area where some problems are present: poor road conditions: very much,HSC_F,Per 100 households with the same characteristics,2017,4.8
A,Annual,ITDA,Trentino Alto Adige / Südtirol,HOUS_PROAD_V,Households declaring to live in an area where some problems are present: poor road conditions: very much,HSC_F,Per 100 households with the same characteristics,2018,7.1
A,Annual,ITDA,Trentino Alto Adige / Südtirol,HOUS_PROAD_V,Households declaring to live in an area where some problems are present: poor road conditions: very much,HSC_F,Per 100 households with the same characteristics,2019,7.8
A,Annual,ITDA,Trentino Alto Adige / Südtirol,HOUS_PROAD_V,Households declaring to live in an area where some problems are present: poor road conditions: very much,HSC_F,Per 100 households with the same characteristics,2020,5.3
A,Annual,ITDA,Trentino Alto Adige / Südtirol,HOUS_PROAD_V,Households declaring to live in an area where some problems are present: poor road conditions: very much,HSC_F,Per 100 households with the same characteristics,2021,9
A,Annual,ITDA,Trentino Alto Adige / Südtirol,HOUS_PROAD_V,Households declaring to live in an area where some problems are present: poor road conditions: very much,HSC_F,Per 100 households with the same characteristics,2022,6.8
A,Annual,ITDA,Trentino Alto Adige / Südtirol,HOUS_PROAD_V,Households declaring to live in an area where some problems are present: poor road conditions: very much,HSC_F,Per 100 households with the same characteristics,2023,7.2
A,Annual,ITDA,Trentino Alto Adige / Südtirol,HOUS_PROAD_V,Households declaring to live in an area where some problems are present: poor road conditions: very much,HSC_F,Per 100 households with the same characteristics,2024,7.4
A,Annual,ITDA,Trentino Alto Adige / Südtirol,HOUS_PROAD_VQ,Households declaring to live in an area where some problems are present: poor road conditions: very much and quite,HSC_F,Per 100 households with the same characteristics,2010,28.2
A,Annual,ITDA,Trentino Alto Adige / Südtirol,HOUS_PROAD_VQ,Households declaring to live in an area where some problems are present: poor road conditions: very much and quite,HSC_F,Per 100 households with the same characteristics,2011,25
A,Annual,ITDA,Trentino Alto Adige / Südtirol,HOUS_PROAD_VQ,Households declaring to live in an area where some problems are present: poor road conditions: very much and quite,HSC_F,Per 100 households with the same characteristics,2012,24.5
A,Annual,ITDA,Trentino Alto Adige / Südtirol,HOUS_PROAD_VQ,Households declaring to live in an area where some problems are present: poor road conditions: very much and quite,HSC_F,Per 100 households with the same characteristics,2013,23.9
A,Annual,ITDA,Trentino Alto Adige / Südtirol,HOUS_PROAD_VQ,Households declaring to live in an area where some problems are present: poor road conditions: very much and quite,HSC_F,Per 100 households with the same characteristics,2014,23.9
A,Annual,ITDA,Trentino Alto Adige / Südtirol,HOUS_PROAD_VQ,Households declaring to live in an area where some problems are present: poor road conditions: very much and quite,HSC_F,Per 100 households with the same characteristics,2015,22.4
A,Annual,ITDA,Trentino Alto Adige / Südtirol,HOUS_PROAD_VQ,Households declaring to live in an area where some problems are present: poor road conditions: very much and quite,HSC_F,Per 100 households with the same characteristics,2016,19.7
A,Annual,ITDA,Trentino Alto Adige / Südtirol,HOUS_PROAD_VQ,Households declaring to live in an area where some problems are present: poor road conditions: very much and quite,HSC_F,Per 100 households with the same characteristics,2017,19.7
A,Annual,ITDA,Trentino Alto Adige / Südtirol,HOUS_PROAD_VQ,Households declaring to live in an area where some problems are present: poor road conditions: very much and quite,HSC_F,Per 100 households with the same characteristics,2018,24.2
A,Annual,ITDA,Trentino Alto Adige / Südtirol,HOUS_PROAD_VQ,Households declaring to live in an area where some problems are present: poor road conditions: very much and quite,HSC_F,Per 100 households with the same characteristics,2019,23.6
A,Annual,ITDA,Trentino Alto Adige / Südtirol,HOUS_PROAD_VQ,Households declaring to live in an area where some problems are present: poor road conditions: very much and quite,HSC_F,Per 100 households with the same characteristics,2020,19.1
A,Annual,ITDA,Trentino Alto Adige / Südtirol,HOUS_PROAD_VQ,Households declaring to live in an area where some problems are present: poor road conditions: very much and quite,HSC_F,Per 100 households with the same characteristics,2021,26.1
A,Annual,ITDA,Trentino Alto Adige / Südtirol,HOUS_PROAD_VQ,Households declaring to live in an area where some problems are present: poor road conditions: very much and quite,HSC_F,Per 100 households with the same characteristics,2022,25.3
A,Annual,ITDA,Trentino Alto Adige / Südtirol,HOUS_PROAD_VQ,Households declaring to live in an area where some problems are present: poor road conditions: very much and quite,HSC_F,Per 100 households with the same characteristics,2023,22.5
A,Annual,ITDA,Trentino Alto Adige / Südtirol,HOUS_PROAD_VQ,Households declaring to live in an area where some problems are present: poor road conditions: very much and quite,HSC_F,Per 100 households with the same characteristics,2024,25.8
A,Annual,ITD1,Provincia Autonoma Bolzano / Bozen,HOUS_DIFFPARK_V,Households declaring to live in an area where some problems are present: difficult parking: very much,HSC_F,Per 100 households with the same characteristics,2010,13.1
A,Annual,ITD1,Provincia Autonoma Bolzano / Bozen,HOUS_DIFFPARK_V,Households declaring to live in an area where some problems are present: difficult parking: very much,HSC_F,Per 100 households with the same characteristics,2011,17.7
A,Annual,ITD1,Provincia Autonoma Bolzano / Bozen,HOUS_DIFFPARK_V,Households declaring to live in an area where some problems are present: difficult parking: very much,HSC_F,Per 100 households with the same characteristics,2012,12
A,Annual,ITD1,Provincia Autonoma Bolzano / Bozen,HOUS_DIFFPARK_V,Households declaring to live in an area where some problems are present: difficult parking: very much,HSC_F,Per 100 households with the same characteristics,2013,16.9
A,Annual,ITD1,Provincia Autonoma Bolzano / Bozen,HOUS_DIFFPARK_V,Households declaring to live in an area where some problems are present: difficult parking: very much,HSC_F,Per 100 households with the same characteristics,2014,12.9
A,Annual,ITD1,Provincia Autonoma Bolzano / Bozen,HOUS_DIFFPARK_V,Households declaring to live in an area where some problems are present: difficult parking: very much,HSC_F,Per 100 households with the same characteristics,2015,13.2
A,Annual,ITD1,Provincia Autonoma Bolzano / Bozen,HOUS_DIFFPARK_V,Households declaring to live in an area where some problems are present: difficult parking: very much,HSC_F,Per 100 households with the same characteristics,2016,11.9
A,Annual,ITD1,Provincia Autonoma Bolzano / Bozen,HOUS_DIFFPARK_V,Households declaring to live in an area where some problems are present: difficult parking: very much,HSC_F,Per 100 households with the same characteristics,2017,14
A,Annual,ITD1,Provincia Autonoma Bolzano / Bozen,HOUS_DIFFPARK_V,Households declaring to live in an area where some problems are present: difficult parking: very much,HSC_F,Per 100 households with the same characteristics,2018,14.6
A,Annual,ITD1,Provincia Autonoma Bolzano / Bozen,HOUS_DIFFPARK_V,Households declaring to live in an area where some problems are present: difficult parking: very much,HSC_F,Per 100 households with the same characteristics,2019,15.9
A,Annual,ITD1,Provincia Autonoma Bolzano / Bozen,HOUS_DIFFPARK_V,Households declaring to live in an area where some problems are present: difficult parking: very much,HSC_F,Per 100 households with the same characteristics,2020,9.3
A,Annual,ITD1,Provincia Autonoma Bolzano / Bozen,HOUS_DIFFPARK_V,Households declaring to live in an area where some problems are present: difficult parking: very much,HSC_F,Per 100 households with the same characteristics,2021,15.8
A,Annual,ITD1,Provincia Autonoma Bolzano / Bozen,HOUS_DIFFPARK_V,Households declaring to live in an area where some problems are present: difficult parking: very much,HSC_F,Per 100 households with the same characteristics,2022,15.7
A,Annual,ITD1,Provincia Autonoma Bolzano / Bozen,HOUS_DIFFPARK_V,Households declaring to live in an area where some problems are present: difficult parking: very much,HSC_F,Per 100 households with the same characteristics,2023,14.9
A,Annual,ITD1,Provincia Autonoma Bolzano / Bozen,HOUS_DIFFPARK_V,Households declaring to live in an area where some problems are present: difficult parking: very much,HSC_F,Per 100 households with the same characteristics,2024,16.1
A,Annual,ITD1,Provincia Autonoma Bolzano / Bozen,HOUS_DIFFPARK_VQ,Households declaring to live in an area where some problems are present: difficult parking: very much and quite,HSC_F,Per 100 households with the same characteristics,2010,34.8
A,Annual,ITD1,Provincia Autonoma Bolzano / Bozen,HOUS_DIFFPARK_VQ,Households declaring to live in an area where some problems are present: difficult parking: very much and quite,HSC_F,Per 100 households with the same characteristics,2011,37.4
A,Annual,ITD1,Provincia Autonoma Bolzano / Bozen,HOUS_DIFFPARK_VQ,Households declaring to live in an area where some problems are present: difficult parking: very much and quite,HSC_F,Per 100 households with the same characteristics,2012,26.7
A,Annual,ITD1,Provincia Autonoma Bolzano / Bozen,HOUS_DIFFPARK_VQ,Households declaring to live in an area where some problems are present: difficult parking: very much and quite,HSC_F,Per 100 households with the same characteristics,2013,34.2
A,Annual,ITD1,Provincia Autonoma Bolzano / Bozen,HOUS_DIFFPARK_VQ,Households declaring to live in an area where some problems are present: difficult parking: very much and quite,HSC_F,Per 100 households with the same characteristics,2014,29.9
A,Annual,ITD1,Provincia Autonoma Bolzano / Bozen,HOUS_DIFFPARK_VQ,Households declaring to live in an area where some problems are present: difficult parking: very much and quite,HSC_F,Per 100 households with the same characteristics,2015,26.2
A,Annual,ITD1,Provincia Autonoma Bolzano / Bozen,HOUS_DIFFPARK_VQ,Households declaring to live in an area where some problems are present: difficult parking: very much and quite,HSC_F,Per 100 households with the same characteristics,2016,26.2
A,Annual,ITD1,Provincia Autonoma Bolzano / Bozen,HOUS_DIFFPARK_VQ,Households declaring to live in an area where some problems are present: difficult parking: very much and quite,HSC_F,Per 100 households with the same characteristics,2017,29.5
A,Annual,ITD1,Provincia Autonoma Bolzano / Bozen,HOUS_DIFFPARK_VQ,Households declaring to live in an area where some problems are present: difficult parking: very much and quite,HSC_F,Per 100 households with the same characteristics,2018,36.1
A,Annual,ITD1,Provincia Autonoma Bolzano / Bozen,HOUS_DIFFPARK_VQ,Households declaring to live in an area where some problems are present: difficult parking: very much and quite,HSC_F,Per 100 households with the same characteristics,2019,34.4
A,Annual,ITD1,Provincia Autonoma Bolzano / Bozen,HOUS_DIFFPARK_VQ,Households declaring to live in an area where some problems are present: difficult parking: very much and quite,HSC_F,Per 100 households with the same characteristics,2020,33.2
A,Annual,ITD1,Provincia Autonoma Bolzano / Bozen,HOUS_DIFFPARK_VQ,Households declaring to live in an area where some problems are present: difficult parking: very much and quite,HSC_F,Per 100 households with the same characteristics,2021,37.4
A,Annual,ITD1,Provincia Autonoma Bolzano / Bozen,HOUS_DIFFPARK_VQ,Households declaring to live in an area where some problems are present: difficult parking: very much and quite,HSC_F,Per 100 households with the same characteristics,2022,35.9
A,Annual,ITD1,Provincia Autonoma Bolzano / Bozen,HOUS_DIFFPARK_VQ,Households declaring to live in an area where some problems are present: difficult parking: very much and quite,HSC_F,Per 100 households with the same characteristics,2023,36.6
A,Annual,ITD1,Provincia Autonoma Bolzano / Bozen,HOUS_DIFFPARK_VQ,Households declaring to live in an area where some problems are present: difficult parking: very much and quite,HSC_F,Per 100 households with the same characteristics,2024,41
A,Annual,ITD1,Provincia Autonoma Bolzano / Bozen,HOUS_DIFF_TRANS_V,Households declaring to live in an area where some problems are present: difficulties of links with public transport means: very much,HSC_F,Per 100 households with the same characteristics,2010,3.5
A,Annual,ITD1,Provincia Autonoma Bolzano / Bozen,HOUS_DIFF_TRANS_V,Households declaring to live in an area where some problems are present: difficulties of links with public transport means: very much,HSC_F,Per 100 households with the same characteristics,2011,5.8
A,Annual,ITD1,Provincia Autonoma Bolzano / Bozen,HOUS_DIFF_TRANS_V,Households declaring to live in an area where some problems are present: difficulties of links with public transport means: very much,HSC_F,Per 100 households with the same characteristics,2012,4.7
A,Annual,ITD1,Provincia Autonoma Bolzano / Bozen,HOUS_DIFF_TRANS_V,Households declaring to live in an area where some problems are present: difficulties of links with public transport means: very much,HSC_F,Per 100 households with the same characteristics,2013,5.8
A,Annual,ITD1,Provincia Autonoma Bolzano / Bozen,HOUS_DIFF_TRANS_V,Households declaring to live in an area where some problems are present: difficulties of links with public transport means: very much,HSC_F,Per 100 households with the same characteristics,2014,6.3
A,Annual,ITD1,Provincia Autonoma Bolzano / Bozen,HOUS_DIFF_TRANS_V,Households declaring to live in an area where some problems are present: difficulties of links with public transport means: very much,HSC_F,Per 100 households with the same characteristics,2015,4.9
A,Annual,ITD1,Provincia Autonoma Bolzano / Bozen,HOUS_DIFF_TRANS_V,Households declaring to live in an area where some problems are present: difficulties of links with public transport means: very much,HSC_F,Per 100 households with the same characteristics,2016,4.8
A,Annual,ITD1,Provincia Autonoma Bolzano / Bozen,HOUS_DIFF_TRANS_V,Households declaring to live in an area where some problems are present: difficulties of links with public transport means: very much,HSC_F,Per 100 households with the same characteristics,2017,2.2
A,Annual,ITD1,Provincia Autonoma Bolzano / Bozen,HOUS_DIFF_TRANS_V,Households declaring to live in an area where some problems are present: difficulties of links with public transport means: very much,HSC_F,Per 100 households with the same characteristics,2018,4.2
A,Annual,ITD1,Provincia Autonoma Bolzano / Bozen,HOUS_DIFF_TRANS_V,Households declaring to live in an area where some problems are present: difficulties of links with public transport means: very much,HSC_F,Per 100 households with the same characteristics,2019,5.2
A,Annual,ITD1,Provincia Autonoma Bolzano / Bozen,HOUS_DIFF_TRANS_V,Households declaring to live in an area where some problems are present: difficulties of links with public transport means: very much,HSC_F,Per 100 households with the same characteristics,2020,3.7
A,Annual,ITD1,Provincia Autonoma Bolzano / Bozen,HOUS_DIFF_TRANS_V,Households declaring to live in an area where some problems are present: difficulties of links with public transport means: very much,HSC_F,Per 100 households with the same characteristics,2021,5.7
A,Annual,ITD1,Provincia Autonoma Bolzano / Bozen,HOUS_DIFF_TRANS_V,Households declaring to live in an area where some problems are present: difficulties of links with public transport means: very much,HSC_F,Per 100 households with the same characteristics,2022,5.1
A,Annual,ITD1,Provincia Autonoma Bolzano / Bozen,HOUS_DIFF_TRANS_V,Households declaring to live in an area where some problems are present: difficulties of links with public transport means: very much,HSC_F,Per 100 households with the same characteristics,2023,5.7
A,Annual,ITD1,Provincia Autonoma Bolzano / Bozen,HOUS_DIFF_TRANS_V,Households declaring to live in an area where some problems are present: difficulties of links with public transport means: very much,HSC_F,Per 100 households with the same characteristics,2024,4.3
A,Annual,ITD1,Provincia Autonoma Bolzano / Bozen,HOUS_DIFF_TRANS_VQ,Households declaring to live in an area where some problems are present: difficulties of links with public transport means: very much and quite,HSC_F,Per 100 households with the same characteristics,2010,14.8
A,Annual,ITD1,Provincia Autonoma Bolzano / Bozen,HOUS_DIFF_TRANS_VQ,Households declaring to live in an area where some problems are present: difficulties of links with public transport means: very much and quite,HSC_F,Per 100 households with the same characteristics,2011,17.4
A,Annual,ITD1,Provincia Autonoma Bolzano / Bozen,HOUS_DIFF_TRANS_VQ,Households declaring to live in an area where some problems are present: difficulties of links with public transport means: very much and quite,HSC_F,Per 100 households with the same characteristics,2012,15.1
A,Annual,ITD1,Provincia Autonoma Bolzano / Bozen,HOUS_DIFF_TRANS_VQ,Households declaring to live in an area where some problems are present: difficulties of links with public transport means: very much and quite,HSC_F,Per 100 households with the same characteristics,2013,16.7
A,Annual,ITD1,Provincia Autonoma Bolzano / Bozen,HOUS_DIFF_TRANS_VQ,Households declaring to live in an area where some problems are present: difficulties of links with public transport means: very much and quite,HSC_F,Per 100 households with the same characteristics,2014,17
A,Annual,ITD1,Provincia Autonoma Bolzano / Bozen,HOUS_DIFF_TRANS_VQ,Households declaring to live in an area where some problems are present: difficulties of links with public transport means: very much and quite,HSC_F,Per 100 households with the same characteristics,2015,14.2
A,Annual,ITD1,Provincia Autonoma Bolzano / Bozen,HOUS_DIFF_TRANS_VQ,Households declaring to live in an area where some problems are present: difficulties of links with public transport means: very much and quite,HSC_F,Per 100 households with the same characteristics,2016,11.8
A,Annual,ITD1,Provincia Autonoma Bolzano / Bozen,HOUS_DIFF_TRANS_VQ,Households declaring to live in an area where some problems are present: difficulties of links with public transport means: very much and quite,HSC_F,Per 100 households with the same characteristics,2017,14.4
A,Annual,ITD1,Provincia Autonoma Bolzano / Bozen,HOUS_DIFF_TRANS_VQ,Households declaring to live in an area where some problems are present: difficulties of links with public transport means: very much and quite,HSC_F,Per 100 households with the same characteristics,2018,14
A,Annual,ITD1,Provincia Autonoma Bolzano / Bozen,HOUS_DIFF_TRANS_VQ,Households declaring to live in an area where some problems are present: difficulties of links with public transport means: very much and quite,HSC_F,Per 100 households with the same characteristics,2019,13.3
A,Annual,ITD1,Provincia Autonoma Bolzano / Bozen,HOUS_DIFF_TRANS_VQ,Households declaring to live in an area where some problems are present: difficulties of links with public transport means: very much and quite,HSC_F,Per 100 households with the same characteristics,2020,15
A,Annual,ITD1,Provincia Autonoma Bolzano / Bozen,HOUS_DIFF_TRANS_VQ,Households declaring to live in an area where some problems are present: difficulties of links with public transport means: very much and quite,HSC_F,Per 100 households with the same characteristics,2021,14.1
A,Annual,ITD1,Provincia Autonoma Bolzano / Bozen,HOUS_DIFF_TRANS_VQ,Households declaring to live in an area where some problems are present: difficulties of links with public transport means: very much and quite,HSC_F,Per 100 households with the same characteristics,2022,13.5
A,Annual,ITD1,Provincia Autonoma Bolzano / Bozen,HOUS_DIFF_TRANS_VQ,Households declaring to live in an area where some problems are present: difficulties of links with public transport means: very much and quite,HSC_F,Per 100 households with the same characteristics,2023,18.6
A,Annual,ITD1,Provincia Autonoma Bolzano / Bozen,HOUS_DIFF_TRANS_VQ,Households declaring to live in an area where some problems are present: difficulties of links with public transport means: very much and quite,HSC_F,Per 100 households with the same characteristics,2024,15
A,Annual,ITD1,Provincia Autonoma Bolzano / Bozen,HOUS_TRAFFIC_V,Households declaring to live in an area where some problems are present: traffic: very much,HSC_F,Per 100 households with the same characteristics,2010,13.2
A,Annual,ITD1,Provincia Autonoma Bolzano / Bozen,HOUS_TRAFFIC_V,Households declaring to live in an area where some problems are present: traffic: very much,HSC_F,Per 100 households with the same characteristics,2011,9.7
A,Annual,ITD1,Provincia Autonoma Bolzano / Bozen,HOUS_TRAFFIC_V,Households declaring to live in an area where some problems are present: traffic: very much,HSC_F,Per 100 households with the same characteristics,2012,9.6
A,Annual,ITD1,Provincia Autonoma Bolzano / Bozen,HOUS_TRAFFIC_V,Households declaring to live in an area where some problems are present: traffic: very much,HSC_F,Per 100 households with the same characteristics,2013,10.2
A,Annual,ITD1,Provincia Autonoma Bolzano / Bozen,HOUS_TRAFFIC_V,Households declaring to live in an area where some problems are present: traffic: very much,HSC_F,Per 100 households with the same characteristics,2014,10.1
A,Annual,ITD1,Provincia Autonoma Bolzano / Bozen,HOUS_TRAFFIC_V,Households declaring to live in an area where some problems are present: traffic: very much,HSC_F,Per 100 households with the same characteristics,2015,11.2
A,Annual,ITD1,Provincia Autonoma Bolzano / Bozen,HOUS_TRAFFIC_V,Households declaring to live in an area where some problems are present: traffic: very much,HSC_F,Per 100 households with the same characteristics,2016,10.7
A,Annual,ITD1,Provincia Autonoma Bolzano / Bozen,HOUS_TRAFFIC_V,Households declaring to live in an area where some problems are present: traffic: very much,HSC_F,Per 100 households with the same characteristics,2017,5.4
A,Annual,ITD1,Provincia Autonoma Bolzano / Bozen,HOUS_TRAFFIC_V,Households declaring to live in an area where some problems are present: traffic: very much,HSC_F,Per 100 households with the same characteristics,2018,11.1
A,Annual,ITD1,Provincia Autonoma Bolzano / Bozen,HOUS_TRAFFIC_V,Households declaring to live in an area where some problems are present: traffic: very much,HSC_F,Per 100 households with the same characteristics,2019,10.2
A,Annual,ITD1,Provincia Autonoma Bolzano / Bozen,HOUS_TRAFFIC_V,Households declaring to live in an area where some problems are present: traffic: very much,HSC_F,Per 100 households with the same characteristics,2020,9.5
A,Annual,ITD1,Provincia Autonoma Bolzano / Bozen,HOUS_TRAFFIC_V,Households declaring to live in an area where some problems are present: traffic: very much,HSC_F,Per 100 households with the same characteristics,2021,9
A,Annual,ITD1,Provincia Autonoma Bolzano / Bozen,HOUS_TRAFFIC_V,Households declaring to live in an area where some problems are present: traffic: very much,HSC_F,Per 100 households with the same characteristics,2022,12
A,Annual,ITD1,Provincia Autonoma Bolzano / Bozen,HOUS_TRAFFIC_V,Households declaring to live in an area where some problems are present: traffic: very much,HSC_F,Per 100 households with the same characteristics,2023,11.7
A,Annual,ITD1,Provincia Autonoma Bolzano / Bozen,HOUS_TRAFFIC_V,Households declaring to live in an area where some problems are present: traffic: very much,HSC_F,Per 100 households with the same characteristics,2024,12.4
A,Annual,ITD1,Provincia Autonoma Bolzano / Bozen,HOUS_TRAFFIC_VQ,Households declaring to live in an area where some problems are present: traffic: very much and quite,HSC_F,Per 100 households with the same characteristics,2010,33.5
A,Annual,ITD1,Provincia Autonoma Bolzano / Bozen,HOUS_TRAFFIC_VQ,Households declaring to live in an area where some problems are present: traffic: very much and quite,HSC_F,Per 100 households with the same characteristics,2011,36.7
A,Annual,ITD1,Provincia Autonoma Bolzano / Bozen,HOUS_TRAFFIC_VQ,Households declaring to live in an area where some problems are present: traffic: very much and quite,HSC_F,Per 100 households with the same characteristics,2012,32.8
A,Annual,ITD1,Provincia Autonoma Bolzano / Bozen,HOUS_TRAFFIC_VQ,Households declaring to live in an area where some problems are present: traffic: very much and quite,HSC_F,Per 100 households with the same characteristics,2013,32.6
A,Annual,ITD1,Provincia Autonoma Bolzano / Bozen,HOUS_TRAFFIC_VQ,Households declaring to live in an area where some problems are present: traffic: very much and quite,HSC_F,Per 100 households with the same characteristics,2014,28.6
A,Annual,ITD1,Provincia Autonoma Bolzano / Bozen,HOUS_TRAFFIC_VQ,Households declaring to live in an area where some problems are present: traffic: very much and quite,HSC_F,Per 100 households with the same characteristics,2015,31.8
A,Annual,ITD1,Provincia Autonoma Bolzano / Bozen,HOUS_TRAFFIC_VQ,Households declaring to live in an area where some problems are present: traffic: very much and quite,HSC_F,Per 100 households with the same characteristics,2016,30.2
A,Annual,ITD1,Provincia Autonoma Bolzano / Bozen,HOUS_TRAFFIC_VQ,Households declaring to live in an area where some problems are present: traffic: very much and quite,HSC_F,Per 100 households with the same characteristics,2017,31.7
A,Annual,ITD1,Provincia Autonoma Bolzano / Bozen,HOUS_TRAFFIC_VQ,Households declaring to live in an area where some problems are present: traffic: very much and quite,HSC_F,Per 100 households with the same characteristics,2018,36.1
A,Annual,ITD1,Provincia Autonoma Bolzano / Bozen,HOUS_TRAFFIC_VQ,Households declaring to live in an area where some problems are present: traffic: very much and quite,HSC_F,Per 100 households with the same characteristics,2019,36.3
A,Annual,ITD1,Provincia Autonoma Bolzano / Bozen,HOUS_TRAFFIC_VQ,Households declaring to live in an area where some problems are present: traffic: very much and quite,HSC_F,Per 100 households with the same characteristics,2020,38.9
A,Annual,ITD1,Provincia Autonoma Bolzano / Bozen,HOUS_TRAFFIC_VQ,Households declaring to live in an area where some problems are present: traffic: very much and quite,HSC_F,Per 100 households with the same characteristics,2021,31.6
A,Annual,ITD1,Provincia Autonoma Bolzano / Bozen,HOUS_TRAFFIC_VQ,Households declaring to live in an area where some problems are present: traffic: very much and quite,HSC_F,Per 100 households with the same characteristics,2022,35.1
A,Annual,ITD1,Provincia Autonoma Bolzano / Bozen,HOUS_TRAFFIC_VQ,Households declaring to live in an area where some problems are present: traffic: very much and quite,HSC_F,Per 100 households with the same characteristics,2023,35.4
A,Annual,ITD1,Provincia Autonoma Bolzano / Bozen,HOUS_TRAFFIC_VQ,Households declaring to live in an area where some problems are present: traffic: very much and quite,HSC_F,Per 100 households with the same characteristics,2024,41.1
A,Annual,ITD1,Provincia Autonoma Bolzano / Bozen,HOUS_STRLIGHT_V,Households declaring to live in an area where some problems are present: poor street lighting: very much,HSC_F,Per 100 households with the same characteristics,2010,4.3
A,Annual,ITD1,Provincia Autonoma Bolzano / Bozen,HOUS_STRLIGHT_V,Households declaring to live in an area where some problems are present: poor street lighting: very much,HSC_F,Per 100 households with the same characteristics,2011,5.3
A,Annual,ITD1,Provincia Autonoma Bolzano / Bozen,HOUS_STRLIGHT_V,Households declaring to live in an area where some problems are present: poor street lighting: very much,HSC_F,Per 100 households with the same characteristics,2012,5.8
A,Annual,ITD1,Provincia Autonoma Bolzano / Bozen,HOUS_STRLIGHT_V,Households declaring to live in an area where some problems are present: poor street lighting: very much,HSC_F,Per 100 households with the same characteristics,2013,5.8
A,Annual,ITD1,Provincia Autonoma Bolzano / Bozen,HOUS_STRLIGHT_V,Households declaring to live in an area where some problems are present: poor street lighting: very much,HSC_F,Per 100 households with the same characteristics,2014,5.8
A,Annual,ITD1,Provincia Autonoma Bolzano / Bozen,HOUS_STRLIGHT_V,Households declaring to live in an area where some problems are present: poor street lighting: very much,HSC_F,Per 100 households with the same characteristics,2015,4.5
A,Annual,ITD1,Provincia Autonoma Bolzano / Bozen,HOUS_STRLIGHT_V,Households declaring to live in an area where some problems are present: poor street lighting: very much,HSC_F,Per 100 households with the same characteristics,2016,3.7
A,Annual,ITD1,Provincia Autonoma Bolzano / Bozen,HOUS_STRLIGHT_V,Households declaring to live in an area where some problems are present: poor street lighting: very much,HSC_F,Per 100 households with the same characteristics,2017,2.4
A,Annual,ITD1,Provincia Autonoma Bolzano / Bozen,HOUS_STRLIGHT_V,Households declaring to live in an area where some problems are present: poor street lighting: very much,HSC_F,Per 100 households with the same characteristics,2018,3.6
A,Annual,ITD1,Provincia Autonoma Bolzano / Bozen,HOUS_STRLIGHT_V,Households declaring to live in an area where some problems are present: poor street lighting: very much,HSC_F,Per 100 households with the same characteristics,2019,3.3
A,Annual,ITD1,Provincia Autonoma Bolzano / Bozen,HOUS_STRLIGHT_V,Households declaring to live in an area where some problems are present: poor street lighting: very much,HSC_F,Per 100 households with the same characteristics,2020,3.4
A,Annual,ITD1,Provincia Autonoma Bolzano / Bozen,HOUS_STRLIGHT_V,Households declaring to live in an area where some problems are present: poor street lighting: very much,HSC_F,Per 100 households with the same characteristics,2021,4.7
A,Annual,ITD1,Provincia Autonoma Bolzano / Bozen,HOUS_STRLIGHT_V,Households declaring to live in an area where some problems are present: poor street lighting: very much,HSC_F,Per 100 households with the same characteristics,2022,4.3
A,Annual,ITD1,Provincia Autonoma Bolzano / Bozen,HOUS_STRLIGHT_V,Households declaring to live in an area where some problems are present: poor street lighting: very much,HSC_F,Per 100 households with the same characteristics,2023,6.4
A,Annual,ITD1,Provincia Autonoma Bolzano / Bozen,HOUS_STRLIGHT_V,Households declaring to live in an area where some problems are present: poor street lighting: very much,HSC_F,Per 100 households with the same characteristics,2024,4.7
A,Annual,ITD1,Provincia Autonoma Bolzano / Bozen,HOUS_STRLIGHT_VQ,Households declaring to live in an area where some problems are present: poor street lighting: very much and quite,HSC_F,Per 100 households with the same characteristics,2010,15.1
A,Annual,ITD1,Provincia Autonoma Bolzano / Bozen,HOUS_STRLIGHT_VQ,Households declaring to live in an area where some problems are present: poor street lighting: very much and quite,HSC_F,Per 100 households with the same characteristics,2011,18
A,Annual,ITD1,Provincia Autonoma Bolzano / Bozen,HOUS_STRLIGHT_VQ,Households declaring to live in an area where some problems are present: poor street lighting: very much and quite,HSC_F,Per 100 households with the same characteristics,2012,13.8
A,Annual,ITD1,Provincia Autonoma Bolzano / Bozen,HOUS_STRLIGHT_VQ,Households declaring to live in an area where some problems are present: poor street lighting: very much and quite,HSC_F,Per 100 households with the same characteristics,2013,16.8
A,Annual,ITD1,Provincia Autonoma Bolzano / Bozen,HOUS_STRLIGHT_VQ,Households declaring to live in an area where some problems are present: poor street lighting: very much and quite,HSC_F,Per 100 households with the same characteristics,2014,14.9
A,Annual,ITD1,Provincia Autonoma Bolzano / Bozen,HOUS_STRLIGHT_VQ,Households declaring to live in an area where some problems are present: poor street lighting: very much and quite,HSC_F,Per 100 households with the same characteristics,2015,15.2
A,Annual,ITD1,Provincia Autonoma Bolzano / Bozen,HOUS_STRLIGHT_VQ,Households declaring to live in an area where some problems are present: poor street lighting: very much and quite,HSC_F,Per 100 households with the same characteristics,2016,11.9
A,Annual,ITD1,Provincia Autonoma Bolzano / Bozen,HOUS_STRLIGHT_VQ,Households declaring to live in an area where some problems are present: poor street lighting: very much and quite,HSC_F,Per 100 households with the same characteristics,2017,12
A,Annual,ITD1,Provincia Autonoma Bolzano / Bozen,HOUS_STRLIGHT_VQ,Households declaring to live in an area where some problems are present: poor street lighting: very much and quite,HSC_F,Per 100 households with the same characteristics,2018,15.3
A,Annual,ITD1,Provincia Autonoma Bolzano / Bozen,HOUS_STRLIGHT_VQ,Households declaring to live in an area where some problems are present: poor street lighting: very much and quite,HSC_F,Per 100 households with the same characteristics,2019,14.3
A,Annual,ITD1,Provincia Autonoma Bolzano / Bozen,HOUS_STRLIGHT_VQ,Households declaring to live in an area where some problems are present: poor street lighting: very much and quite,HSC_F,Per 100 households with the same characteristics,2020,16.6
A,Annual,ITD1,Provincia Autonoma Bolzano / Bozen,HOUS_STRLIGHT_VQ,Households declaring to live in an area where some problems are present: poor street lighting: very much and quite,HSC_F,Per 100 households with the same characteristics,2021,15.6
A,Annual,ITD1,Provincia Autonoma Bolzano / Bozen,HOUS_STRLIGHT_VQ,Households declaring to live in an area where some problems are present: poor street lighting: very much and quite,HSC_F,Per 100 households with the same characteristics,2022,14.1
A,Annual,ITD1,Provincia Autonoma Bolzano / Bozen,HOUS_STRLIGHT_VQ,Households declaring to live in an area where some problems are present: poor street lighting: very much and quite,HSC_F,Per 100 households with the same characteristics,2023,19.8
A,Annual,ITD1,Provincia Autonoma Bolzano / Bozen,HOUS_STRLIGHT_VQ,Households declaring to live in an area where some problems are present: poor street lighting: very much and quite,HSC_F,Per 100 households with the same characteristics,2024,18.6
A,Annual,ITD1,Provincia Autonoma Bolzano / Bozen,HOUS_PROAD_V,Households declaring to live in an area where some problems are present: poor road conditions: very much,HSC_F,Per 100 households with the same characteristics,2010,5.9
A,Annual,ITD1,Provincia Autonoma Bolzano / Bozen,HOUS_PROAD_V,Households declaring to live in an area where some problems are present: poor road conditions: very much,HSC_F,Per 100 households with the same characteristics,2011,6
A,Annual,ITD1,Provincia Autonoma Bolzano / Bozen,HOUS_PROAD_V,Households declaring to live in an area where some problems are present: poor road conditions: very much,HSC_F,Per 100 households with the same characteristics,2012,5.2
A,Annual,ITD1,Provincia Autonoma Bolzano / Bozen,HOUS_PROAD_V,Households declaring to live in an area where some problems are present: poor road conditions: very much,HSC_F,Per 100 households with the same characteristics,2013,6.3
A,Annual,ITD1,Provincia Autonoma Bolzano / Bozen,HOUS_PROAD_V,Households declaring to live in an area where some problems are present: poor road conditions: very much,HSC_F,Per 100 households with the same characteristics,2014,8.8
A,Annual,ITD1,Provincia Autonoma Bolzano / Bozen,HOUS_PROAD_V,Households declaring to live in an area where some problems are present: poor road conditions: very much,HSC_F,Per 100 households with the same characteristics,2015,5.1
A,Annual,ITD1,Provincia Autonoma Bolzano / Bozen,HOUS_PROAD_V,Households declaring to live in an area where some problems are present: poor road conditions: very much,HSC_F,Per 100 households with the same characteristics,2016,5.4
A,Annual,ITD1,Provincia Autonoma Bolzano / Bozen,HOUS_PROAD_V,Households declaring to live in an area where some problems are present: poor road conditions: very much,HSC_F,Per 100 households with the same characteristics,2017,4.1
A,Annual,ITD1,Provincia Autonoma Bolzano / Bozen,HOUS_PROAD_V,Households declaring to live in an area where some problems are present: poor road conditions: very much,HSC_F,Per 100 households with the same characteristics,2018,8.4
A,Annual,ITD1,Provincia Autonoma Bolzano / Bozen,HOUS_PROAD_V,Households declaring to live in an area where some problems are present: poor road conditions: very much,HSC_F,Per 100 households with the same characteristics,2019,10.1
A,Annual,ITD1,Provincia Autonoma Bolzano / Bozen,HOUS_PROAD_V,Households declaring to live in an area where some problems are present: poor road conditions: very much,HSC_F,Per 100 households with the same characteristics,2020,5.5
A,Annual,ITD1,Provincia Autonoma Bolzano / Bozen,HOUS_PROAD_V,Households declaring to live in an area where some problems are present: poor road conditions: very much,HSC_F,Per 100 households with the same characteristics,2021,7.1
A,Annual,ITD1,Provincia Autonoma Bolzano / Bozen,HOUS_PROAD_V,Households declaring to live in an area where some problems are present: poor road conditions: very much,HSC_F,Per 100 households with the same characteristics,2022,5.6
A,Annual,ITD1,Provincia Autonoma Bolzano / Bozen,HOUS_PROAD_V,Households declaring to live in an area where some problems are present: poor road conditions: very much,HSC_F,Per 100 households with the same characteristics,2023,8.9
A,Annual,ITD1,Provincia Autonoma Bolzano / Bozen,HOUS_PROAD_V,Households declaring to live in an area where some problems are present: poor road conditions: very much,HSC_F,Per 100 households with the same characteristics,2024,6.9
A,Annual,ITD1,Provincia Autonoma Bolzano / Bozen,HOUS_PROAD_VQ,Households declaring to live in an area where some problems are present: poor road conditions: very much and quite,HSC_F,Per 100 households with the same characteristics,2010,22.8
A,Annual,ITD1,Provincia Autonoma Bolzano / Bozen,HOUS_PROAD_VQ,Households declaring to live in an area where some problems are present: poor road conditions: very much and quite,HSC_F,Per 100 households with the same characteristics,2011,23.3
A,Annual,ITD1,Provincia Autonoma Bolzano / Bozen,HOUS_PROAD_VQ,Households declaring to live in an area where some problems are present: poor road conditions: very much and quite,HSC_F,Per 100 households with the same characteristics,2012,18.7
A,Annual,ITD1,Provincia Autonoma Bolzano / Bozen,HOUS_PROAD_VQ,Households declaring to live in an area where some problems are present: poor road conditions: very much and quite,HSC_F,Per 100 households with the same characteristics,2013,19.7
A,Annual,ITD1,Provincia Autonoma Bolzano / Bozen,HOUS_PROAD_VQ,Households declaring to live in an area where some problems are present: poor road conditions: very much and quite,HSC_F,Per 100 households with the same characteristics,2014,24.4
A,Annual,ITD1,Provincia Autonoma Bolzano / Bozen,HOUS_PROAD_VQ,Households declaring to live in an area where some problems are present: poor road conditions: very much and quite,HSC_F,Per 100 households with the same characteristics,2015,21.5
A,Annual,ITD1,Provincia Autonoma Bolzano / Bozen,HOUS_PROAD_VQ,Households declaring to live in an area where some problems are present: poor road conditions: very much and quite,HSC_F,Per 100 households with the same characteristics,2016,19.1
A,Annual,ITD1,Provincia Autonoma Bolzano / Bozen,HOUS_PROAD_VQ,Households declaring to live in an area where some problems are present: poor road conditions: very much and quite,HSC_F,Per 100 households with the same characteristics,2017,18.3
A,Annual,ITD1,Provincia Autonoma Bolzano / Bozen,HOUS_PROAD_VQ,Households declaring to live in an area where some problems are present: poor road conditions: very much and quite,HSC_F,Per 100 households with the same characteristics,2018,25.4
A,Annual,ITD1,Provincia Autonoma Bolzano / Bozen,HOUS_PROAD_VQ,Households declaring to live in an area where some problems are present: poor road conditions: very much and quite,HSC_F,Per 100 households with the same characteristics,2019,26.1
A,Annual,ITD1,Provincia Autonoma Bolzano / Bozen,HOUS_PROAD_VQ,Households declaring to live in an area where some problems are present: poor road conditions: very much and quite,HSC_F,Per 100 households with the same characteristics,2020,20.2
A,Annual,ITD1,Provincia Autonoma Bolzano / Bozen,HOUS_PROAD_VQ,Households declaring to live in an area where some problems are present: poor road conditions: very much and quite,HSC_F,Per 100 households with the same characteristics,2021,22.8
A,Annual,ITD1,Provincia Autonoma Bolzano / Bozen,HOUS_PROAD_VQ,Households declaring to live in an area where some problems are present: poor road conditions: very much and quite,HSC_F,Per 100 households with the same characteristics,2022,22.1
A,Annual,ITD1,Provincia Autonoma Bolzano / Bozen,HOUS_PROAD_VQ,Households declaring to live in an area where some problems are present: poor road conditions: very much and quite,HSC_F,Per 100 households with the same characteristics,2023,23.2
A,Annual,ITD1,Provincia Autonoma Bolzano / Bozen,HOUS_PROAD_VQ,Households declaring to live in an area where some problems are present: poor road conditions: very much and quite,HSC_F,Per 100 households with the same characteristics,2024,24.6
A,Annual,ITD2,Provincia Autonoma Trento,HOUS_DIFFPARK_V,Households declaring to live in an area where some problems are present: difficult parking: very much,HSC_F,Per 100 households with the same characteristics,2010,16.6
A,Annual,ITD2,Provincia Autonoma Trento,HOUS_DIFFPARK_V,Households declaring to live in an area where some problems are present: difficult parking: very much,HSC_F,Per 100 households with the same characteristics,2011,15.2
A,Annual,ITD2,Provincia Autonoma Trento,HOUS_DIFFPARK_V,Households declaring to live in an area where some problems are present: difficult parking: very much,HSC_F,Per 100 households with the same characteristics,2012,11.8
A,Annual,ITD2,Provincia Autonoma Trento,HOUS_DIFFPARK_V,Households declaring to live in an area where some problems are present: difficult parking: very much,HSC_F,Per 100 households with the same characteristics,2013,10.2
A,Annual,ITD2,Provincia Autonoma Trento,HOUS_DIFFPARK_V,Households declaring to live in an area where some problems are present: difficult parking: very much,HSC_F,Per 100 households with the same characteristics,2014,9.8
A,Annual,ITD2,Provincia Autonoma Trento,HOUS_DIFFPARK_V,Households declaring to live in an area where some problems are present: difficult parking: very much,HSC_F,Per 100 households with the same characteristics,2015,12.4
A,Annual,ITD2,Provincia Autonoma Trento,HOUS_DIFFPARK_V,Households declaring to live in an area where some problems are present: difficult parking: very much,HSC_F,Per 100 households with the same characteristics,2016,7.9
A,Annual,ITD2,Provincia Autonoma Trento,HOUS_DIFFPARK_V,Households declaring to live in an area where some problems are present: difficult parking: very much,HSC_F,Per 100 households with the same characteristics,2017,7.2
A,Annual,ITD2,Provincia Autonoma Trento,HOUS_DIFFPARK_V,Households declaring to live in an area where some problems are present: difficult parking: very much,HSC_F,Per 100 households with the same characteristics,2018,7.6
A,Annual,ITD2,Provincia Autonoma Trento,HOUS_DIFFPARK_V,Households declaring to live in an area where some problems are present: difficult parking: very much,HSC_F,Per 100 households with the same characteristics,2019,12.3
A,Annual,ITD2,Provincia Autonoma Trento,HOUS_DIFFPARK_V,Households declaring to live in an area where some problems are present: difficult parking: very much,HSC_F,Per 100 households with the same characteristics,2020,9.3
A,Annual,ITD2,Provincia Autonoma Trento,HOUS_DIFFPARK_V,Households declaring to live in an area where some problems are present: difficult parking: very much,HSC_F,Per 100 households with the same characteristics,2021,12
A,Annual,ITD2,Provincia Autonoma Trento,HOUS_DIFFPARK_V,Households declaring to live in an area where some problems are present: difficult parking: very much,HSC_F,Per 100 households with the same characteristics,2022,11.4
A,Annual,ITD2,Provincia Autonoma Trento,HOUS_DIFFPARK_V,Households declaring to live in an area where some problems are present: difficult parking: very much,HSC_F,Per 100 households with the same characteristics,2023,12.6
A,Annual,ITD2,Provincia Autonoma Trento,HOUS_DIFFPARK_V,Households declaring to live in an area where some problems are present: difficult parking: very much,HSC_F,Per 100 households with the same characteristics,2024,14.4
A,Annual,ITD2,Provincia Autonoma Trento,HOUS_DIFFPARK_VQ,Households declaring to live in an area where some problems are present: difficult parking: very much and quite,HSC_F,Per 100 households with the same characteristics,2010,32.9
A,Annual,ITD2,Provincia Autonoma Trento,HOUS_DIFFPARK_VQ,Households declaring to live in an area where some problems are present: difficult parking: very much and quite,HSC_F,Per 100 households with the same characteristics,2011,32.2
A,Annual,ITD2,Provincia Autonoma Trento,HOUS_DIFFPARK_VQ,Households declaring to live in an area where some problems are present: difficult parking: very much and quite,HSC_F,Per 100 households with the same characteristics,2012,28.6
A,Annual,ITD2,Provincia Autonoma Trento,HOUS_DIFFPARK_VQ,Households declaring to live in an area where some problems are present: difficult parking: very much and quite,HSC_F,Per 100 households with the same characteristics,2013,27.3
A,Annual,ITD2,Provincia Autonoma Trento,HOUS_DIFFPARK_VQ,Households declaring to live in an area where some problems are present: difficult parking: very much and quite,HSC_F,Per 100 households with the same characteristics,2014,23.4
A,Annual,ITD2,Provincia Autonoma Trento,HOUS_DIFFPARK_VQ,Households declaring to live in an area where some problems are present: difficult parking: very much and quite,HSC_F,Per 100 households with the same characteristics,2015,27.2
A,Annual,ITD2,Provincia Autonoma Trento,HOUS_DIFFPARK_VQ,Households declaring to live in an area where some problems are present: difficult parking: very much and quite,HSC_F,Per 100 households with the same characteristics,2016,25.4
A,Annual,ITD2,Provincia Autonoma Trento,HOUS_DIFFPARK_VQ,Households declaring to live in an area where some problems are present: difficult parking: very much and quite,HSC_F,Per 100 households with the same characteristics,2017,24.8
A,Annual,ITD2,Provincia Autonoma Trento,HOUS_DIFFPARK_VQ,Households declaring to live in an area where some problems are present: difficult parking: very much and quite,HSC_F,Per 100 households with the same characteristics,2018,23.5
A,Annual,ITD2,Provincia Autonoma Trento,HOUS_DIFFPARK_VQ,Households declaring to live in an area where some problems are present: difficult parking: very much and quite,HSC_F,Per 100 households with the same characteristics,2019,29.5
A,Annual,ITD2,Provincia Autonoma Trento,HOUS_DIFFPARK_VQ,Households declaring to live in an area where some problems are present: difficult parking: very much and quite,HSC_F,Per 100 households with the same characteristics,2020,31.1
A,Annual,ITD2,Provincia Autonoma Trento,HOUS_DIFFPARK_VQ,Households declaring to live in an area where some problems are present: difficult parking: very much and quite,HSC_F,Per 100 households with the same characteristics,2021,28.4
A,Annual,ITD2,Provincia Autonoma Trento,HOUS_DIFFPARK_VQ,Households declaring to live in an area where some problems are present: difficult parking: very much and quite,HSC_F,Per 100 households with the same characteristics,2022,29
A,Annual,ITD2,Provincia Autonoma Trento,HOUS_DIFFPARK_VQ,Households declaring to live in an area where some problems are present: difficult parking: very much and quite,HSC_F,Per 100 households with the same characteristics,2023,32.6
A,Annual,ITD2,Provincia Autonoma Trento,HOUS_DIFFPARK_VQ,Households declaring to live in an area where some problems are present: difficult parking: very much and quite,HSC_F,Per 100 households with the same characteristics,2024,35.1
A,Annual,ITD2,Provincia Autonoma Trento,HOUS_DIFF_TRANS_V,Households declaring to live in an area where some problems are present: difficulties of links with public transport means: very much,HSC_F,Per 100 households with the same characteristics,2010,9.2
A,Annual,ITD2,Provincia Autonoma Trento,HOUS_DIFF_TRANS_V,Households declaring to live in an area where some problems are present: difficulties of links with public transport means: very much,HSC_F,Per 100 households with the same characteristics,2011,4.8
A,Annual,ITD2,Provincia Autonoma Trento,HOUS_DIFF_TRANS_V,Households declaring to live in an area where some problems are present: difficulties of links with public transport means: very much,HSC_F,Per 100 households with the same characteristics,2012,7.2
A,Annual,ITD2,Provincia Autonoma Trento,HOUS_DIFF_TRANS_V,Households declaring to live in an area where some problems are present: difficulties of links with public transport means: very much,HSC_F,Per 100 households with the same characteristics,2013,7.4
A,Annual,ITD2,Provincia Autonoma Trento,HOUS_DIFF_TRANS_V,Households declaring to live in an area where some problems are present: difficulties of links with public transport means: very much,HSC_F,Per 100 households with the same characteristics,2014,7.9
A,Annual,ITD2,Provincia Autonoma Trento,HOUS_DIFF_TRANS_V,Households declaring to live in an area where some problems are present: difficulties of links with public transport means: very much,HSC_F,Per 100 households with the same characteristics,2015,7.3
A,Annual,ITD2,Provincia Autonoma Trento,HOUS_DIFF_TRANS_V,Households declaring to live in an area where some problems are present: difficulties of links with public transport means: very much,HSC_F,Per 100 households with the same characteristics,2016,8.2
A,Annual,ITD2,Provincia Autonoma Trento,HOUS_DIFF_TRANS_V,Households declaring to live in an area where some problems are present: difficulties of links with public transport means: very much,HSC_F,Per 100 households with the same characteristics,2017,5.1
A,Annual,ITD2,Provincia Autonoma Trento,HOUS_DIFF_TRANS_V,Households declaring to live in an area where some problems are present: difficulties of links with public transport means: very much,HSC_F,Per 100 households with the same characteristics,2018,7.7
A,Annual,ITD2,Provincia Autonoma Trento,HOUS_DIFF_TRANS_V,Households declaring to live in an area where some problems are present: difficulties of links with public transport means: very much,HSC_F,Per 100 households with the same characteristics,2019,6.8
A,Annual,ITD2,Provincia Autonoma Trento,HOUS_DIFF_TRANS_V,Households declaring to live in an area where some problems are present: difficulties of links with public transport means: very much,HSC_F,Per 100 households with the same characteristics,2020,6.8
A,Annual,ITD2,Provincia Autonoma Trento,HOUS_DIFF_TRANS_V,Households declaring to live in an area where some problems are present: difficulties of links with public transport means: very much,HSC_F,Per 100 households with the same characteristics,2021,8.8
A,Annual,ITD2,Provincia Autonoma Trento,HOUS_DIFF_TRANS_V,Households declaring to live in an area where some problems are present: difficulties of links with public transport means: very much,HSC_F,Per 100 households with the same characteristics,2022,10.2
A,Annual,ITD2,Provincia Autonoma Trento,HOUS_DIFF_TRANS_V,Households declaring to live in an area where some problems are present: difficulties of links with public transport means: very much,HSC_F,Per 100 households with the same characteristics,2023,5.9
A,Annual,ITD2,Provincia Autonoma Trento,HOUS_DIFF_TRANS_V,Households declaring to live in an area where some problems are present: difficulties of links with public transport means: very much,HSC_F,Per 100 households with the same characteristics,2024,9.5
A,Annual,ITD2,Provincia Autonoma Trento,HOUS_DIFF_TRANS_VQ,Households declaring to live in an area where some problems are present: difficulties of links with public transport means: very much and quite,HSC_F,Per 100 households with the same characteristics,2010,21.1
A,Annual,ITD2,Provincia Autonoma Trento,HOUS_DIFF_TRANS_VQ,Households declaring to live in an area where some problems are present: difficulties of links with public transport means: very much and quite,HSC_F,Per 100 households with the same characteristics,2011,19
A,Annual,ITD2,Provincia Autonoma Trento,HOUS_DIFF_TRANS_VQ,Households declaring to live in an area where some problems are present: difficulties of links with public transport means: very much and quite,HSC_F,Per 100 households with the same characteristics,2012,25.7
A,Annual,ITD2,Provincia Autonoma Trento,HOUS_DIFF_TRANS_VQ,Households declaring to live in an area where some problems are present: difficulties of links with public transport means: very much and quite,HSC_F,Per 100 households with the same characteristics,2013,21.5
A,Annual,ITD2,Provincia Autonoma Trento,HOUS_DIFF_TRANS_VQ,Households declaring to live in an area where some problems are present: difficulties of links with public transport means: very much and quite,HSC_F,Per 100 households with the same characteristics,2014,23.4
A,Annual,ITD2,Provincia Autonoma Trento,HOUS_DIFF_TRANS_VQ,Households declaring to live in an area where some problems are present: difficulties of links with public transport means: very much and quite,HSC_F,Per 100 households with the same characteristics,2015,20.6
A,Annual,ITD2,Provincia Autonoma Trento,HOUS_DIFF_TRANS_VQ,Households declaring to live in an area where some problems are present: difficulties of links with public transport means: very much and quite,HSC_F,Per 100 households with the same characteristics,2016,21.5
A,Annual,ITD2,Provincia Autonoma Trento,HOUS_DIFF_TRANS_VQ,Households declaring to live in an area where some problems are present: difficulties of links with public transport means: very much and quite,HSC_F,Per 100 households with the same characteristics,2017,20.9
A,Annual,ITD2,Provincia Autonoma Trento,HOUS_DIFF_TRANS_VQ,Households declaring to live in an area where some problems are present: difficulties of links with public transport means: very much and quite,HSC_F,Per 100 households with the same characteristics,2018,23.9
A,Annual,ITD2,Provincia Autonoma Trento,HOUS_DIFF_TRANS_VQ,Households declaring to live in an area where some problems are present: difficulties of links with public transport means: very much and quite,HSC_F,Per 100 households with the same characteristics,2019,20.9
A,Annual,ITD2,Provincia Autonoma Trento,HOUS_DIFF_TRANS_VQ,Households declaring to live in an area where some problems are present: difficulties of links with public transport means: very much and quite,HSC_F,Per 100 households with the same characteristics,2020,20
A,Annual,ITD2,Provincia Autonoma Trento,HOUS_DIFF_TRANS_VQ,Households declaring to live in an area where some problems are present: difficulties of links with public transport means: very much and quite,HSC_F,Per 100 households with the same characteristics,2021,26.9
A,Annual,ITD2,Provincia Autonoma Trento,HOUS_DIFF_TRANS_VQ,Households declaring to live in an area where some problems are present: difficulties of links with public transport means: very much and quite,HSC_F,Per 100 households with the same characteristics,2022,27.4
A,Annual,ITD2,Provincia Autonoma Trento,HOUS_DIFF_TRANS_VQ,Households declaring to live in an area where some problems are present: difficulties of links with public transport means: very much and quite,HSC_F,Per 100 households with the same characteristics,2023,24.1
A,Annual,ITD2,Provincia Autonoma Trento,HOUS_DIFF_TRANS_VQ,Households declaring to live in an area where some problems are present: difficulties of links with public transport means: very much and quite,HSC_F,Per 100 households with the same characteristics,2024,29.5
A,Annual,ITD2,Provincia Autonoma Trento,HOUS_TRAFFIC_V,Households declaring to live in an area where some problems are present: traffic: very much,HSC_F,Per 100 households with the same characteristics,2010,9.3
A,Annual,ITD2,Provincia Autonoma Trento,HOUS_TRAFFIC_V,Households declaring to live in an area where some problems are present: traffic: very much,HSC_F,Per 100 households with the same characteristics,2011,10.3
A,Annual,ITD2,Provincia Autonoma Trento,HOUS_TRAFFIC_V,Households declaring to live in an area where some problems are present: traffic: very much,HSC_F,Per 100 households with the same characteristics,2012,7.1
A,Annual,ITD2,Provincia Autonoma Trento,HOUS_TRAFFIC_V,Households declaring to live in an area where some problems are present: traffic: very much,HSC_F,Per 100 households with the same characteristics,2013,7.6
A,Annual,ITD2,Provincia Autonoma Trento,HOUS_TRAFFIC_V,Households declaring to live in an area where some problems are present: traffic: very much,HSC_F,Per 100 households with the same characteristics,2014,6.3
A,Annual,ITD2,Provincia Autonoma Trento,HOUS_TRAFFIC_V,Households declaring to live in an area where some problems are present: traffic: very much,HSC_F,Per 100 households with the same characteristics,2015,5.7
A,Annual,ITD2,Provincia Autonoma Trento,HOUS_TRAFFIC_V,Households declaring to live in an area where some problems are present: traffic: very much,HSC_F,Per 100 households with the same characteristics,2016,4.5
A,Annual,ITD2,Provincia Autonoma Trento,HOUS_TRAFFIC_V,Households declaring to live in an area where some problems are present: traffic: very much,HSC_F,Per 100 households with the same characteristics,2017,5.2
A,Annual,ITD2,Provincia Autonoma Trento,HOUS_TRAFFIC_V,Households declaring to live in an area where some problems are present: traffic: very much,HSC_F,Per 100 households with the same characteristics,2018,4.1
A,Annual,ITD2,Provincia Autonoma Trento,HOUS_TRAFFIC_V,Households declaring to live in an area where some problems are present: traffic: very much,HSC_F,Per 100 households with the same characteristics,2019,7.7
A,Annual,ITD2,Provincia Autonoma Trento,HOUS_TRAFFIC_V,Households declaring to live in an area where some problems are present: traffic: very much,HSC_F,Per 100 households with the same characteristics,2020,8.9
A,Annual,ITD2,Provincia Autonoma Trento,HOUS_TRAFFIC_V,Households declaring to live in an area where some problems are present: traffic: very much,HSC_F,Per 100 households with the same characteristics,2021,5.3
A,Annual,ITD2,Provincia Autonoma Trento,HOUS_TRAFFIC_V,Households declaring to live in an area where some problems are present: traffic: very much,HSC_F,Per 100 households with the same characteristics,2022,7.5
A,Annual,ITD2,Provincia Autonoma Trento,HOUS_TRAFFIC_V,Households declaring to live in an area where some problems are present: traffic: very much,HSC_F,Per 100 households with the same characteristics,2023,7.2
A,Annual,ITD2,Provincia Autonoma Trento,HOUS_TRAFFIC_V,Households declaring to live in an area where some problems are present: traffic: very much,HSC_F,Per 100 households with the same characteristics,2024,6.2
A,Annual,ITD2,Provincia Autonoma Trento,HOUS_TRAFFIC_VQ,Households declaring to live in an area where some problems are present: traffic: very much and quite,HSC_F,Per 100 households with the same characteristics,2010,29.6
A,Annual,ITD2,Provincia Autonoma Trento,HOUS_TRAFFIC_VQ,Households declaring to live in an area where some problems are present: traffic: very much and quite,HSC_F,Per 100 households with the same characteristics,2011,31.8
A,Annual,ITD2,Provincia Autonoma Trento,HOUS_TRAFFIC_VQ,Households declaring to live in an area where some problems are present: traffic: very much and quite,HSC_F,Per 100 households with the same characteristics,2012,27.4
A,Annual,ITD2,Provincia Autonoma Trento,HOUS_TRAFFIC_VQ,Households declaring to live in an area where some problems are present: traffic: very much and quite,HSC_F,Per 100 households with the same characteristics,2013,26.2
A,Annual,ITD2,Provincia Autonoma Trento,HOUS_TRAFFIC_VQ,Households declaring to live in an area where some problems are present: traffic: very much and quite,HSC_F,Per 100 households with the same characteristics,2014,20.8
A,Annual,ITD2,Provincia Autonoma Trento,HOUS_TRAFFIC_VQ,Households declaring to live in an area where some problems are present: traffic: very much and quite,HSC_F,Per 100 households with the same characteristics,2015,19.9
A,Annual,ITD2,Provincia Autonoma Trento,HOUS_TRAFFIC_VQ,Households declaring to live in an area where some problems are present: traffic: very much and quite,HSC_F,Per 100 households with the same characteristics,2016,22.3
A,Annual,ITD2,Provincia Autonoma Trento,HOUS_TRAFFIC_VQ,Households declaring to live in an area where some problems are present: traffic: very much and quite,HSC_F,Per 100 households with the same characteristics,2017,21.9
A,Annual,ITD2,Provincia Autonoma Trento,HOUS_TRAFFIC_VQ,Households declaring to live in an area where some problems are present: traffic: very much and quite,HSC_F,Per 100 households with the same characteristics,2018,22.9
A,Annual,ITD2,Provincia Autonoma Trento,HOUS_TRAFFIC_VQ,Households declaring to live in an area where some problems are present: traffic: very much and quite,HSC_F,Per 100 households with the same characteristics,2019,29.9
A,Annual,ITD2,Provincia Autonoma Trento,HOUS_TRAFFIC_VQ,Households declaring to live in an area where some problems are present: traffic: very much and quite,HSC_F,Per 100 households with the same characteristics,2020,30.9
A,Annual,ITD2,Provincia Autonoma Trento,HOUS_TRAFFIC_VQ,Households declaring to live in an area where some problems are present: traffic: very much and quite,HSC_F,Per 100 households with the same characteristics,2021,23.3
A,Annual,ITD2,Provincia Autonoma Trento,HOUS_TRAFFIC_VQ,Households declaring to live in an area where some problems are present: traffic: very much and quite,HSC_F,Per 100 households with the same characteristics,2022,27.5
A,Annual,ITD2,Provincia Autonoma Trento,HOUS_TRAFFIC_VQ,Households declaring to live in an area where some problems are present: traffic: very much and quite,HSC_F,Per 100 households with the same characteristics,2023,25
A,Annual,ITD2,Provincia Autonoma Trento,HOUS_TRAFFIC_VQ,Households declaring to live in an area where some problems are present: traffic: very much and quite,HSC_F,Per 100 households with the same characteristics,2024,31.3
A,Annual,ITD2,Provincia Autonoma Trento,HOUS_STRLIGHT_V,Households declaring to live in an area where some problems are present: poor street lighting: very much,HSC_F,Per 100 households with the same characteristics,2010,5.6
A,Annual,ITD2,Provincia Autonoma Trento,HOUS_STRLIGHT_V,Households declaring to live in an area where some problems are present: poor street lighting: very much,HSC_F,Per 100 households with the same characteristics,2011,4.1
A,Annual,ITD2,Provincia Autonoma Trento,HOUS_STRLIGHT_V,Households declaring to live in an area where some problems are present: poor street lighting: very much,HSC_F,Per 100 households with the same characteristics,2012,5.3
A,Annual,ITD2,Provincia Autonoma Trento,HOUS_STRLIGHT_V,Households declaring to live in an area where some problems are present: poor street lighting: very much,HSC_F,Per 100 households with the same characteristics,2013,2.5
A,Annual,ITD2,Provincia Autonoma Trento,HOUS_STRLIGHT_V,Households declaring to live in an area where some problems are present: poor street lighting: very much,HSC_F,Per 100 households with the same characteristics,2014,3
A,Annual,ITD2,Provincia Autonoma Trento,HOUS_STRLIGHT_V,Households declaring to live in an area where some problems are present: poor street lighting: very much,HSC_F,Per 100 households with the same characteristics,2015,4.8
A,Annual,ITD2,Provincia Autonoma Trento,HOUS_STRLIGHT_V,Households declaring to live in an area where some problems are present: poor street lighting: very much,HSC_F,Per 100 households with the same characteristics,2016,3
A,Annual,ITD2,Provincia Autonoma Trento,HOUS_STRLIGHT_V,Households declaring to live in an area where some problems are present: poor street lighting: very much,HSC_F,Per 100 households with the same characteristics,2017,3.3
A,Annual,ITD2,Provincia Autonoma Trento,HOUS_STRLIGHT_V,Households declaring to live in an area where some problems are present: poor street lighting: very much,HSC_F,Per 100 households with the same characteristics,2018,4.9
A,Annual,ITD2,Provincia Autonoma Trento,HOUS_STRLIGHT_V,Households declaring to live in an area where some problems are present: poor street lighting: very much,HSC_F,Per 100 households with the same characteristics,2019,3.7
A,Annual,ITD2,Provincia Autonoma Trento,HOUS_STRLIGHT_V,Households declaring to live in an area where some problems are present: poor street lighting: very much,HSC_F,Per 100 households with the same characteristics,2020,3.5
A,Annual,ITD2,Provincia Autonoma Trento,HOUS_STRLIGHT_V,Households declaring to live in an area where some problems are present: poor street lighting: very much,HSC_F,Per 100 households with the same characteristics,2021,4.5
A,Annual,ITD2,Provincia Autonoma Trento,HOUS_STRLIGHT_V,Households declaring to live in an area where some problems are present: poor street lighting: very much,HSC_F,Per 100 households with the same characteristics,2022,2.8
A,Annual,ITD2,Provincia Autonoma Trento,HOUS_STRLIGHT_V,Households declaring to live in an area where some problems are present: poor street lighting: very much,HSC_F,Per 100 households with the same characteristics,2023,3.1
A,Annual,ITD2,Provincia Autonoma Trento,HOUS_STRLIGHT_V,Households declaring to live in an area where some problems are present: poor street lighting: very much,HSC_F,Per 100 households with the same characteristics,2024,4.6
A,Annual,ITD2,Provincia Autonoma Trento,HOUS_STRLIGHT_VQ,Households declaring to live in an area where some problems are present: poor street lighting: very much and quite,HSC_F,Per 100 households with the same characteristics,2010,18.6
A,Annual,ITD2,Provincia Autonoma Trento,HOUS_STRLIGHT_VQ,Households declaring to live in an area where some problems are present: poor street lighting: very much and quite,HSC_F,Per 100 households with the same characteristics,2011,12.1
A,Annual,ITD2,Provincia Autonoma Trento,HOUS_STRLIGHT_VQ,Households declaring to live in an area where some problems are present: poor street lighting: very much and quite,HSC_F,Per 100 households with the same characteristics,2012,18
A,Annual,ITD2,Provincia Autonoma Trento,HOUS_STRLIGHT_VQ,Households declaring to live in an area where some problems are present: poor street lighting: very much and quite,HSC_F,Per 100 households with the same characteristics,2013,13.4
A,Annual,ITD2,Provincia Autonoma Trento,HOUS_STRLIGHT_VQ,Households declaring to live in an area where some problems are present: poor street lighting: very much and quite,HSC_F,Per 100 households with the same characteristics,2014,11.8
A,Annual,ITD2,Provincia Autonoma Trento,HOUS_STRLIGHT_VQ,Households declaring to live in an area where some problems are present: poor street lighting: very much and quite,HSC_F,Per 100 households with the same characteristics,2015,13.4
A,Annual,ITD2,Provincia Autonoma Trento,HOUS_STRLIGHT_VQ,Households declaring to live in an area where some problems are present: poor street lighting: very much and quite,HSC_F,Per 100 households with the same characteristics,2016,14.4
A,Annual,ITD2,Provincia Autonoma Trento,HOUS_STRLIGHT_VQ,Households declaring to live in an area where some problems are present: poor street lighting: very much and quite,HSC_F,Per 100 households with the same characteristics,2017,15.2
A,Annual,ITD2,Provincia Autonoma Trento,HOUS_STRLIGHT_VQ,Households declaring to live in an area where some problems are present: poor street lighting: very much and quite,HSC_F,Per 100 households with the same characteristics,2018,15.1
A,Annual,ITD2,Provincia Autonoma Trento,HOUS_STRLIGHT_VQ,Households declaring to live in an area where some problems are present: poor street lighting: very much and quite,HSC_F,Per 100 households with the same characteristics,2019,14.7
A,Annual,ITD2,Provincia Autonoma Trento,HOUS_STRLIGHT_VQ,Households declaring to live in an area where some problems are present: poor street lighting: very much and quite,HSC_F,Per 100 households with the same characteristics,2020,13.6
A,Annual,ITD2,Provincia Autonoma Trento,HOUS_STRLIGHT_VQ,Households declaring to live in an area where some problems are present: poor street lighting: very much and quite,HSC_F,Per 100 households with the same characteristics,2021,15.7
A,Annual,ITD2,Provincia Autonoma Trento,HOUS_STRLIGHT_VQ,Households declaring to live in an area where some problems are present: poor street lighting: very much and quite,HSC_F,Per 100 households with the same characteristics,2022,12.7
A,Annual,ITD2,Provincia Autonoma Trento,HOUS_STRLIGHT_VQ,Households declaring to live in an area where some problems are present: poor street lighting: very much and quite,HSC_F,Per 100 households with the same characteristics,2023,17.1
A,Annual,ITD2,Provincia Autonoma Trento,HOUS_STRLIGHT_VQ,Households declaring to live in an area where some problems are present: poor street lighting: very much and quite,HSC_F,Per 100 households with the same characteristics,2024,18.5
A,Annual,ITD2,Provincia Autonoma Trento,HOUS_PROAD_V,Households declaring to live in an area where some problems are present: poor road conditions: very much,HSC_F,Per 100 households with the same characteristics,2010,11.7
A,Annual,ITD2,Provincia Autonoma Trento,HOUS_PROAD_V,Households declaring to live in an area where some problems are present: poor road conditions: very much,HSC_F,Per 100 households with the same characteristics,2011,8.7
A,Annual,ITD2,Provincia Autonoma Trento,HOUS_PROAD_V,Households declaring to live in an area where some problems are present: poor road conditions: very much,HSC_F,Per 100 households with the same characteristics,2012,7.8
A,Annual,ITD2,Provincia Autonoma Trento,HOUS_PROAD_V,Households declaring to live in an area where some problems are present: poor road conditions: very much,HSC_F,Per 100 households with the same characteristics,2013,7.6
A,Annual,ITD2,Provincia Autonoma Trento,HOUS_PROAD_V,Households declaring to live in an area where some problems are present: poor road conditions: very much,HSC_F,Per 100 households with the same characteristics,2014,8
A,Annual,ITD2,Provincia Autonoma Trento,HOUS_PROAD_V,Households declaring to live in an area where some problems are present: poor road conditions: very much,HSC_F,Per 100 households with the same characteristics,2015,7
A,Annual,ITD2,Provincia Autonoma Trento,HOUS_PROAD_V,Households declaring to live in an area where some problems are present: poor road conditions: very much,HSC_F,Per 100 households with the same characteristics,2016,4.5
A,Annual,ITD2,Provincia Autonoma Trento,HOUS_PROAD_V,Households declaring to live in an area where some problems are present: poor road conditions: very much,HSC_F,Per 100 households with the same characteristics,2017,5.4
A,Annual,ITD2,Provincia Autonoma Trento,HOUS_PROAD_V,Households declaring to live in an area where some problems are present: poor road conditions: very much,HSC_F,Per 100 households with the same characteristics,2018,5.8
A,Annual,ITD2,Provincia Autonoma Trento,HOUS_PROAD_V,Households declaring to live in an area where some problems are present: poor road conditions: very much,HSC_F,Per 100 households with the same characteristics,2019,5.5
A,Annual,ITD2,Provincia Autonoma Trento,HOUS_PROAD_V,Households declaring to live in an area where some problems are present: poor road conditions: very much,HSC_F,Per 100 households with the same characteristics,2020,5.1
A,Annual,ITD2,Provincia Autonoma Trento,HOUS_PROAD_V,Households declaring to live in an area where some problems are present: poor road conditions: very much,HSC_F,Per 100 households with the same characteristics,2021,10.9
A,Annual,ITD2,Provincia Autonoma Trento,HOUS_PROAD_V,Households declaring to live in an area where some problems are present: poor road conditions: very much,HSC_F,Per 100 households with the same characteristics,2022,7.9
A,Annual,ITD2,Provincia Autonoma Trento,HOUS_PROAD_V,Households declaring to live in an area where some problems are present: poor road conditions: very much,HSC_F,Per 100 households with the same characteristics,2023,5.6
A,Annual,ITD2,Provincia Autonoma Trento,HOUS_PROAD_V,Households declaring to live in an area where some problems are present: poor road conditions: very much,HSC_F,Per 100 households with the same characteristics,2024,7.8
A,Annual,ITD2,Provincia Autonoma Trento,HOUS_PROAD_VQ,Households declaring to live in an area where some problems are present: poor road conditions: very much and quite,HSC_F,Per 100 households with the same characteristics,2010,33.1
A,Annual,ITD2,Provincia Autonoma Trento,HOUS_PROAD_VQ,Households declaring to live in an area where some problems are present: poor road conditions: very much and quite,HSC_F,Per 100 households with the same characteristics,2011,26.5
A,Annual,ITD2,Provincia Autonoma Trento,HOUS_PROAD_VQ,Households declaring to live in an area where some problems are present: poor road conditions: very much and quite,HSC_F,Per 100 households with the same characteristics,2012,29.9
A,Annual,ITD2,Provincia Autonoma Trento,HOUS_PROAD_VQ,Households declaring to live in an area where some problems are present: poor road conditions: very much and quite,HSC_F,Per 100 households with the same characteristics,2013,27.8
A,Annual,ITD2,Provincia Autonoma Trento,HOUS_PROAD_VQ,Households declaring to live in an area where some problems are present: poor road conditions: very much and quite,HSC_F,Per 100 households with the same characteristics,2014,23.5
A,Annual,ITD2,Provincia Autonoma Trento,HOUS_PROAD_VQ,Households declaring to live in an area where some problems are present: poor road conditions: very much and quite,HSC_F,Per 100 households with the same characteristics,2015,23.2
A,Annual,ITD2,Provincia Autonoma Trento,HOUS_PROAD_VQ,Households declaring to live in an area where some problems are present: poor road conditions: very much and quite,HSC_F,Per 100 households with the same characteristics,2016,20.2
A,Annual,ITD2,Provincia Autonoma Trento,HOUS_PROAD_VQ,Households declaring to live in an area where some problems are present: poor road conditions: very much and quite,HSC_F,Per 100 households with the same characteristics,2017,21
A,Annual,ITD2,Provincia Autonoma Trento,HOUS_PROAD_VQ,Households declaring to live in an area where some problems are present: poor road conditions: very much and quite,HSC_F,Per 100 households with the same characteristics,2018,22.9
A,Annual,ITD2,Provincia Autonoma Trento,HOUS_PROAD_VQ,Households declaring to live in an area where some problems are present: poor road conditions: very much and quite,HSC_F,Per 100 households with the same characteristics,2019,21.2
A,Annual,ITD2,Provincia Autonoma Trento,HOUS_PROAD_VQ,Households declaring to live in an area where some problems are present: poor road conditions: very much and quite,HSC_F,Per 100 households with the same characteristics,2020,18
A,Annual,ITD2,Provincia Autonoma Trento,HOUS_PROAD_VQ,Households declaring to live in an area where some problems are present: poor road conditions: very much and quite,HSC_F,Per 100 households with the same characteristics,2021,29.4
A,Annual,ITD2,Provincia Autonoma Trento,HOUS_PROAD_VQ,Households declaring to live in an area where some problems are present: poor road conditions: very much and quite,HSC_F,Per 100 households with the same characteristics,2022,28.6
A,Annual,ITD2,Provincia Autonoma Trento,HOUS_PROAD_VQ,Households declaring to live in an area where some problems are present: poor road conditions: very much and quite,HSC_F,Per 100 households with the same characteristics,2023,21.7
A,Annual,ITD2,Provincia Autonoma Trento,HOUS_PROAD_VQ,Households declaring to live in an area where some problems are present: poor road conditions: very much and quite,HSC_F,Per 100 households with the same characteristics,2024,27
A,Annual,ITD3,Veneto,HOUS_DIFFPARK_V,Households declaring to live in an area where some problems are present: difficult parking: very much,HSC_F,Per 100 households with the same characteristics,2010,11.6
A,Annual,ITD3,Veneto,HOUS_DIFFPARK_V,Households declaring to live in an area where some problems are present: difficult parking: very much,HSC_F,Per 100 households with the same characteristics,2011,12
A,Annual,ITD3,Veneto,HOUS_DIFFPARK_V,Households declaring to live in an area where some problems are present: difficult parking: very much,HSC_F,Per 100 households with the same characteristics,2012,10.6
A,Annual,ITD3,Veneto,HOUS_DIFFPARK_V,Households declaring to live in an area where some problems are present: difficult parking: very much,HSC_F,Per 100 households with the same characteristics,2013,9.8
A,Annual,ITD3,Veneto,HOUS_DIFFPARK_V,Households declaring to live in an area where some problems are present: difficult parking: very much,HSC_F,Per 100 households with the same characteristics,2014,10.8
A,Annual,ITD3,Veneto,HOUS_DIFFPARK_V,Households declaring to live in an area where some problems are present: difficult parking: very much,HSC_F,Per 100 households with the same characteristics,2015,10.4
A,Annual,ITD3,Veneto,HOUS_DIFFPARK_V,Households declaring to live in an area where some problems are present: difficult parking: very much,HSC_F,Per 100 households with the same characteristics,2016,10.4
A,Annual,ITD3,Veneto,HOUS_DIFFPARK_V,Households declaring to live in an area where some problems are present: difficult parking: very much,HSC_F,Per 100 households with the same characteristics,2017,9
A,Annual,ITD3,Veneto,HOUS_DIFFPARK_V,Households declaring to live in an area where some problems are present: difficult parking: very much,HSC_F,Per 100 households with the same characteristics,2018,9.9
A,Annual,ITD3,Veneto,HOUS_DIFFPARK_V,Households declaring to live in an area where some problems are present: difficult parking: very much,HSC_F,Per 100 households with the same characteristics,2019,9.8
A,Annual,ITD3,Veneto,HOUS_DIFFPARK_V,Households declaring to live in an area where some problems are present: difficult parking: very much,HSC_F,Per 100 households with the same characteristics,2020,8.2
A,Annual,ITD3,Veneto,HOUS_DIFFPARK_V,Households declaring to live in an area where some problems are present: difficult parking: very much,HSC_F,Per 100 households with the same characteristics,2021,6.9
A,Annual,ITD3,Veneto,HOUS_DIFFPARK_V,Households declaring to live in an area where some problems are present: difficult parking: very much,HSC_F,Per 100 households with the same characteristics,2022,9.6
A,Annual,ITD3,Veneto,HOUS_DIFFPARK_V,Households declaring to live in an area where some problems are present: difficult parking: very much,HSC_F,Per 100 households with the same characteristics,2023,10.4
A,Annual,ITD3,Veneto,HOUS_DIFFPARK_V,Households declaring to live in an area where some problems are present: difficult parking: very much,HSC_F,Per 100 households with the same characteristics,2024,8.7
A,Annual,ITD3,Veneto,HOUS_DIFFPARK_VQ,Households declaring to live in an area where some problems are present: difficult parking: very much and quite,HSC_F,Per 100 households with the same characteristics,2010,28.2
A,Annual,ITD3,Veneto,HOUS_DIFFPARK_VQ,Households declaring to live in an area where some problems are present: difficult parking: very much and quite,HSC_F,Per 100 households with the same characteristics,2011,30.8
A,Annual,ITD3,Veneto,HOUS_DIFFPARK_VQ,Households declaring to live in an area where some problems are present: difficult parking: very much and quite,HSC_F,Per 100 households with the same characteristics,2012,25.2
A,Annual,ITD3,Veneto,HOUS_DIFFPARK_VQ,Households declaring to live in an area where some problems are present: difficult parking: very much and quite,HSC_F,Per 100 households with the same characteristics,2013,26.2
A,Annual,ITD3,Veneto,HOUS_DIFFPARK_VQ,Households declaring to live in an area where some problems are present: difficult parking: very much and quite,HSC_F,Per 100 households with the same characteristics,2014,26
A,Annual,ITD3,Veneto,HOUS_DIFFPARK_VQ,Households declaring to live in an area where some problems are present: difficult parking: very much and quite,HSC_F,Per 100 households with the same characteristics,2015,25.9
A,Annual,ITD3,Veneto,HOUS_DIFFPARK_VQ,Households declaring to live in an area where some problems are present: difficult parking: very much and quite,HSC_F,Per 100 households with the same characteristics,2016,26.2
A,Annual,ITD3,Veneto,HOUS_DIFFPARK_VQ,Households declaring to live in an area where some problems are present: difficult parking: very much and quite,HSC_F,Per 100 households with the same characteristics,2017,25.7
A,Annual,ITD3,Veneto,HOUS_DIFFPARK_VQ,Households declaring to live in an area where some problems are present: difficult parking: very much and quite,HSC_F,Per 100 households with the same characteristics,2018,27.6
A,Annual,ITD3,Veneto,HOUS_DIFFPARK_VQ,Households declaring to live in an area where some problems are present: difficult parking: very much and quite,HSC_F,Per 100 households with the same characteristics,2019,26.4
A,Annual,ITD3,Veneto,HOUS_DIFFPARK_VQ,Households declaring to live in an area where some problems are present: difficult parking: very much and quite,HSC_F,Per 100 households with the same characteristics,2020,24.7
A,Annual,ITD3,Veneto,HOUS_DIFFPARK_VQ,Households declaring to live in an area where some problems are present: difficult parking: very much and quite,HSC_F,Per 100 households with the same characteristics,2021,22
A,Annual,ITD3,Veneto,HOUS_DIFFPARK_VQ,Households declaring to live in an area where some problems are present: difficult parking: very much and quite,HSC_F,Per 100 households with the same characteristics,2022,24.4
A,Annual,ITD3,Veneto,HOUS_DIFFPARK_VQ,Households declaring to live in an area where some problems are present: difficult parking: very much and quite,HSC_F,Per 100 households with the same characteristics,2023,28.4
A,Annual,ITD3,Veneto,HOUS_DIFFPARK_VQ,Households declaring to live in an area where some problems are present: difficult parking: very much and quite,HSC_F,Per 100 households with the same characteristics,2024,25.9
A,Annual,ITD3,Veneto,HOUS_DIFF_TRANS_V,Households declaring to live in an area where some problems are present: difficulties of links with public transport means: very much,HSC_F,Per 100 households with the same characteristics,2010,10
A,Annual,ITD3,Veneto,HOUS_DIFF_TRANS_V,Households declaring to live in an area where some problems are present: difficulties of links with public transport means: very much,HSC_F,Per 100 households with the same characteristics,2011,9.2
A,Annual,ITD3,Veneto,HOUS_DIFF_TRANS_V,Households declaring to live in an area where some problems are present: difficulties of links with public transport means: very much,HSC_F,Per 100 households with the same characteristics,2012,11.5
A,Annual,ITD3,Veneto,HOUS_DIFF_TRANS_V,Households declaring to live in an area where some problems are present: difficulties of links with public transport means: very much,HSC_F,Per 100 households with the same characteristics,2013,10.8
A,Annual,ITD3,Veneto,HOUS_DIFF_TRANS_V,Households declaring to live in an area where some problems are present: difficulties of links with public transport means: very much,HSC_F,Per 100 households with the same characteristics,2014,11.4
A,Annual,ITD3,Veneto,HOUS_DIFF_TRANS_V,Households declaring to live in an area where some problems are present: difficulties of links with public transport means: very much,HSC_F,Per 100 households with the same characteristics,2015,10.6
A,Annual,ITD3,Veneto,HOUS_DIFF_TRANS_V,Households declaring to live in an area where some problems are present: difficulties of links with public transport means: very much,HSC_F,Per 100 households with the same characteristics,2016,14.2
A,Annual,ITD3,Veneto,HOUS_DIFF_TRANS_V,Households declaring to live in an area where some problems are present: difficulties of links with public transport means: very much,HSC_F,Per 100 households with the same characteristics,2017,9.2
A,Annual,ITD3,Veneto,HOUS_DIFF_TRANS_V,Households declaring to live in an area where some problems are present: difficulties of links with public transport means: very much,HSC_F,Per 100 households with the same characteristics,2018,12.8
A,Annual,ITD3,Veneto,HOUS_DIFF_TRANS_V,Households declaring to live in an area where some problems are present: difficulties of links with public transport means: very much,HSC_F,Per 100 households with the same characteristics,2019,11
A,Annual,ITD3,Veneto,HOUS_DIFF_TRANS_V,Households declaring to live in an area where some problems are present: difficulties of links with public transport means: very much,HSC_F,Per 100 households with the same characteristics,2020,9.3
A,Annual,ITD3,Veneto,HOUS_DIFF_TRANS_V,Households declaring to live in an area where some problems are present: difficulties of links with public transport means: very much,HSC_F,Per 100 households with the same characteristics,2021,8.4
A,Annual,ITD3,Veneto,HOUS_DIFF_TRANS_V,Households declaring to live in an area where some problems are present: difficulties of links with public transport means: very much,HSC_F,Per 100 households with the same characteristics,2022,9.4
A,Annual,ITD3,Veneto,HOUS_DIFF_TRANS_V,Households declaring to live in an area where some problems are present: difficulties of links with public transport means: very much,HSC_F,Per 100 households with the same characteristics,2023,10.9
A,Annual,ITD3,Veneto,HOUS_DIFF_TRANS_V,Households declaring to live in an area where some problems are present: difficulties of links with public transport means: very much,HSC_F,Per 100 households with the same characteristics,2024,11.2
A,Annual,ITD3,Veneto,HOUS_DIFF_TRANS_VQ,Households declaring to live in an area where some problems are present: difficulties of links with public transport means: very much and quite,HSC_F,Per 100 households with the same characteristics,2010,26.4
A,Annual,ITD3,Veneto,HOUS_DIFF_TRANS_VQ,Households declaring to live in an area where some problems are present: difficulties of links with public transport means: very much and quite,HSC_F,Per 100 households with the same characteristics,2011,24.4
A,Annual,ITD3,Veneto,HOUS_DIFF_TRANS_VQ,Households declaring to live in an area where some problems are present: difficulties of links with public transport means: very much and quite,HSC_F,Per 100 households with the same characteristics,2012,28.7
A,Annual,ITD3,Veneto,HOUS_DIFF_TRANS_VQ,Households declaring to live in an area where some problems are present: difficulties of links with public transport means: very much and quite,HSC_F,Per 100 households with the same characteristics,2013,30.7
A,Annual,ITD3,Veneto,HOUS_DIFF_TRANS_VQ,Households declaring to live in an area where some problems are present: difficulties of links with public transport means: very much and quite,HSC_F,Per 100 households with the same characteristics,2014,32
A,Annual,ITD3,Veneto,HOUS_DIFF_TRANS_VQ,Households declaring to live in an area where some problems are present: difficulties of links with public transport means: very much and quite,HSC_F,Per 100 households with the same characteristics,2015,25.6
A,Annual,ITD3,Veneto,HOUS_DIFF_TRANS_VQ,Households declaring to live in an area where some problems are present: difficulties of links with public transport means: very much and quite,HSC_F,Per 100 households with the same characteristics,2016,30.2
A,Annual,ITD3,Veneto,HOUS_DIFF_TRANS_VQ,Households declaring to live in an area where some problems are present: difficulties of links with public transport means: very much and quite,HSC_F,Per 100 households with the same characteristics,2017,28.1
A,Annual,ITD3,Veneto,HOUS_DIFF_TRANS_VQ,Households declaring to live in an area where some problems are present: difficulties of links with public transport means: very much and quite,HSC_F,Per 100 households with the same characteristics,2018,31.2
A,Annual,ITD3,Veneto,HOUS_DIFF_TRANS_VQ,Households declaring to live in an area where some problems are present: difficulties of links with public transport means: very much and quite,HSC_F,Per 100 households with the same characteristics,2019,29.7
A,Annual,ITD3,Veneto,HOUS_DIFF_TRANS_VQ,Households declaring to live in an area where some problems are present: difficulties of links with public transport means: very much and quite,HSC_F,Per 100 households with the same characteristics,2020,26
A,Annual,ITD3,Veneto,HOUS_DIFF_TRANS_VQ,Households declaring to live in an area where some problems are present: difficulties of links with public transport means: very much and quite,HSC_F,Per 100 households with the same characteristics,2021,25.4
A,Annual,ITD3,Veneto,HOUS_DIFF_TRANS_VQ,Households declaring to live in an area where some problems are present: difficulties of links with public transport means: very much and quite,HSC_F,Per 100 households with the same characteristics,2022,26.4
A,Annual,ITD3,Veneto,HOUS_DIFF_TRANS_VQ,Households declaring to live in an area where some problems are present: difficulties of links with public transport means: very much and quite,HSC_F,Per 100 households with the same characteristics,2023,31.9
A,Annual,ITD3,Veneto,HOUS_DIFF_TRANS_VQ,Households declaring to live in an area where some problems are present: difficulties of links with public transport means: very much and quite,HSC_F,Per 100 households with the same characteristics,2024,31
A,Annual,ITD3,Veneto,HOUS_TRAFFIC_V,Households declaring to live in an area where some problems are present: traffic: very much,HSC_F,Per 100 households with the same characteristics,2010,12.8
A,Annual,ITD3,Veneto,HOUS_TRAFFIC_V,Households declaring to live in an area where some problems are present: traffic: very much,HSC_F,Per 100 households with the same characteristics,2011,13.7
A,Annual,ITD3,Veneto,HOUS_TRAFFIC_V,Households declaring to live in an area where some problems are present: traffic: very much,HSC_F,Per 100 households with the same characteristics,2012,13.5
A,Annual,ITD3,Veneto,HOUS_TRAFFIC_V,Households declaring to live in an area where some problems are present: traffic: very much,HSC_F,Per 100 households with the same characteristics,2013,9.2
A,Annual,ITD3,Veneto,HOUS_TRAFFIC_V,Households declaring to live in an area where some problems are present: traffic: very much,HSC_F,Per 100 households with the same characteristics,2014,10
A,Annual,ITD3,Veneto,HOUS_TRAFFIC_V,Households declaring to live in an area where some problems are present: traffic: very much,HSC_F,Per 100 households with the same characteristics,2015,10
A,Annual,ITD3,Veneto,HOUS_TRAFFIC_V,Households declaring to live in an area where some problems are present: traffic: very much,HSC_F,Per 100 households with the same characteristics,2016,12.9
A,Annual,ITD3,Veneto,HOUS_TRAFFIC_V,Households declaring to live in an area where some problems are present: traffic: very much,HSC_F,Per 100 households with the same characteristics,2017,10.5
A,Annual,ITD3,Veneto,HOUS_TRAFFIC_V,Households declaring to live in an area where some problems are present: traffic: very much,HSC_F,Per 100 households with the same characteristics,2018,11.8
A,Annual,ITD3,Veneto,HOUS_TRAFFIC_V,Households declaring to live in an area where some problems are present: traffic: very much,HSC_F,Per 100 households with the same characteristics,2019,10.2
A,Annual,ITD3,Veneto,HOUS_TRAFFIC_V,Households declaring to live in an area where some problems are present: traffic: very much,HSC_F,Per 100 households with the same characteristics,2020,10.2
A,Annual,ITD3,Veneto,HOUS_TRAFFIC_V,Households declaring to live in an area where some problems are present: traffic: very much,HSC_F,Per 100 households with the same characteristics,2021,8.2
A,Annual,ITD3,Veneto,HOUS_TRAFFIC_V,Households declaring to live in an area where some problems are present: traffic: very much,HSC_F,Per 100 households with the same characteristics,2022,10.7
A,Annual,ITD3,Veneto,HOUS_TRAFFIC_V,Households declaring to live in an area where some problems are present: traffic: very much,HSC_F,Per 100 households with the same characteristics,2023,11.2
A,Annual,ITD3,Veneto,HOUS_TRAFFIC_V,Households declaring to live in an area where some problems are present: traffic: very much,HSC_F,Per 100 households with the same characteristics,2024,11.8
A,Annual,ITD3,Veneto,HOUS_TRAFFIC_VQ,Households declaring to live in an area where some problems are present: traffic: very much and quite,HSC_F,Per 100 households with the same characteristics,2010,36.4
A,Annual,ITD3,Veneto,HOUS_TRAFFIC_VQ,Households declaring to live in an area where some problems are present: traffic: very much and quite,HSC_F,Per 100 households with the same characteristics,2011,40.1
A,Annual,ITD3,Veneto,HOUS_TRAFFIC_VQ,Households declaring to live in an area where some problems are present: traffic: very much and quite,HSC_F,Per 100 households with the same characteristics,2012,38.2
A,Annual,ITD3,Veneto,HOUS_TRAFFIC_VQ,Households declaring to live in an area where some problems are present: traffic: very much and quite,HSC_F,Per 100 households with the same characteristics,2013,33.2
A,Annual,ITD3,Veneto,HOUS_TRAFFIC_VQ,Households declaring to live in an area where some problems are present: traffic: very much and quite,HSC_F,Per 100 households with the same characteristics,2014,37.1
A,Annual,ITD3,Veneto,HOUS_TRAFFIC_VQ,Households declaring to live in an area where some problems are present: traffic: very much and quite,HSC_F,Per 100 households with the same characteristics,2015,35.2
A,Annual,ITD3,Veneto,HOUS_TRAFFIC_VQ,Households declaring to live in an area where some problems are present: traffic: very much and quite,HSC_F,Per 100 households with the same characteristics,2016,35.7
A,Annual,ITD3,Veneto,HOUS_TRAFFIC_VQ,Households declaring to live in an area where some problems are present: traffic: very much and quite,HSC_F,Per 100 households with the same characteristics,2017,36.8
A,Annual,ITD3,Veneto,HOUS_TRAFFIC_VQ,Households declaring to live in an area where some problems are present: traffic: very much and quite,HSC_F,Per 100 households with the same characteristics,2018,39.5
A,Annual,ITD3,Veneto,HOUS_TRAFFIC_VQ,Households declaring to live in an area where some problems are present: traffic: very much and quite,HSC_F,Per 100 households with the same characteristics,2019,35.5
A,Annual,ITD3,Veneto,HOUS_TRAFFIC_VQ,Households declaring to live in an area where some problems are present: traffic: very much and quite,HSC_F,Per 100 households with the same characteristics,2020,35
A,Annual,ITD3,Veneto,HOUS_TRAFFIC_VQ,Households declaring to live in an area where some problems are present: traffic: very much and quite,HSC_F,Per 100 households with the same characteristics,2021,33.4
A,Annual,ITD3,Veneto,HOUS_TRAFFIC_VQ,Households declaring to live in an area where some problems are present: traffic: very much and quite,HSC_F,Per 100 households with the same characteristics,2022,37
A,Annual,ITD3,Veneto,HOUS_TRAFFIC_VQ,Households declaring to live in an area where some problems are present: traffic: very much and quite,HSC_F,Per 100 households with the same characteristics,2023,38.3
A,Annual,ITD3,Veneto,HOUS_TRAFFIC_VQ,Households declaring to live in an area where some problems are present: traffic: very much and quite,HSC_F,Per 100 households with the same characteristics,2024,39
A,Annual,ITD3,Veneto,HOUS_STRLIGHT_V,Households declaring to live in an area where some problems are present: poor street lighting: very much,HSC_F,Per 100 households with the same characteristics,2010,9.9
A,Annual,ITD3,Veneto,HOUS_STRLIGHT_V,Households declaring to live in an area where some problems are present: poor street lighting: very much,HSC_F,Per 100 households with the same characteristics,2011,9
A,Annual,ITD3,Veneto,HOUS_STRLIGHT_V,Households declaring to live in an area where some problems are present: poor street lighting: very much,HSC_F,Per 100 households with the same characteristics,2012,9.7
A,Annual,ITD3,Veneto,HOUS_STRLIGHT_V,Households declaring to live in an area where some problems are present: poor street lighting: very much,HSC_F,Per 100 households with the same characteristics,2013,9.1
A,Annual,ITD3,Veneto,HOUS_STRLIGHT_V,Households declaring to live in an area where some problems are present: poor street lighting: very much,HSC_F,Per 100 households with the same characteristics,2014,9.1
A,Annual,ITD3,Veneto,HOUS_STRLIGHT_V,Households declaring to live in an area where some problems are present: poor street lighting: very much,HSC_F,Per 100 households with the same characteristics,2015,11.6
A,Annual,ITD3,Veneto,HOUS_STRLIGHT_V,Households declaring to live in an area where some problems are present: poor street lighting: very much,HSC_F,Per 100 households with the same characteristics,2016,10.8
A,Annual,ITD3,Veneto,HOUS_STRLIGHT_V,Households declaring to live in an area where some problems are present: poor street lighting: very much,HSC_F,Per 100 households with the same characteristics,2017,9.8
A,Annual,ITD3,Veneto,HOUS_STRLIGHT_V,Households declaring to live in an area where some problems are present: poor street lighting: very much,HSC_F,Per 100 households with the same characteristics,2018,8.4
A,Annual,ITD3,Veneto,HOUS_STRLIGHT_V,Households declaring to live in an area where some problems are present: poor street lighting: very much,HSC_F,Per 100 households with the same characteristics,2019,8
A,Annual,ITD3,Veneto,HOUS_STRLIGHT_V,Households declaring to live in an area where some problems are present: poor street lighting: very much,HSC_F,Per 100 households with the same characteristics,2020,6.7
A,Annual,ITD3,Veneto,HOUS_STRLIGHT_V,Households declaring to live in an area where some problems are present: poor street lighting: very much,HSC_F,Per 100 households with the same characteristics,2021,5.3
A,Annual,ITD3,Veneto,HOUS_STRLIGHT_V,Households declaring to live in an area where some problems are present: poor street lighting: very much,HSC_F,Per 100 households with the same characteristics,2022,6.3
A,Annual,ITD3,Veneto,HOUS_STRLIGHT_V,Households declaring to live in an area where some problems are present: poor street lighting: very much,HSC_F,Per 100 households with the same characteristics,2023,7.5
A,Annual,ITD3,Veneto,HOUS_STRLIGHT_V,Households declaring to live in an area where some problems are present: poor street lighting: very much,HSC_F,Per 100 households with the same characteristics,2024,9.5
A,Annual,ITD3,Veneto,HOUS_STRLIGHT_VQ,Households declaring to live in an area where some problems are present: poor street lighting: very much and quite,HSC_F,Per 100 households with the same characteristics,2010,29.3
A,Annual,ITD3,Veneto,HOUS_STRLIGHT_VQ,Households declaring to live in an area where some problems are present: poor street lighting: very much and quite,HSC_F,Per 100 households with the same characteristics,2011,28.1
A,Annual,ITD3,Veneto,HOUS_STRLIGHT_VQ,Households declaring to live in an area where some problems are present: poor street lighting: very much and quite,HSC_F,Per 100 households with the same characteristics,2012,27.9
A,Annual,ITD3,Veneto,HOUS_STRLIGHT_VQ,Households declaring to live in an area where some problems are present: poor street lighting: very much and quite,HSC_F,Per 100 households with the same characteristics,2013,28.5
A,Annual,ITD3,Veneto,HOUS_STRLIGHT_VQ,Households declaring to live in an area where some problems are present: poor street lighting: very much and quite,HSC_F,Per 100 households with the same characteristics,2014,30.7
A,Annual,ITD3,Veneto,HOUS_STRLIGHT_VQ,Households declaring to live in an area where some problems are present: poor street lighting: very much and quite,HSC_F,Per 100 households with the same characteristics,2015,34.4
A,Annual,ITD3,Veneto,HOUS_STRLIGHT_VQ,Households declaring to live in an area where some problems are present: poor street lighting: very much and quite,HSC_F,Per 100 households with the same characteristics,2016,32
A,Annual,ITD3,Veneto,HOUS_STRLIGHT_VQ,Households declaring to live in an area where some problems are present: poor street lighting: very much and quite,HSC_F,Per 100 households with the same characteristics,2017,30.2
A,Annual,ITD3,Veneto,HOUS_STRLIGHT_VQ,Households declaring to live in an area where some problems are present: poor street lighting: very much and quite,HSC_F,Per 100 households with the same characteristics,2018,28.7
A,Annual,ITD3,Veneto,HOUS_STRLIGHT_VQ,Households declaring to live in an area where some problems are present: poor street lighting: very much and quite,HSC_F,Per 100 households with the same characteristics,2019,27.2
A,Annual,ITD3,Veneto,HOUS_STRLIGHT_VQ,Households declaring to live in an area where some problems are present: poor street lighting: very much and quite,HSC_F,Per 100 households with the same characteristics,2020,21.6
A,Annual,ITD3,Veneto,HOUS_STRLIGHT_VQ,Households declaring to live in an area where some problems are present: poor street lighting: very much and quite,HSC_F,Per 100 households with the same characteristics,2021,21.2
A,Annual,ITD3,Veneto,HOUS_STRLIGHT_VQ,Households declaring to live in an area where some problems are present: poor street lighting: very much and quite,HSC_F,Per 100 households with the same characteristics,2022,24.2
A,Annual,ITD3,Veneto,HOUS_STRLIGHT_VQ,Households declaring to live in an area where some problems are present: poor street lighting: very much and quite,HSC_F,Per 100 households with the same characteristics,2023,27.3
A,Annual,ITD3,Veneto,HOUS_STRLIGHT_VQ,Households declaring to live in an area where some problems are present: poor street lighting: very much and quite,HSC_F,Per 100 households with the same characteristics,2024,29.9
A,Annual,ITD3,Veneto,HOUS_PROAD_V,Households declaring to live in an area where some problems are present: poor road conditions: very much,HSC_F,Per 100 households with the same characteristics,2010,16.6
A,Annual,ITD3,Veneto,HOUS_PROAD_V,Households declaring to live in an area where some problems are present: poor road conditions: very much,HSC_F,Per 100 households with the same characteristics,2011,16.4
A,Annual,ITD3,Veneto,HOUS_PROAD_V,Households declaring to live in an area where some problems are present: poor road conditions: very much,HSC_F,Per 100 households with the same characteristics,2012,14.3
A,Annual,ITD3,Veneto,HOUS_PROAD_V,Households declaring to live in an area where some problems are present: poor road conditions: very much,HSC_F,Per 100 households with the same characteristics,2013,18.3
A,Annual,ITD3,Veneto,HOUS_PROAD_V,Households declaring to live in an area where some problems are present: poor road conditions: very much,HSC_F,Per 100 households with the same characteristics,2014,17.1
A,Annual,ITD3,Veneto,HOUS_PROAD_V,Households declaring to live in an area where some problems are present: poor road conditions: very much,HSC_F,Per 100 households with the same characteristics,2015,20.2
A,Annual,ITD3,Veneto,HOUS_PROAD_V,Households declaring to live in an area where some problems are present: poor road conditions: very much,HSC_F,Per 100 households with the same characteristics,2016,20.5
A,Annual,ITD3,Veneto,HOUS_PROAD_V,Households declaring to live in an area where some problems are present: poor road conditions: very much,HSC_F,Per 100 households with the same characteristics,2017,15.1
A,Annual,ITD3,Veneto,HOUS_PROAD_V,Households declaring to live in an area where some problems are present: poor road conditions: very much,HSC_F,Per 100 households with the same characteristics,2018,13.9
A,Annual,ITD3,Veneto,HOUS_PROAD_V,Households declaring to live in an area where some problems are present: poor road conditions: very much,HSC_F,Per 100 households with the same characteristics,2019,15.7
A,Annual,ITD3,Veneto,HOUS_PROAD_V,Households declaring to live in an area where some problems are present: poor road conditions: very much,HSC_F,Per 100 households with the same characteristics,2020,9.8
A,Annual,ITD3,Veneto,HOUS_PROAD_V,Households declaring to live in an area where some problems are present: poor road conditions: very much,HSC_F,Per 100 households with the same characteristics,2021,12.3
A,Annual,ITD3,Veneto,HOUS_PROAD_V,Households declaring to live in an area where some problems are present: poor road conditions: very much,HSC_F,Per 100 households with the same characteristics,2022,13.1
A,Annual,ITD3,Veneto,HOUS_PROAD_V,Households declaring to live in an area where some problems are present: poor road conditions: very much,HSC_F,Per 100 households with the same characteristics,2023,13.2
A,Annual,ITD3,Veneto,HOUS_PROAD_V,Households declaring to live in an area where some problems are present: poor road conditions: very much,HSC_F,Per 100 households with the same characteristics,2024,16.4
A,Annual,ITD3,Veneto,HOUS_PROAD_VQ,Households declaring to live in an area where some problems are present: poor road conditions: very much and quite,HSC_F,Per 100 households with the same characteristics,2010,43
A,Annual,ITD3,Veneto,HOUS_PROAD_VQ,Households declaring to live in an area where some problems are present: poor road conditions: very much and quite,HSC_F,Per 100 households with the same characteristics,2011,43.3
A,Annual,ITD3,Veneto,HOUS_PROAD_VQ,Households declaring to live in an area where some problems are present: poor road conditions: very much and quite,HSC_F,Per 100 households with the same characteristics,2012,38.8
A,Annual,ITD3,Veneto,HOUS_PROAD_VQ,Households declaring to live in an area where some problems are present: poor road conditions: very much and quite,HSC_F,Per 100 households with the same characteristics,2013,46.1
A,Annual,ITD3,Veneto,HOUS_PROAD_VQ,Households declaring to live in an area where some problems are present: poor road conditions: very much and quite,HSC_F,Per 100 households with the same characteristics,2014,46.7
A,Annual,ITD3,Veneto,HOUS_PROAD_VQ,Households declaring to live in an area where some problems are present: poor road conditions: very much and quite,HSC_F,Per 100 households with the same characteristics,2015,48
A,Annual,ITD3,Veneto,HOUS_PROAD_VQ,Households declaring to live in an area where some problems are present: poor road conditions: very much and quite,HSC_F,Per 100 households with the same characteristics,2016,46.5
A,Annual,ITD3,Veneto,HOUS_PROAD_VQ,Households declaring to live in an area where some problems are present: poor road conditions: very much and quite,HSC_F,Per 100 households with the same characteristics,2017,40.3
A,Annual,ITD3,Veneto,HOUS_PROAD_VQ,Households declaring to live in an area where some problems are present: poor road conditions: very much and quite,HSC_F,Per 100 households with the same characteristics,2018,40.9
A,Annual,ITD3,Veneto,HOUS_PROAD_VQ,Households declaring to live in an area where some problems are present: poor road conditions: very much and quite,HSC_F,Per 100 households with the same characteristics,2019,41.3
A,Annual,ITD3,Veneto,HOUS_PROAD_VQ,Households declaring to live in an area where some problems are present: poor road conditions: very much and quite,HSC_F,Per 100 households with the same characteristics,2020,33.1
A,Annual,ITD3,Veneto,HOUS_PROAD_VQ,Households declaring to live in an area where some problems are present: poor road conditions: very much and quite,HSC_F,Per 100 households with the same characteristics,2021,38.4
A,Annual,ITD3,Veneto,HOUS_PROAD_VQ,Households declaring to live in an area where some problems are present: poor road conditions: very much and quite,HSC_F,Per 100 households with the same characteristics,2022,38.5
A,Annual,ITD3,Veneto,HOUS_PROAD_VQ,Households declaring to live in an area where some problems are present: poor road conditions: very much and quite,HSC_F,Per 100 households with the same characteristics,2023,39.6
A,Annual,ITD3,Veneto,HOUS_PROAD_VQ,Households declaring to live in an area where some problems are present: poor road conditions: very much and quite,HSC_F,Per 100 households with the same characteristics,2024,45.6
A,Annual,ITD4,Friuli-Venezia Giulia,HOUS_DIFFPARK_V,Households declaring to live in an area where some problems are present: difficult parking: very much,HSC_F,Per 100 households with the same characteristics,2010,11.8
A,Annual,ITD4,Friuli-Venezia Giulia,HOUS_DIFFPARK_V,Households declaring to live in an area where some problems are present: difficult parking: very much,HSC_F,Per 100 households with the same characteristics,2011,13.3
A,Annual,ITD4,Friuli-Venezia Giulia,HOUS_DIFFPARK_V,Households declaring to live in an area where some problems are present: difficult parking: very much,HSC_F,Per 100 households with the same characteristics,2012,12.3
A,Annual,ITD4,Friuli-Venezia Giulia,HOUS_DIFFPARK_V,Households declaring to live in an area where some problems are present: difficult parking: very much,HSC_F,Per 100 households with the same characteristics,2013,13.1
A,Annual,ITD4,Friuli-Venezia Giulia,HOUS_DIFFPARK_V,Households declaring to live in an area where some problems are present: difficult parking: very much,HSC_F,Per 100 households with the same characteristics,2014,10.4
A,Annual,ITD4,Friuli-Venezia Giulia,HOUS_DIFFPARK_V,Households declaring to live in an area where some problems are present: difficult parking: very much,HSC_F,Per 100 households with the same characteristics,2015,13
A,Annual,ITD4,Friuli-Venezia Giulia,HOUS_DIFFPARK_V,Households declaring to live in an area where some problems are present: difficult parking: very much,HSC_F,Per 100 households with the same characteristics,2016,11.6
A,Annual,ITD4,Friuli-Venezia Giulia,HOUS_DIFFPARK_V,Households declaring to live in an area where some problems are present: difficult parking: very much,HSC_F,Per 100 households with the same characteristics,2017,9.7
A,Annual,ITD4,Friuli-Venezia Giulia,HOUS_DIFFPARK_V,Households declaring to live in an area where some problems are present: difficult parking: very much,HSC_F,Per 100 households with the same characteristics,2018,9.2
A,Annual,ITD4,Friuli-Venezia Giulia,HOUS_DIFFPARK_V,Households declaring to live in an area where some problems are present: difficult parking: very much,HSC_F,Per 100 households with the same characteristics,2019,13.6
A,Annual,ITD4,Friuli-Venezia Giulia,HOUS_DIFFPARK_V,Households declaring to live in an area where some problems are present: difficult parking: very much,HSC_F,Per 100 households with the same characteristics,2020,10.6
A,Annual,ITD4,Friuli-Venezia Giulia,HOUS_DIFFPARK_V,Households declaring to live in an area where some problems are present: difficult parking: very much,HSC_F,Per 100 households with the same characteristics,2021,9.8
A,Annual,ITD4,Friuli-Venezia Giulia,HOUS_DIFFPARK_V,Households declaring to live in an area where some problems are present: difficult parking: very much,HSC_F,Per 100 households with the same characteristics,2022,12.7
A,Annual,ITD4,Friuli-Venezia Giulia,HOUS_DIFFPARK_V,Households declaring to live in an area where some problems are present: difficult parking: very much,HSC_F,Per 100 households with the same characteristics,2023,11.3
A,Annual,ITD4,Friuli-Venezia Giulia,HOUS_DIFFPARK_V,Households declaring to live in an area where some problems are present: difficult parking: very much,HSC_F,Per 100 households with the same characteristics,2024,12.4
A,Annual,ITD4,Friuli-Venezia Giulia,HOUS_DIFFPARK_VQ,Households declaring to live in an area where some problems are present: difficult parking: very much and quite,HSC_F,Per 100 households with the same characteristics,2010,25.7
A,Annual,ITD4,Friuli-Venezia Giulia,HOUS_DIFFPARK_VQ,Households declaring to live in an area where some problems are present: difficult parking: very much and quite,HSC_F,Per 100 households with the same characteristics,2011,25.5
A,Annual,ITD4,Friuli-Venezia Giulia,HOUS_DIFFPARK_VQ,Households declaring to live in an area where some problems are present: difficult parking: very much and quite,HSC_F,Per 100 households with the same characteristics,2012,27.6
A,Annual,ITD4,Friuli-Venezia Giulia,HOUS_DIFFPARK_VQ,Households declaring to live in an area where some problems are present: difficult parking: very much and quite,HSC_F,Per 100 households with the same characteristics,2013,30.4
A,Annual,ITD4,Friuli-Venezia Giulia,HOUS_DIFFPARK_VQ,Households declaring to live in an area where some problems are present: difficult parking: very much and quite,HSC_F,Per 100 households with the same characteristics,2014,26.1
A,Annual,ITD4,Friuli-Venezia Giulia,HOUS_DIFFPARK_VQ,Households declaring to live in an area where some problems are present: difficult parking: very much and quite,HSC_F,Per 100 households with the same characteristics,2015,28.1
A,Annual,ITD4,Friuli-Venezia Giulia,HOUS_DIFFPARK_VQ,Households declaring to live in an area where some problems are present: difficult parking: very much and quite,HSC_F,Per 100 households with the same characteristics,2016,25.5
A,Annual,ITD4,Friuli-Venezia Giulia,HOUS_DIFFPARK_VQ,Households declaring to live in an area where some problems are present: difficult parking: very much and quite,HSC_F,Per 100 households with the same characteristics,2017,26.2
A,Annual,ITD4,Friuli-Venezia Giulia,HOUS_DIFFPARK_VQ,Households declaring to live in an area where some problems are present: difficult parking: very much and quite,HSC_F,Per 100 households with the same characteristics,2018,25.7
A,Annual,ITD4,Friuli-Venezia Giulia,HOUS_DIFFPARK_VQ,Households declaring to live in an area where some problems are present: difficult parking: very much and quite,HSC_F,Per 100 households with the same characteristics,2019,29
A,Annual,ITD4,Friuli-Venezia Giulia,HOUS_DIFFPARK_VQ,Households declaring to live in an area where some problems are present: difficult parking: very much and quite,HSC_F,Per 100 households with the same characteristics,2020,22
A,Annual,ITD4,Friuli-Venezia Giulia,HOUS_DIFFPARK_VQ,Households declaring to live in an area where some problems are present: difficult parking: very much and quite,HSC_F,Per 100 households with the same characteristics,2021,21.3
A,Annual,ITD4,Friuli-Venezia Giulia,HOUS_DIFFPARK_VQ,Households declaring to live in an area where some problems are present: difficult parking: very much and quite,HSC_F,Per 100 households with the same characteristics,2022,28.6
A,Annual,ITD4,Friuli-Venezia Giulia,HOUS_DIFFPARK_VQ,Households declaring to live in an area where some problems are present: difficult parking: very much and quite,HSC_F,Per 100 households with the same characteristics,2023,27.2
A,Annual,ITD4,Friuli-Venezia Giulia,HOUS_DIFFPARK_VQ,Households declaring to live in an area where some problems are present: difficult parking: very much and quite,HSC_F,Per 100 households with the same characteristics,2024,28
A,Annual,ITD4,Friuli-Venezia Giulia,HOUS_DIFF_TRANS_V,Households declaring to live in an area where some problems are present: difficulties of links with public transport means: very much,HSC_F,Per 100 households with the same characteristics,2010,8.2
A,Annual,ITD4,Friuli-Venezia Giulia,HOUS_DIFF_TRANS_V,Households declaring to live in an area where some problems are present: difficulties of links with public transport means: very much,HSC_F,Per 100 households with the same characteristics,2011,9.3
A,Annual,ITD4,Friuli-Venezia Giulia,HOUS_DIFF_TRANS_V,Households declaring to live in an area where some problems are present: difficulties of links with public transport means: very much,HSC_F,Per 100 households with the same characteristics,2012,7.9
A,Annual,ITD4,Friuli-Venezia Giulia,HOUS_DIFF_TRANS_V,Households declaring to live in an area where some problems are present: difficulties of links with public transport means: very much,HSC_F,Per 100 households with the same characteristics,2013,10.3
A,Annual,ITD4,Friuli-Venezia Giulia,HOUS_DIFF_TRANS_V,Households declaring to live in an area where some problems are present: difficulties of links with public transport means: very much,HSC_F,Per 100 households with the same characteristics,2014,11.6
A,Annual,ITD4,Friuli-Venezia Giulia,HOUS_DIFF_TRANS_V,Households declaring to live in an area where some problems are present: difficulties of links with public transport means: very much,HSC_F,Per 100 households with the same characteristics,2015,7.4
A,Annual,ITD4,Friuli-Venezia Giulia,HOUS_DIFF_TRANS_V,Households declaring to live in an area where some problems are present: difficulties of links with public transport means: very much,HSC_F,Per 100 households with the same characteristics,2016,7.6
A,Annual,ITD4,Friuli-Venezia Giulia,HOUS_DIFF_TRANS_V,Households declaring to live in an area where some problems are present: difficulties of links with public transport means: very much,HSC_F,Per 100 households with the same characteristics,2017,6.9
A,Annual,ITD4,Friuli-Venezia Giulia,HOUS_DIFF_TRANS_V,Households declaring to live in an area where some problems are present: difficulties of links with public transport means: very much,HSC_F,Per 100 households with the same characteristics,2018,6.7
A,Annual,ITD4,Friuli-Venezia Giulia,HOUS_DIFF_TRANS_V,Households declaring to live in an area where some problems are present: difficulties of links with public transport means: very much,HSC_F,Per 100 households with the same characteristics,2019,9.7
A,Annual,ITD4,Friuli-Venezia Giulia,HOUS_DIFF_TRANS_V,Households declaring to live in an area where some problems are present: difficulties of links with public transport means: very much,HSC_F,Per 100 households with the same characteristics,2020,10.4
A,Annual,ITD4,Friuli-Venezia Giulia,HOUS_DIFF_TRANS_V,Households declaring to live in an area where some problems are present: difficulties of links with public transport means: very much,HSC_F,Per 100 households with the same characteristics,2021,8.1
A,Annual,ITD4,Friuli-Venezia Giulia,HOUS_DIFF_TRANS_V,Households declaring to live in an area where some problems are present: difficulties of links with public transport means: very much,HSC_F,Per 100 households with the same characteristics,2022,8.2
A,Annual,ITD4,Friuli-Venezia Giulia,HOUS_DIFF_TRANS_V,Households declaring to live in an area where some problems are present: difficulties of links with public transport means: very much,HSC_F,Per 100 households with the same characteristics,2023,8.1
A,Annual,ITD4,Friuli-Venezia Giulia,HOUS_DIFF_TRANS_V,Households declaring to live in an area where some problems are present: difficulties of links with public transport means: very much,HSC_F,Per 100 households with the same characteristics,2024,9.4
A,Annual,ITD4,Friuli-Venezia Giulia,HOUS_DIFF_TRANS_VQ,Households declaring to live in an area where some problems are present: difficulties of links with public transport means: very much and quite,HSC_F,Per 100 households with the same characteristics,2010,23.3
A,Annual,ITD4,Friuli-Venezia Giulia,HOUS_DIFF_TRANS_VQ,Households declaring to live in an area where some problems are present: difficulties of links with public transport means: very much and quite,HSC_F,Per 100 households with the same characteristics,2011,25.6
A,Annual,ITD4,Friuli-Venezia Giulia,HOUS_DIFF_TRANS_VQ,Households declaring to live in an area where some problems are present: difficulties of links with public transport means: very much and quite,HSC_F,Per 100 households with the same characteristics,2012,21.3
A,Annual,ITD4,Friuli-Venezia Giulia,HOUS_DIFF_TRANS_VQ,Households declaring to live in an area where some problems are present: difficulties of links with public transport means: very much and quite,HSC_F,Per 100 households with the same characteristics,2013,26.6
A,Annual,ITD4,Friuli-Venezia Giulia,HOUS_DIFF_TRANS_VQ,Households declaring to live in an area where some problems are present: difficulties of links with public transport means: very much and quite,HSC_F,Per 100 households with the same characteristics,2014,27
A,Annual,ITD4,Friuli-Venezia Giulia,HOUS_DIFF_TRANS_VQ,Households declaring to live in an area where some problems are present: difficulties of links with public transport means: very much and quite,HSC_F,Per 100 households with the same characteristics,2015,22.8
A,Annual,ITD4,Friuli-Venezia Giulia,HOUS_DIFF_TRANS_VQ,Households declaring to live in an area where some problems are present: difficulties of links with public transport means: very much and quite,HSC_F,Per 100 households with the same characteristics,2016,22.9
A,Annual,ITD4,Friuli-Venezia Giulia,HOUS_DIFF_TRANS_VQ,Households declaring to live in an area where some problems are present: difficulties of links with public transport means: very much and quite,HSC_F,Per 100 households with the same characteristics,2017,24.9
A,Annual,ITD4,Friuli-Venezia Giulia,HOUS_DIFF_TRANS_VQ,Households declaring to live in an area where some problems are present: difficulties of links with public transport means: very much and quite,HSC_F,Per 100 households with the same characteristics,2018,22.3
A,Annual,ITD4,Friuli-Venezia Giulia,HOUS_DIFF_TRANS_VQ,Households declaring to live in an area where some problems are present: difficulties of links with public transport means: very much and quite,HSC_F,Per 100 households with the same characteristics,2019,25.6
A,Annual,ITD4,Friuli-Venezia Giulia,HOUS_DIFF_TRANS_VQ,Households declaring to live in an area where some problems are present: difficulties of links with public transport means: very much and quite,HSC_F,Per 100 households with the same characteristics,2020,24.5
A,Annual,ITD4,Friuli-Venezia Giulia,HOUS_DIFF_TRANS_VQ,Households declaring to live in an area where some problems are present: difficulties of links with public transport means: very much and quite,HSC_F,Per 100 households with the same characteristics,2021,26.8
A,Annual,ITD4,Friuli-Venezia Giulia,HOUS_DIFF_TRANS_VQ,Households declaring to live in an area where some problems are present: difficulties of links with public transport means: very much and quite,HSC_F,Per 100 households with the same characteristics,2022,24.3
A,Annual,ITD4,Friuli-Venezia Giulia,HOUS_DIFF_TRANS_VQ,Households declaring to live in an area where some problems are present: difficulties of links with public transport means: very much and quite,HSC_F,Per 100 households with the same characteristics,2023,21.9
A,Annual,ITD4,Friuli-Venezia Giulia,HOUS_DIFF_TRANS_VQ,Households declaring to live in an area where some problems are present: difficulties of links with public transport means: very much and quite,HSC_F,Per 100 households with the same characteristics,2024,26.4
A,Annual,ITD4,Friuli-Venezia Giulia,HOUS_TRAFFIC_V,Households declaring to live in an area where some problems are present: traffic: very much,HSC_F,Per 100 households with the same characteristics,2010,12.7
A,Annual,ITD4,Friuli-Venezia Giulia,HOUS_TRAFFIC_V,Households declaring to live in an area where some problems are present: traffic: very much,HSC_F,Per 100 households with the same characteristics,2011,9.8
A,Annual,ITD4,Friuli-Venezia Giulia,HOUS_TRAFFIC_V,Households declaring to live in an area where some problems are present: traffic: very much,HSC_F,Per 100 households with the same characteristics,2012,10.4
A,Annual,ITD4,Friuli-Venezia Giulia,HOUS_TRAFFIC_V,Households declaring to live in an area where some problems are present: traffic: very much,HSC_F,Per 100 households with the same characteristics,2013,9.2
A,Annual,ITD4,Friuli-Venezia Giulia,HOUS_TRAFFIC_V,Households declaring to live in an area where some problems are present: traffic: very much,HSC_F,Per 100 households with the same characteristics,2014,8.7
A,Annual,ITD4,Friuli-Venezia Giulia,HOUS_TRAFFIC_V,Households declaring to live in an area where some problems are present: traffic: very much,HSC_F,Per 100 households with the same characteristics,2015,11.8
A,Annual,ITD4,Friuli-Venezia Giulia,HOUS_TRAFFIC_V,Households declaring to live in an area where some problems are present: traffic: very much,HSC_F,Per 100 households with the same characteristics,2016,8.6
A,Annual,ITD4,Friuli-Venezia Giulia,HOUS_TRAFFIC_V,Households declaring to live in an area where some problems are present: traffic: very much,HSC_F,Per 100 households with the same characteristics,2017,7.1
A,Annual,ITD4,Friuli-Venezia Giulia,HOUS_TRAFFIC_V,Households declaring to live in an area where some problems are present: traffic: very much,HSC_F,Per 100 households with the same characteristics,2018,8.3
A,Annual,ITD4,Friuli-Venezia Giulia,HOUS_TRAFFIC_V,Households declaring to live in an area where some problems are present: traffic: very much,HSC_F,Per 100 households with the same characteristics,2019,8.7
A,Annual,ITD4,Friuli-Venezia Giulia,HOUS_TRAFFIC_V,Households declaring to live in an area where some problems are present: traffic: very much,HSC_F,Per 100 households with the same characteristics,2020,6.2
A,Annual,ITD4,Friuli-Venezia Giulia,HOUS_TRAFFIC_V,Households declaring to live in an area where some problems are present: traffic: very much,HSC_F,Per 100 households with the same characteristics,2021,5.3
A,Annual,ITD4,Friuli-Venezia Giulia,HOUS_TRAFFIC_V,Households declaring to live in an area where some problems are present: traffic: very much,HSC_F,Per 100 households with the same characteristics,2022,8.4
A,Annual,ITD4,Friuli-Venezia Giulia,HOUS_TRAFFIC_V,Households declaring to live in an area where some problems are present: traffic: very much,HSC_F,Per 100 households with the same characteristics,2023,7.6
A,Annual,ITD4,Friuli-Venezia Giulia,HOUS_TRAFFIC_V,Households declaring to live in an area where some problems are present: traffic: very much,HSC_F,Per 100 households with the same characteristics,2024,9.2
A,Annual,ITD4,Friuli-Venezia Giulia,HOUS_TRAFFIC_VQ,Households declaring to live in an area where some problems are present: traffic: very much and quite,HSC_F,Per 100 households with the same characteristics,2010,36.6
A,Annual,ITD4,Friuli-Venezia Giulia,HOUS_TRAFFIC_VQ,Households declaring to live in an area where some problems are present: traffic: very much and quite,HSC_F,Per 100 households with the same characteristics,2011,33.8
A,Annual,ITD4,Friuli-Venezia Giulia,HOUS_TRAFFIC_VQ,Households declaring to live in an area where some problems are present: traffic: very much and quite,HSC_F,Per 100 households with the same characteristics,2012,31.7
A,Annual,ITD4,Friuli-Venezia Giulia,HOUS_TRAFFIC_VQ,Households declaring to live in an area where some problems are present: traffic: very much and quite,HSC_F,Per 100 households with the same characteristics,2013,31.1
A,Annual,ITD4,Friuli-Venezia Giulia,HOUS_TRAFFIC_VQ,Households declaring to live in an area where some problems are present: traffic: very much and quite,HSC_F,Per 100 households with the same characteristics,2014,30.1
A,Annual,ITD4,Friuli-Venezia Giulia,HOUS_TRAFFIC_VQ,Households declaring to live in an area where some problems are present: traffic: very much and quite,HSC_F,Per 100 households with the same characteristics,2015,31.7
A,Annual,ITD4,Friuli-Venezia Giulia,HOUS_TRAFFIC_VQ,Households declaring to live in an area where some problems are present: traffic: very much and quite,HSC_F,Per 100 households with the same characteristics,2016,30.9
A,Annual,ITD4,Friuli-Venezia Giulia,HOUS_TRAFFIC_VQ,Households declaring to live in an area where some problems are present: traffic: very much and quite,HSC_F,Per 100 households with the same characteristics,2017,31
A,Annual,ITD4,Friuli-Venezia Giulia,HOUS_TRAFFIC_VQ,Households declaring to live in an area where some problems are present: traffic: very much and quite,HSC_F,Per 100 households with the same characteristics,2018,32.9
A,Annual,ITD4,Friuli-Venezia Giulia,HOUS_TRAFFIC_VQ,Households declaring to live in an area where some problems are present: traffic: very much and quite,HSC_F,Per 100 households with the same characteristics,2019,30.3
A,Annual,ITD4,Friuli-Venezia Giulia,HOUS_TRAFFIC_VQ,Households declaring to live in an area where some problems are present: traffic: very much and quite,HSC_F,Per 100 households with the same characteristics,2020,29.6
A,Annual,ITD4,Friuli-Venezia Giulia,HOUS_TRAFFIC_VQ,Households declaring to live in an area where some problems are present: traffic: very much and quite,HSC_F,Per 100 households with the same characteristics,2021,25.8
A,Annual,ITD4,Friuli-Venezia Giulia,HOUS_TRAFFIC_VQ,Households declaring to live in an area where some problems are present: traffic: very much and quite,HSC_F,Per 100 households with the same characteristics,2022,30.5
A,Annual,ITD4,Friuli-Venezia Giulia,HOUS_TRAFFIC_VQ,Households declaring to live in an area where some problems are present: traffic: very much and quite,HSC_F,Per 100 households with the same characteristics,2023,32.1
A,Annual,ITD4,Friuli-Venezia Giulia,HOUS_TRAFFIC_VQ,Households declaring to live in an area where some problems are present: traffic: very much and quite,HSC_F,Per 100 households with the same characteristics,2024,32.2
A,Annual,ITD4,Friuli-Venezia Giulia,HOUS_STRLIGHT_V,Households declaring to live in an area where some problems are present: poor street lighting: very much,HSC_F,Per 100 households with the same characteristics,2010,3.8
A,Annual,ITD4,Friuli-Venezia Giulia,HOUS_STRLIGHT_V,Households declaring to live in an area where some problems are present: poor street lighting: very much,HSC_F,Per 100 households with the same characteristics,2011,5.5
A,Annual,ITD4,Friuli-Venezia Giulia,HOUS_STRLIGHT_V,Households declaring to live in an area where some problems are present: poor street lighting: very much,HSC_F,Per 100 households with the same characteristics,2012,4.5
A,Annual,ITD4,Friuli-Venezia Giulia,HOUS_STRLIGHT_V,Households declaring to live in an area where some problems are present: poor street lighting: very much,HSC_F,Per 100 households with the same characteristics,2013,4.4
A,Annual,ITD4,Friuli-Venezia Giulia,HOUS_STRLIGHT_V,Households declaring to live in an area where some problems are present: poor street lighting: very much,HSC_F,Per 100 households with the same characteristics,2014,5.5
A,Annual,ITD4,Friuli-Venezia Giulia,HOUS_STRLIGHT_V,Households declaring to live in an area where some problems are present: poor street lighting: very much,HSC_F,Per 100 households with the same characteristics,2015,6.9
A,Annual,ITD4,Friuli-Venezia Giulia,HOUS_STRLIGHT_V,Households declaring to live in an area where some problems are present: poor street lighting: very much,HSC_F,Per 100 households with the same characteristics,2016,5.4
A,Annual,ITD4,Friuli-Venezia Giulia,HOUS_STRLIGHT_V,Households declaring to live in an area where some problems are present: poor street lighting: very much,HSC_F,Per 100 households with the same characteristics,2017,4.3
A,Annual,ITD4,Friuli-Venezia Giulia,HOUS_STRLIGHT_V,Households declaring to live in an area where some problems are present: poor street lighting: very much,HSC_F,Per 100 households with the same characteristics,2018,3.5
A,Annual,ITD4,Friuli-Venezia Giulia,HOUS_STRLIGHT_V,Households declaring to live in an area where some problems are present: poor street lighting: very much,HSC_F,Per 100 households with the same characteristics,2019,6.9
A,Annual,ITD4,Friuli-Venezia Giulia,HOUS_STRLIGHT_V,Households declaring to live in an area where some problems are present: poor street lighting: very much,HSC_F,Per 100 households with the same characteristics,2020,4.6
A,Annual,ITD4,Friuli-Venezia Giulia,HOUS_STRLIGHT_V,Households declaring to live in an area where some problems are present: poor street lighting: very much,HSC_F,Per 100 households with the same characteristics,2021,3.8
A,Annual,ITD4,Friuli-Venezia Giulia,HOUS_STRLIGHT_V,Households declaring to live in an area where some problems are present: poor street lighting: very much,HSC_F,Per 100 households with the same characteristics,2022,5.2
A,Annual,ITD4,Friuli-Venezia Giulia,HOUS_STRLIGHT_V,Households declaring to live in an area where some problems are present: poor street lighting: very much,HSC_F,Per 100 households with the same characteristics,2023,7.9
A,Annual,ITD4,Friuli-Venezia Giulia,HOUS_STRLIGHT_V,Households declaring to live in an area where some problems are present: poor street lighting: very much,HSC_F,Per 100 households with the same characteristics,2024,6.3
A,Annual,ITD4,Friuli-Venezia Giulia,HOUS_STRLIGHT_VQ,Households declaring to live in an area where some problems are present: poor street lighting: very much and quite,HSC_F,Per 100 households with the same characteristics,2010,20.6
A,Annual,ITD4,Friuli-Venezia Giulia,HOUS_STRLIGHT_VQ,Households declaring to live in an area where some problems are present: poor street lighting: very much and quite,HSC_F,Per 100 households with the same characteristics,2011,19.9
A,Annual,ITD4,Friuli-Venezia Giulia,HOUS_STRLIGHT_VQ,Households declaring to live in an area where some problems are present: poor street lighting: very much and quite,HSC_F,Per 100 households with the same characteristics,2012,17.5
A,Annual,ITD4,Friuli-Venezia Giulia,HOUS_STRLIGHT_VQ,Households declaring to live in an area where some problems are present: poor street lighting: very much and quite,HSC_F,Per 100 households with the same characteristics,2013,21.3
A,Annual,ITD4,Friuli-Venezia Giulia,HOUS_STRLIGHT_VQ,Households declaring to live in an area where some problems are present: poor street lighting: very much and quite,HSC_F,Per 100 households with the same characteristics,2014,21.7
A,Annual,ITD4,Friuli-Venezia Giulia,HOUS_STRLIGHT_VQ,Households declaring to live in an area where some problems are present: poor street lighting: very much and quite,HSC_F,Per 100 households with the same characteristics,2015,26.1
A,Annual,ITD4,Friuli-Venezia Giulia,HOUS_STRLIGHT_VQ,Households declaring to live in an area where some problems are present: poor street lighting: very much and quite,HSC_F,Per 100 households with the same characteristics,2016,21.9
A,Annual,ITD4,Friuli-Venezia Giulia,HOUS_STRLIGHT_VQ,Households declaring to live in an area where some problems are present: poor street lighting: very much and quite,HSC_F,Per 100 households with the same characteristics,2017,19.7
A,Annual,ITD4,Friuli-Venezia Giulia,HOUS_STRLIGHT_VQ,Households declaring to live in an area where some problems are present: poor street lighting: very much and quite,HSC_F,Per 100 households with the same characteristics,2018,19.6
A,Annual,ITD4,Friuli-Venezia Giulia,HOUS_STRLIGHT_VQ,Households declaring to live in an area where some problems are present: poor street lighting: very much and quite,HSC_F,Per 100 households with the same characteristics,2019,22.6
A,Annual,ITD4,Friuli-Venezia Giulia,HOUS_STRLIGHT_VQ,Households declaring to live in an area where some problems are present: poor street lighting: very much and quite,HSC_F,Per 100 households with the same characteristics,2020,17.5
A,Annual,ITD4,Friuli-Venezia Giulia,HOUS_STRLIGHT_VQ,Households declaring to live in an area where some problems are present: poor street lighting: very much and quite,HSC_F,Per 100 households with the same characteristics,2021,18.9
A,Annual,ITD4,Friuli-Venezia Giulia,HOUS_STRLIGHT_VQ,Households declaring to live in an area where some problems are present: poor street lighting: very much and quite,HSC_F,Per 100 households with the same characteristics,2022,18.3
A,Annual,ITD4,Friuli-Venezia Giulia,HOUS_STRLIGHT_VQ,Households declaring to live in an area where some problems are present: poor street lighting: very much and quite,HSC_F,Per 100 households with the same characteristics,2023,27.4
A,Annual,ITD4,Friuli-Venezia Giulia,HOUS_STRLIGHT_VQ,Households declaring to live in an area where some problems are present: poor street lighting: very much and quite,HSC_F,Per 100 households with the same characteristics,2024,25.4
A,Annual,ITD4,Friuli-Venezia Giulia,HOUS_PROAD_V,Households declaring to live in an area where some problems are present: poor road conditions: very much,HSC_F,Per 100 households with the same characteristics,2010,14.5
A,Annual,ITD4,Friuli-Venezia Giulia,HOUS_PROAD_V,Households declaring to live in an area where some problems are present: poor road conditions: very much,HSC_F,Per 100 households with the same characteristics,2011,16.7
A,Annual,ITD4,Friuli-Venezia Giulia,HOUS_PROAD_V,Households declaring to live in an area where some problems are present: poor road conditions: very much,HSC_F,Per 100 households with the same characteristics,2012,14.7
A,Annual,ITD4,Friuli-Venezia Giulia,HOUS_PROAD_V,Households declaring to live in an area where some problems are present: poor road conditions: very much,HSC_F,Per 100 households with the same characteristics,2013,16.2
A,Annual,ITD4,Friuli-Venezia Giulia,HOUS_PROAD_V,Households declaring to live in an area where some problems are present: poor road conditions: very much,HSC_F,Per 100 households with the same characteristics,2014,12.1
A,Annual,ITD4,Friuli-Venezia Giulia,HOUS_PROAD_V,Households declaring to live in an area where some problems are present: poor road conditions: very much,HSC_F,Per 100 households with the same characteristics,2015,14.8
A,Annual,ITD4,Friuli-Venezia Giulia,HOUS_PROAD_V,Households declaring to live in an area where some problems are present: poor road conditions: very much,HSC_F,Per 100 households with the same characteristics,2016,12.2
A,Annual,ITD4,Friuli-Venezia Giulia,HOUS_PROAD_V,Households declaring to live in an area where some problems are present: poor road conditions: very much,HSC_F,Per 100 households with the same characteristics,2017,11.7
A,Annual,ITD4,Friuli-Venezia Giulia,HOUS_PROAD_V,Households declaring to live in an area where some problems are present: poor road conditions: very much,HSC_F,Per 100 households with the same characteristics,2018,11.5
A,Annual,ITD4,Friuli-Venezia Giulia,HOUS_PROAD_V,Households declaring to live in an area where some problems are present: poor road conditions: very much,HSC_F,Per 100 households with the same characteristics,2019,10.9
A,Annual,ITD4,Friuli-Venezia Giulia,HOUS_PROAD_V,Households declaring to live in an area where some problems are present: poor road conditions: very much,HSC_F,Per 100 households with the same characteristics,2020,8.2
A,Annual,ITD4,Friuli-Venezia Giulia,HOUS_PROAD_V,Households declaring to live in an area where some problems are present: poor road conditions: very much,HSC_F,Per 100 households with the same characteristics,2021,11
A,Annual,ITD4,Friuli-Venezia Giulia,HOUS_PROAD_V,Households declaring to live in an area where some problems are present: poor road conditions: very much,HSC_F,Per 100 households with the same characteristics,2022,11.9
A,Annual,ITD4,Friuli-Venezia Giulia,HOUS_PROAD_V,Households declaring to live in an area where some problems are present: poor road conditions: very much,HSC_F,Per 100 households with the same characteristics,2023,12.2
A,Annual,ITD4,Friuli-Venezia Giulia,HOUS_PROAD_V,Households declaring to live in an area where some problems are present: poor road conditions: very much,HSC_F,Per 100 households with the same characteristics,2024,15.6
A,Annual,ITD4,Friuli-Venezia Giulia,HOUS_PROAD_VQ,Households declaring to live in an area where some problems are present: poor road conditions: very much and quite,HSC_F,Per 100 households with the same characteristics,2010,38.8
A,Annual,ITD4,Friuli-Venezia Giulia,HOUS_PROAD_VQ,Households declaring to live in an area where some problems are present: poor road conditions: very much and quite,HSC_F,Per 100 households with the same characteristics,2011,38.7
A,Annual,ITD4,Friuli-Venezia Giulia,HOUS_PROAD_VQ,Households declaring to live in an area where some problems are present: poor road conditions: very much and quite,HSC_F,Per 100 households with the same characteristics,2012,37.4
A,Annual,ITD4,Friuli-Venezia Giulia,HOUS_PROAD_VQ,Households declaring to live in an area where some problems are present: poor road conditions: very much and quite,HSC_F,Per 100 households with the same characteristics,2013,43.1
A,Annual,ITD4,Friuli-Venezia Giulia,HOUS_PROAD_VQ,Households declaring to live in an area where some problems are present: poor road conditions: very much and quite,HSC_F,Per 100 households with the same characteristics,2014,36.5
A,Annual,ITD4,Friuli-Venezia Giulia,HOUS_PROAD_VQ,Households declaring to live in an area where some problems are present: poor road conditions: very much and quite,HSC_F,Per 100 households with the same characteristics,2015,43.1
A,Annual,ITD4,Friuli-Venezia Giulia,HOUS_PROAD_VQ,Households declaring to live in an area where some problems are present: poor road conditions: very much and quite,HSC_F,Per 100 households with the same characteristics,2016,35.3
A,Annual,ITD4,Friuli-Venezia Giulia,HOUS_PROAD_VQ,Households declaring to live in an area where some problems are present: poor road conditions: very much and quite,HSC_F,Per 100 households with the same characteristics,2017,36.1
A,Annual,ITD4,Friuli-Venezia Giulia,HOUS_PROAD_VQ,Households declaring to live in an area where some problems are present: poor road conditions: very much and quite,HSC_F,Per 100 households with the same characteristics,2018,34.6
A,Annual,ITD4,Friuli-Venezia Giulia,HOUS_PROAD_VQ,Households declaring to live in an area where some problems are present: poor road conditions: very much and quite,HSC_F,Per 100 households with the same characteristics,2019,35
A,Annual,ITD4,Friuli-Venezia Giulia,HOUS_PROAD_VQ,Households declaring to live in an area where some problems are present: poor road conditions: very much and quite,HSC_F,Per 100 households with the same characteristics,2020,31.2
A,Annual,ITD4,Friuli-Venezia Giulia,HOUS_PROAD_VQ,Households declaring to live in an area where some problems are present: poor road conditions: very much and quite,HSC_F,Per 100 households with the same characteristics,2021,37.7
A,Annual,ITD4,Friuli-Venezia Giulia,HOUS_PROAD_VQ,Households declaring to live in an area where some problems are present: poor road conditions: very much and quite,HSC_F,Per 100 households with the same characteristics,2022,33.7
A,Annual,ITD4,Friuli-Venezia Giulia,HOUS_PROAD_VQ,Households declaring to live in an area where some problems are present: poor road conditions: very much and quite,HSC_F,Per 100 households with the same characteristics,2023,37.1
A,Annual,ITD4,Friuli-Venezia Giulia,HOUS_PROAD_VQ,Households declaring to live in an area where some problems are present: poor road conditions: very much and quite,HSC_F,Per 100 households with the same characteristics,2024,43.4
A,Annual,ITD5,Emilia-Romagna,HOUS_DIFFPARK_V,Households declaring to live in an area where some problems are present: difficult parking: very much,HSC_F,Per 100 households with the same characteristics,2010,13.1
A,Annual,ITD5,Emilia-Romagna,HOUS_DIFFPARK_V,Households declaring to live in an area where some problems are present: difficult parking: very much,HSC_F,Per 100 households with the same characteristics,2011,14.1
A,Annual,ITD5,Emilia-Romagna,HOUS_DIFFPARK_V,Households declaring to live in an area where some problems are present: difficult parking: very much,HSC_F,Per 100 households with the same characteristics,2012,11.8
A,Annual,ITD5,Emilia-Romagna,HOUS_DIFFPARK_V,Households declaring to live in an area where some problems are present: difficult parking: very much,HSC_F,Per 100 households with the same characteristics,2013,9.7
A,Annual,ITD5,Emilia-Romagna,HOUS_DIFFPARK_V,Households declaring to live in an area where some problems are present: difficult parking: very much,HSC_F,Per 100 households with the same characteristics,2014,11.2
A,Annual,ITD5,Emilia-Romagna,HOUS_DIFFPARK_V,Households declaring to live in an area where some problems are present: difficult parking: very much,HSC_F,Per 100 households with the same characteristics,2015,10.6
A,Annual,ITD5,Emilia-Romagna,HOUS_DIFFPARK_V,Households declaring to live in an area where some problems are present: difficult parking: very much,HSC_F,Per 100 households with the same characteristics,2016,8.9
A,Annual,ITD5,Emilia-Romagna,HOUS_DIFFPARK_V,Households declaring to live in an area where some problems are present: difficult parking: very much,HSC_F,Per 100 households with the same characteristics,2017,11.1
A,Annual,ITD5,Emilia-Romagna,HOUS_DIFFPARK_V,Households declaring to live in an area where some problems are present: difficult parking: very much,HSC_F,Per 100 households with the same characteristics,2018,10.1
A,Annual,ITD5,Emilia-Romagna,HOUS_DIFFPARK_V,Households declaring to live in an area where some problems are present: difficult parking: very much,HSC_F,Per 100 households with the same characteristics,2019,10.7
A,Annual,ITD5,Emilia-Romagna,HOUS_DIFFPARK_V,Households declaring to live in an area where some problems are present: difficult parking: very much,HSC_F,Per 100 households with the same characteristics,2020,11.4
A,Annual,ITD5,Emilia-Romagna,HOUS_DIFFPARK_V,Households declaring to live in an area where some problems are present: difficult parking: very much,HSC_F,Per 100 households with the same characteristics,2021,9.9
A,Annual,ITD5,Emilia-Romagna,HOUS_DIFFPARK_V,Households declaring to live in an area where some problems are present: difficult parking: very much,HSC_F,Per 100 households with the same characteristics,2022,9.8
A,Annual,ITD5,Emilia-Romagna,HOUS_DIFFPARK_V,Households declaring to live in an area where some problems are present: difficult parking: very much,HSC_F,Per 100 households with the same characteristics,2023,12.7
A,Annual,ITD5,Emilia-Romagna,HOUS_DIFFPARK_V,Households declaring to live in an area where some problems are present: difficult parking: very much,HSC_F,Per 100 households with the same characteristics,2024,13.4
A,Annual,ITD5,Emilia-Romagna,HOUS_DIFFPARK_VQ,Households declaring to live in an area where some problems are present: difficult parking: very much and quite,HSC_F,Per 100 households with the same characteristics,2010,30.1
A,Annual,ITD5,Emilia-Romagna,HOUS_DIFFPARK_VQ,Households declaring to live in an area where some problems are present: difficult parking: very much and quite,HSC_F,Per 100 households with the same characteristics,2011,28.9
A,Annual,ITD5,Emilia-Romagna,HOUS_DIFFPARK_VQ,Households declaring to live in an area where some problems are present: difficult parking: very much and quite,HSC_F,Per 100 households with the same characteristics,2012,27.1
A,Annual,ITD5,Emilia-Romagna,HOUS_DIFFPARK_VQ,Households declaring to live in an area where some problems are present: difficult parking: very much and quite,HSC_F,Per 100 households with the same characteristics,2013,27.2
A,Annual,ITD5,Emilia-Romagna,HOUS_DIFFPARK_VQ,Households declaring to live in an area where some problems are present: difficult parking: very much and quite,HSC_F,Per 100 households with the same characteristics,2014,27.8
A,Annual,ITD5,Emilia-Romagna,HOUS_DIFFPARK_VQ,Households declaring to live in an area where some problems are present: difficult parking: very much and quite,HSC_F,Per 100 households with the same characteristics,2015,28.6
A,Annual,ITD5,Emilia-Romagna,HOUS_DIFFPARK_VQ,Households declaring to live in an area where some problems are present: difficult parking: very much and quite,HSC_F,Per 100 households with the same characteristics,2016,25.4
A,Annual,ITD5,Emilia-Romagna,HOUS_DIFFPARK_VQ,Households declaring to live in an area where some problems are present: difficult parking: very much and quite,HSC_F,Per 100 households with the same characteristics,2017,27.4
A,Annual,ITD5,Emilia-Romagna,HOUS_DIFFPARK_VQ,Households declaring to live in an area where some problems are present: difficult parking: very much and quite,HSC_F,Per 100 households with the same characteristics,2018,27.3
A,Annual,ITD5,Emilia-Romagna,HOUS_DIFFPARK_VQ,Households declaring to live in an area where some problems are present: difficult parking: very much and quite,HSC_F,Per 100 households with the same characteristics,2019,29.9
A,Annual,ITD5,Emilia-Romagna,HOUS_DIFFPARK_VQ,Households declaring to live in an area where some problems are present: difficult parking: very much and quite,HSC_F,Per 100 households with the same characteristics,2020,28.2
A,Annual,ITD5,Emilia-Romagna,HOUS_DIFFPARK_VQ,Households declaring to live in an area where some problems are present: difficult parking: very much and quite,HSC_F,Per 100 households with the same characteristics,2021,26.2
A,Annual,ITD5,Emilia-Romagna,HOUS_DIFFPARK_VQ,Households declaring to live in an area where some problems are present: difficult parking: very much and quite,HSC_F,Per 100 households with the same characteristics,2022,30.1
A,Annual,ITD5,Emilia-Romagna,HOUS_DIFFPARK_VQ,Households declaring to live in an area where some problems are present: difficult parking: very much and quite,HSC_F,Per 100 households with the same characteristics,2023,30.5
A,Annual,ITD5,Emilia-Romagna,HOUS_DIFFPARK_VQ,Households declaring to live in an area where some problems are present: difficult parking: very much and quite,HSC_F,Per 100 households with the same characteristics,2024,31.7
A,Annual,ITD5,Emilia-Romagna,HOUS_DIFF_TRANS_V,Households declaring to live in an area where some problems are present: difficulties of links with public transport means: very much,HSC_F,Per 100 households with the same characteristics,2010,8.7
A,Annual,ITD5,Emilia-Romagna,HOUS_DIFF_TRANS_V,Households declaring to live in an area where some problems are present: difficulties of links with public transport means: very much,HSC_F,Per 100 households with the same characteristics,2011,8.6
A,Annual,ITD5,Emilia-Romagna,HOUS_DIFF_TRANS_V,Households declaring to live in an area where some problems are present: difficulties of links with public transport means: very much,HSC_F,Per 100 households with the same characteristics,2012,9.1
A,Annual,ITD5,Emilia-Romagna,HOUS_DIFF_TRANS_V,Households declaring to live in an area where some problems are present: difficulties of links with public transport means: very much,HSC_F,Per 100 households with the same characteristics,2013,8.7
A,Annual,ITD5,Emilia-Romagna,HOUS_DIFF_TRANS_V,Households declaring to live in an area where some problems are present: difficulties of links with public transport means: very much,HSC_F,Per 100 households with the same characteristics,2014,8.9
A,Annual,ITD5,Emilia-Romagna,HOUS_DIFF_TRANS_V,Households declaring to live in an area where some problems are present: difficulties of links with public transport means: very much,HSC_F,Per 100 households with the same characteristics,2015,8.7
A,Annual,ITD5,Emilia-Romagna,HOUS_DIFF_TRANS_V,Households declaring to live in an area where some problems are present: difficulties of links with public transport means: very much,HSC_F,Per 100 households with the same characteristics,2016,9.9
A,Annual,ITD5,Emilia-Romagna,HOUS_DIFF_TRANS_V,Households declaring to live in an area where some problems are present: difficulties of links with public transport means: very much,HSC_F,Per 100 households with the same characteristics,2017,10
A,Annual,ITD5,Emilia-Romagna,HOUS_DIFF_TRANS_V,Households declaring to live in an area where some problems are present: difficulties of links with public transport means: very much,HSC_F,Per 100 households with the same characteristics,2018,9.1
A,Annual,ITD5,Emilia-Romagna,HOUS_DIFF_TRANS_V,Households declaring to live in an area where some problems are present: difficulties of links with public transport means: very much,HSC_F,Per 100 households with the same characteristics,2019,8.7
A,Annual,ITD5,Emilia-Romagna,HOUS_DIFF_TRANS_V,Households declaring to live in an area where some problems are present: difficulties of links with public transport means: very much,HSC_F,Per 100 households with the same characteristics,2020,6.9
A,Annual,ITD5,Emilia-Romagna,HOUS_DIFF_TRANS_V,Households declaring to live in an area where some problems are present: difficulties of links with public transport means: very much,HSC_F,Per 100 households with the same characteristics,2021,6.8
A,Annual,ITD5,Emilia-Romagna,HOUS_DIFF_TRANS_V,Households declaring to live in an area where some problems are present: difficulties of links with public transport means: very much,HSC_F,Per 100 households with the same characteristics,2022,6.6
A,Annual,ITD5,Emilia-Romagna,HOUS_DIFF_TRANS_V,Households declaring to live in an area where some problems are present: difficulties of links with public transport means: very much,HSC_F,Per 100 households with the same characteristics,2023,8.9
A,Annual,ITD5,Emilia-Romagna,HOUS_DIFF_TRANS_V,Households declaring to live in an area where some problems are present: difficulties of links with public transport means: very much,HSC_F,Per 100 households with the same characteristics,2024,9.6
A,Annual,ITD5,Emilia-Romagna,HOUS_DIFF_TRANS_VQ,Households declaring to live in an area where some problems are present: difficulties of links with public transport means: very much and quite,HSC_F,Per 100 households with the same characteristics,2010,23.6
A,Annual,ITD5,Emilia-Romagna,HOUS_DIFF_TRANS_VQ,Households declaring to live in an area where some problems are present: difficulties of links with public transport means: very much and quite,HSC_F,Per 100 households with the same characteristics,2011,22.7
A,Annual,ITD5,Emilia-Romagna,HOUS_DIFF_TRANS_VQ,Households declaring to live in an area where some problems are present: difficulties of links with public transport means: very much and quite,HSC_F,Per 100 households with the same characteristics,2012,23.8
A,Annual,ITD5,Emilia-Romagna,HOUS_DIFF_TRANS_VQ,Households declaring to live in an area where some problems are present: difficulties of links with public transport means: very much and quite,HSC_F,Per 100 households with the same characteristics,2013,27.6
A,Annual,ITD5,Emilia-Romagna,HOUS_DIFF_TRANS_VQ,Households declaring to live in an area where some problems are present: difficulties of links with public transport means: very much and quite,HSC_F,Per 100 households with the same characteristics,2014,24.2
A,Annual,ITD5,Emilia-Romagna,HOUS_DIFF_TRANS_VQ,Households declaring to live in an area where some problems are present: difficulties of links with public transport means: very much and quite,HSC_F,Per 100 households with the same characteristics,2015,26.5
A,Annual,ITD5,Emilia-Romagna,HOUS_DIFF_TRANS_VQ,Households declaring to live in an area where some problems are present: difficulties of links with public transport means: very much and quite,HSC_F,Per 100 households with the same characteristics,2016,28.6
A,Annual,ITD5,Emilia-Romagna,HOUS_DIFF_TRANS_VQ,Households declaring to live in an area where some problems are present: difficulties of links with public transport means: very much and quite,HSC_F,Per 100 households with the same characteristics,2017,27.2
A,Annual,ITD5,Emilia-Romagna,HOUS_DIFF_TRANS_VQ,Households declaring to live in an area where some problems are present: difficulties of links with public transport means: very much and quite,HSC_F,Per 100 households with the same characteristics,2018,25.7
A,Annual,ITD5,Emilia-Romagna,HOUS_DIFF_TRANS_VQ,Households declaring to live in an area where some problems are present: difficulties of links with public transport means: very much and quite,HSC_F,Per 100 households with the same characteristics,2019,25.3
A,Annual,ITD5,Emilia-Romagna,HOUS_DIFF_TRANS_VQ,Households declaring to live in an area where some problems are present: difficulties of links with public transport means: very much and quite,HSC_F,Per 100 households with the same characteristics,2020,21.3
A,Annual,ITD5,Emilia-Romagna,HOUS_DIFF_TRANS_VQ,Households declaring to live in an area where some problems are present: difficulties of links with public transport means: very much and quite,HSC_F,Per 100 households with the same characteristics,2021,21.1
A,Annual,ITD5,Emilia-Romagna,HOUS_DIFF_TRANS_VQ,Households declaring to live in an area where some problems are present: difficulties of links with public transport means: very much and quite,HSC_F,Per 100 households with the same characteristics,2022,21.5
A,Annual,ITD5,Emilia-Romagna,HOUS_DIFF_TRANS_VQ,Households declaring to live in an area where some problems are present: difficulties of links with public transport means: very much and quite,HSC_F,Per 100 households with the same characteristics,2023,26.1
A,Annual,ITD5,Emilia-Romagna,HOUS_DIFF_TRANS_VQ,Households declaring to live in an area where some problems are present: difficulties of links with public transport means: very much and quite,HSC_F,Per 100 households with the same characteristics,2024,27.3
A,Annual,ITD5,Emilia-Romagna,HOUS_TRAFFIC_V,Households declaring to live in an area where some problems are present: traffic: very much,HSC_F,Per 100 households with the same characteristics,2010,13
A,Annual,ITD5,Emilia-Romagna,HOUS_TRAFFIC_V,Households declaring to live in an area where some problems are present: traffic: very much,HSC_F,Per 100 households with the same characteristics,2011,13.8
A,Annual,ITD5,Emilia-Romagna,HOUS_TRAFFIC_V,Households declaring to live in an area where some problems are present: traffic: very much,HSC_F,Per 100 households with the same characteristics,2012,11.6
A,Annual,ITD5,Emilia-Romagna,HOUS_TRAFFIC_V,Households declaring to live in an area where some problems are present: traffic: very much,HSC_F,Per 100 households with the same characteristics,2013,11.5
A,Annual,ITD5,Emilia-Romagna,HOUS_TRAFFIC_V,Households declaring to live in an area where some problems are present: traffic: very much,HSC_F,Per 100 households with the same characteristics,2014,11.8
A,Annual,ITD5,Emilia-Romagna,HOUS_TRAFFIC_V,Households declaring to live in an area where some problems are present: traffic: very much,HSC_F,Per 100 households with the same characteristics,2015,11
A,Annual,ITD5,Emilia-Romagna,HOUS_TRAFFIC_V,Households declaring to live in an area where some problems are present: traffic: very much,HSC_F,Per 100 households with the same characteristics,2016,12.1
A,Annual,ITD5,Emilia-Romagna,HOUS_TRAFFIC_V,Households declaring to live in an area where some problems are present: traffic: very much,HSC_F,Per 100 households with the same characteristics,2017,10
A,Annual,ITD5,Emilia-Romagna,HOUS_TRAFFIC_V,Households declaring to live in an area where some problems are present: traffic: very much,HSC_F,Per 100 households with the same characteristics,2018,9.3
A,Annual,ITD5,Emilia-Romagna,HOUS_TRAFFIC_V,Households declaring to live in an area where some problems are present: traffic: very much,HSC_F,Per 100 households with the same characteristics,2019,10.3
A,Annual,ITD5,Emilia-Romagna,HOUS_TRAFFIC_V,Households declaring to live in an area where some problems are present: traffic: very much,HSC_F,Per 100 households with the same characteristics,2020,9.2
A,Annual,ITD5,Emilia-Romagna,HOUS_TRAFFIC_V,Households declaring to live in an area where some problems are present: traffic: very much,HSC_F,Per 100 households with the same characteristics,2021,8.2
A,Annual,ITD5,Emilia-Romagna,HOUS_TRAFFIC_V,Households declaring to live in an area where some problems are present: traffic: very much,HSC_F,Per 100 households with the same characteristics,2022,8.3
A,Annual,ITD5,Emilia-Romagna,HOUS_TRAFFIC_V,Households declaring to live in an area where some problems are present: traffic: very much,HSC_F,Per 100 households with the same characteristics,2023,11.4
A,Annual,ITD5,Emilia-Romagna,HOUS_TRAFFIC_V,Households declaring to live in an area where some problems are present: traffic: very much,HSC_F,Per 100 households with the same characteristics,2024,11.5
A,Annual,ITD5,Emilia-Romagna,HOUS_TRAFFIC_VQ,Households declaring to live in an area where some problems are present: traffic: very much and quite,HSC_F,Per 100 households with the same characteristics,2010,37.3
A,Annual,ITD5,Emilia-Romagna,HOUS_TRAFFIC_VQ,Households declaring to live in an area where some problems are present: traffic: very much and quite,HSC_F,Per 100 households with the same characteristics,2011,40.4
A,Annual,ITD5,Emilia-Romagna,HOUS_TRAFFIC_VQ,Households declaring to live in an area where some problems are present: traffic: very much and quite,HSC_F,Per 100 households with the same characteristics,2012,33.4
A,Annual,ITD5,Emilia-Romagna,HOUS_TRAFFIC_VQ,Households declaring to live in an area where some problems are present: traffic: very much and quite,HSC_F,Per 100 households with the same characteristics,2013,34.9
A,Annual,ITD5,Emilia-Romagna,HOUS_TRAFFIC_VQ,Households declaring to live in an area where some problems are present: traffic: very much and quite,HSC_F,Per 100 households with the same characteristics,2014,33.5
A,Annual,ITD5,Emilia-Romagna,HOUS_TRAFFIC_VQ,Households declaring to live in an area where some problems are present: traffic: very much and quite,HSC_F,Per 100 households with the same characteristics,2015,36.2
A,Annual,ITD5,Emilia-Romagna,HOUS_TRAFFIC_VQ,Households declaring to live in an area where some problems are present: traffic: very much and quite,HSC_F,Per 100 households with the same characteristics,2016,35
A,Annual,ITD5,Emilia-Romagna,HOUS_TRAFFIC_VQ,Households declaring to live in an area where some problems are present: traffic: very much and quite,HSC_F,Per 100 households with the same characteristics,2017,35.4
A,Annual,ITD5,Emilia-Romagna,HOUS_TRAFFIC_VQ,Households declaring to live in an area where some problems are present: traffic: very much and quite,HSC_F,Per 100 households with the same characteristics,2018,34.1
A,Annual,ITD5,Emilia-Romagna,HOUS_TRAFFIC_VQ,Households declaring to live in an area where some problems are present: traffic: very much and quite,HSC_F,Per 100 households with the same characteristics,2019,35.1
A,Annual,ITD5,Emilia-Romagna,HOUS_TRAFFIC_VQ,Households declaring to live in an area where some problems are present: traffic: very much and quite,HSC_F,Per 100 households with the same characteristics,2020,36.3
A,Annual,ITD5,Emilia-Romagna,HOUS_TRAFFIC_VQ,Households declaring to live in an area where some problems are present: traffic: very much and quite,HSC_F,Per 100 households with the same characteristics,2021,33.5
A,Annual,ITD5,Emilia-Romagna,HOUS_TRAFFIC_VQ,Households declaring to live in an area where some problems are present: traffic: very much and quite,HSC_F,Per 100 households with the same characteristics,2022,33.9
A,Annual,ITD5,Emilia-Romagna,HOUS_TRAFFIC_VQ,Households declaring to live in an area where some problems are present: traffic: very much and quite,HSC_F,Per 100 households with the same characteristics,2023,36.6
A,Annual,ITD5,Emilia-Romagna,HOUS_TRAFFIC_VQ,Households declaring to live in an area where some problems are present: traffic: very much and quite,HSC_F,Per 100 households with the same characteristics,2024,38.5
A,Annual,ITD5,Emilia-Romagna,HOUS_STRLIGHT_V,Households declaring to live in an area where some problems are present: poor street lighting: very much,HSC_F,Per 100 households with the same characteristics,2010,10.6
A,Annual,ITD5,Emilia-Romagna,HOUS_STRLIGHT_V,Households declaring to live in an area where some problems are present: poor street lighting: very much,HSC_F,Per 100 households with the same characteristics,2011,10.4
A,Annual,ITD5,Emilia-Romagna,HOUS_STRLIGHT_V,Households declaring to live in an area where some problems are present: poor street lighting: very much,HSC_F,Per 100 households with the same characteristics,2012,8.6
A,Annual,ITD5,Emilia-Romagna,HOUS_STRLIGHT_V,Households declaring to live in an area where some problems are present: poor street lighting: very much,HSC_F,Per 100 households with the same characteristics,2013,8.4
A,Annual,ITD5,Emilia-Romagna,HOUS_STRLIGHT_V,Households declaring to live in an area where some problems are present: poor street lighting: very much,HSC_F,Per 100 households with the same characteristics,2014,8.2
A,Annual,ITD5,Emilia-Romagna,HOUS_STRLIGHT_V,Households declaring to live in an area where some problems are present: poor street lighting: very much,HSC_F,Per 100 households with the same characteristics,2015,10.6
A,Annual,ITD5,Emilia-Romagna,HOUS_STRLIGHT_V,Households declaring to live in an area where some problems are present: poor street lighting: very much,HSC_F,Per 100 households with the same characteristics,2016,9.3
A,Annual,ITD5,Emilia-Romagna,HOUS_STRLIGHT_V,Households declaring to live in an area where some problems are present: poor street lighting: very much,HSC_F,Per 100 households with the same characteristics,2017,8.3
A,Annual,ITD5,Emilia-Romagna,HOUS_STRLIGHT_V,Households declaring to live in an area where some problems are present: poor street lighting: very much,HSC_F,Per 100 households with the same characteristics,2018,7.5
A,Annual,ITD5,Emilia-Romagna,HOUS_STRLIGHT_V,Households declaring to live in an area where some problems are present: poor street lighting: very much,HSC_F,Per 100 households with the same characteristics,2019,8.4
A,Annual,ITD5,Emilia-Romagna,HOUS_STRLIGHT_V,Households declaring to live in an area where some problems are present: poor street lighting: very much,HSC_F,Per 100 households with the same characteristics,2020,5.9
A,Annual,ITD5,Emilia-Romagna,HOUS_STRLIGHT_V,Households declaring to live in an area where some problems are present: poor street lighting: very much,HSC_F,Per 100 households with the same characteristics,2021,6.2
A,Annual,ITD5,Emilia-Romagna,HOUS_STRLIGHT_V,Households declaring to live in an area where some problems are present: poor street lighting: very much,HSC_F,Per 100 households with the same characteristics,2022,5.9
A,Annual,ITD5,Emilia-Romagna,HOUS_STRLIGHT_V,Households declaring to live in an area where some problems are present: poor street lighting: very much,HSC_F,Per 100 households with the same characteristics,2023,8.6
A,Annual,ITD5,Emilia-Romagna,HOUS_STRLIGHT_V,Households declaring to live in an area where some problems are present: poor street lighting: very much,HSC_F,Per 100 households with the same characteristics,2024,7.4
A,Annual,ITD5,Emilia-Romagna,HOUS_STRLIGHT_VQ,Households declaring to live in an area where some problems are present: poor street lighting: very much and quite,HSC_F,Per 100 households with the same characteristics,2010,29.6
A,Annual,ITD5,Emilia-Romagna,HOUS_STRLIGHT_VQ,Households declaring to live in an area where some problems are present: poor street lighting: very much and quite,HSC_F,Per 100 households with the same characteristics,2011,28.8
A,Annual,ITD5,Emilia-Romagna,HOUS_STRLIGHT_VQ,Households declaring to live in an area where some problems are present: poor street lighting: very much and quite,HSC_F,Per 100 households with the same characteristics,2012,25.9
A,Annual,ITD5,Emilia-Romagna,HOUS_STRLIGHT_VQ,Households declaring to live in an area where some problems are present: poor street lighting: very much and quite,HSC_F,Per 100 households with the same characteristics,2013,26.4
A,Annual,ITD5,Emilia-Romagna,HOUS_STRLIGHT_VQ,Households declaring to live in an area where some problems are present: poor street lighting: very much and quite,HSC_F,Per 100 households with the same characteristics,2014,27.6
A,Annual,ITD5,Emilia-Romagna,HOUS_STRLIGHT_VQ,Households declaring to live in an area where some problems are present: poor street lighting: very much and quite,HSC_F,Per 100 households with the same characteristics,2015,34.2
A,Annual,ITD5,Emilia-Romagna,HOUS_STRLIGHT_VQ,Households declaring to live in an area where some problems are present: poor street lighting: very much and quite,HSC_F,Per 100 households with the same characteristics,2016,30.6
A,Annual,ITD5,Emilia-Romagna,HOUS_STRLIGHT_VQ,Households declaring to live in an area where some problems are present: poor street lighting: very much and quite,HSC_F,Per 100 households with the same characteristics,2017,29.9
A,Annual,ITD5,Emilia-Romagna,HOUS_STRLIGHT_VQ,Households declaring to live in an area where some problems are present: poor street lighting: very much and quite,HSC_F,Per 100 households with the same characteristics,2018,27.7
A,Annual,ITD5,Emilia-Romagna,HOUS_STRLIGHT_VQ,Households declaring to live in an area where some problems are present: poor street lighting: very much and quite,HSC_F,Per 100 households with the same characteristics,2019,25.9
A,Annual,ITD5,Emilia-Romagna,HOUS_STRLIGHT_VQ,Households declaring to live in an area where some problems are present: poor street lighting: very much and quite,HSC_F,Per 100 households with the same characteristics,2020,22.6
A,Annual,ITD5,Emilia-Romagna,HOUS_STRLIGHT_VQ,Households declaring to live in an area where some problems are present: poor street lighting: very much and quite,HSC_F,Per 100 households with the same characteristics,2021,22.8
A,Annual,ITD5,Emilia-Romagna,HOUS_STRLIGHT_VQ,Households declaring to live in an area where some problems are present: poor street lighting: very much and quite,HSC_F,Per 100 households with the same characteristics,2022,22.8
A,Annual,ITD5,Emilia-Romagna,HOUS_STRLIGHT_VQ,Households declaring to live in an area where some problems are present: poor street lighting: very much and quite,HSC_F,Per 100 households with the same characteristics,2023,29.3
A,Annual,ITD5,Emilia-Romagna,HOUS_STRLIGHT_VQ,Households declaring to live in an area where some problems are present: poor street lighting: very much and quite,HSC_F,Per 100 households with the same characteristics,2024,28
A,Annual,ITD5,Emilia-Romagna,HOUS_PROAD_V,Households declaring to live in an area where some problems are present: poor road conditions: very much,HSC_F,Per 100 households with the same characteristics,2010,18.9
A,Annual,ITD5,Emilia-Romagna,HOUS_PROAD_V,Households declaring to live in an area where some problems are present: poor road conditions: very much,HSC_F,Per 100 households with the same characteristics,2011,16.8
A,Annual,ITD5,Emilia-Romagna,HOUS_PROAD_V,Households declaring to live in an area where some problems are present: poor road conditions: very much,HSC_F,Per 100 households with the same characteristics,2012,14.4
A,Annual,ITD5,Emilia-Romagna,HOUS_PROAD_V,Households declaring to live in an area where some problems are present: poor road conditions: very much,HSC_F,Per 100 households with the same characteristics,2013,16
A,Annual,ITD5,Emilia-Romagna,HOUS_PROAD_V,Households declaring to live in an area where some problems are present: poor road conditions: very much,HSC_F,Per 100 households with the same characteristics,2014,15.9
A,Annual,ITD5,Emilia-Romagna,HOUS_PROAD_V,Households declaring to live in an area where some problems are present: poor road conditions: very much,HSC_F,Per 100 households with the same characteristics,2015,18
A,Annual,ITD5,Emilia-Romagna,HOUS_PROAD_V,Households declaring to live in an area where some problems are present: poor road conditions: very much,HSC_F,Per 100 households with the same characteristics,2016,18.5
A,Annual,ITD5,Emilia-Romagna,HOUS_PROAD_V,Households declaring to live in an area where some problems are present: poor road conditions: very much,HSC_F,Per 100 households with the same characteristics,2017,16
A,Annual,ITD5,Emilia-Romagna,HOUS_PROAD_V,Households declaring to live in an area where some problems are present: poor road conditions: very much,HSC_F,Per 100 households with the same characteristics,2018,18.4
A,Annual,ITD5,Emilia-Romagna,HOUS_PROAD_V,Households declaring to live in an area where some problems are present: poor road conditions: very much,HSC_F,Per 100 households with the same characteristics,2019,16.6
A,Annual,ITD5,Emilia-Romagna,HOUS_PROAD_V,Households declaring to live in an area where some problems are present: poor road conditions: very much,HSC_F,Per 100 households with the same characteristics,2020,12.6
A,Annual,ITD5,Emilia-Romagna,HOUS_PROAD_V,Households declaring to live in an area where some problems are present: poor road conditions: very much,HSC_F,Per 100 households with the same characteristics,2021,13.6
A,Annual,ITD5,Emilia-Romagna,HOUS_PROAD_V,Households declaring to live in an area where some problems are present: poor road conditions: very much,HSC_F,Per 100 households with the same characteristics,2022,12.5
A,Annual,ITD5,Emilia-Romagna,HOUS_PROAD_V,Households declaring to live in an area where some problems are present: poor road conditions: very much,HSC_F,Per 100 households with the same characteristics,2023,15.4
A,Annual,ITD5,Emilia-Romagna,HOUS_PROAD_V,Households declaring to live in an area where some problems are present: poor road conditions: very much,HSC_F,Per 100 households with the same characteristics,2024,17.8
A,Annual,ITD5,Emilia-Romagna,HOUS_PROAD_VQ,Households declaring to live in an area where some problems are present: poor road conditions: very much and quite,HSC_F,Per 100 households with the same characteristics,2010,43.6
A,Annual,ITD5,Emilia-Romagna,HOUS_PROAD_VQ,Households declaring to live in an area where some problems are present: poor road conditions: very much and quite,HSC_F,Per 100 households with the same characteristics,2011,42.6
A,Annual,ITD5,Emilia-Romagna,HOUS_PROAD_VQ,Households declaring to live in an area where some problems are present: poor road conditions: very much and quite,HSC_F,Per 100 households with the same characteristics,2012,38.6
A,Annual,ITD5,Emilia-Romagna,HOUS_PROAD_VQ,Households declaring to live in an area where some problems are present: poor road conditions: very much and quite,HSC_F,Per 100 households with the same characteristics,2013,46.3
A,Annual,ITD5,Emilia-Romagna,HOUS_PROAD_VQ,Households declaring to live in an area where some problems are present: poor road conditions: very much and quite,HSC_F,Per 100 households with the same characteristics,2014,43.8
A,Annual,ITD5,Emilia-Romagna,HOUS_PROAD_VQ,Households declaring to live in an area where some problems are present: poor road conditions: very much and quite,HSC_F,Per 100 households with the same characteristics,2015,46.2
A,Annual,ITD5,Emilia-Romagna,HOUS_PROAD_VQ,Households declaring to live in an area where some problems are present: poor road conditions: very much and quite,HSC_F,Per 100 households with the same characteristics,2016,46.5
A,Annual,ITD5,Emilia-Romagna,HOUS_PROAD_VQ,Households declaring to live in an area where some problems are present: poor road conditions: very much and quite,HSC_F,Per 100 households with the same characteristics,2017,46.8
A,Annual,ITD5,Emilia-Romagna,HOUS_PROAD_VQ,Households declaring to live in an area where some problems are present: poor road conditions: very much and quite,HSC_F,Per 100 households with the same characteristics,2018,48.8
A,Annual,ITD5,Emilia-Romagna,HOUS_PROAD_VQ,Households declaring to live in an area where some problems are present: poor road conditions: very much and quite,HSC_F,Per 100 households with the same characteristics,2019,44.7
A,Annual,ITD5,Emilia-Romagna,HOUS_PROAD_VQ,Households declaring to live in an area where some problems are present: poor road conditions: very much and quite,HSC_F,Per 100 households with the same characteristics,2020,39.4
A,Annual,ITD5,Emilia-Romagna,HOUS_PROAD_VQ,Households declaring to live in an area where some problems are present: poor road conditions: very much and quite,HSC_F,Per 100 households with the same characteristics,2021,37.3
A,Annual,ITD5,Emilia-Romagna,HOUS_PROAD_VQ,Households declaring to live in an area where some problems are present: poor road conditions: very much and quite,HSC_F,Per 100 households with the same characteristics,2022,41
A,Annual,ITD5,Emilia-Romagna,HOUS_PROAD_VQ,Households declaring to live in an area where some problems are present: poor road conditions: very much and quite,HSC_F,Per 100 households with the same characteristics,2023,42.9
A,Annual,ITD5,Emilia-Romagna,HOUS_PROAD_VQ,Households declaring to live in an area where some problems are present: poor road conditions: very much and quite,HSC_F,Per 100 households with the same characteristics,2024,45.2
A,Annual,ITE1,Toscana,HOUS_DIFFPARK_V,Households declaring to live in an area where some problems are present: difficult parking: very much,HSC_F,Per 100 households with the same characteristics,2010,15.4
A,Annual,ITE1,Toscana,HOUS_DIFFPARK_V,Households declaring to live in an area where some problems are present: difficult parking: very much,HSC_F,Per 100 households with the same characteristics,2011,13
A,Annual,ITE1,Toscana,HOUS_DIFFPARK_V,Households declaring to live in an area where some problems are present: difficult parking: very much,HSC_F,Per 100 households with the same characteristics,2012,12
A,Annual,ITE1,Toscana,HOUS_DIFFPARK_V,Households declaring to live in an area where some problems are present: difficult parking: very much,HSC_F,Per 100 households with the same characteristics,2013,13.9
A,Annual,ITE1,Toscana,HOUS_DIFFPARK_V,Households declaring to live in an area where some problems are present: difficult parking: very much,HSC_F,Per 100 households with the same characteristics,2014,14.6
A,Annual,ITE1,Toscana,HOUS_DIFFPARK_V,Households declaring to live in an area where some problems are present: difficult parking: very much,HSC_F,Per 100 households with the same characteristics,2015,12.5
A,Annual,ITE1,Toscana,HOUS_DIFFPARK_V,Households declaring to live in an area where some problems are present: difficult parking: very much,HSC_F,Per 100 households with the same characteristics,2016,13.3
A,Annual,ITE1,Toscana,HOUS_DIFFPARK_V,Households declaring to live in an area where some problems are present: difficult parking: very much,HSC_F,Per 100 households with the same characteristics,2017,13.9
A,Annual,ITE1,Toscana,HOUS_DIFFPARK_V,Households declaring to live in an area where some problems are present: difficult parking: very much,HSC_F,Per 100 households with the same characteristics,2018,14.8
A,Annual,ITE1,Toscana,HOUS_DIFFPARK_V,Households declaring to live in an area where some problems are present: difficult parking: very much,HSC_F,Per 100 households with the same characteristics,2019,14
A,Annual,ITE1,Toscana,HOUS_DIFFPARK_V,Households declaring to live in an area where some problems are present: difficult parking: very much,HSC_F,Per 100 households with the same characteristics,2020,12.9
A,Annual,ITE1,Toscana,HOUS_DIFFPARK_V,Households declaring to live in an area where some problems are present: difficult parking: very much,HSC_F,Per 100 households with the same characteristics,2021,14.1
A,Annual,ITE1,Toscana,HOUS_DIFFPARK_V,Households declaring to live in an area where some problems are present: difficult parking: very much,HSC_F,Per 100 households with the same characteristics,2022,14.4
A,Annual,ITE1,Toscana,HOUS_DIFFPARK_V,Households declaring to live in an area where some problems are present: difficult parking: very much,HSC_F,Per 100 households with the same characteristics,2023,14.4
A,Annual,ITE1,Toscana,HOUS_DIFFPARK_V,Households declaring to live in an area where some problems are present: difficult parking: very much,HSC_F,Per 100 households with the same characteristics,2024,17.3
A,Annual,ITE1,Toscana,HOUS_DIFFPARK_VQ,Households declaring to live in an area where some problems are present: difficult parking: very much and quite,HSC_F,Per 100 households with the same characteristics,2010,37.5
A,Annual,ITE1,Toscana,HOUS_DIFFPARK_VQ,Households declaring to live in an area where some problems are present: difficult parking: very much and quite,HSC_F,Per 100 households with the same characteristics,2011,32.5
A,Annual,ITE1,Toscana,HOUS_DIFFPARK_VQ,Households declaring to live in an area where some problems are present: difficult parking: very much and quite,HSC_F,Per 100 households with the same characteristics,2012,33.3
A,Annual,ITE1,Toscana,HOUS_DIFFPARK_VQ,Households declaring to live in an area where some problems are present: difficult parking: very much and quite,HSC_F,Per 100 households with the same characteristics,2013,36.3
A,Annual,ITE1,Toscana,HOUS_DIFFPARK_VQ,Households declaring to live in an area where some problems are present: difficult parking: very much and quite,HSC_F,Per 100 households with the same characteristics,2014,35.1
A,Annual,ITE1,Toscana,HOUS_DIFFPARK_VQ,Households declaring to live in an area where some problems are present: difficult parking: very much and quite,HSC_F,Per 100 households with the same characteristics,2015,35.4
A,Annual,ITE1,Toscana,HOUS_DIFFPARK_VQ,Households declaring to live in an area where some problems are present: difficult parking: very much and quite,HSC_F,Per 100 households with the same characteristics,2016,34.3
A,Annual,ITE1,Toscana,HOUS_DIFFPARK_VQ,Households declaring to live in an area where some problems are present: difficult parking: very much and quite,HSC_F,Per 100 households with the same characteristics,2017,34.3
A,Annual,ITE1,Toscana,HOUS_DIFFPARK_VQ,Households declaring to live in an area where some problems are present: difficult parking: very much and quite,HSC_F,Per 100 households with the same characteristics,2018,36
A,Annual,ITE1,Toscana,HOUS_DIFFPARK_VQ,Households declaring to live in an area where some problems are present: difficult parking: very much and quite,HSC_F,Per 100 households with the same characteristics,2019,35
A,Annual,ITE1,Toscana,HOUS_DIFFPARK_VQ,Households declaring to live in an area where some problems are present: difficult parking: very much and quite,HSC_F,Per 100 households with the same characteristics,2020,31.6
A,Annual,ITE1,Toscana,HOUS_DIFFPARK_VQ,Households declaring to live in an area where some problems are present: difficult parking: very much and quite,HSC_F,Per 100 households with the same characteristics,2021,31.9
A,Annual,ITE1,Toscana,HOUS_DIFFPARK_VQ,Households declaring to live in an area where some problems are present: difficult parking: very much and quite,HSC_F,Per 100 households with the same characteristics,2022,34.1
A,Annual,ITE1,Toscana,HOUS_DIFFPARK_VQ,Households declaring to live in an area where some problems are present: difficult parking: very much and quite,HSC_F,Per 100 households with the same characteristics,2023,36.5
A,Annual,ITE1,Toscana,HOUS_DIFFPARK_VQ,Households declaring to live in an area where some problems are present: difficult parking: very much and quite,HSC_F,Per 100 households with the same characteristics,2024,39.5
A,Annual,ITE1,Toscana,HOUS_DIFF_TRANS_V,Households declaring to live in an area where some problems are present: difficulties of links with public transport means: very much,HSC_F,Per 100 households with the same characteristics,2010,8.8
A,Annual,ITE1,Toscana,HOUS_DIFF_TRANS_V,Households declaring to live in an area where some problems are present: difficulties of links with public transport means: very much,HSC_F,Per 100 households with the same characteristics,2011,11
A,Annual,ITE1,Toscana,HOUS_DIFF_TRANS_V,Households declaring to live in an area where some problems are present: difficulties of links with public transport means: very much,HSC_F,Per 100 households with the same characteristics,2012,10.2
A,Annual,ITE1,Toscana,HOUS_DIFF_TRANS_V,Households declaring to live in an area where some problems are present: difficulties of links with public transport means: very much,HSC_F,Per 100 households with the same characteristics,2013,10.9
A,Annual,ITE1,Toscana,HOUS_DIFF_TRANS_V,Households declaring to live in an area where some problems are present: difficulties of links with public transport means: very much,HSC_F,Per 100 households with the same characteristics,2014,7.8
A,Annual,ITE1,Toscana,HOUS_DIFF_TRANS_V,Households declaring to live in an area where some problems are present: difficulties of links with public transport means: very much,HSC_F,Per 100 households with the same characteristics,2015,9.9
A,Annual,ITE1,Toscana,HOUS_DIFF_TRANS_V,Households declaring to live in an area where some problems are present: difficulties of links with public transport means: very much,HSC_F,Per 100 households with the same characteristics,2016,10.9
A,Annual,ITE1,Toscana,HOUS_DIFF_TRANS_V,Households declaring to live in an area where some problems are present: difficulties of links with public transport means: very much,HSC_F,Per 100 households with the same characteristics,2017,8.4
A,Annual,ITE1,Toscana,HOUS_DIFF_TRANS_V,Households declaring to live in an area where some problems are present: difficulties of links with public transport means: very much,HSC_F,Per 100 households with the same characteristics,2018,12.7
A,Annual,ITE1,Toscana,HOUS_DIFF_TRANS_V,Households declaring to live in an area where some problems are present: difficulties of links with public transport means: very much,HSC_F,Per 100 households with the same characteristics,2019,11.1
A,Annual,ITE1,Toscana,HOUS_DIFF_TRANS_V,Households declaring to live in an area where some problems are present: difficulties of links with public transport means: very much,HSC_F,Per 100 households with the same characteristics,2020,9.2
A,Annual,ITE1,Toscana,HOUS_DIFF_TRANS_V,Households declaring to live in an area where some problems are present: difficulties of links with public transport means: very much,HSC_F,Per 100 households with the same characteristics,2021,9.6
A,Annual,ITE1,Toscana,HOUS_DIFF_TRANS_V,Households declaring to live in an area where some problems are present: difficulties of links with public transport means: very much,HSC_F,Per 100 households with the same characteristics,2022,10.5
A,Annual,ITE1,Toscana,HOUS_DIFF_TRANS_V,Households declaring to live in an area where some problems are present: difficulties of links with public transport means: very much,HSC_F,Per 100 households with the same characteristics,2023,10.7
A,Annual,ITE1,Toscana,HOUS_DIFF_TRANS_V,Households declaring to live in an area where some problems are present: difficulties of links with public transport means: very much,HSC_F,Per 100 households with the same characteristics,2024,11.5
A,Annual,ITE1,Toscana,HOUS_DIFF_TRANS_VQ,Households declaring to live in an area where some problems are present: difficulties of links with public transport means: very much and quite,HSC_F,Per 100 households with the same characteristics,2010,25
A,Annual,ITE1,Toscana,HOUS_DIFF_TRANS_VQ,Households declaring to live in an area where some problems are present: difficulties of links with public transport means: very much and quite,HSC_F,Per 100 households with the same characteristics,2011,28.7
A,Annual,ITE1,Toscana,HOUS_DIFF_TRANS_VQ,Households declaring to live in an area where some problems are present: difficulties of links with public transport means: very much and quite,HSC_F,Per 100 households with the same characteristics,2012,27.3
A,Annual,ITE1,Toscana,HOUS_DIFF_TRANS_VQ,Households declaring to live in an area where some problems are present: difficulties of links with public transport means: very much and quite,HSC_F,Per 100 households with the same characteristics,2013,28.3
A,Annual,ITE1,Toscana,HOUS_DIFF_TRANS_VQ,Households declaring to live in an area where some problems are present: difficulties of links with public transport means: very much and quite,HSC_F,Per 100 households with the same characteristics,2014,25.5
A,Annual,ITE1,Toscana,HOUS_DIFF_TRANS_VQ,Households declaring to live in an area where some problems are present: difficulties of links with public transport means: very much and quite,HSC_F,Per 100 households with the same characteristics,2015,27.7
A,Annual,ITE1,Toscana,HOUS_DIFF_TRANS_VQ,Households declaring to live in an area where some problems are present: difficulties of links with public transport means: very much and quite,HSC_F,Per 100 households with the same characteristics,2016,31.1
A,Annual,ITE1,Toscana,HOUS_DIFF_TRANS_VQ,Households declaring to live in an area where some problems are present: difficulties of links with public transport means: very much and quite,HSC_F,Per 100 households with the same characteristics,2017,26.6
A,Annual,ITE1,Toscana,HOUS_DIFF_TRANS_VQ,Households declaring to live in an area where some problems are present: difficulties of links with public transport means: very much and quite,HSC_F,Per 100 households with the same characteristics,2018,31.7
A,Annual,ITE1,Toscana,HOUS_DIFF_TRANS_VQ,Households declaring to live in an area where some problems are present: difficulties of links with public transport means: very much and quite,HSC_F,Per 100 households with the same characteristics,2019,31
A,Annual,ITE1,Toscana,HOUS_DIFF_TRANS_VQ,Households declaring to live in an area where some problems are present: difficulties of links with public transport means: very much and quite,HSC_F,Per 100 households with the same characteristics,2020,28.3
A,Annual,ITE1,Toscana,HOUS_DIFF_TRANS_VQ,Households declaring to live in an area where some problems are present: difficulties of links with public transport means: very much and quite,HSC_F,Per 100 households with the same characteristics,2021,30.4
A,Annual,ITE1,Toscana,HOUS_DIFF_TRANS_VQ,Households declaring to live in an area where some problems are present: difficulties of links with public transport means: very much and quite,HSC_F,Per 100 households with the same characteristics,2022,28.8
A,Annual,ITE1,Toscana,HOUS_DIFF_TRANS_VQ,Households declaring to live in an area where some problems are present: difficulties of links with public transport means: very much and quite,HSC_F,Per 100 households with the same characteristics,2023,30.3
A,Annual,ITE1,Toscana,HOUS_DIFF_TRANS_VQ,Households declaring to live in an area where some problems are present: difficulties of links with public transport means: very much and quite,HSC_F,Per 100 households with the same characteristics,2024,34.5
A,Annual,ITE1,Toscana,HOUS_TRAFFIC_V,Households declaring to live in an area where some problems are present: traffic: very much,HSC_F,Per 100 households with the same characteristics,2010,13.1
A,Annual,ITE1,Toscana,HOUS_TRAFFIC_V,Households declaring to live in an area where some problems are present: traffic: very much,HSC_F,Per 100 households with the same characteristics,2011,12.9
A,Annual,ITE1,Toscana,HOUS_TRAFFIC_V,Households declaring to live in an area where some problems are present: traffic: very much,HSC_F,Per 100 households with the same characteristics,2012,8.4
A,Annual,ITE1,Toscana,HOUS_TRAFFIC_V,Households declaring to live in an area where some problems are present: traffic: very much,HSC_F,Per 100 households with the same characteristics,2013,9.2
A,Annual,ITE1,Toscana,HOUS_TRAFFIC_V,Households declaring to live in an area where some problems are present: traffic: very much,HSC_F,Per 100 households with the same characteristics,2014,10.1
A,Annual,ITE1,Toscana,HOUS_TRAFFIC_V,Households declaring to live in an area where some problems are present: traffic: very much,HSC_F,Per 100 households with the same characteristics,2015,9.4
A,Annual,ITE1,Toscana,HOUS_TRAFFIC_V,Households declaring to live in an area where some problems are present: traffic: very much,HSC_F,Per 100 households with the same characteristics,2016,11.4
A,Annual,ITE1,Toscana,HOUS_TRAFFIC_V,Households declaring to live in an area where some problems are present: traffic: very much,HSC_F,Per 100 households with the same characteristics,2017,11.1
A,Annual,ITE1,Toscana,HOUS_TRAFFIC_V,Households declaring to live in an area where some problems are present: traffic: very much,HSC_F,Per 100 households with the same characteristics,2018,11.4
A,Annual,ITE1,Toscana,HOUS_TRAFFIC_V,Households declaring to live in an area where some problems are present: traffic: very much,HSC_F,Per 100 households with the same characteristics,2019,10.8
A,Annual,ITE1,Toscana,HOUS_TRAFFIC_V,Households declaring to live in an area where some problems are present: traffic: very much,HSC_F,Per 100 households with the same characteristics,2020,8.5
A,Annual,ITE1,Toscana,HOUS_TRAFFIC_V,Households declaring to live in an area where some problems are present: traffic: very much,HSC_F,Per 100 households with the same characteristics,2021,8.3
A,Annual,ITE1,Toscana,HOUS_TRAFFIC_V,Households declaring to live in an area where some problems are present: traffic: very much,HSC_F,Per 100 households with the same characteristics,2022,10
A,Annual,ITE1,Toscana,HOUS_TRAFFIC_V,Households declaring to live in an area where some problems are present: traffic: very much,HSC_F,Per 100 households with the same characteristics,2023,8.6
A,Annual,ITE1,Toscana,HOUS_TRAFFIC_V,Households declaring to live in an area where some problems are present: traffic: very much,HSC_F,Per 100 households with the same characteristics,2024,10.4
A,Annual,ITE1,Toscana,HOUS_TRAFFIC_VQ,Households declaring to live in an area where some problems are present: traffic: very much and quite,HSC_F,Per 100 households with the same characteristics,2010,40
A,Annual,ITE1,Toscana,HOUS_TRAFFIC_VQ,Households declaring to live in an area where some problems are present: traffic: very much and quite,HSC_F,Per 100 households with the same characteristics,2011,36.7
A,Annual,ITE1,Toscana,HOUS_TRAFFIC_VQ,Households declaring to live in an area where some problems are present: traffic: very much and quite,HSC_F,Per 100 households with the same characteristics,2012,33.9
A,Annual,ITE1,Toscana,HOUS_TRAFFIC_VQ,Households declaring to live in an area where some problems are present: traffic: very much and quite,HSC_F,Per 100 households with the same characteristics,2013,34.8
A,Annual,ITE1,Toscana,HOUS_TRAFFIC_VQ,Households declaring to live in an area where some problems are present: traffic: very much and quite,HSC_F,Per 100 households with the same characteristics,2014,31.1
A,Annual,ITE1,Toscana,HOUS_TRAFFIC_VQ,Households declaring to live in an area where some problems are present: traffic: very much and quite,HSC_F,Per 100 households with the same characteristics,2015,34.5
A,Annual,ITE1,Toscana,HOUS_TRAFFIC_VQ,Households declaring to live in an area where some problems are present: traffic: very much and quite,HSC_F,Per 100 households with the same characteristics,2016,37.8
A,Annual,ITE1,Toscana,HOUS_TRAFFIC_VQ,Households declaring to live in an area where some problems are present: traffic: very much and quite,HSC_F,Per 100 households with the same characteristics,2017,34.2
A,Annual,ITE1,Toscana,HOUS_TRAFFIC_VQ,Households declaring to live in an area where some problems are present: traffic: very much and quite,HSC_F,Per 100 households with the same characteristics,2018,38.9
A,Annual,ITE1,Toscana,HOUS_TRAFFIC_VQ,Households declaring to live in an area where some problems are present: traffic: very much and quite,HSC_F,Per 100 households with the same characteristics,2019,33.6
A,Annual,ITE1,Toscana,HOUS_TRAFFIC_VQ,Households declaring to live in an area where some problems are present: traffic: very much and quite,HSC_F,Per 100 households with the same characteristics,2020,35.4
A,Annual,ITE1,Toscana,HOUS_TRAFFIC_VQ,Households declaring to live in an area where some problems are present: traffic: very much and quite,HSC_F,Per 100 households with the same characteristics,2021,33.5
A,Annual,ITE1,Toscana,HOUS_TRAFFIC_VQ,Households declaring to live in an area where some problems are present: traffic: very much and quite,HSC_F,Per 100 households with the same characteristics,2022,36.9
A,Annual,ITE1,Toscana,HOUS_TRAFFIC_VQ,Households declaring to live in an area where some problems are present: traffic: very much and quite,HSC_F,Per 100 households with the same characteristics,2023,35.4
A,Annual,ITE1,Toscana,HOUS_TRAFFIC_VQ,Households declaring to live in an area where some problems are present: traffic: very much and quite,HSC_F,Per 100 households with the same characteristics,2024,36
A,Annual,ITE1,Toscana,HOUS_STRLIGHT_V,Households declaring to live in an area where some problems are present: poor street lighting: very much,HSC_F,Per 100 households with the same characteristics,2010,8.4
A,Annual,ITE1,Toscana,HOUS_STRLIGHT_V,Households declaring to live in an area where some problems are present: poor street lighting: very much,HSC_F,Per 100 households with the same characteristics,2011,9.2
A,Annual,ITE1,Toscana,HOUS_STRLIGHT_V,Households declaring to live in an area where some problems are present: poor street lighting: very much,HSC_F,Per 100 households with the same characteristics,2012,6.8
A,Annual,ITE1,Toscana,HOUS_STRLIGHT_V,Households declaring to live in an area where some problems are present: poor street lighting: very much,HSC_F,Per 100 households with the same characteristics,2013,7.4
A,Annual,ITE1,Toscana,HOUS_STRLIGHT_V,Households declaring to live in an area where some problems are present: poor street lighting: very much,HSC_F,Per 100 households with the same characteristics,2014,5.7
A,Annual,ITE1,Toscana,HOUS_STRLIGHT_V,Households declaring to live in an area where some problems are present: poor street lighting: very much,HSC_F,Per 100 households with the same characteristics,2015,9.3
A,Annual,ITE1,Toscana,HOUS_STRLIGHT_V,Households declaring to live in an area where some problems are present: poor street lighting: very much,HSC_F,Per 100 households with the same characteristics,2016,9.6
A,Annual,ITE1,Toscana,HOUS_STRLIGHT_V,Households declaring to live in an area where some problems are present: poor street lighting: very much,HSC_F,Per 100 households with the same characteristics,2017,6.9
A,Annual,ITE1,Toscana,HOUS_STRLIGHT_V,Households declaring to live in an area where some problems are present: poor street lighting: very much,HSC_F,Per 100 households with the same characteristics,2018,11.2
A,Annual,ITE1,Toscana,HOUS_STRLIGHT_V,Households declaring to live in an area where some problems are present: poor street lighting: very much,HSC_F,Per 100 households with the same characteristics,2019,9
A,Annual,ITE1,Toscana,HOUS_STRLIGHT_V,Households declaring to live in an area where some problems are present: poor street lighting: very much,HSC_F,Per 100 households with the same characteristics,2020,5.8
A,Annual,ITE1,Toscana,HOUS_STRLIGHT_V,Households declaring to live in an area where some problems are present: poor street lighting: very much,HSC_F,Per 100 households with the same characteristics,2021,7.6
A,Annual,ITE1,Toscana,HOUS_STRLIGHT_V,Households declaring to live in an area where some problems are present: poor street lighting: very much,HSC_F,Per 100 households with the same characteristics,2022,6.9
A,Annual,ITE1,Toscana,HOUS_STRLIGHT_V,Households declaring to live in an area where some problems are present: poor street lighting: very much,HSC_F,Per 100 households with the same characteristics,2023,9.5
A,Annual,ITE1,Toscana,HOUS_STRLIGHT_V,Households declaring to live in an area where some problems are present: poor street lighting: very much,HSC_F,Per 100 households with the same characteristics,2024,7.8
A,Annual,ITE1,Toscana,HOUS_STRLIGHT_VQ,Households declaring to live in an area where some problems are present: poor street lighting: very much and quite,HSC_F,Per 100 households with the same characteristics,2010,30.3
A,Annual,ITE1,Toscana,HOUS_STRLIGHT_VQ,Households declaring to live in an area where some problems are present: poor street lighting: very much and quite,HSC_F,Per 100 households with the same characteristics,2011,30.3
A,Annual,ITE1,Toscana,HOUS_STRLIGHT_VQ,Households declaring to live in an area where some problems are present: poor street lighting: very much and quite,HSC_F,Per 100 households with the same characteristics,2012,26.5
A,Annual,ITE1,Toscana,HOUS_STRLIGHT_VQ,Households declaring to live in an area where some problems are present: poor street lighting: very much and quite,HSC_F,Per 100 households with the same characteristics,2013,31.4
A,Annual,ITE1,Toscana,HOUS_STRLIGHT_VQ,Households declaring to live in an area where some problems are present: poor street lighting: very much and quite,HSC_F,Per 100 households with the same characteristics,2014,27.7
A,Annual,ITE1,Toscana,HOUS_STRLIGHT_VQ,Households declaring to live in an area where some problems are present: poor street lighting: very much and quite,HSC_F,Per 100 households with the same characteristics,2015,34.1
A,Annual,ITE1,Toscana,HOUS_STRLIGHT_VQ,Households declaring to live in an area where some problems are present: poor street lighting: very much and quite,HSC_F,Per 100 households with the same characteristics,2016,33.9
A,Annual,ITE1,Toscana,HOUS_STRLIGHT_VQ,Households declaring to live in an area where some problems are present: poor street lighting: very much and quite,HSC_F,Per 100 households with the same characteristics,2017,31.5
A,Annual,ITE1,Toscana,HOUS_STRLIGHT_VQ,Households declaring to live in an area where some problems are present: poor street lighting: very much and quite,HSC_F,Per 100 households with the same characteristics,2018,32.5
A,Annual,ITE1,Toscana,HOUS_STRLIGHT_VQ,Households declaring to live in an area where some problems are present: poor street lighting: very much and quite,HSC_F,Per 100 households with the same characteristics,2019,28.3
A,Annual,ITE1,Toscana,HOUS_STRLIGHT_VQ,Households declaring to live in an area where some problems are present: poor street lighting: very much and quite,HSC_F,Per 100 households with the same characteristics,2020,29.4
A,Annual,ITE1,Toscana,HOUS_STRLIGHT_VQ,Households declaring to live in an area where some problems are present: poor street lighting: very much and quite,HSC_F,Per 100 households with the same characteristics,2021,28.5
A,Annual,ITE1,Toscana,HOUS_STRLIGHT_VQ,Households declaring to live in an area where some problems are present: poor street lighting: very much and quite,HSC_F,Per 100 households with the same characteristics,2022,31.7
A,Annual,ITE1,Toscana,HOUS_STRLIGHT_VQ,Households declaring to live in an area where some problems are present: poor street lighting: very much and quite,HSC_F,Per 100 households with the same characteristics,2023,30.9
A,Annual,ITE1,Toscana,HOUS_STRLIGHT_VQ,Households declaring to live in an area where some problems are present: poor street lighting: very much and quite,HSC_F,Per 100 households with the same characteristics,2024,32.9
A,Annual,ITE1,Toscana,HOUS_PROAD_V,Households declaring to live in an area where some problems are present: poor road conditions: very much,HSC_F,Per 100 households with the same characteristics,2010,22.8
A,Annual,ITE1,Toscana,HOUS_PROAD_V,Households declaring to live in an area where some problems are present: poor road conditions: very much,HSC_F,Per 100 households with the same characteristics,2011,24.3
A,Annual,ITE1,Toscana,HOUS_PROAD_V,Households declaring to live in an area where some problems are present: poor road conditions: very much,HSC_F,Per 100 households with the same characteristics,2012,13.9
A,Annual,ITE1,Toscana,HOUS_PROAD_V,Households declaring to live in an area where some problems are present: poor road conditions: very much,HSC_F,Per 100 households with the same characteristics,2013,22.9
A,Annual,ITE1,Toscana,HOUS_PROAD_V,Households declaring to live in an area where some problems are present: poor road conditions: very much,HSC_F,Per 100 households with the same characteristics,2014,17.9
A,Annual,ITE1,Toscana,HOUS_PROAD_V,Households declaring to live in an area where some problems are present: poor road conditions: very much,HSC_F,Per 100 households with the same characteristics,2015,19.7
A,Annual,ITE1,Toscana,HOUS_PROAD_V,Households declaring to live in an area where some problems are present: poor road conditions: very much,HSC_F,Per 100 households with the same characteristics,2016,22.5
A,Annual,ITE1,Toscana,HOUS_PROAD_V,Households declaring to live in an area where some problems are present: poor road conditions: very much,HSC_F,Per 100 households with the same characteristics,2017,17.9
A,Annual,ITE1,Toscana,HOUS_PROAD_V,Households declaring to live in an area where some problems are present: poor road conditions: very much,HSC_F,Per 100 households with the same characteristics,2018,21.8
A,Annual,ITE1,Toscana,HOUS_PROAD_V,Households declaring to live in an area where some problems are present: poor road conditions: very much,HSC_F,Per 100 households with the same characteristics,2019,20.5
A,Annual,ITE1,Toscana,HOUS_PROAD_V,Households declaring to live in an area where some problems are present: poor road conditions: very much,HSC_F,Per 100 households with the same characteristics,2020,14.1
A,Annual,ITE1,Toscana,HOUS_PROAD_V,Households declaring to live in an area where some problems are present: poor road conditions: very much,HSC_F,Per 100 households with the same characteristics,2021,17.3
A,Annual,ITE1,Toscana,HOUS_PROAD_V,Households declaring to live in an area where some problems are present: poor road conditions: very much,HSC_F,Per 100 households with the same characteristics,2022,18.5
A,Annual,ITE1,Toscana,HOUS_PROAD_V,Households declaring to live in an area where some problems are present: poor road conditions: very much,HSC_F,Per 100 households with the same characteristics,2023,17
A,Annual,ITE1,Toscana,HOUS_PROAD_V,Households declaring to live in an area where some problems are present: poor road conditions: very much,HSC_F,Per 100 households with the same characteristics,2024,21.6
A,Annual,ITE1,Toscana,HOUS_PROAD_VQ,Households declaring to live in an area where some problems are present: poor road conditions: very much and quite,HSC_F,Per 100 households with the same characteristics,2010,53.5
A,Annual,ITE1,Toscana,HOUS_PROAD_VQ,Households declaring to live in an area where some problems are present: poor road conditions: very much and quite,HSC_F,Per 100 households with the same characteristics,2011,53.2
A,Annual,ITE1,Toscana,HOUS_PROAD_VQ,Households declaring to live in an area where some problems are present: poor road conditions: very much and quite,HSC_F,Per 100 households with the same characteristics,2012,41.7
A,Annual,ITE1,Toscana,HOUS_PROAD_VQ,Households declaring to live in an area where some problems are present: poor road conditions: very much and quite,HSC_F,Per 100 households with the same characteristics,2013,53.6
A,Annual,ITE1,Toscana,HOUS_PROAD_VQ,Households declaring to live in an area where some problems are present: poor road conditions: very much and quite,HSC_F,Per 100 households with the same characteristics,2014,49.9
A,Annual,ITE1,Toscana,HOUS_PROAD_VQ,Households declaring to live in an area where some problems are present: poor road conditions: very much and quite,HSC_F,Per 100 households with the same characteristics,2015,52.2
A,Annual,ITE1,Toscana,HOUS_PROAD_VQ,Households declaring to live in an area where some problems are present: poor road conditions: very much and quite,HSC_F,Per 100 households with the same characteristics,2016,54.7
A,Annual,ITE1,Toscana,HOUS_PROAD_VQ,Households declaring to live in an area where some problems are present: poor road conditions: very much and quite,HSC_F,Per 100 households with the same characteristics,2017,50.1
A,Annual,ITE1,Toscana,HOUS_PROAD_VQ,Households declaring to live in an area where some problems are present: poor road conditions: very much and quite,HSC_F,Per 100 households with the same characteristics,2018,53.8
A,Annual,ITE1,Toscana,HOUS_PROAD_VQ,Households declaring to live in an area where some problems are present: poor road conditions: very much and quite,HSC_F,Per 100 households with the same characteristics,2019,50.2
A,Annual,ITE1,Toscana,HOUS_PROAD_VQ,Households declaring to live in an area where some problems are present: poor road conditions: very much and quite,HSC_F,Per 100 households with the same characteristics,2020,46.3
A,Annual,ITE1,Toscana,HOUS_PROAD_VQ,Households declaring to live in an area where some problems are present: poor road conditions: very much and quite,HSC_F,Per 100 households with the same characteristics,2021,46.8
A,Annual,ITE1,Toscana,HOUS_PROAD_VQ,Households declaring to live in an area where some problems are present: poor road conditions: very much and quite,HSC_F,Per 100 households with the same characteristics,2022,47.3
A,Annual,ITE1,Toscana,HOUS_PROAD_VQ,Households declaring to live in an area where some problems are present: poor road conditions: very much and quite,HSC_F,Per 100 households with the same characteristics,2023,48.8
A,Annual,ITE1,Toscana,HOUS_PROAD_VQ,Households declaring to live in an area where some problems are present: poor road conditions: very much and quite,HSC_F,Per 100 households with the same characteristics,2024,55.2
A,Annual,ITE2,Umbria,HOUS_DIFFPARK_V,Households declaring to live in an area where some problems are present: difficult parking: very much,HSC_F,Per 100 households with the same characteristics,2010,9.8
A,Annual,ITE2,Umbria,HOUS_DIFFPARK_V,Households declaring to live in an area where some problems are present: difficult parking: very much,HSC_F,Per 100 households with the same characteristics,2011,9.1
A,Annual,ITE2,Umbria,HOUS_DIFFPARK_V,Households declaring to live in an area where some problems are present: difficult parking: very much,HSC_F,Per 100 households with the same characteristics,2012,10
A,Annual,ITE2,Umbria,HOUS_DIFFPARK_V,Households declaring to live in an area where some problems are present: difficult parking: very much,HSC_F,Per 100 households with the same characteristics,2013,8.2
A,Annual,ITE2,Umbria,HOUS_DIFFPARK_V,Households declaring to live in an area where some problems are present: difficult parking: very much,HSC_F,Per 100 households with the same characteristics,2014,7.7
A,Annual,ITE2,Umbria,HOUS_DIFFPARK_V,Households declaring to live in an area where some problems are present: difficult parking: very much,HSC_F,Per 100 households with the same characteristics,2015,7.7
A,Annual,ITE2,Umbria,HOUS_DIFFPARK_V,Households declaring to live in an area where some problems are present: difficult parking: very much,HSC_F,Per 100 households with the same characteristics,2016,9.7
A,Annual,ITE2,Umbria,HOUS_DIFFPARK_V,Households declaring to live in an area where some problems are present: difficult parking: very much,HSC_F,Per 100 households with the same characteristics,2017,9.3
A,Annual,ITE2,Umbria,HOUS_DIFFPARK_V,Households declaring to live in an area where some problems are present: difficult parking: very much,HSC_F,Per 100 households with the same characteristics,2018,10.7
A,Annual,ITE2,Umbria,HOUS_DIFFPARK_V,Households declaring to live in an area where some problems are present: difficult parking: very much,HSC_F,Per 100 households with the same characteristics,2019,8.9
A,Annual,ITE2,Umbria,HOUS_DIFFPARK_V,Households declaring to live in an area where some problems are present: difficult parking: very much,HSC_F,Per 100 households with the same characteristics,2020,7.3
A,Annual,ITE2,Umbria,HOUS_DIFFPARK_V,Households declaring to live in an area where some problems are present: difficult parking: very much,HSC_F,Per 100 households with the same characteristics,2021,7.5
A,Annual,ITE2,Umbria,HOUS_DIFFPARK_V,Households declaring to live in an area where some problems are present: difficult parking: very much,HSC_F,Per 100 households with the same characteristics,2022,7.2
A,Annual,ITE2,Umbria,HOUS_DIFFPARK_V,Households declaring to live in an area where some problems are present: difficult parking: very much,HSC_F,Per 100 households with the same characteristics,2023,8.7
A,Annual,ITE2,Umbria,HOUS_DIFFPARK_V,Households declaring to live in an area where some problems are present: difficult parking: very much,HSC_F,Per 100 households with the same characteristics,2024,7.6
A,Annual,ITE2,Umbria,HOUS_DIFFPARK_VQ,Households declaring to live in an area where some problems are present: difficult parking: very much and quite,HSC_F,Per 100 households with the same characteristics,2010,23.2
A,Annual,ITE2,Umbria,HOUS_DIFFPARK_VQ,Households declaring to live in an area where some problems are present: difficult parking: very much and quite,HSC_F,Per 100 households with the same characteristics,2011,21.3
A,Annual,ITE2,Umbria,HOUS_DIFFPARK_VQ,Households declaring to live in an area where some problems are present: difficult parking: very much and quite,HSC_F,Per 100 households with the same characteristics,2012,22.8
A,Annual,ITE2,Umbria,HOUS_DIFFPARK_VQ,Households declaring to live in an area where some problems are present: difficult parking: very much and quite,HSC_F,Per 100 households with the same characteristics,2013,24.3
A,Annual,ITE2,Umbria,HOUS_DIFFPARK_VQ,Households declaring to live in an area where some problems are present: difficult parking: very much and quite,HSC_F,Per 100 households with the same characteristics,2014,21.7
A,Annual,ITE2,Umbria,HOUS_DIFFPARK_VQ,Households declaring to live in an area where some problems are present: difficult parking: very much and quite,HSC_F,Per 100 households with the same characteristics,2015,23.3
A,Annual,ITE2,Umbria,HOUS_DIFFPARK_VQ,Households declaring to live in an area where some problems are present: difficult parking: very much and quite,HSC_F,Per 100 households with the same characteristics,2016,23.6
A,Annual,ITE2,Umbria,HOUS_DIFFPARK_VQ,Households declaring to live in an area where some problems are present: difficult parking: very much and quite,HSC_F,Per 100 households with the same characteristics,2017,24.4
A,Annual,ITE2,Umbria,HOUS_DIFFPARK_VQ,Households declaring to live in an area where some problems are present: difficult parking: very much and quite,HSC_F,Per 100 households with the same characteristics,2018,22.4
A,Annual,ITE2,Umbria,HOUS_DIFFPARK_VQ,Households declaring to live in an area where some problems are present: difficult parking: very much and quite,HSC_F,Per 100 households with the same characteristics,2019,21
A,Annual,ITE2,Umbria,HOUS_DIFFPARK_VQ,Households declaring to live in an area where some problems are present: difficult parking: very much and quite,HSC_F,Per 100 households with the same characteristics,2020,19.6
A,Annual,ITE2,Umbria,HOUS_DIFFPARK_VQ,Households declaring to live in an area where some problems are present: difficult parking: very much and quite,HSC_F,Per 100 households with the same characteristics,2021,23.2
A,Annual,ITE2,Umbria,HOUS_DIFFPARK_VQ,Households declaring to live in an area where some problems are present: difficult parking: very much and quite,HSC_F,Per 100 households with the same characteristics,2022,23.5
A,Annual,ITE2,Umbria,HOUS_DIFFPARK_VQ,Households declaring to live in an area where some problems are present: difficult parking: very much and quite,HSC_F,Per 100 households with the same characteristics,2023,23.7
A,Annual,ITE2,Umbria,HOUS_DIFFPARK_VQ,Households declaring to live in an area where some problems are present: difficult parking: very much and quite,HSC_F,Per 100 households with the same characteristics,2024,22.1
A,Annual,ITE2,Umbria,HOUS_DIFF_TRANS_V,Households declaring to live in an area where some problems are present: difficulties of links with public transport means: very much,HSC_F,Per 100 households with the same characteristics,2010,11.8
A,Annual,ITE2,Umbria,HOUS_DIFF_TRANS_V,Households declaring to live in an area where some problems are present: difficulties of links with public transport means: very much,HSC_F,Per 100 households with the same characteristics,2011,12
A,Annual,ITE2,Umbria,HOUS_DIFF_TRANS_V,Households declaring to live in an area where some problems are present: difficulties of links with public transport means: very much,HSC_F,Per 100 households with the same characteristics,2012,12.7
A,Annual,ITE2,Umbria,HOUS_DIFF_TRANS_V,Households declaring to live in an area where some problems are present: difficulties of links with public transport means: very much,HSC_F,Per 100 households with the same characteristics,2013,10.1
A,Annual,ITE2,Umbria,HOUS_DIFF_TRANS_V,Households declaring to live in an area where some problems are present: difficulties of links with public transport means: very much,HSC_F,Per 100 households with the same characteristics,2014,17
A,Annual,ITE2,Umbria,HOUS_DIFF_TRANS_V,Households declaring to live in an area where some problems are present: difficulties of links with public transport means: very much,HSC_F,Per 100 households with the same characteristics,2015,15.6
A,Annual,ITE2,Umbria,HOUS_DIFF_TRANS_V,Households declaring to live in an area where some problems are present: difficulties of links with public transport means: very much,HSC_F,Per 100 households with the same characteristics,2016,13.7
A,Annual,ITE2,Umbria,HOUS_DIFF_TRANS_V,Households declaring to live in an area where some problems are present: difficulties of links with public transport means: very much,HSC_F,Per 100 households with the same characteristics,2017,13.7
A,Annual,ITE2,Umbria,HOUS_DIFF_TRANS_V,Households declaring to live in an area where some problems are present: difficulties of links with public transport means: very much,HSC_F,Per 100 households with the same characteristics,2018,10.7
A,Annual,ITE2,Umbria,HOUS_DIFF_TRANS_V,Households declaring to live in an area where some problems are present: difficulties of links with public transport means: very much,HSC_F,Per 100 households with the same characteristics,2019,12.8
A,Annual,ITE2,Umbria,HOUS_DIFF_TRANS_V,Households declaring to live in an area where some problems are present: difficulties of links with public transport means: very much,HSC_F,Per 100 households with the same characteristics,2020,8
A,Annual,ITE2,Umbria,HOUS_DIFF_TRANS_V,Households declaring to live in an area where some problems are present: difficulties of links with public transport means: very much,HSC_F,Per 100 households with the same characteristics,2021,11.9
A,Annual,ITE2,Umbria,HOUS_DIFF_TRANS_V,Households declaring to live in an area where some problems are present: difficulties of links with public transport means: very much,HSC_F,Per 100 households with the same characteristics,2022,14.8
A,Annual,ITE2,Umbria,HOUS_DIFF_TRANS_V,Households declaring to live in an area where some problems are present: difficulties of links with public transport means: very much,HSC_F,Per 100 households with the same characteristics,2023,12
A,Annual,ITE2,Umbria,HOUS_DIFF_TRANS_V,Households declaring to live in an area where some problems are present: difficulties of links with public transport means: very much,HSC_F,Per 100 households with the same characteristics,2024,13.6
A,Annual,ITE2,Umbria,HOUS_DIFF_TRANS_VQ,Households declaring to live in an area where some problems are present: difficulties of links with public transport means: very much and quite,HSC_F,Per 100 households with the same characteristics,2010,29.5
A,Annual,ITE2,Umbria,HOUS_DIFF_TRANS_VQ,Households declaring to live in an area where some problems are present: difficulties of links with public transport means: very much and quite,HSC_F,Per 100 households with the same characteristics,2011,26
A,Annual,ITE2,Umbria,HOUS_DIFF_TRANS_VQ,Households declaring to live in an area where some problems are present: difficulties of links with public transport means: very much and quite,HSC_F,Per 100 households with the same characteristics,2012,29.1
A,Annual,ITE2,Umbria,HOUS_DIFF_TRANS_VQ,Households declaring to live in an area where some problems are present: difficulties of links with public transport means: very much and quite,HSC_F,Per 100 households with the same characteristics,2013,29.2
A,Annual,ITE2,Umbria,HOUS_DIFF_TRANS_VQ,Households declaring to live in an area where some problems are present: difficulties of links with public transport means: very much and quite,HSC_F,Per 100 households with the same characteristics,2014,34.5
A,Annual,ITE2,Umbria,HOUS_DIFF_TRANS_VQ,Households declaring to live in an area where some problems are present: difficulties of links with public transport means: very much and quite,HSC_F,Per 100 households with the same characteristics,2015,33.1
A,Annual,ITE2,Umbria,HOUS_DIFF_TRANS_VQ,Households declaring to live in an area where some problems are present: difficulties of links with public transport means: very much and quite,HSC_F,Per 100 households with the same characteristics,2016,30.6
A,Annual,ITE2,Umbria,HOUS_DIFF_TRANS_VQ,Households declaring to live in an area where some problems are present: difficulties of links with public transport means: very much and quite,HSC_F,Per 100 households with the same characteristics,2017,32.5
A,Annual,ITE2,Umbria,HOUS_DIFF_TRANS_VQ,Households declaring to live in an area where some problems are present: difficulties of links with public transport means: very much and quite,HSC_F,Per 100 households with the same characteristics,2018,28.8
A,Annual,ITE2,Umbria,HOUS_DIFF_TRANS_VQ,Households declaring to live in an area where some problems are present: difficulties of links with public transport means: very much and quite,HSC_F,Per 100 households with the same characteristics,2019,31.9
A,Annual,ITE2,Umbria,HOUS_DIFF_TRANS_VQ,Households declaring to live in an area where some problems are present: difficulties of links with public transport means: very much and quite,HSC_F,Per 100 households with the same characteristics,2020,26.7
A,Annual,ITE2,Umbria,HOUS_DIFF_TRANS_VQ,Households declaring to live in an area where some problems are present: difficulties of links with public transport means: very much and quite,HSC_F,Per 100 households with the same characteristics,2021,32.2
A,Annual,ITE2,Umbria,HOUS_DIFF_TRANS_VQ,Households declaring to live in an area where some problems are present: difficulties of links with public transport means: very much and quite,HSC_F,Per 100 households with the same characteristics,2022,28.9
A,Annual,ITE2,Umbria,HOUS_DIFF_TRANS_VQ,Households declaring to live in an area where some problems are present: difficulties of links with public transport means: very much and quite,HSC_F,Per 100 households with the same characteristics,2023,33.6
A,Annual,ITE2,Umbria,HOUS_DIFF_TRANS_VQ,Households declaring to live in an area where some problems are present: difficulties of links with public transport means: very much and quite,HSC_F,Per 100 households with the same characteristics,2024,32.9
A,Annual,ITE2,Umbria,HOUS_TRAFFIC_V,Households declaring to live in an area where some problems are present: traffic: very much,HSC_F,Per 100 households with the same characteristics,2010,9.5
A,Annual,ITE2,Umbria,HOUS_TRAFFIC_V,Households declaring to live in an area where some problems are present: traffic: very much,HSC_F,Per 100 households with the same characteristics,2011,8.6
A,Annual,ITE2,Umbria,HOUS_TRAFFIC_V,Households declaring to live in an area where some problems are present: traffic: very much,HSC_F,Per 100 households with the same characteristics,2012,10.2
A,Annual,ITE2,Umbria,HOUS_TRAFFIC_V,Households declaring to live in an area where some problems are present: traffic: very much,HSC_F,Per 100 households with the same characteristics,2013,7.4
A,Annual,ITE2,Umbria,HOUS_TRAFFIC_V,Households declaring to live in an area where some problems are present: traffic: very much,HSC_F,Per 100 households with the same characteristics,2014,9
A,Annual,ITE2,Umbria,HOUS_TRAFFIC_V,Households declaring to live in an area where some problems are present: traffic: very much,HSC_F,Per 100 households with the same characteristics,2015,9.6
A,Annual,ITE2,Umbria,HOUS_TRAFFIC_V,Households declaring to live in an area where some problems are present: traffic: very much,HSC_F,Per 100 households with the same characteristics,2016,11.9
A,Annual,ITE2,Umbria,HOUS_TRAFFIC_V,Households declaring to live in an area where some problems are present: traffic: very much,HSC_F,Per 100 households with the same characteristics,2017,9.6
A,Annual,ITE2,Umbria,HOUS_TRAFFIC_V,Households declaring to live in an area where some problems are present: traffic: very much,HSC_F,Per 100 households with the same characteristics,2018,8.9
A,Annual,ITE2,Umbria,HOUS_TRAFFIC_V,Households declaring to live in an area where some problems are present: traffic: very much,HSC_F,Per 100 households with the same characteristics,2019,9.4
A,Annual,ITE2,Umbria,HOUS_TRAFFIC_V,Households declaring to live in an area where some problems are present: traffic: very much,HSC_F,Per 100 households with the same characteristics,2020,7.4
A,Annual,ITE2,Umbria,HOUS_TRAFFIC_V,Households declaring to live in an area where some problems are present: traffic: very much,HSC_F,Per 100 households with the same characteristics,2021,5.8
A,Annual,ITE2,Umbria,HOUS_TRAFFIC_V,Households declaring to live in an area where some problems are present: traffic: very much,HSC_F,Per 100 households with the same characteristics,2022,6.3
A,Annual,ITE2,Umbria,HOUS_TRAFFIC_V,Households declaring to live in an area where some problems are present: traffic: very much,HSC_F,Per 100 households with the same characteristics,2023,8.6
A,Annual,ITE2,Umbria,HOUS_TRAFFIC_V,Households declaring to live in an area where some problems are present: traffic: very much,HSC_F,Per 100 households with the same characteristics,2024,6.7
A,Annual,ITE2,Umbria,HOUS_TRAFFIC_VQ,Households declaring to live in an area where some problems are present: traffic: very much and quite,HSC_F,Per 100 households with the same characteristics,2010,31.2
A,Annual,ITE2,Umbria,HOUS_TRAFFIC_VQ,Households declaring to live in an area where some problems are present: traffic: very much and quite,HSC_F,Per 100 households with the same characteristics,2011,28.8
A,Annual,ITE2,Umbria,HOUS_TRAFFIC_VQ,Households declaring to live in an area where some problems are present: traffic: very much and quite,HSC_F,Per 100 households with the same characteristics,2012,31.8
A,Annual,ITE2,Umbria,HOUS_TRAFFIC_VQ,Households declaring to live in an area where some problems are present: traffic: very much and quite,HSC_F,Per 100 households with the same characteristics,2013,30.3
A,Annual,ITE2,Umbria,HOUS_TRAFFIC_VQ,Households declaring to live in an area where some problems are present: traffic: very much and quite,HSC_F,Per 100 households with the same characteristics,2014,28.3
A,Annual,ITE2,Umbria,HOUS_TRAFFIC_VQ,Households declaring to live in an area where some problems are present: traffic: very much and quite,HSC_F,Per 100 households with the same characteristics,2015,29.5
A,Annual,ITE2,Umbria,HOUS_TRAFFIC_VQ,Households declaring to live in an area where some problems are present: traffic: very much and quite,HSC_F,Per 100 households with the same characteristics,2016,29.8
A,Annual,ITE2,Umbria,HOUS_TRAFFIC_VQ,Households declaring to live in an area where some problems are present: traffic: very much and quite,HSC_F,Per 100 households with the same characteristics,2017,30.2
A,Annual,ITE2,Umbria,HOUS_TRAFFIC_VQ,Households declaring to live in an area where some problems are present: traffic: very much and quite,HSC_F,Per 100 households with the same characteristics,2018,30.2
A,Annual,ITE2,Umbria,HOUS_TRAFFIC_VQ,Households declaring to live in an area where some problems are present: traffic: very much and quite,HSC_F,Per 100 households with the same characteristics,2019,29.5
A,Annual,ITE2,Umbria,HOUS_TRAFFIC_VQ,Households declaring to live in an area where some problems are present: traffic: very much and quite,HSC_F,Per 100 households with the same characteristics,2020,26.8
A,Annual,ITE2,Umbria,HOUS_TRAFFIC_VQ,Households declaring to live in an area where some problems are present: traffic: very much and quite,HSC_F,Per 100 households with the same characteristics,2021,23.4
A,Annual,ITE2,Umbria,HOUS_TRAFFIC_VQ,Households declaring to live in an area where some problems are present: traffic: very much and quite,HSC_F,Per 100 households with the same characteristics,2022,26.8
A,Annual,ITE2,Umbria,HOUS_TRAFFIC_VQ,Households declaring to live in an area where some problems are present: traffic: very much and quite,HSC_F,Per 100 households with the same characteristics,2023,29.4
A,Annual,ITE2,Umbria,HOUS_TRAFFIC_VQ,Households declaring to live in an area where some problems are present: traffic: very much and quite,HSC_F,Per 100 households with the same characteristics,2024,27.7
A,Annual,ITE2,Umbria,HOUS_STRLIGHT_V,Households declaring to live in an area where some problems are present: poor street lighting: very much,HSC_F,Per 100 households with the same characteristics,2010,9.8
A,Annual,ITE2,Umbria,HOUS_STRLIGHT_V,Households declaring to live in an area where some problems are present: poor street lighting: very much,HSC_F,Per 100 households with the same characteristics,2011,9.9
A,Annual,ITE2,Umbria,HOUS_STRLIGHT_V,Households declaring to live in an area where some problems are present: poor street lighting: very much,HSC_F,Per 100 households with the same characteristics,2012,8.6
A,Annual,ITE2,Umbria,HOUS_STRLIGHT_V,Households declaring to live in an area where some problems are present: poor street lighting: very much,HSC_F,Per 100 households with the same characteristics,2013,6.9
A,Annual,ITE2,Umbria,HOUS_STRLIGHT_V,Households declaring to live in an area where some problems are present: poor street lighting: very much,HSC_F,Per 100 households with the same characteristics,2014,9.5
A,Annual,ITE2,Umbria,HOUS_STRLIGHT_V,Households declaring to live in an area where some problems are present: poor street lighting: very much,HSC_F,Per 100 households with the same characteristics,2015,14.5
A,Annual,ITE2,Umbria,HOUS_STRLIGHT_V,Households declaring to live in an area where some problems are present: poor street lighting: very much,HSC_F,Per 100 households with the same characteristics,2016,13.8
A,Annual,ITE2,Umbria,HOUS_STRLIGHT_V,Households declaring to live in an area where some problems are present: poor street lighting: very much,HSC_F,Per 100 households with the same characteristics,2017,10.7
A,Annual,ITE2,Umbria,HOUS_STRLIGHT_V,Households declaring to live in an area where some problems are present: poor street lighting: very much,HSC_F,Per 100 households with the same characteristics,2018,12
A,Annual,ITE2,Umbria,HOUS_STRLIGHT_V,Households declaring to live in an area where some problems are present: poor street lighting: very much,HSC_F,Per 100 households with the same characteristics,2019,13.7
A,Annual,ITE2,Umbria,HOUS_STRLIGHT_V,Households declaring to live in an area where some problems are present: poor street lighting: very much,HSC_F,Per 100 households with the same characteristics,2020,7.6
A,Annual,ITE2,Umbria,HOUS_STRLIGHT_V,Households declaring to live in an area where some problems are present: poor street lighting: very much,HSC_F,Per 100 households with the same characteristics,2021,6.8
A,Annual,ITE2,Umbria,HOUS_STRLIGHT_V,Households declaring to live in an area where some problems are present: poor street lighting: very much,HSC_F,Per 100 households with the same characteristics,2022,9.9
A,Annual,ITE2,Umbria,HOUS_STRLIGHT_V,Households declaring to live in an area where some problems are present: poor street lighting: very much,HSC_F,Per 100 households with the same characteristics,2023,10.9
A,Annual,ITE2,Umbria,HOUS_STRLIGHT_V,Households declaring to live in an area where some problems are present: poor street lighting: very much,HSC_F,Per 100 households with the same characteristics,2024,6.6
A,Annual,ITE2,Umbria,HOUS_STRLIGHT_VQ,Households declaring to live in an area where some problems are present: poor street lighting: very much and quite,HSC_F,Per 100 households with the same characteristics,2010,33.3
A,Annual,ITE2,Umbria,HOUS_STRLIGHT_VQ,Households declaring to live in an area where some problems are present: poor street lighting: very much and quite,HSC_F,Per 100 households with the same characteristics,2011,28.9
A,Annual,ITE2,Umbria,HOUS_STRLIGHT_VQ,Households declaring to live in an area where some problems are present: poor street lighting: very much and quite,HSC_F,Per 100 households with the same characteristics,2012,30.9
A,Annual,ITE2,Umbria,HOUS_STRLIGHT_VQ,Households declaring to live in an area where some problems are present: poor street lighting: very much and quite,HSC_F,Per 100 households with the same characteristics,2013,28.9
A,Annual,ITE2,Umbria,HOUS_STRLIGHT_VQ,Households declaring to live in an area where some problems are present: poor street lighting: very much and quite,HSC_F,Per 100 households with the same characteristics,2014,33
A,Annual,ITE2,Umbria,HOUS_STRLIGHT_VQ,Households declaring to live in an area where some problems are present: poor street lighting: very much and quite,HSC_F,Per 100 households with the same characteristics,2015,39.3
A,Annual,ITE2,Umbria,HOUS_STRLIGHT_VQ,Households declaring to live in an area where some problems are present: poor street lighting: very much and quite,HSC_F,Per 100 households with the same characteristics,2016,35.8
A,Annual,ITE2,Umbria,HOUS_STRLIGHT_VQ,Households declaring to live in an area where some problems are present: poor street lighting: very much and quite,HSC_F,Per 100 households with the same characteristics,2017,30.6
A,Annual,ITE2,Umbria,HOUS_STRLIGHT_VQ,Households declaring to live in an area where some problems are present: poor street lighting: very much and quite,HSC_F,Per 100 households with the same characteristics,2018,32.4
A,Annual,ITE2,Umbria,HOUS_STRLIGHT_VQ,Households declaring to live in an area where some problems are present: poor street lighting: very much and quite,HSC_F,Per 100 households with the same characteristics,2019,36.3
A,Annual,ITE2,Umbria,HOUS_STRLIGHT_VQ,Households declaring to live in an area where some problems are present: poor street lighting: very much and quite,HSC_F,Per 100 households with the same characteristics,2020,27.4
A,Annual,ITE2,Umbria,HOUS_STRLIGHT_VQ,Households declaring to live in an area where some problems are present: poor street lighting: very much and quite,HSC_F,Per 100 households with the same characteristics,2021,29.5
A,Annual,ITE2,Umbria,HOUS_STRLIGHT_VQ,Households declaring to live in an area where some problems are present: poor street lighting: very much and quite,HSC_F,Per 100 households with the same characteristics,2022,31.8
A,Annual,ITE2,Umbria,HOUS_STRLIGHT_VQ,Households declaring to live in an area where some problems are present: poor street lighting: very much and quite,HSC_F,Per 100 households with the same characteristics,2023,37.8
A,Annual,ITE2,Umbria,HOUS_STRLIGHT_VQ,Households declaring to live in an area where some problems are present: poor street lighting: very much and quite,HSC_F,Per 100 households with the same characteristics,2024,30.9
A,Annual,ITE2,Umbria,HOUS_PROAD_V,Households declaring to live in an area where some problems are present: poor road conditions: very much,HSC_F,Per 100 households with the same characteristics,2010,27.7
A,Annual,ITE2,Umbria,HOUS_PROAD_V,Households declaring to live in an area where some problems are present: poor road conditions: very much,HSC_F,Per 100 households with the same characteristics,2011,19.7
A,Annual,ITE2,Umbria,HOUS_PROAD_V,Households declaring to live in an area where some problems are present: poor road conditions: very much,HSC_F,Per 100 households with the same characteristics,2012,21.4
A,Annual,ITE2,Umbria,HOUS_PROAD_V,Households declaring to live in an area where some problems are present: poor road conditions: very much,HSC_F,Per 100 households with the same characteristics,2013,36.2
A,Annual,ITE2,Umbria,HOUS_PROAD_V,Households declaring to live in an area where some problems are present: poor road conditions: very much,HSC_F,Per 100 households with the same characteristics,2014,33.3
A,Annual,ITE2,Umbria,HOUS_PROAD_V,Households declaring to live in an area where some problems are present: poor road conditions: very much,HSC_F,Per 100 households with the same characteristics,2015,39
A,Annual,ITE2,Umbria,HOUS_PROAD_V,Households declaring to live in an area where some problems are present: poor road conditions: very much,HSC_F,Per 100 households with the same characteristics,2016,35
A,Annual,ITE2,Umbria,HOUS_PROAD_V,Households declaring to live in an area where some problems are present: poor road conditions: very much,HSC_F,Per 100 households with the same characteristics,2017,34.5
A,Annual,ITE2,Umbria,HOUS_PROAD_V,Households declaring to live in an area where some problems are present: poor road conditions: very much,HSC_F,Per 100 households with the same characteristics,2018,42.3
A,Annual,ITE2,Umbria,HOUS_PROAD_V,Households declaring to live in an area where some problems are present: poor road conditions: very much,HSC_F,Per 100 households with the same characteristics,2019,38.6
A,Annual,ITE2,Umbria,HOUS_PROAD_V,Households declaring to live in an area where some problems are present: poor road conditions: very much,HSC_F,Per 100 households with the same characteristics,2020,24.8
A,Annual,ITE2,Umbria,HOUS_PROAD_V,Households declaring to live in an area where some problems are present: poor road conditions: very much,HSC_F,Per 100 households with the same characteristics,2021,25.3
A,Annual,ITE2,Umbria,HOUS_PROAD_V,Households declaring to live in an area where some problems are present: poor road conditions: very much,HSC_F,Per 100 households with the same characteristics,2022,31.2
A,Annual,ITE2,Umbria,HOUS_PROAD_V,Households declaring to live in an area where some problems are present: poor road conditions: very much,HSC_F,Per 100 households with the same characteristics,2023,33.4
A,Annual,ITE2,Umbria,HOUS_PROAD_V,Households declaring to live in an area where some problems are present: poor road conditions: very much,HSC_F,Per 100 households with the same characteristics,2024,31.7
A,Annual,ITE2,Umbria,HOUS_PROAD_VQ,Households declaring to live in an area where some problems are present: poor road conditions: very much and quite,HSC_F,Per 100 households with the same characteristics,2010,52.5
A,Annual,ITE2,Umbria,HOUS_PROAD_VQ,Households declaring to live in an area where some problems are present: poor road conditions: very much and quite,HSC_F,Per 100 households with the same characteristics,2011,45.3
A,Annual,ITE2,Umbria,HOUS_PROAD_VQ,Households declaring to live in an area where some problems are present: poor road conditions: very much and quite,HSC_F,Per 100 households with the same characteristics,2012,51.1
A,Annual,ITE2,Umbria,HOUS_PROAD_VQ,Households declaring to live in an area where some problems are present: poor road conditions: very much and quite,HSC_F,Per 100 households with the same characteristics,2013,63.9
A,Annual,ITE2,Umbria,HOUS_PROAD_VQ,Households declaring to live in an area where some problems are present: poor road conditions: very much and quite,HSC_F,Per 100 households with the same characteristics,2014,62.4
A,Annual,ITE2,Umbria,HOUS_PROAD_VQ,Households declaring to live in an area where some problems are present: poor road conditions: very much and quite,HSC_F,Per 100 households with the same characteristics,2015,68.3
A,Annual,ITE2,Umbria,HOUS_PROAD_VQ,Households declaring to live in an area where some problems are present: poor road conditions: very much and quite,HSC_F,Per 100 households with the same characteristics,2016,60.8
A,Annual,ITE2,Umbria,HOUS_PROAD_VQ,Households declaring to live in an area where some problems are present: poor road conditions: very much and quite,HSC_F,Per 100 households with the same characteristics,2017,62.5
A,Annual,ITE2,Umbria,HOUS_PROAD_VQ,Households declaring to live in an area where some problems are present: poor road conditions: very much and quite,HSC_F,Per 100 households with the same characteristics,2018,72.3
A,Annual,ITE2,Umbria,HOUS_PROAD_VQ,Households declaring to live in an area where some problems are present: poor road conditions: very much and quite,HSC_F,Per 100 households with the same characteristics,2019,66.1
A,Annual,ITE2,Umbria,HOUS_PROAD_VQ,Households declaring to live in an area where some problems are present: poor road conditions: very much and quite,HSC_F,Per 100 households with the same characteristics,2020,56.2
A,Annual,ITE2,Umbria,HOUS_PROAD_VQ,Households declaring to live in an area where some problems are present: poor road conditions: very much and quite,HSC_F,Per 100 households with the same characteristics,2021,56.8
A,Annual,ITE2,Umbria,HOUS_PROAD_VQ,Households declaring to live in an area where some problems are present: poor road conditions: very much and quite,HSC_F,Per 100 households with the same characteristics,2022,60.8
A,Annual,ITE2,Umbria,HOUS_PROAD_VQ,Households declaring to live in an area where some problems are present: poor road conditions: very much and quite,HSC_F,Per 100 households with the same characteristics,2023,63.6
A,Annual,ITE2,Umbria,HOUS_PROAD_VQ,Households declaring to live in an area where some problems are present: poor road conditions: very much and quite,HSC_F,Per 100 households with the same characteristics,2024,62.3
A,Annual,ITE3,Marche,HOUS_DIFFPARK_V,Households declaring to live in an area where some problems are present: difficult parking: very much,HSC_F,Per 100 households with the same characteristics,2010,12
A,Annual,ITE3,Marche,HOUS_DIFFPARK_V,Households declaring to live in an area where some problems are present: difficult parking: very much,HSC_F,Per 100 households with the same characteristics,2011,12.6
A,Annual,ITE3,Marche,HOUS_DIFFPARK_V,Households declaring to live in an area where some problems are present: difficult parking: very much,HSC_F,Per 100 households with the same characteristics,2012,11.7
A,Annual,ITE3,Marche,HOUS_DIFFPARK_V,Households declaring to live in an area where some problems are present: difficult parking: very much,HSC_F,Per 100 households with the same characteristics,2013,10.5
A,Annual,ITE3,Marche,HOUS_DIFFPARK_V,Households declaring to live in an area where some problems are present: difficult parking: very much,HSC_F,Per 100 households with the same characteristics,2014,10.4
A,Annual,ITE3,Marche,HOUS_DIFFPARK_V,Households declaring to live in an area where some problems are present: difficult parking: very much,HSC_F,Per 100 households with the same characteristics,2015,11.1
A,Annual,ITE3,Marche,HOUS_DIFFPARK_V,Households declaring to live in an area where some problems are present: difficult parking: very much,HSC_F,Per 100 households with the same characteristics,2016,9.6
A,Annual,ITE3,Marche,HOUS_DIFFPARK_V,Households declaring to live in an area where some problems are present: difficult parking: very much,HSC_F,Per 100 households with the same characteristics,2017,11.9
A,Annual,ITE3,Marche,HOUS_DIFFPARK_V,Households declaring to live in an area where some problems are present: difficult parking: very much,HSC_F,Per 100 households with the same characteristics,2018,7.4
A,Annual,ITE3,Marche,HOUS_DIFFPARK_V,Households declaring to live in an area where some problems are present: difficult parking: very much,HSC_F,Per 100 households with the same characteristics,2019,9.9
A,Annual,ITE3,Marche,HOUS_DIFFPARK_V,Households declaring to live in an area where some problems are present: difficult parking: very much,HSC_F,Per 100 households with the same characteristics,2020,6.7
A,Annual,ITE3,Marche,HOUS_DIFFPARK_V,Households declaring to live in an area where some problems are present: difficult parking: very much,HSC_F,Per 100 households with the same characteristics,2021,8.2
A,Annual,ITE3,Marche,HOUS_DIFFPARK_V,Households declaring to live in an area where some problems are present: difficult parking: very much,HSC_F,Per 100 households with the same characteristics,2022,10.6
A,Annual,ITE3,Marche,HOUS_DIFFPARK_V,Households declaring to live in an area where some problems are present: difficult parking: very much,HSC_F,Per 100 households with the same characteristics,2023,11.4
A,Annual,ITE3,Marche,HOUS_DIFFPARK_V,Households declaring to live in an area where some problems are present: difficult parking: very much,HSC_F,Per 100 households with the same characteristics,2024,8.8
A,Annual,ITE3,Marche,HOUS_DIFFPARK_VQ,Households declaring to live in an area where some problems are present: difficult parking: very much and quite,HSC_F,Per 100 households with the same characteristics,2010,30.2
A,Annual,ITE3,Marche,HOUS_DIFFPARK_VQ,Households declaring to live in an area where some problems are present: difficult parking: very much and quite,HSC_F,Per 100 households with the same characteristics,2011,32
A,Annual,ITE3,Marche,HOUS_DIFFPARK_VQ,Households declaring to live in an area where some problems are present: difficult parking: very much and quite,HSC_F,Per 100 households with the same characteristics,2012,33
A,Annual,ITE3,Marche,HOUS_DIFFPARK_VQ,Households declaring to live in an area where some problems are present: difficult parking: very much and quite,HSC_F,Per 100 households with the same characteristics,2013,29
A,Annual,ITE3,Marche,HOUS_DIFFPARK_VQ,Households declaring to live in an area where some problems are present: difficult parking: very much and quite,HSC_F,Per 100 households with the same characteristics,2014,27.3
A,Annual,ITE3,Marche,HOUS_DIFFPARK_VQ,Households declaring to live in an area where some problems are present: difficult parking: very much and quite,HSC_F,Per 100 households with the same characteristics,2015,33
A,Annual,ITE3,Marche,HOUS_DIFFPARK_VQ,Households declaring to live in an area where some problems are present: difficult parking: very much and quite,HSC_F,Per 100 households with the same characteristics,2016,29.9
A,Annual,ITE3,Marche,HOUS_DIFFPARK_VQ,Households declaring to live in an area where some problems are present: difficult parking: very much and quite,HSC_F,Per 100 households with the same characteristics,2017,30.2
A,Annual,ITE3,Marche,HOUS_DIFFPARK_VQ,Households declaring to live in an area where some problems are present: difficult parking: very much and quite,HSC_F,Per 100 households with the same characteristics,2018,24.9
A,Annual,ITE3,Marche,HOUS_DIFFPARK_VQ,Households declaring to live in an area where some problems are present: difficult parking: very much and quite,HSC_F,Per 100 households with the same characteristics,2019,31.9
A,Annual,ITE3,Marche,HOUS_DIFFPARK_VQ,Households declaring to live in an area where some problems are present: difficult parking: very much and quite,HSC_F,Per 100 households with the same characteristics,2020,22.4
A,Annual,ITE3,Marche,HOUS_DIFFPARK_VQ,Households declaring to live in an area where some problems are present: difficult parking: very much and quite,HSC_F,Per 100 households with the same characteristics,2021,29.1
A,Annual,ITE3,Marche,HOUS_DIFFPARK_VQ,Households declaring to live in an area where some problems are present: difficult parking: very much and quite,HSC_F,Per 100 households with the same characteristics,2022,28.8
A,Annual,ITE3,Marche,HOUS_DIFFPARK_VQ,Households declaring to live in an area where some problems are present: difficult parking: very much and quite,HSC_F,Per 100 households with the same characteristics,2023,31.1
A,Annual,ITE3,Marche,HOUS_DIFFPARK_VQ,Households declaring to live in an area where some problems are present: difficult parking: very much and quite,HSC_F,Per 100 households with the same characteristics,2024,25.9
A,Annual,ITE3,Marche,HOUS_DIFF_TRANS_V,Households declaring to live in an area where some problems are present: difficulties of links with public transport means: very much,HSC_F,Per 100 households with the same characteristics,2010,7.1
A,Annual,ITE3,Marche,HOUS_DIFF_TRANS_V,Households declaring to live in an area where some problems are present: difficulties of links with public transport means: very much,HSC_F,Per 100 households with the same characteristics,2011,8.6
A,Annual,ITE3,Marche,HOUS_DIFF_TRANS_V,Households declaring to live in an area where some problems are present: difficulties of links with public transport means: very much,HSC_F,Per 100 households with the same characteristics,2012,5.9
A,Annual,ITE3,Marche,HOUS_DIFF_TRANS_V,Households declaring to live in an area where some problems are present: difficulties of links with public transport means: very much,HSC_F,Per 100 households with the same characteristics,2013,8.4
A,Annual,ITE3,Marche,HOUS_DIFF_TRANS_V,Households declaring to live in an area where some problems are present: difficulties of links with public transport means: very much,HSC_F,Per 100 households with the same characteristics,2014,8.6
A,Annual,ITE3,Marche,HOUS_DIFF_TRANS_V,Households declaring to live in an area where some problems are present: difficulties of links with public transport means: very much,HSC_F,Per 100 households with the same characteristics,2015,7.7
A,Annual,ITE3,Marche,HOUS_DIFF_TRANS_V,Households declaring to live in an area where some problems are present: difficulties of links with public transport means: very much,HSC_F,Per 100 households with the same characteristics,2016,9.9
A,Annual,ITE3,Marche,HOUS_DIFF_TRANS_V,Households declaring to live in an area where some problems are present: difficulties of links with public transport means: very much,HSC_F,Per 100 households with the same characteristics,2017,10.2
A,Annual,ITE3,Marche,HOUS_DIFF_TRANS_V,Households declaring to live in an area where some problems are present: difficulties of links with public transport means: very much,HSC_F,Per 100 households with the same characteristics,2018,7.7
A,Annual,ITE3,Marche,HOUS_DIFF_TRANS_V,Households declaring to live in an area where some problems are present: difficulties of links with public transport means: very much,HSC_F,Per 100 households with the same characteristics,2019,11
A,Annual,ITE3,Marche,HOUS_DIFF_TRANS_V,Households declaring to live in an area where some problems are present: difficulties of links with public transport means: very much,HSC_F,Per 100 households with the same characteristics,2020,8.4
A,Annual,ITE3,Marche,HOUS_DIFF_TRANS_V,Households declaring to live in an area where some problems are present: difficulties of links with public transport means: very much,HSC_F,Per 100 households with the same characteristics,2021,9
A,Annual,ITE3,Marche,HOUS_DIFF_TRANS_V,Households declaring to live in an area where some problems are present: difficulties of links with public transport means: very much,HSC_F,Per 100 households with the same characteristics,2022,9
A,Annual,ITE3,Marche,HOUS_DIFF_TRANS_V,Households declaring to live in an area where some problems are present: difficulties of links with public transport means: very much,HSC_F,Per 100 households with the same characteristics,2023,11.7
A,Annual,ITE3,Marche,HOUS_DIFF_TRANS_V,Households declaring to live in an area where some problems are present: difficulties of links with public transport means: very much,HSC_F,Per 100 households with the same characteristics,2024,10.2
A,Annual,ITE3,Marche,HOUS_DIFF_TRANS_VQ,Households declaring to live in an area where some problems are present: difficulties of links with public transport means: very much and quite,HSC_F,Per 100 households with the same characteristics,2010,24.9
A,Annual,ITE3,Marche,HOUS_DIFF_TRANS_VQ,Households declaring to live in an area where some problems are present: difficulties of links with public transport means: very much and quite,HSC_F,Per 100 households with the same characteristics,2011,27.2
A,Annual,ITE3,Marche,HOUS_DIFF_TRANS_VQ,Households declaring to live in an area where some problems are present: difficulties of links with public transport means: very much and quite,HSC_F,Per 100 households with the same characteristics,2012,22.2
A,Annual,ITE3,Marche,HOUS_DIFF_TRANS_VQ,Households declaring to live in an area where some problems are present: difficulties of links with public transport means: very much and quite,HSC_F,Per 100 households with the same characteristics,2013,30.2
A,Annual,ITE3,Marche,HOUS_DIFF_TRANS_VQ,Households declaring to live in an area where some problems are present: difficulties of links with public transport means: very much and quite,HSC_F,Per 100 households with the same characteristics,2014,25.7
A,Annual,ITE3,Marche,HOUS_DIFF_TRANS_VQ,Households declaring to live in an area where some problems are present: difficulties of links with public transport means: very much and quite,HSC_F,Per 100 households with the same characteristics,2015,23.8
A,Annual,ITE3,Marche,HOUS_DIFF_TRANS_VQ,Households declaring to live in an area where some problems are present: difficulties of links with public transport means: very much and quite,HSC_F,Per 100 households with the same characteristics,2016,27.9
A,Annual,ITE3,Marche,HOUS_DIFF_TRANS_VQ,Households declaring to live in an area where some problems are present: difficulties of links with public transport means: very much and quite,HSC_F,Per 100 households with the same characteristics,2017,27.9
A,Annual,ITE3,Marche,HOUS_DIFF_TRANS_VQ,Households declaring to live in an area where some problems are present: difficulties of links with public transport means: very much and quite,HSC_F,Per 100 households with the same characteristics,2018,28.4
A,Annual,ITE3,Marche,HOUS_DIFF_TRANS_VQ,Households declaring to live in an area where some problems are present: difficulties of links with public transport means: very much and quite,HSC_F,Per 100 households with the same characteristics,2019,31.2
A,Annual,ITE3,Marche,HOUS_DIFF_TRANS_VQ,Households declaring to live in an area where some problems are present: difficulties of links with public transport means: very much and quite,HSC_F,Per 100 households with the same characteristics,2020,29.1
A,Annual,ITE3,Marche,HOUS_DIFF_TRANS_VQ,Households declaring to live in an area where some problems are present: difficulties of links with public transport means: very much and quite,HSC_F,Per 100 households with the same characteristics,2021,28.5
A,Annual,ITE3,Marche,HOUS_DIFF_TRANS_VQ,Households declaring to live in an area where some problems are present: difficulties of links with public transport means: very much and quite,HSC_F,Per 100 households with the same characteristics,2022,26.9
A,Annual,ITE3,Marche,HOUS_DIFF_TRANS_VQ,Households declaring to live in an area where some problems are present: difficulties of links with public transport means: very much and quite,HSC_F,Per 100 households with the same characteristics,2023,33
A,Annual,ITE3,Marche,HOUS_DIFF_TRANS_VQ,Households declaring to live in an area where some problems are present: difficulties of links with public transport means: very much and quite,HSC_F,Per 100 households with the same characteristics,2024,30.1
A,Annual,ITE3,Marche,HOUS_TRAFFIC_V,Households declaring to live in an area where some problems are present: traffic: very much,HSC_F,Per 100 households with the same characteristics,2010,10
A,Annual,ITE3,Marche,HOUS_TRAFFIC_V,Households declaring to live in an area where some problems are present: traffic: very much,HSC_F,Per 100 households with the same characteristics,2011,12.5
A,Annual,ITE3,Marche,HOUS_TRAFFIC_V,Households declaring to live in an area where some problems are present: traffic: very much,HSC_F,Per 100 households with the same characteristics,2012,12.2
A,Annual,ITE3,Marche,HOUS_TRAFFIC_V,Households declaring to live in an area where some problems are present: traffic: very much,HSC_F,Per 100 households with the same characteristics,2013,11.4
A,Annual,ITE3,Marche,HOUS_TRAFFIC_V,Households declaring to live in an area where some problems are present: traffic: very much,HSC_F,Per 100 households with the same characteristics,2014,10.6
A,Annual,ITE3,Marche,HOUS_TRAFFIC_V,Households declaring to live in an area where some problems are present: traffic: very much,HSC_F,Per 100 households with the same characteristics,2015,10.1
A,Annual,ITE3,Marche,HOUS_TRAFFIC_V,Households declaring to live in an area where some problems are present: traffic: very much,HSC_F,Per 100 households with the same characteristics,2016,6.9
A,Annual,ITE3,Marche,HOUS_TRAFFIC_V,Households declaring to live in an area where some problems are present: traffic: very much,HSC_F,Per 100 households with the same characteristics,2017,8.5
A,Annual,ITE3,Marche,HOUS_TRAFFIC_V,Households declaring to live in an area where some problems are present: traffic: very much,HSC_F,Per 100 households with the same characteristics,2018,6.4
A,Annual,ITE3,Marche,HOUS_TRAFFIC_V,Households declaring to live in an area where some problems are present: traffic: very much,HSC_F,Per 100 households with the same characteristics,2019,8.7
A,Annual,ITE3,Marche,HOUS_TRAFFIC_V,Households declaring to live in an area where some problems are present: traffic: very much,HSC_F,Per 100 households with the same characteristics,2020,8.5
A,Annual,ITE3,Marche,HOUS_TRAFFIC_V,Households declaring to live in an area where some problems are present: traffic: very much,HSC_F,Per 100 households with the same characteristics,2021,6.7
A,Annual,ITE3,Marche,HOUS_TRAFFIC_V,Households declaring to live in an area where some problems are present: traffic: very much,HSC_F,Per 100 households with the same characteristics,2022,6.8
A,Annual,ITE3,Marche,HOUS_TRAFFIC_V,Households declaring to live in an area where some problems are present: traffic: very much,HSC_F,Per 100 households with the same characteristics,2023,9.3
A,Annual,ITE3,Marche,HOUS_TRAFFIC_V,Households declaring to live in an area where some problems are present: traffic: very much,HSC_F,Per 100 households with the same characteristics,2024,7.8
A,Annual,ITE3,Marche,HOUS_TRAFFIC_VQ,Households declaring to live in an area where some problems are present: traffic: very much and quite,HSC_F,Per 100 households with the same characteristics,2010,32.4
A,Annual,ITE3,Marche,HOUS_TRAFFIC_VQ,Households declaring to live in an area where some problems are present: traffic: very much and quite,HSC_F,Per 100 households with the same characteristics,2011,34.2
A,Annual,ITE3,Marche,HOUS_TRAFFIC_VQ,Households declaring to live in an area where some problems are present: traffic: very much and quite,HSC_F,Per 100 households with the same characteristics,2012,36.7
A,Annual,ITE3,Marche,HOUS_TRAFFIC_VQ,Households declaring to live in an area where some problems are present: traffic: very much and quite,HSC_F,Per 100 households with the same characteristics,2013,33.7
A,Annual,ITE3,Marche,HOUS_TRAFFIC_VQ,Households declaring to live in an area where some problems are present: traffic: very much and quite,HSC_F,Per 100 households with the same characteristics,2014,33.5
A,Annual,ITE3,Marche,HOUS_TRAFFIC_VQ,Households declaring to live in an area where some problems are present: traffic: very much and quite,HSC_F,Per 100 households with the same characteristics,2015,33
A,Annual,ITE3,Marche,HOUS_TRAFFIC_VQ,Households declaring to live in an area where some problems are present: traffic: very much and quite,HSC_F,Per 100 households with the same characteristics,2016,32.2
A,Annual,ITE3,Marche,HOUS_TRAFFIC_VQ,Households declaring to live in an area where some problems are present: traffic: very much and quite,HSC_F,Per 100 households with the same characteristics,2017,31.8
A,Annual,ITE3,Marche,HOUS_TRAFFIC_VQ,Households declaring to live in an area where some problems are present: traffic: very much and quite,HSC_F,Per 100 households with the same characteristics,2018,28.8
A,Annual,ITE3,Marche,HOUS_TRAFFIC_VQ,Households declaring to live in an area where some problems are present: traffic: very much and quite,HSC_F,Per 100 households with the same characteristics,2019,33.1
A,Annual,ITE3,Marche,HOUS_TRAFFIC_VQ,Households declaring to live in an area where some problems are present: traffic: very much and quite,HSC_F,Per 100 households with the same characteristics,2020,30.3
A,Annual,ITE3,Marche,HOUS_TRAFFIC_VQ,Households declaring to live in an area where some problems are present: traffic: very much and quite,HSC_F,Per 100 households with the same characteristics,2021,29.8
A,Annual,ITE3,Marche,HOUS_TRAFFIC_VQ,Households declaring to live in an area where some problems are present: traffic: very much and quite,HSC_F,Per 100 households with the same characteristics,2022,28.3
A,Annual,ITE3,Marche,HOUS_TRAFFIC_VQ,Households declaring to live in an area where some problems are present: traffic: very much and quite,HSC_F,Per 100 households with the same characteristics,2023,31.9
A,Annual,ITE3,Marche,HOUS_TRAFFIC_VQ,Households declaring to live in an area where some problems are present: traffic: very much and quite,HSC_F,Per 100 households with the same characteristics,2024,29.4
A,Annual,ITE3,Marche,HOUS_STRLIGHT_V,Households declaring to live in an area where some problems are present: poor street lighting: very much,HSC_F,Per 100 households with the same characteristics,2010,8.7
A,Annual,ITE3,Marche,HOUS_STRLIGHT_V,Households declaring to live in an area where some problems are present: poor street lighting: very much,HSC_F,Per 100 households with the same characteristics,2011,5.7
A,Annual,ITE3,Marche,HOUS_STRLIGHT_V,Households declaring to live in an area where some problems are present: poor street lighting: very much,HSC_F,Per 100 households with the same characteristics,2012,5.5
A,Annual,ITE3,Marche,HOUS_STRLIGHT_V,Households declaring to live in an area where some problems are present: poor street lighting: very much,HSC_F,Per 100 households with the same characteristics,2013,9.2
A,Annual,ITE3,Marche,HOUS_STRLIGHT_V,Households declaring to live in an area where some problems are present: poor street lighting: very much,HSC_F,Per 100 households with the same characteristics,2014,8.1
A,Annual,ITE3,Marche,HOUS_STRLIGHT_V,Households declaring to live in an area where some problems are present: poor street lighting: very much,HSC_F,Per 100 households with the same characteristics,2015,9.1
A,Annual,ITE3,Marche,HOUS_STRLIGHT_V,Households declaring to live in an area where some problems are present: poor street lighting: very much,HSC_F,Per 100 households with the same characteristics,2016,11
A,Annual,ITE3,Marche,HOUS_STRLIGHT_V,Households declaring to live in an area where some problems are present: poor street lighting: very much,HSC_F,Per 100 households with the same characteristics,2017,10.1
A,Annual,ITE3,Marche,HOUS_STRLIGHT_V,Households declaring to live in an area where some problems are present: poor street lighting: very much,HSC_F,Per 100 households with the same characteristics,2018,8.4
A,Annual,ITE3,Marche,HOUS_STRLIGHT_V,Households declaring to live in an area where some problems are present: poor street lighting: very much,HSC_F,Per 100 households with the same characteristics,2019,9.2
A,Annual,ITE3,Marche,HOUS_STRLIGHT_V,Households declaring to live in an area where some problems are present: poor street lighting: very much,HSC_F,Per 100 households with the same characteristics,2020,5.8
A,Annual,ITE3,Marche,HOUS_STRLIGHT_V,Households declaring to live in an area where some problems are present: poor street lighting: very much,HSC_F,Per 100 households with the same characteristics,2021,4.8
A,Annual,ITE3,Marche,HOUS_STRLIGHT_V,Households declaring to live in an area where some problems are present: poor street lighting: very much,HSC_F,Per 100 households with the same characteristics,2022,7.4
A,Annual,ITE3,Marche,HOUS_STRLIGHT_V,Households declaring to live in an area where some problems are present: poor street lighting: very much,HSC_F,Per 100 households with the same characteristics,2023,8.1
A,Annual,ITE3,Marche,HOUS_STRLIGHT_V,Households declaring to live in an area where some problems are present: poor street lighting: very much,HSC_F,Per 100 households with the same characteristics,2024,7.7
A,Annual,ITE3,Marche,HOUS_STRLIGHT_VQ,Households declaring to live in an area where some problems are present: poor street lighting: very much and quite,HSC_F,Per 100 households with the same characteristics,2010,27.6
A,Annual,ITE3,Marche,HOUS_STRLIGHT_VQ,Households declaring to live in an area where some problems are present: poor street lighting: very much and quite,HSC_F,Per 100 households with the same characteristics,2011,24.7
A,Annual,ITE3,Marche,HOUS_STRLIGHT_VQ,Households declaring to live in an area where some problems are present: poor street lighting: very much and quite,HSC_F,Per 100 households with the same characteristics,2012,23.4
A,Annual,ITE3,Marche,HOUS_STRLIGHT_VQ,Households declaring to live in an area where some problems are present: poor street lighting: very much and quite,HSC_F,Per 100 households with the same characteristics,2013,28.9
A,Annual,ITE3,Marche,HOUS_STRLIGHT_VQ,Households declaring to live in an area where some problems are present: poor street lighting: very much and quite,HSC_F,Per 100 households with the same characteristics,2014,24.4
A,Annual,ITE3,Marche,HOUS_STRLIGHT_VQ,Households declaring to live in an area where some problems are present: poor street lighting: very much and quite,HSC_F,Per 100 households with the same characteristics,2015,27.6
A,Annual,ITE3,Marche,HOUS_STRLIGHT_VQ,Households declaring to live in an area where some problems are present: poor street lighting: very much and quite,HSC_F,Per 100 households with the same characteristics,2016,34.3
A,Annual,ITE3,Marche,HOUS_STRLIGHT_VQ,Households declaring to live in an area where some problems are present: poor street lighting: very much and quite,HSC_F,Per 100 households with the same characteristics,2017,34
A,Annual,ITE3,Marche,HOUS_STRLIGHT_VQ,Households declaring to live in an area where some problems are present: poor street lighting: very much and quite,HSC_F,Per 100 households with the same characteristics,2018,28.9
A,Annual,ITE3,Marche,HOUS_STRLIGHT_VQ,Households declaring to live in an area where some problems are present: poor street lighting: very much and quite,HSC_F,Per 100 households with the same characteristics,2019,31.4
A,Annual,ITE3,Marche,HOUS_STRLIGHT_VQ,Households declaring to live in an area where some problems are present: poor street lighting: very much and quite,HSC_F,Per 100 households with the same characteristics,2020,24.6
A,Annual,ITE3,Marche,HOUS_STRLIGHT_VQ,Households declaring to live in an area where some problems are present: poor street lighting: very much and quite,HSC_F,Per 100 households with the same characteristics,2021,24.6
A,Annual,ITE3,Marche,HOUS_STRLIGHT_VQ,Households declaring to live in an area where some problems are present: poor street lighting: very much and quite,HSC_F,Per 100 households with the same characteristics,2022,28
A,Annual,ITE3,Marche,HOUS_STRLIGHT_VQ,Households declaring to live in an area where some problems are present: poor street lighting: very much and quite,HSC_F,Per 100 households with the same characteristics,2023,26.5
A,Annual,ITE3,Marche,HOUS_STRLIGHT_VQ,Households declaring to live in an area where some problems are present: poor street lighting: very much and quite,HSC_F,Per 100 households with the same characteristics,2024,29.6
A,Annual,ITE3,Marche,HOUS_PROAD_V,Households declaring to live in an area where some problems are present: poor road conditions: very much,HSC_F,Per 100 households with the same characteristics,2010,22.7
A,Annual,ITE3,Marche,HOUS_PROAD_V,Households declaring to live in an area where some problems are present: poor road conditions: very much,HSC_F,Per 100 households with the same characteristics,2011,22.2
A,Annual,ITE3,Marche,HOUS_PROAD_V,Households declaring to live in an area where some problems are present: poor road conditions: very much,HSC_F,Per 100 households with the same characteristics,2012,17.5
A,Annual,ITE3,Marche,HOUS_PROAD_V,Households declaring to live in an area where some problems are present: poor road conditions: very much,HSC_F,Per 100 households with the same characteristics,2013,24
A,Annual,ITE3,Marche,HOUS_PROAD_V,Households declaring to live in an area where some problems are present: poor road conditions: very much,HSC_F,Per 100 households with the same characteristics,2014,26.2
A,Annual,ITE3,Marche,HOUS_PROAD_V,Households declaring to live in an area where some problems are present: poor road conditions: very much,HSC_F,Per 100 households with the same characteristics,2015,28.2
A,Annual,ITE3,Marche,HOUS_PROAD_V,Households declaring to live in an area where some problems are present: poor road conditions: very much,HSC_F,Per 100 households with the same characteristics,2016,29.4
A,Annual,ITE3,Marche,HOUS_PROAD_V,Households declaring to live in an area where some problems are present: poor road conditions: very much,HSC_F,Per 100 households with the same characteristics,2017,27.7
A,Annual,ITE3,Marche,HOUS_PROAD_V,Households declaring to live in an area where some problems are present: poor road conditions: very much,HSC_F,Per 100 households with the same characteristics,2018,20.5
A,Annual,ITE3,Marche,HOUS_PROAD_V,Households declaring to live in an area where some problems are present: poor road conditions: very much,HSC_F,Per 100 households with the same characteristics,2019,24.2
A,Annual,ITE3,Marche,HOUS_PROAD_V,Households declaring to live in an area where some problems are present: poor road conditions: very much,HSC_F,Per 100 households with the same characteristics,2020,12.4
A,Annual,ITE3,Marche,HOUS_PROAD_V,Households declaring to live in an area where some problems are present: poor road conditions: very much,HSC_F,Per 100 households with the same characteristics,2021,14.6
A,Annual,ITE3,Marche,HOUS_PROAD_V,Households declaring to live in an area where some problems are present: poor road conditions: very much,HSC_F,Per 100 households with the same characteristics,2022,17.9
A,Annual,ITE3,Marche,HOUS_PROAD_V,Households declaring to live in an area where some problems are present: poor road conditions: very much,HSC_F,Per 100 households with the same characteristics,2023,20.4
A,Annual,ITE3,Marche,HOUS_PROAD_V,Households declaring to live in an area where some problems are present: poor road conditions: very much,HSC_F,Per 100 households with the same characteristics,2024,22.8
A,Annual,ITE3,Marche,HOUS_PROAD_VQ,Households declaring to live in an area where some problems are present: poor road conditions: very much and quite,HSC_F,Per 100 households with the same characteristics,2010,49.1
A,Annual,ITE3,Marche,HOUS_PROAD_VQ,Households declaring to live in an area where some problems are present: poor road conditions: very much and quite,HSC_F,Per 100 households with the same characteristics,2011,51.3
A,Annual,ITE3,Marche,HOUS_PROAD_VQ,Households declaring to live in an area where some problems are present: poor road conditions: very much and quite,HSC_F,Per 100 households with the same characteristics,2012,46.5
A,Annual,ITE3,Marche,HOUS_PROAD_VQ,Households declaring to live in an area where some problems are present: poor road conditions: very much and quite,HSC_F,Per 100 households with the same characteristics,2013,53.9
A,Annual,ITE3,Marche,HOUS_PROAD_VQ,Households declaring to live in an area where some problems are present: poor road conditions: very much and quite,HSC_F,Per 100 households with the same characteristics,2014,55.9
A,Annual,ITE3,Marche,HOUS_PROAD_VQ,Households declaring to live in an area where some problems are present: poor road conditions: very much and quite,HSC_F,Per 100 households with the same characteristics,2015,57.7
A,Annual,ITE3,Marche,HOUS_PROAD_VQ,Households declaring to live in an area where some problems are present: poor road conditions: very much and quite,HSC_F,Per 100 households with the same characteristics,2016,59.9
A,Annual,ITE3,Marche,HOUS_PROAD_VQ,Households declaring to live in an area where some problems are present: poor road conditions: very much and quite,HSC_F,Per 100 households with the same characteristics,2017,58.9
A,Annual,ITE3,Marche,HOUS_PROAD_VQ,Households declaring to live in an area where some problems are present: poor road conditions: very much and quite,HSC_F,Per 100 households with the same characteristics,2018,51.4
A,Annual,ITE3,Marche,HOUS_PROAD_VQ,Households declaring to live in an area where some problems are present: poor road conditions: very much and quite,HSC_F,Per 100 households with the same characteristics,2019,52
A,Annual,ITE3,Marche,HOUS_PROAD_VQ,Households declaring to live in an area where some problems are present: poor road conditions: very much and quite,HSC_F,Per 100 households with the same characteristics,2020,42
A,Annual,ITE3,Marche,HOUS_PROAD_VQ,Households declaring to live in an area where some problems are present: poor road conditions: very much and quite,HSC_F,Per 100 households with the same characteristics,2021,45.5
A,Annual,ITE3,Marche,HOUS_PROAD_VQ,Households declaring to live in an area where some problems are present: poor road conditions: very much and quite,HSC_F,Per 100 households with the same characteristics,2022,48
A,Annual,ITE3,Marche,HOUS_PROAD_VQ,Households declaring to live in an area where some problems are present: poor road conditions: very much and quite,HSC_F,Per 100 households with the same characteristics,2023,47.4
A,Annual,ITE3,Marche,HOUS_PROAD_VQ,Households declaring to live in an area where some problems are present: poor road conditions: very much and quite,HSC_F,Per 100 households with the same characteristics,2024,53.2
A,Annual,ITE4,Lazio,HOUS_DIFFPARK_V,Households declaring to live in an area where some problems are present: difficult parking: very much,HSC_F,Per 100 households with the same characteristics,2010,29.6
A,Annual,ITE4,Lazio,HOUS_DIFFPARK_V,Households declaring to live in an area where some problems are present: difficult parking: very much,HSC_F,Per 100 households with the same characteristics,2011,29.9
A,Annual,ITE4,Lazio,HOUS_DIFFPARK_V,Households declaring to live in an area where some problems are present: difficult parking: very much,HSC_F,Per 100 households with the same characteristics,2012,20.5
A,Annual,ITE4,Lazio,HOUS_DIFFPARK_V,Households declaring to live in an area where some problems are present: difficult parking: very much,HSC_F,Per 100 households with the same characteristics,2013,25.4
A,Annual,ITE4,Lazio,HOUS_DIFFPARK_V,Households declaring to live in an area where some problems are present: difficult parking: very much,HSC_F,Per 100 households with the same characteristics,2014,20.9
A,Annual,ITE4,Lazio,HOUS_DIFFPARK_V,Households declaring to live in an area where some problems are present: difficult parking: very much,HSC_F,Per 100 households with the same characteristics,2015,21.5
A,Annual,ITE4,Lazio,HOUS_DIFFPARK_V,Households declaring to live in an area where some problems are present: difficult parking: very much,HSC_F,Per 100 households with the same characteristics,2016,24.6
A,Annual,ITE4,Lazio,HOUS_DIFFPARK_V,Households declaring to live in an area where some problems are present: difficult parking: very much,HSC_F,Per 100 households with the same characteristics,2017,22.7
A,Annual,ITE4,Lazio,HOUS_DIFFPARK_V,Households declaring to live in an area where some problems are present: difficult parking: very much,HSC_F,Per 100 households with the same characteristics,2018,24.8
A,Annual,ITE4,Lazio,HOUS_DIFFPARK_V,Households declaring to live in an area where some problems are present: difficult parking: very much,HSC_F,Per 100 households with the same characteristics,2019,25.1
A,Annual,ITE4,Lazio,HOUS_DIFFPARK_V,Households declaring to live in an area where some problems are present: difficult parking: very much,HSC_F,Per 100 households with the same characteristics,2020,20.6
A,Annual,ITE4,Lazio,HOUS_DIFFPARK_V,Households declaring to live in an area where some problems are present: difficult parking: very much,HSC_F,Per 100 households with the same characteristics,2021,25
A,Annual,ITE4,Lazio,HOUS_DIFFPARK_V,Households declaring to live in an area where some problems are present: difficult parking: very much,HSC_F,Per 100 households with the same characteristics,2022,23.5
A,Annual,ITE4,Lazio,HOUS_DIFFPARK_V,Households declaring to live in an area where some problems are present: difficult parking: very much,HSC_F,Per 100 households with the same characteristics,2023,28
A,Annual,ITE4,Lazio,HOUS_DIFFPARK_V,Households declaring to live in an area where some problems are present: difficult parking: very much,HSC_F,Per 100 households with the same characteristics,2024,27.2
A,Annual,ITE4,Lazio,HOUS_DIFFPARK_VQ,Households declaring to live in an area where some problems are present: difficult parking: very much and quite,HSC_F,Per 100 households with the same characteristics,2010,51.9
A,Annual,ITE4,Lazio,HOUS_DIFFPARK_VQ,Households declaring to live in an area where some problems are present: difficult parking: very much and quite,HSC_F,Per 100 households with the same characteristics,2011,49
A,Annual,ITE4,Lazio,HOUS_DIFFPARK_VQ,Households declaring to live in an area where some problems are present: difficult parking: very much and quite,HSC_F,Per 100 households with the same characteristics,2012,42.9
A,Annual,ITE4,Lazio,HOUS_DIFFPARK_VQ,Households declaring to live in an area where some problems are present: difficult parking: very much and quite,HSC_F,Per 100 households with the same characteristics,2013,50.3
A,Annual,ITE4,Lazio,HOUS_DIFFPARK_VQ,Households declaring to live in an area where some problems are present: difficult parking: very much and quite,HSC_F,Per 100 households with the same characteristics,2014,45.8
A,Annual,ITE4,Lazio,HOUS_DIFFPARK_VQ,Households declaring to live in an area where some problems are present: difficult parking: very much and quite,HSC_F,Per 100 households with the same characteristics,2015,46.9
A,Annual,ITE4,Lazio,HOUS_DIFFPARK_VQ,Households declaring to live in an area where some problems are present: difficult parking: very much and quite,HSC_F,Per 100 households with the same characteristics,2016,50.1
A,Annual,ITE4,Lazio,HOUS_DIFFPARK_VQ,Households declaring to live in an area where some problems are present: difficult parking: very much and quite,HSC_F,Per 100 households with the same characteristics,2017,48.8
A,Annual,ITE4,Lazio,HOUS_DIFFPARK_VQ,Households declaring to live in an area where some problems are present: difficult parking: very much and quite,HSC_F,Per 100 households with the same characteristics,2018,45.9
A,Annual,ITE4,Lazio,HOUS_DIFFPARK_VQ,Households declaring to live in an area where some problems are present: difficult parking: very much and quite,HSC_F,Per 100 households with the same characteristics,2019,47.1
A,Annual,ITE4,Lazio,HOUS_DIFFPARK_VQ,Households declaring to live in an area where some problems are present: difficult parking: very much and quite,HSC_F,Per 100 households with the same characteristics,2020,41.9
A,Annual,ITE4,Lazio,HOUS_DIFFPARK_VQ,Households declaring to live in an area where some problems are present: difficult parking: very much and quite,HSC_F,Per 100 households with the same characteristics,2021,47.5
A,Annual,ITE4,Lazio,HOUS_DIFFPARK_VQ,Households declaring to live in an area where some problems are present: difficult parking: very much and quite,HSC_F,Per 100 households with the same characteristics,2022,49
A,Annual,ITE4,Lazio,HOUS_DIFFPARK_VQ,Households declaring to live in an area where some problems are present: difficult parking: very much and quite,HSC_F,Per 100 households with the same characteristics,2023,51
A,Annual,ITE4,Lazio,HOUS_DIFFPARK_VQ,Households declaring to live in an area where some problems are present: difficult parking: very much and quite,HSC_F,Per 100 households with the same characteristics,2024,51.5
A,Annual,ITE4,Lazio,HOUS_DIFF_TRANS_V,Households declaring to live in an area where some problems are present: difficulties of links with public transport means: very much,HSC_F,Per 100 households with the same characteristics,2010,11.6
A,Annual,ITE4,Lazio,HOUS_DIFF_TRANS_V,Households declaring to live in an area where some problems are present: difficulties of links with public transport means: very much,HSC_F,Per 100 households with the same characteristics,2011,11.6
A,Annual,ITE4,Lazio,HOUS_DIFF_TRANS_V,Households declaring to live in an area where some problems are present: difficulties of links with public transport means: very much,HSC_F,Per 100 households with the same characteristics,2012,9.9
A,Annual,ITE4,Lazio,HOUS_DIFF_TRANS_V,Households declaring to live in an area where some problems are present: difficulties of links with public transport means: very much,HSC_F,Per 100 households with the same characteristics,2013,10.4
A,Annual,ITE4,Lazio,HOUS_DIFF_TRANS_V,Households declaring to live in an area where some problems are present: difficulties of links with public transport means: very much,HSC_F,Per 100 households with the same characteristics,2014,8.8
A,Annual,ITE4,Lazio,HOUS_DIFF_TRANS_V,Households declaring to live in an area where some problems are present: difficulties of links with public transport means: very much,HSC_F,Per 100 households with the same characteristics,2015,11.7
A,Annual,ITE4,Lazio,HOUS_DIFF_TRANS_V,Households declaring to live in an area where some problems are present: difficulties of links with public transport means: very much,HSC_F,Per 100 households with the same characteristics,2016,13.6
A,Annual,ITE4,Lazio,HOUS_DIFF_TRANS_V,Households declaring to live in an area where some problems are present: difficulties of links with public transport means: very much,HSC_F,Per 100 households with the same characteristics,2017,14.1
A,Annual,ITE4,Lazio,HOUS_DIFF_TRANS_V,Households declaring to live in an area where some problems are present: difficulties of links with public transport means: very much,HSC_F,Per 100 households with the same characteristics,2018,11.5
A,Annual,ITE4,Lazio,HOUS_DIFF_TRANS_V,Households declaring to live in an area where some problems are present: difficulties of links with public transport means: very much,HSC_F,Per 100 households with the same characteristics,2019,11.7
A,Annual,ITE4,Lazio,HOUS_DIFF_TRANS_V,Households declaring to live in an area where some problems are present: difficulties of links with public transport means: very much,HSC_F,Per 100 households with the same characteristics,2020,11.1
A,Annual,ITE4,Lazio,HOUS_DIFF_TRANS_V,Households declaring to live in an area where some problems are present: difficulties of links with public transport means: very much,HSC_F,Per 100 households with the same characteristics,2021,12
A,Annual,ITE4,Lazio,HOUS_DIFF_TRANS_V,Households declaring to live in an area where some problems are present: difficulties of links with public transport means: very much,HSC_F,Per 100 households with the same characteristics,2022,8.7
A,Annual,ITE4,Lazio,HOUS_DIFF_TRANS_V,Households declaring to live in an area where some problems are present: difficulties of links with public transport means: very much,HSC_F,Per 100 households with the same characteristics,2023,13.2
A,Annual,ITE4,Lazio,HOUS_DIFF_TRANS_V,Households declaring to live in an area where some problems are present: difficulties of links with public transport means: very much,HSC_F,Per 100 households with the same characteristics,2024,11.9
A,Annual,ITE4,Lazio,HOUS_DIFF_TRANS_VQ,Households declaring to live in an area where some problems are present: difficulties of links with public transport means: very much and quite,HSC_F,Per 100 households with the same characteristics,2010,35.3
A,Annual,ITE4,Lazio,HOUS_DIFF_TRANS_VQ,Households declaring to live in an area where some problems are present: difficulties of links with public transport means: very much and quite,HSC_F,Per 100 households with the same characteristics,2011,35
A,Annual,ITE4,Lazio,HOUS_DIFF_TRANS_VQ,Households declaring to live in an area where some problems are present: difficulties of links with public transport means: very much and quite,HSC_F,Per 100 households with the same characteristics,2012,32.4
A,Annual,ITE4,Lazio,HOUS_DIFF_TRANS_VQ,Households declaring to live in an area where some problems are present: difficulties of links with public transport means: very much and quite,HSC_F,Per 100 households with the same characteristics,2013,32.6
A,Annual,ITE4,Lazio,HOUS_DIFF_TRANS_VQ,Households declaring to live in an area where some problems are present: difficulties of links with public transport means: very much and quite,HSC_F,Per 100 households with the same characteristics,2014,34.5
A,Annual,ITE4,Lazio,HOUS_DIFF_TRANS_VQ,Households declaring to live in an area where some problems are present: difficulties of links with public transport means: very much and quite,HSC_F,Per 100 households with the same characteristics,2015,36.1
A,Annual,ITE4,Lazio,HOUS_DIFF_TRANS_VQ,Households declaring to live in an area where some problems are present: difficulties of links with public transport means: very much and quite,HSC_F,Per 100 households with the same characteristics,2016,38.1
A,Annual,ITE4,Lazio,HOUS_DIFF_TRANS_VQ,Households declaring to live in an area where some problems are present: difficulties of links with public transport means: very much and quite,HSC_F,Per 100 households with the same characteristics,2017,38.7
A,Annual,ITE4,Lazio,HOUS_DIFF_TRANS_VQ,Households declaring to live in an area where some problems are present: difficulties of links with public transport means: very much and quite,HSC_F,Per 100 households with the same characteristics,2018,35.1
A,Annual,ITE4,Lazio,HOUS_DIFF_TRANS_VQ,Households declaring to live in an area where some problems are present: difficulties of links with public transport means: very much and quite,HSC_F,Per 100 households with the same characteristics,2019,35
A,Annual,ITE4,Lazio,HOUS_DIFF_TRANS_VQ,Households declaring to live in an area where some problems are present: difficulties of links with public transport means: very much and quite,HSC_F,Per 100 households with the same characteristics,2020,32.8
A,Annual,ITE4,Lazio,HOUS_DIFF_TRANS_VQ,Households declaring to live in an area where some problems are present: difficulties of links with public transport means: very much and quite,HSC_F,Per 100 households with the same characteristics,2021,32.9
A,Annual,ITE4,Lazio,HOUS_DIFF_TRANS_VQ,Households declaring to live in an area where some problems are present: difficulties of links with public transport means: very much and quite,HSC_F,Per 100 households with the same characteristics,2022,29.8
A,Annual,ITE4,Lazio,HOUS_DIFF_TRANS_VQ,Households declaring to live in an area where some problems are present: difficulties of links with public transport means: very much and quite,HSC_F,Per 100 households with the same characteristics,2023,35
A,Annual,ITE4,Lazio,HOUS_DIFF_TRANS_VQ,Households declaring to live in an area where some problems are present: difficulties of links with public transport means: very much and quite,HSC_F,Per 100 households with the same characteristics,2024,36.7
A,Annual,ITE4,Lazio,HOUS_TRAFFIC_V,Households declaring to live in an area where some problems are present: traffic: very much,HSC_F,Per 100 households with the same characteristics,2010,24.2
A,Annual,ITE4,Lazio,HOUS_TRAFFIC_V,Households declaring to live in an area where some problems are present: traffic: very much,HSC_F,Per 100 households with the same characteristics,2011,24.8
A,Annual,ITE4,Lazio,HOUS_TRAFFIC_V,Households declaring to live in an area where some problems are present: traffic: very much,HSC_F,Per 100 households with the same characteristics,2012,17.5
A,Annual,ITE4,Lazio,HOUS_TRAFFIC_V,Households declaring to live in an area where some problems are present: traffic: very much,HSC_F,Per 100 households with the same characteristics,2013,17.6
A,Annual,ITE4,Lazio,HOUS_TRAFFIC_V,Households declaring to live in an area where some problems are present: traffic: very much,HSC_F,Per 100 households with the same characteristics,2014,13.9
A,Annual,ITE4,Lazio,HOUS_TRAFFIC_V,Households declaring to live in an area where some problems are present: traffic: very much,HSC_F,Per 100 households with the same characteristics,2015,14.6
A,Annual,ITE4,Lazio,HOUS_TRAFFIC_V,Households declaring to live in an area where some problems are present: traffic: very much,HSC_F,Per 100 households with the same characteristics,2016,18.1
A,Annual,ITE4,Lazio,HOUS_TRAFFIC_V,Households declaring to live in an area where some problems are present: traffic: very much,HSC_F,Per 100 households with the same characteristics,2017,14.9
A,Annual,ITE4,Lazio,HOUS_TRAFFIC_V,Households declaring to live in an area where some problems are present: traffic: very much,HSC_F,Per 100 households with the same characteristics,2018,20.5
A,Annual,ITE4,Lazio,HOUS_TRAFFIC_V,Households declaring to live in an area where some problems are present: traffic: very much,HSC_F,Per 100 households with the same characteristics,2019,18.1
A,Annual,ITE4,Lazio,HOUS_TRAFFIC_V,Households declaring to live in an area where some problems are present: traffic: very much,HSC_F,Per 100 households with the same characteristics,2020,13.3
A,Annual,ITE4,Lazio,HOUS_TRAFFIC_V,Households declaring to live in an area where some problems are present: traffic: very much,HSC_F,Per 100 households with the same characteristics,2021,14.2
A,Annual,ITE4,Lazio,HOUS_TRAFFIC_V,Households declaring to live in an area where some problems are present: traffic: very much,HSC_F,Per 100 households with the same characteristics,2022,13.8
A,Annual,ITE4,Lazio,HOUS_TRAFFIC_V,Households declaring to live in an area where some problems are present: traffic: very much,HSC_F,Per 100 households with the same characteristics,2023,19.2
A,Annual,ITE4,Lazio,HOUS_TRAFFIC_V,Households declaring to live in an area where some problems are present: traffic: very much,HSC_F,Per 100 households with the same characteristics,2024,19.4
A,Annual,ITE4,Lazio,HOUS_TRAFFIC_VQ,Households declaring to live in an area where some problems are present: traffic: very much and quite,HSC_F,Per 100 households with the same characteristics,2010,56.7
A,Annual,ITE4,Lazio,HOUS_TRAFFIC_VQ,Households declaring to live in an area where some problems are present: traffic: very much and quite,HSC_F,Per 100 households with the same characteristics,2011,54.8
A,Annual,ITE4,Lazio,HOUS_TRAFFIC_VQ,Households declaring to live in an area where some problems are present: traffic: very much and quite,HSC_F,Per 100 households with the same characteristics,2012,48.2
A,Annual,ITE4,Lazio,HOUS_TRAFFIC_VQ,Households declaring to live in an area where some problems are present: traffic: very much and quite,HSC_F,Per 100 households with the same characteristics,2013,52.4
A,Annual,ITE4,Lazio,HOUS_TRAFFIC_VQ,Households declaring to live in an area where some problems are present: traffic: very much and quite,HSC_F,Per 100 households with the same characteristics,2014,46
A,Annual,ITE4,Lazio,HOUS_TRAFFIC_VQ,Households declaring to live in an area where some problems are present: traffic: very much and quite,HSC_F,Per 100 households with the same characteristics,2015,48.5
A,Annual,ITE4,Lazio,HOUS_TRAFFIC_VQ,Households declaring to live in an area where some problems are present: traffic: very much and quite,HSC_F,Per 100 households with the same characteristics,2016,50
A,Annual,ITE4,Lazio,HOUS_TRAFFIC_VQ,Households declaring to live in an area where some problems are present: traffic: very much and quite,HSC_F,Per 100 households with the same characteristics,2017,47.2
A,Annual,ITE4,Lazio,HOUS_TRAFFIC_VQ,Households declaring to live in an area where some problems are present: traffic: very much and quite,HSC_F,Per 100 households with the same characteristics,2018,52.6
A,Annual,ITE4,Lazio,HOUS_TRAFFIC_VQ,Households declaring to live in an area where some problems are present: traffic: very much and quite,HSC_F,Per 100 households with the same characteristics,2019,51.3
A,Annual,ITE4,Lazio,HOUS_TRAFFIC_VQ,Households declaring to live in an area where some problems are present: traffic: very much and quite,HSC_F,Per 100 households with the same characteristics,2020,44.6
A,Annual,ITE4,Lazio,HOUS_TRAFFIC_VQ,Households declaring to live in an area where some problems are present: traffic: very much and quite,HSC_F,Per 100 households with the same characteristics,2021,45.6
A,Annual,ITE4,Lazio,HOUS_TRAFFIC_VQ,Households declaring to live in an area where some problems are present: traffic: very much and quite,HSC_F,Per 100 households with the same characteristics,2022,47.4
A,Annual,ITE4,Lazio,HOUS_TRAFFIC_VQ,Households declaring to live in an area where some problems are present: traffic: very much and quite,HSC_F,Per 100 households with the same characteristics,2023,49.5
A,Annual,ITE4,Lazio,HOUS_TRAFFIC_VQ,Households declaring to live in an area where some problems are present: traffic: very much and quite,HSC_F,Per 100 households with the same characteristics,2024,51.2
A,Annual,ITE4,Lazio,HOUS_STRLIGHT_V,Households declaring to live in an area where some problems are present: poor street lighting: very much,HSC_F,Per 100 households with the same characteristics,2010,12.6
A,Annual,ITE4,Lazio,HOUS_STRLIGHT_V,Households declaring to live in an area where some problems are present: poor street lighting: very much,HSC_F,Per 100 households with the same characteristics,2011,14.8
A,Annual,ITE4,Lazio,HOUS_STRLIGHT_V,Households declaring to live in an area where some problems are present: poor street lighting: very much,HSC_F,Per 100 households with the same characteristics,2012,8.7
A,Annual,ITE4,Lazio,HOUS_STRLIGHT_V,Households declaring to live in an area where some problems are present: poor street lighting: very much,HSC_F,Per 100 households with the same characteristics,2013,8.9
A,Annual,ITE4,Lazio,HOUS_STRLIGHT_V,Households declaring to live in an area where some problems are present: poor street lighting: very much,HSC_F,Per 100 households with the same characteristics,2014,10.4
A,Annual,ITE4,Lazio,HOUS_STRLIGHT_V,Households declaring to live in an area where some problems are present: poor street lighting: very much,HSC_F,Per 100 households with the same characteristics,2015,11.6
A,Annual,ITE4,Lazio,HOUS_STRLIGHT_V,Households declaring to live in an area where some problems are present: poor street lighting: very much,HSC_F,Per 100 households with the same characteristics,2016,13.5
A,Annual,ITE4,Lazio,HOUS_STRLIGHT_V,Households declaring to live in an area where some problems are present: poor street lighting: very much,HSC_F,Per 100 households with the same characteristics,2017,11.8
A,Annual,ITE4,Lazio,HOUS_STRLIGHT_V,Households declaring to live in an area where some problems are present: poor street lighting: very much,HSC_F,Per 100 households with the same characteristics,2018,14.7
A,Annual,ITE4,Lazio,HOUS_STRLIGHT_V,Households declaring to live in an area where some problems are present: poor street lighting: very much,HSC_F,Per 100 households with the same characteristics,2019,11.2
A,Annual,ITE4,Lazio,HOUS_STRLIGHT_V,Households declaring to live in an area where some problems are present: poor street lighting: very much,HSC_F,Per 100 households with the same characteristics,2020,10
A,Annual,ITE4,Lazio,HOUS_STRLIGHT_V,Households declaring to live in an area where some problems are present: poor street lighting: very much,HSC_F,Per 100 households with the same characteristics,2021,10.8
A,Annual,ITE4,Lazio,HOUS_STRLIGHT_V,Households declaring to live in an area where some problems are present: poor street lighting: very much,HSC_F,Per 100 households with the same characteristics,2022,7.8
A,Annual,ITE4,Lazio,HOUS_STRLIGHT_V,Households declaring to live in an area where some problems are present: poor street lighting: very much,HSC_F,Per 100 households with the same characteristics,2023,14.9
A,Annual,ITE4,Lazio,HOUS_STRLIGHT_V,Households declaring to live in an area where some problems are present: poor street lighting: very much,HSC_F,Per 100 households with the same characteristics,2024,14
A,Annual,ITE4,Lazio,HOUS_STRLIGHT_VQ,Households declaring to live in an area where some problems are present: poor street lighting: very much and quite,HSC_F,Per 100 households with the same characteristics,2010,40.7
A,Annual,ITE4,Lazio,HOUS_STRLIGHT_VQ,Households declaring to live in an area where some problems are present: poor street lighting: very much and quite,HSC_F,Per 100 households with the same characteristics,2011,43.4
A,Annual,ITE4,Lazio,HOUS_STRLIGHT_VQ,Households declaring to live in an area where some problems are present: poor street lighting: very much and quite,HSC_F,Per 100 households with the same characteristics,2012,32.7
A,Annual,ITE4,Lazio,HOUS_STRLIGHT_VQ,Households declaring to live in an area where some problems are present: poor street lighting: very much and quite,HSC_F,Per 100 households with the same characteristics,2013,40.7
A,Annual,ITE4,Lazio,HOUS_STRLIGHT_VQ,Households declaring to live in an area where some problems are present: poor street lighting: very much and quite,HSC_F,Per 100 households with the same characteristics,2014,35.8
A,Annual,ITE4,Lazio,HOUS_STRLIGHT_VQ,Households declaring to live in an area where some problems are present: poor street lighting: very much and quite,HSC_F,Per 100 households with the same characteristics,2015,41.8
A,Annual,ITE4,Lazio,HOUS_STRLIGHT_VQ,Households declaring to live in an area where some problems are present: poor street lighting: very much and quite,HSC_F,Per 100 households with the same characteristics,2016,45.2
A,Annual,ITE4,Lazio,HOUS_STRLIGHT_VQ,Households declaring to live in an area where some problems are present: poor street lighting: very much and quite,HSC_F,Per 100 households with the same characteristics,2017,41.7
A,Annual,ITE4,Lazio,HOUS_STRLIGHT_VQ,Households declaring to live in an area where some problems are present: poor street lighting: very much and quite,HSC_F,Per 100 households with the same characteristics,2018,44.6
A,Annual,ITE4,Lazio,HOUS_STRLIGHT_VQ,Households declaring to live in an area where some problems are present: poor street lighting: very much and quite,HSC_F,Per 100 households with the same characteristics,2019,40
A,Annual,ITE4,Lazio,HOUS_STRLIGHT_VQ,Households declaring to live in an area where some problems are present: poor street lighting: very much and quite,HSC_F,Per 100 households with the same characteristics,2020,37.4
A,Annual,ITE4,Lazio,HOUS_STRLIGHT_VQ,Households declaring to live in an area where some problems are present: poor street lighting: very much and quite,HSC_F,Per 100 households with the same characteristics,2021,38.9
A,Annual,ITE4,Lazio,HOUS_STRLIGHT_VQ,Households declaring to live in an area where some problems are present: poor street lighting: very much and quite,HSC_F,Per 100 households with the same characteristics,2022,34.8
A,Annual,ITE4,Lazio,HOUS_STRLIGHT_VQ,Households declaring to live in an area where some problems are present: poor street lighting: very much and quite,HSC_F,Per 100 households with the same characteristics,2023,45.1
A,Annual,ITE4,Lazio,HOUS_STRLIGHT_VQ,Households declaring to live in an area where some problems are present: poor street lighting: very much and quite,HSC_F,Per 100 households with the same characteristics,2024,45.2
A,Annual,ITE4,Lazio,HOUS_PROAD_V,Households declaring to live in an area where some problems are present: poor road conditions: very much,HSC_F,Per 100 households with the same characteristics,2010,38.1
A,Annual,ITE4,Lazio,HOUS_PROAD_V,Households declaring to live in an area where some problems are present: poor road conditions: very much,HSC_F,Per 100 households with the same characteristics,2011,36.4
A,Annual,ITE4,Lazio,HOUS_PROAD_V,Households declaring to live in an area where some problems are present: poor road conditions: very much,HSC_F,Per 100 households with the same characteristics,2012,25.2
A,Annual,ITE4,Lazio,HOUS_PROAD_V,Households declaring to live in an area where some problems are present: poor road conditions: very much,HSC_F,Per 100 households with the same characteristics,2013,33.8
A,Annual,ITE4,Lazio,HOUS_PROAD_V,Households declaring to live in an area where some problems are present: poor road conditions: very much,HSC_F,Per 100 households with the same characteristics,2014,31.7
A,Annual,ITE4,Lazio,HOUS_PROAD_V,Households declaring to live in an area where some problems are present: poor road conditions: very much,HSC_F,Per 100 households with the same characteristics,2015,34.8
A,Annual,ITE4,Lazio,HOUS_PROAD_V,Households declaring to live in an area where some problems are present: poor road conditions: very much,HSC_F,Per 100 households with the same characteristics,2016,41.5
A,Annual,ITE4,Lazio,HOUS_PROAD_V,Households declaring to live in an area where some problems are present: poor road conditions: very much,HSC_F,Per 100 households with the same characteristics,2017,35.4
A,Annual,ITE4,Lazio,HOUS_PROAD_V,Households declaring to live in an area where some problems are present: poor road conditions: very much,HSC_F,Per 100 households with the same characteristics,2018,46.7
A,Annual,ITE4,Lazio,HOUS_PROAD_V,Households declaring to live in an area where some problems are present: poor road conditions: very much,HSC_F,Per 100 households with the same characteristics,2019,39.3
A,Annual,ITE4,Lazio,HOUS_PROAD_V,Households declaring to live in an area where some problems are present: poor road conditions: very much,HSC_F,Per 100 households with the same characteristics,2020,30.1
A,Annual,ITE4,Lazio,HOUS_PROAD_V,Households declaring to live in an area where some problems are present: poor road conditions: very much,HSC_F,Per 100 households with the same characteristics,2021,33.4
A,Annual,ITE4,Lazio,HOUS_PROAD_V,Households declaring to live in an area where some problems are present: poor road conditions: very much,HSC_F,Per 100 households with the same characteristics,2022,29.2
A,Annual,ITE4,Lazio,HOUS_PROAD_V,Households declaring to live in an area where some problems are present: poor road conditions: very much,HSC_F,Per 100 households with the same characteristics,2023,35.4
A,Annual,ITE4,Lazio,HOUS_PROAD_V,Households declaring to live in an area where some problems are present: poor road conditions: very much,HSC_F,Per 100 households with the same characteristics,2024,31.3
A,Annual,ITE4,Lazio,HOUS_PROAD_VQ,Households declaring to live in an area where some problems are present: poor road conditions: very much and quite,HSC_F,Per 100 households with the same characteristics,2010,66.8
A,Annual,ITE4,Lazio,HOUS_PROAD_VQ,Households declaring to live in an area where some problems are present: poor road conditions: very much and quite,HSC_F,Per 100 households with the same characteristics,2011,63.5
A,Annual,ITE4,Lazio,HOUS_PROAD_VQ,Households declaring to live in an area where some problems are present: poor road conditions: very much and quite,HSC_F,Per 100 households with the same characteristics,2012,51.2
A,Annual,ITE4,Lazio,HOUS_PROAD_VQ,Households declaring to live in an area where some problems are present: poor road conditions: very much and quite,HSC_F,Per 100 households with the same characteristics,2013,67.8
A,Annual,ITE4,Lazio,HOUS_PROAD_VQ,Households declaring to live in an area where some problems are present: poor road conditions: very much and quite,HSC_F,Per 100 households with the same characteristics,2014,63.4
A,Annual,ITE4,Lazio,HOUS_PROAD_VQ,Households declaring to live in an area where some problems are present: poor road conditions: very much and quite,HSC_F,Per 100 households with the same characteristics,2015,68.7
A,Annual,ITE4,Lazio,HOUS_PROAD_VQ,Households declaring to live in an area where some problems are present: poor road conditions: very much and quite,HSC_F,Per 100 households with the same characteristics,2016,74.3
A,Annual,ITE4,Lazio,HOUS_PROAD_VQ,Households declaring to live in an area where some problems are present: poor road conditions: very much and quite,HSC_F,Per 100 households with the same characteristics,2017,68.6
A,Annual,ITE4,Lazio,HOUS_PROAD_VQ,Households declaring to live in an area where some problems are present: poor road conditions: very much and quite,HSC_F,Per 100 households with the same characteristics,2018,75.4
A,Annual,ITE4,Lazio,HOUS_PROAD_VQ,Households declaring to live in an area where some problems are present: poor road conditions: very much and quite,HSC_F,Per 100 households with the same characteristics,2019,71.2
A,Annual,ITE4,Lazio,HOUS_PROAD_VQ,Households declaring to live in an area where some problems are present: poor road conditions: very much and quite,HSC_F,Per 100 households with the same characteristics,2020,65.4
A,Annual,ITE4,Lazio,HOUS_PROAD_VQ,Households declaring to live in an area where some problems are present: poor road conditions: very much and quite,HSC_F,Per 100 households with the same characteristics,2021,68
A,Annual,ITE4,Lazio,HOUS_PROAD_VQ,Households declaring to live in an area where some problems are present: poor road conditions: very much and quite,HSC_F,Per 100 households with the same characteristics,2022,60.7
A,Annual,ITE4,Lazio,HOUS_PROAD_VQ,Households declaring to live in an area where some problems are present: poor road conditions: very much and quite,HSC_F,Per 100 households with the same characteristics,2023,66.1
A,Annual,ITE4,Lazio,HOUS_PROAD_VQ,Households declaring to live in an area where some problems are present: poor road conditions: very much and quite,HSC_F,Per 100 households with the same characteristics,2024,66.1
A,Annual,ITF1,Abruzzo,HOUS_DIFFPARK_V,Households declaring to live in an area where some problems are present: difficult parking: very much,HSC_F,Per 100 households with the same characteristics,2010,13.6
A,Annual,ITF1,Abruzzo,HOUS_DIFFPARK_V,Households declaring to live in an area where some problems are present: difficult parking: very much,HSC_F,Per 100 households with the same characteristics,2011,11.8
A,Annual,ITF1,Abruzzo,HOUS_DIFFPARK_V,Households declaring to live in an area where some problems are present: difficult parking: very much,HSC_F,Per 100 households with the same characteristics,2012,10.9
A,Annual,ITF1,Abruzzo,HOUS_DIFFPARK_V,Households declaring to live in an area where some problems are present: difficult parking: very much,HSC_F,Per 100 households with the same characteristics,2013,9.1
A,Annual,ITF1,Abruzzo,HOUS_DIFFPARK_V,Households declaring to live in an area where some problems are present: difficult parking: very much,HSC_F,Per 100 households with the same characteristics,2014,13
A,Annual,ITF1,Abruzzo,HOUS_DIFFPARK_V,Households declaring to live in an area where some problems are present: difficult parking: very much,HSC_F,Per 100 households with the same characteristics,2015,10.4
A,Annual,ITF1,Abruzzo,HOUS_DIFFPARK_V,Households declaring to live in an area where some problems are present: difficult parking: very much,HSC_F,Per 100 households with the same characteristics,2016,11.1
A,Annual,ITF1,Abruzzo,HOUS_DIFFPARK_V,Households declaring to live in an area where some problems are present: difficult parking: very much,HSC_F,Per 100 households with the same characteristics,2017,10.2
A,Annual,ITF1,Abruzzo,HOUS_DIFFPARK_V,Households declaring to live in an area where some problems are present: difficult parking: very much,HSC_F,Per 100 households with the same characteristics,2018,10.9
A,Annual,ITF1,Abruzzo,HOUS_DIFFPARK_V,Households declaring to live in an area where some problems are present: difficult parking: very much,HSC_F,Per 100 households with the same characteristics,2019,10.1
A,Annual,ITF1,Abruzzo,HOUS_DIFFPARK_V,Households declaring to live in an area where some problems are present: difficult parking: very much,HSC_F,Per 100 households with the same characteristics,2020,9.1
A,Annual,ITF1,Abruzzo,HOUS_DIFFPARK_V,Households declaring to live in an area where some problems are present: difficult parking: very much,HSC_F,Per 100 households with the same characteristics,2021,7.4
A,Annual,ITF1,Abruzzo,HOUS_DIFFPARK_V,Households declaring to live in an area where some problems are present: difficult parking: very much,HSC_F,Per 100 households with the same characteristics,2022,9.9
A,Annual,ITF1,Abruzzo,HOUS_DIFFPARK_V,Households declaring to live in an area where some problems are present: difficult parking: very much,HSC_F,Per 100 households with the same characteristics,2023,8.6
A,Annual,ITF1,Abruzzo,HOUS_DIFFPARK_V,Households declaring to live in an area where some problems are present: difficult parking: very much,HSC_F,Per 100 households with the same characteristics,2024,11.8
A,Annual,ITF1,Abruzzo,HOUS_DIFFPARK_VQ,Households declaring to live in an area where some problems are present: difficult parking: very much and quite,HSC_F,Per 100 households with the same characteristics,2010,34
A,Annual,ITF1,Abruzzo,HOUS_DIFFPARK_VQ,Households declaring to live in an area where some problems are present: difficult parking: very much and quite,HSC_F,Per 100 households with the same characteristics,2011,28.9
A,Annual,ITF1,Abruzzo,HOUS_DIFFPARK_VQ,Households declaring to live in an area where some problems are present: difficult parking: very much and quite,HSC_F,Per 100 households with the same characteristics,2012,32.4
A,Annual,ITF1,Abruzzo,HOUS_DIFFPARK_VQ,Households declaring to live in an area where some problems are present: difficult parking: very much and quite,HSC_F,Per 100 households with the same characteristics,2013,25.5
A,Annual,ITF1,Abruzzo,HOUS_DIFFPARK_VQ,Households declaring to live in an area where some problems are present: difficult parking: very much and quite,HSC_F,Per 100 households with the same characteristics,2014,27.9
A,Annual,ITF1,Abruzzo,HOUS_DIFFPARK_VQ,Households declaring to live in an area where some problems are present: difficult parking: very much and quite,HSC_F,Per 100 households with the same characteristics,2015,28.4
A,Annual,ITF1,Abruzzo,HOUS_DIFFPARK_VQ,Households declaring to live in an area where some problems are present: difficult parking: very much and quite,HSC_F,Per 100 households with the same characteristics,2016,25.5
A,Annual,ITF1,Abruzzo,HOUS_DIFFPARK_VQ,Households declaring to live in an area where some problems are present: difficult parking: very much and quite,HSC_F,Per 100 households with the same characteristics,2017,26.6
A,Annual,ITF1,Abruzzo,HOUS_DIFFPARK_VQ,Households declaring to live in an area where some problems are present: difficult parking: very much and quite,HSC_F,Per 100 households with the same characteristics,2018,27.3
A,Annual,ITF1,Abruzzo,HOUS_DIFFPARK_VQ,Households declaring to live in an area where some problems are present: difficult parking: very much and quite,HSC_F,Per 100 households with the same characteristics,2019,28.1
A,Annual,ITF1,Abruzzo,HOUS_DIFFPARK_VQ,Households declaring to live in an area where some problems are present: difficult parking: very much and quite,HSC_F,Per 100 households with the same characteristics,2020,26
A,Annual,ITF1,Abruzzo,HOUS_DIFFPARK_VQ,Households declaring to live in an area where some problems are present: difficult parking: very much and quite,HSC_F,Per 100 households with the same characteristics,2021,24.3
A,Annual,ITF1,Abruzzo,HOUS_DIFFPARK_VQ,Households declaring to live in an area where some problems are present: difficult parking: very much and quite,HSC_F,Per 100 households with the same characteristics,2022,28.6
A,Annual,ITF1,Abruzzo,HOUS_DIFFPARK_VQ,Households declaring to live in an area where some problems are present: difficult parking: very much and quite,HSC_F,Per 100 households with the same characteristics,2023,28.1
A,Annual,ITF1,Abruzzo,HOUS_DIFFPARK_VQ,Households declaring to live in an area where some problems are present: difficult parking: very much and quite,HSC_F,Per 100 households with the same characteristics,2024,32.7
A,Annual,ITF1,Abruzzo,HOUS_DIFF_TRANS_V,Households declaring to live in an area where some problems are present: difficulties of links with public transport means: very much,HSC_F,Per 100 households with the same characteristics,2010,7.8
A,Annual,ITF1,Abruzzo,HOUS_DIFF_TRANS_V,Households declaring to live in an area where some problems are present: difficulties of links with public transport means: very much,HSC_F,Per 100 households with the same characteristics,2011,8.6
A,Annual,ITF1,Abruzzo,HOUS_DIFF_TRANS_V,Households declaring to live in an area where some problems are present: difficulties of links with public transport means: very much,HSC_F,Per 100 households with the same characteristics,2012,8.1
A,Annual,ITF1,Abruzzo,HOUS_DIFF_TRANS_V,Households declaring to live in an area where some problems are present: difficulties of links with public transport means: very much,HSC_F,Per 100 households with the same characteristics,2013,7.3
A,Annual,ITF1,Abruzzo,HOUS_DIFF_TRANS_V,Households declaring to live in an area where some problems are present: difficulties of links with public transport means: very much,HSC_F,Per 100 households with the same characteristics,2014,6.3
A,Annual,ITF1,Abruzzo,HOUS_DIFF_TRANS_V,Households declaring to live in an area where some problems are present: difficulties of links with public transport means: very much,HSC_F,Per 100 households with the same characteristics,2015,7.9
A,Annual,ITF1,Abruzzo,HOUS_DIFF_TRANS_V,Households declaring to live in an area where some problems are present: difficulties of links with public transport means: very much,HSC_F,Per 100 households with the same characteristics,2016,7.7
A,Annual,ITF1,Abruzzo,HOUS_DIFF_TRANS_V,Households declaring to live in an area where some problems are present: difficulties of links with public transport means: very much,HSC_F,Per 100 households with the same characteristics,2017,10
A,Annual,ITF1,Abruzzo,HOUS_DIFF_TRANS_V,Households declaring to live in an area where some problems are present: difficulties of links with public transport means: very much,HSC_F,Per 100 households with the same characteristics,2018,8.7
A,Annual,ITF1,Abruzzo,HOUS_DIFF_TRANS_V,Households declaring to live in an area where some problems are present: difficulties of links with public transport means: very much,HSC_F,Per 100 households with the same characteristics,2019,9.4
A,Annual,ITF1,Abruzzo,HOUS_DIFF_TRANS_V,Households declaring to live in an area where some problems are present: difficulties of links with public transport means: very much,HSC_F,Per 100 households with the same characteristics,2020,6.5
A,Annual,ITF1,Abruzzo,HOUS_DIFF_TRANS_V,Households declaring to live in an area where some problems are present: difficulties of links with public transport means: very much,HSC_F,Per 100 households with the same characteristics,2021,9.8
A,Annual,ITF1,Abruzzo,HOUS_DIFF_TRANS_V,Households declaring to live in an area where some problems are present: difficulties of links with public transport means: very much,HSC_F,Per 100 households with the same characteristics,2022,10.7
A,Annual,ITF1,Abruzzo,HOUS_DIFF_TRANS_V,Households declaring to live in an area where some problems are present: difficulties of links with public transport means: very much,HSC_F,Per 100 households with the same characteristics,2023,6.6
A,Annual,ITF1,Abruzzo,HOUS_DIFF_TRANS_V,Households declaring to live in an area where some problems are present: difficulties of links with public transport means: very much,HSC_F,Per 100 households with the same characteristics,2024,10.7
A,Annual,ITF1,Abruzzo,HOUS_DIFF_TRANS_VQ,Households declaring to live in an area where some problems are present: difficulties of links with public transport means: very much and quite,HSC_F,Per 100 households with the same characteristics,2010,24.8
A,Annual,ITF1,Abruzzo,HOUS_DIFF_TRANS_VQ,Households declaring to live in an area where some problems are present: difficulties of links with public transport means: very much and quite,HSC_F,Per 100 households with the same characteristics,2011,22.2
A,Annual,ITF1,Abruzzo,HOUS_DIFF_TRANS_VQ,Households declaring to live in an area where some problems are present: difficulties of links with public transport means: very much and quite,HSC_F,Per 100 households with the same characteristics,2012,21.7
A,Annual,ITF1,Abruzzo,HOUS_DIFF_TRANS_VQ,Households declaring to live in an area where some problems are present: difficulties of links with public transport means: very much and quite,HSC_F,Per 100 households with the same characteristics,2013,30.6
A,Annual,ITF1,Abruzzo,HOUS_DIFF_TRANS_VQ,Households declaring to live in an area where some problems are present: difficulties of links with public transport means: very much and quite,HSC_F,Per 100 households with the same characteristics,2014,24.4
A,Annual,ITF1,Abruzzo,HOUS_DIFF_TRANS_VQ,Households declaring to live in an area where some problems are present: difficulties of links with public transport means: very much and quite,HSC_F,Per 100 households with the same characteristics,2015,26.9
A,Annual,ITF1,Abruzzo,HOUS_DIFF_TRANS_VQ,Households declaring to live in an area where some problems are present: difficulties of links with public transport means: very much and quite,HSC_F,Per 100 households with the same characteristics,2016,24.6
A,Annual,ITF1,Abruzzo,HOUS_DIFF_TRANS_VQ,Households declaring to live in an area where some problems are present: difficulties of links with public transport means: very much and quite,HSC_F,Per 100 households with the same characteristics,2017,26.4
A,Annual,ITF1,Abruzzo,HOUS_DIFF_TRANS_VQ,Households declaring to live in an area where some problems are present: difficulties of links with public transport means: very much and quite,HSC_F,Per 100 households with the same characteristics,2018,25.7
A,Annual,ITF1,Abruzzo,HOUS_DIFF_TRANS_VQ,Households declaring to live in an area where some problems are present: difficulties of links with public transport means: very much and quite,HSC_F,Per 100 households with the same characteristics,2019,29.7
A,Annual,ITF1,Abruzzo,HOUS_DIFF_TRANS_VQ,Households declaring to live in an area where some problems are present: difficulties of links with public transport means: very much and quite,HSC_F,Per 100 households with the same characteristics,2020,26.7
A,Annual,ITF1,Abruzzo,HOUS_DIFF_TRANS_VQ,Households declaring to live in an area where some problems are present: difficulties of links with public transport means: very much and quite,HSC_F,Per 100 households with the same characteristics,2021,27.1
A,Annual,ITF1,Abruzzo,HOUS_DIFF_TRANS_VQ,Households declaring to live in an area where some problems are present: difficulties of links with public transport means: very much and quite,HSC_F,Per 100 households with the same characteristics,2022,33.2
A,Annual,ITF1,Abruzzo,HOUS_DIFF_TRANS_VQ,Households declaring to live in an area where some problems are present: difficulties of links with public transport means: very much and quite,HSC_F,Per 100 households with the same characteristics,2023,28.6
A,Annual,ITF1,Abruzzo,HOUS_DIFF_TRANS_VQ,Households declaring to live in an area where some problems are present: difficulties of links with public transport means: very much and quite,HSC_F,Per 100 households with the same characteristics,2024,32.9
A,Annual,ITF1,Abruzzo,HOUS_TRAFFIC_V,Households declaring to live in an area where some problems are present: traffic: very much,HSC_F,Per 100 households with the same characteristics,2010,9.7
A,Annual,ITF1,Abruzzo,HOUS_TRAFFIC_V,Households declaring to live in an area where some problems are present: traffic: very much,HSC_F,Per 100 households with the same characteristics,2011,7.8
A,Annual,ITF1,Abruzzo,HOUS_TRAFFIC_V,Households declaring to live in an area where some problems are present: traffic: very much,HSC_F,Per 100 households with the same characteristics,2012,8.2
A,Annual,ITF1,Abruzzo,HOUS_TRAFFIC_V,Households declaring to live in an area where some problems are present: traffic: very much,HSC_F,Per 100 households with the same characteristics,2013,6.9
A,Annual,ITF1,Abruzzo,HOUS_TRAFFIC_V,Households declaring to live in an area where some problems are present: traffic: very much,HSC_F,Per 100 households with the same characteristics,2014,8.6
A,Annual,ITF1,Abruzzo,HOUS_TRAFFIC_V,Households declaring to live in an area where some problems are present: traffic: very much,HSC_F,Per 100 households with the same characteristics,2015,8.1
A,Annual,ITF1,Abruzzo,HOUS_TRAFFIC_V,Households declaring to live in an area where some problems are present: traffic: very much,HSC_F,Per 100 households with the same characteristics,2016,8.7
A,Annual,ITF1,Abruzzo,HOUS_TRAFFIC_V,Households declaring to live in an area where some problems are present: traffic: very much,HSC_F,Per 100 households with the same characteristics,2017,7.7
A,Annual,ITF1,Abruzzo,HOUS_TRAFFIC_V,Households declaring to live in an area where some problems are present: traffic: very much,HSC_F,Per 100 households with the same characteristics,2018,8
A,Annual,ITF1,Abruzzo,HOUS_TRAFFIC_V,Households declaring to live in an area where some problems are present: traffic: very much,HSC_F,Per 100 households with the same characteristics,2019,8.9
A,Annual,ITF1,Abruzzo,HOUS_TRAFFIC_V,Households declaring to live in an area where some problems are present: traffic: very much,HSC_F,Per 100 households with the same characteristics,2020,5.7
A,Annual,ITF1,Abruzzo,HOUS_TRAFFIC_V,Households declaring to live in an area where some problems are present: traffic: very much,HSC_F,Per 100 households with the same characteristics,2021,7.3
A,Annual,ITF1,Abruzzo,HOUS_TRAFFIC_V,Households declaring to live in an area where some problems are present: traffic: very much,HSC_F,Per 100 households with the same characteristics,2022,9.3
A,Annual,ITF1,Abruzzo,HOUS_TRAFFIC_V,Households declaring to live in an area where some problems are present: traffic: very much,HSC_F,Per 100 households with the same characteristics,2023,6.6
A,Annual,ITF1,Abruzzo,HOUS_TRAFFIC_V,Households declaring to live in an area where some problems are present: traffic: very much,HSC_F,Per 100 households with the same characteristics,2024,5.3
A,Annual,ITF1,Abruzzo,HOUS_TRAFFIC_VQ,Households declaring to live in an area where some problems are present: traffic: very much and quite,HSC_F,Per 100 households with the same characteristics,2010,34.4
A,Annual,ITF1,Abruzzo,HOUS_TRAFFIC_VQ,Households declaring to live in an area where some problems are present: traffic: very much and quite,HSC_F,Per 100 households with the same characteristics,2011,29.5
A,Annual,ITF1,Abruzzo,HOUS_TRAFFIC_VQ,Households declaring to live in an area where some problems are present: traffic: very much and quite,HSC_F,Per 100 households with the same characteristics,2012,33.8
A,Annual,ITF1,Abruzzo,HOUS_TRAFFIC_VQ,Households declaring to live in an area where some problems are present: traffic: very much and quite,HSC_F,Per 100 households with the same characteristics,2013,27.7
A,Annual,ITF1,Abruzzo,HOUS_TRAFFIC_VQ,Households declaring to live in an area where some problems are present: traffic: very much and quite,HSC_F,Per 100 households with the same characteristics,2014,30.9
A,Annual,ITF1,Abruzzo,HOUS_TRAFFIC_VQ,Households declaring to live in an area where some problems are present: traffic: very much and quite,HSC_F,Per 100 households with the same characteristics,2015,30
A,Annual,ITF1,Abruzzo,HOUS_TRAFFIC_VQ,Households declaring to live in an area where some problems are present: traffic: very much and quite,HSC_F,Per 100 households with the same characteristics,2016,27.1
A,Annual,ITF1,Abruzzo,HOUS_TRAFFIC_VQ,Households declaring to live in an area where some problems are present: traffic: very much and quite,HSC_F,Per 100 households with the same characteristics,2017,27.2
A,Annual,ITF1,Abruzzo,HOUS_TRAFFIC_VQ,Households declaring to live in an area where some problems are present: traffic: very much and quite,HSC_F,Per 100 households with the same characteristics,2018,29.8
A,Annual,ITF1,Abruzzo,HOUS_TRAFFIC_VQ,Households declaring to live in an area where some problems are present: traffic: very much and quite,HSC_F,Per 100 households with the same characteristics,2019,32.7
A,Annual,ITF1,Abruzzo,HOUS_TRAFFIC_VQ,Households declaring to live in an area where some problems are present: traffic: very much and quite,HSC_F,Per 100 households with the same characteristics,2020,28.3
A,Annual,ITF1,Abruzzo,HOUS_TRAFFIC_VQ,Households declaring to live in an area where some problems are present: traffic: very much and quite,HSC_F,Per 100 households with the same characteristics,2021,26.7
A,Annual,ITF1,Abruzzo,HOUS_TRAFFIC_VQ,Households declaring to live in an area where some problems are present: traffic: very much and quite,HSC_F,Per 100 households with the same characteristics,2022,30.4
A,Annual,ITF1,Abruzzo,HOUS_TRAFFIC_VQ,Households declaring to live in an area where some problems are present: traffic: very much and quite,HSC_F,Per 100 households with the same characteristics,2023,28.6
A,Annual,ITF1,Abruzzo,HOUS_TRAFFIC_VQ,Households declaring to live in an area where some problems are present: traffic: very much and quite,HSC_F,Per 100 households with the same characteristics,2024,30.9
A,Annual,ITF1,Abruzzo,HOUS_STRLIGHT_V,Households declaring to live in an area where some problems are present: poor street lighting: very much,HSC_F,Per 100 households with the same characteristics,2010,11.5
A,Annual,ITF1,Abruzzo,HOUS_STRLIGHT_V,Households declaring to live in an area where some problems are present: poor street lighting: very much,HSC_F,Per 100 households with the same characteristics,2011,6.3
A,Annual,ITF1,Abruzzo,HOUS_STRLIGHT_V,Households declaring to live in an area where some problems are present: poor street lighting: very much,HSC_F,Per 100 households with the same characteristics,2012,7
A,Annual,ITF1,Abruzzo,HOUS_STRLIGHT_V,Households declaring to live in an area where some problems are present: poor street lighting: very much,HSC_F,Per 100 households with the same characteristics,2013,6.4
A,Annual,ITF1,Abruzzo,HOUS_STRLIGHT_V,Households declaring to live in an area where some problems are present: poor street lighting: very much,HSC_F,Per 100 households with the same characteristics,2014,7.7
A,Annual,ITF1,Abruzzo,HOUS_STRLIGHT_V,Households declaring to live in an area where some problems are present: poor street lighting: very much,HSC_F,Per 100 households with the same characteristics,2015,7.8
A,Annual,ITF1,Abruzzo,HOUS_STRLIGHT_V,Households declaring to live in an area where some problems are present: poor street lighting: very much,HSC_F,Per 100 households with the same characteristics,2016,7.5
A,Annual,ITF1,Abruzzo,HOUS_STRLIGHT_V,Households declaring to live in an area where some problems are present: poor street lighting: very much,HSC_F,Per 100 households with the same characteristics,2017,8.4
A,Annual,ITF1,Abruzzo,HOUS_STRLIGHT_V,Households declaring to live in an area where some problems are present: poor street lighting: very much,HSC_F,Per 100 households with the same characteristics,2018,7.9
A,Annual,ITF1,Abruzzo,HOUS_STRLIGHT_V,Households declaring to live in an area where some problems are present: poor street lighting: very much,HSC_F,Per 100 households with the same characteristics,2019,9.7
A,Annual,ITF1,Abruzzo,HOUS_STRLIGHT_V,Households declaring to live in an area where some problems are present: poor street lighting: very much,HSC_F,Per 100 households with the same characteristics,2020,7.4
A,Annual,ITF1,Abruzzo,HOUS_STRLIGHT_V,Households declaring to live in an area where some problems are present: poor street lighting: very much,HSC_F,Per 100 households with the same characteristics,2021,6.3
A,Annual,ITF1,Abruzzo,HOUS_STRLIGHT_V,Households declaring to live in an area where some problems are present: poor street lighting: very much,HSC_F,Per 100 households with the same characteristics,2022,5.8
A,Annual,ITF1,Abruzzo,HOUS_STRLIGHT_V,Households declaring to live in an area where some problems are present: poor street lighting: very much,HSC_F,Per 100 households with the same characteristics,2023,4.8
A,Annual,ITF1,Abruzzo,HOUS_STRLIGHT_V,Households declaring to live in an area where some problems are present: poor street lighting: very much,HSC_F,Per 100 households with the same characteristics,2024,6.6
A,Annual,ITF1,Abruzzo,HOUS_STRLIGHT_VQ,Households declaring to live in an area where some problems are present: poor street lighting: very much and quite,HSC_F,Per 100 households with the same characteristics,2010,34.5
A,Annual,ITF1,Abruzzo,HOUS_STRLIGHT_VQ,Households declaring to live in an area where some problems are present: poor street lighting: very much and quite,HSC_F,Per 100 households with the same characteristics,2011,25.5
A,Annual,ITF1,Abruzzo,HOUS_STRLIGHT_VQ,Households declaring to live in an area where some problems are present: poor street lighting: very much and quite,HSC_F,Per 100 households with the same characteristics,2012,24.4
A,Annual,ITF1,Abruzzo,HOUS_STRLIGHT_VQ,Households declaring to live in an area where some problems are present: poor street lighting: very much and quite,HSC_F,Per 100 households with the same characteristics,2013,27.4
A,Annual,ITF1,Abruzzo,HOUS_STRLIGHT_VQ,Households declaring to live in an area where some problems are present: poor street lighting: very much and quite,HSC_F,Per 100 households with the same characteristics,2014,27.7
A,Annual,ITF1,Abruzzo,HOUS_STRLIGHT_VQ,Households declaring to live in an area where some problems are present: poor street lighting: very much and quite,HSC_F,Per 100 households with the same characteristics,2015,31.7
A,Annual,ITF1,Abruzzo,HOUS_STRLIGHT_VQ,Households declaring to live in an area where some problems are present: poor street lighting: very much and quite,HSC_F,Per 100 households with the same characteristics,2016,30.4
A,Annual,ITF1,Abruzzo,HOUS_STRLIGHT_VQ,Households declaring to live in an area where some problems are present: poor street lighting: very much and quite,HSC_F,Per 100 households with the same characteristics,2017,29.6
A,Annual,ITF1,Abruzzo,HOUS_STRLIGHT_VQ,Households declaring to live in an area where some problems are present: poor street lighting: very much and quite,HSC_F,Per 100 households with the same characteristics,2018,26.2
A,Annual,ITF1,Abruzzo,HOUS_STRLIGHT_VQ,Households declaring to live in an area where some problems are present: poor street lighting: very much and quite,HSC_F,Per 100 households with the same characteristics,2019,28.3
A,Annual,ITF1,Abruzzo,HOUS_STRLIGHT_VQ,Households declaring to live in an area where some problems are present: poor street lighting: very much and quite,HSC_F,Per 100 households with the same characteristics,2020,28.4
A,Annual,ITF1,Abruzzo,HOUS_STRLIGHT_VQ,Households declaring to live in an area where some problems are present: poor street lighting: very much and quite,HSC_F,Per 100 households with the same characteristics,2021,26.1
A,Annual,ITF1,Abruzzo,HOUS_STRLIGHT_VQ,Households declaring to live in an area where some problems are present: poor street lighting: very much and quite,HSC_F,Per 100 households with the same characteristics,2022,24.3
A,Annual,ITF1,Abruzzo,HOUS_STRLIGHT_VQ,Households declaring to live in an area where some problems are present: poor street lighting: very much and quite,HSC_F,Per 100 households with the same characteristics,2023,30.3
A,Annual,ITF1,Abruzzo,HOUS_STRLIGHT_VQ,Households declaring to live in an area where some problems are present: poor street lighting: very much and quite,HSC_F,Per 100 households with the same characteristics,2024,28.4
A,Annual,ITF1,Abruzzo,HOUS_PROAD_V,Households declaring to live in an area where some problems are present: poor road conditions: very much,HSC_F,Per 100 households with the same characteristics,2010,22
A,Annual,ITF1,Abruzzo,HOUS_PROAD_V,Households declaring to live in an area where some problems are present: poor road conditions: very much,HSC_F,Per 100 households with the same characteristics,2011,17.1
A,Annual,ITF1,Abruzzo,HOUS_PROAD_V,Households declaring to live in an area where some problems are present: poor road conditions: very much,HSC_F,Per 100 households with the same characteristics,2012,15.1
A,Annual,ITF1,Abruzzo,HOUS_PROAD_V,Households declaring to live in an area where some problems are present: poor road conditions: very much,HSC_F,Per 100 households with the same characteristics,2013,13.3
A,Annual,ITF1,Abruzzo,HOUS_PROAD_V,Households declaring to live in an area where some problems are present: poor road conditions: very much,HSC_F,Per 100 households with the same characteristics,2014,20.5
A,Annual,ITF1,Abruzzo,HOUS_PROAD_V,Households declaring to live in an area where some problems are present: poor road conditions: very much,HSC_F,Per 100 households with the same characteristics,2015,27.4
A,Annual,ITF1,Abruzzo,HOUS_PROAD_V,Households declaring to live in an area where some problems are present: poor road conditions: very much,HSC_F,Per 100 households with the same characteristics,2016,25.3
A,Annual,ITF1,Abruzzo,HOUS_PROAD_V,Households declaring to live in an area where some problems are present: poor road conditions: very much,HSC_F,Per 100 households with the same characteristics,2017,29.5
A,Annual,ITF1,Abruzzo,HOUS_PROAD_V,Households declaring to live in an area where some problems are present: poor road conditions: very much,HSC_F,Per 100 households with the same characteristics,2018,23.5
A,Annual,ITF1,Abruzzo,HOUS_PROAD_V,Households declaring to live in an area where some problems are present: poor road conditions: very much,HSC_F,Per 100 households with the same characteristics,2019,30.1
A,Annual,ITF1,Abruzzo,HOUS_PROAD_V,Households declaring to live in an area where some problems are present: poor road conditions: very much,HSC_F,Per 100 households with the same characteristics,2020,19
A,Annual,ITF1,Abruzzo,HOUS_PROAD_V,Households declaring to live in an area where some problems are present: poor road conditions: very much,HSC_F,Per 100 households with the same characteristics,2021,18.6
A,Annual,ITF1,Abruzzo,HOUS_PROAD_V,Households declaring to live in an area where some problems are present: poor road conditions: very much,HSC_F,Per 100 households with the same characteristics,2022,17.5
A,Annual,ITF1,Abruzzo,HOUS_PROAD_V,Households declaring to live in an area where some problems are present: poor road conditions: very much,HSC_F,Per 100 households with the same characteristics,2023,19.9
A,Annual,ITF1,Abruzzo,HOUS_PROAD_V,Households declaring to live in an area where some problems are present: poor road conditions: very much,HSC_F,Per 100 households with the same characteristics,2024,23.4
A,Annual,ITF1,Abruzzo,HOUS_PROAD_VQ,Households declaring to live in an area where some problems are present: poor road conditions: very much and quite,HSC_F,Per 100 households with the same characteristics,2010,47.3
A,Annual,ITF1,Abruzzo,HOUS_PROAD_VQ,Households declaring to live in an area where some problems are present: poor road conditions: very much and quite,HSC_F,Per 100 households with the same characteristics,2011,44.7
A,Annual,ITF1,Abruzzo,HOUS_PROAD_VQ,Households declaring to live in an area where some problems are present: poor road conditions: very much and quite,HSC_F,Per 100 households with the same characteristics,2012,44.4
A,Annual,ITF1,Abruzzo,HOUS_PROAD_VQ,Households declaring to live in an area where some problems are present: poor road conditions: very much and quite,HSC_F,Per 100 households with the same characteristics,2013,44.8
A,Annual,ITF1,Abruzzo,HOUS_PROAD_VQ,Households declaring to live in an area where some problems are present: poor road conditions: very much and quite,HSC_F,Per 100 households with the same characteristics,2014,47.5
A,Annual,ITF1,Abruzzo,HOUS_PROAD_VQ,Households declaring to live in an area where some problems are present: poor road conditions: very much and quite,HSC_F,Per 100 households with the same characteristics,2015,54.3
A,Annual,ITF1,Abruzzo,HOUS_PROAD_VQ,Households declaring to live in an area where some problems are present: poor road conditions: very much and quite,HSC_F,Per 100 households with the same characteristics,2016,52.8
A,Annual,ITF1,Abruzzo,HOUS_PROAD_VQ,Households declaring to live in an area where some problems are present: poor road conditions: very much and quite,HSC_F,Per 100 households with the same characteristics,2017,56.9
A,Annual,ITF1,Abruzzo,HOUS_PROAD_VQ,Households declaring to live in an area where some problems are present: poor road conditions: very much and quite,HSC_F,Per 100 households with the same characteristics,2018,52.9
A,Annual,ITF1,Abruzzo,HOUS_PROAD_VQ,Households declaring to live in an area where some problems are present: poor road conditions: very much and quite,HSC_F,Per 100 households with the same characteristics,2019,62.8
A,Annual,ITF1,Abruzzo,HOUS_PROAD_VQ,Households declaring to live in an area where some problems are present: poor road conditions: very much and quite,HSC_F,Per 100 households with the same characteristics,2020,43.2
A,Annual,ITF1,Abruzzo,HOUS_PROAD_VQ,Households declaring to live in an area where some problems are present: poor road conditions: very much and quite,HSC_F,Per 100 households with the same characteristics,2021,43.3
A,Annual,ITF1,Abruzzo,HOUS_PROAD_VQ,Households declaring to live in an area where some problems are present: poor road conditions: very much and quite,HSC_F,Per 100 households with the same characteristics,2022,48.5
A,Annual,ITF1,Abruzzo,HOUS_PROAD_VQ,Households declaring to live in an area where some problems are present: poor road conditions: very much and quite,HSC_F,Per 100 households with the same characteristics,2023,53.8
A,Annual,ITF1,Abruzzo,HOUS_PROAD_VQ,Households declaring to live in an area where some problems are present: poor road conditions: very much and quite,HSC_F,Per 100 households with the same characteristics,2024,52.3
A,Annual,ITF2,Molise,HOUS_DIFFPARK_V,Households declaring to live in an area where some problems are present: difficult parking: very much,HSC_F,Per 100 households with the same characteristics,2010,13.6
A,Annual,ITF2,Molise,HOUS_DIFFPARK_V,Households declaring to live in an area where some problems are present: difficult parking: very much,HSC_F,Per 100 households with the same characteristics,2011,10.5
A,Annual,ITF2,Molise,HOUS_DIFFPARK_V,Households declaring to live in an area where some problems are present: difficult parking: very much,HSC_F,Per 100 households with the same characteristics,2012,11.7
A,Annual,ITF2,Molise,HOUS_DIFFPARK_V,Households declaring to live in an area where some problems are present: difficult parking: very much,HSC_F,Per 100 households with the same characteristics,2013,6.2
A,Annual,ITF2,Molise,HOUS_DIFFPARK_V,Households declaring to live in an area where some problems are present: difficult parking: very much,HSC_F,Per 100 households with the same characteristics,2014,9.4
A,Annual,ITF2,Molise,HOUS_DIFFPARK_V,Households declaring to live in an area where some problems are present: difficult parking: very much,HSC_F,Per 100 households with the same characteristics,2015,11.1
A,Annual,ITF2,Molise,HOUS_DIFFPARK_V,Households declaring to live in an area where some problems are present: difficult parking: very much,HSC_F,Per 100 households with the same characteristics,2016,11.7
A,Annual,ITF2,Molise,HOUS_DIFFPARK_V,Households declaring to live in an area where some problems are present: difficult parking: very much,HSC_F,Per 100 households with the same characteristics,2017,9.6
A,Annual,ITF2,Molise,HOUS_DIFFPARK_V,Households declaring to live in an area where some problems are present: difficult parking: very much,HSC_F,Per 100 households with the same characteristics,2018,12.2
A,Annual,ITF2,Molise,HOUS_DIFFPARK_V,Households declaring to live in an area where some problems are present: difficult parking: very much,HSC_F,Per 100 households with the same characteristics,2019,10.3
A,Annual,ITF2,Molise,HOUS_DIFFPARK_V,Households declaring to live in an area where some problems are present: difficult parking: very much,HSC_F,Per 100 households with the same characteristics,2020,6.3
A,Annual,ITF2,Molise,HOUS_DIFFPARK_V,Households declaring to live in an area where some problems are present: difficult parking: very much,HSC_F,Per 100 households with the same characteristics,2021,7.4
A,Annual,ITF2,Molise,HOUS_DIFFPARK_V,Households declaring to live in an area where some problems are present: difficult parking: very much,HSC_F,Per 100 households with the same characteristics,2022,5
A,Annual,ITF2,Molise,HOUS_DIFFPARK_V,Households declaring to live in an area where some problems are present: difficult parking: very much,HSC_F,Per 100 households with the same characteristics,2023,8.3
A,Annual,ITF2,Molise,HOUS_DIFFPARK_V,Households declaring to live in an area where some problems are present: difficult parking: very much,HSC_F,Per 100 households with the same characteristics,2024,8.2
A,Annual,ITF2,Molise,HOUS_DIFFPARK_VQ,Households declaring to live in an area where some problems are present: difficult parking: very much and quite,HSC_F,Per 100 households with the same characteristics,2010,28.3
A,Annual,ITF2,Molise,HOUS_DIFFPARK_VQ,Households declaring to live in an area where some problems are present: difficult parking: very much and quite,HSC_F,Per 100 households with the same characteristics,2011,30.5
A,Annual,ITF2,Molise,HOUS_DIFFPARK_VQ,Households declaring to live in an area where some problems are present: difficult parking: very much and quite,HSC_F,Per 100 households with the same characteristics,2012,25.4
A,Annual,ITF2,Molise,HOUS_DIFFPARK_VQ,Households declaring to live in an area where some problems are present: difficult parking: very much and quite,HSC_F,Per 100 households with the same characteristics,2013,20.6
A,Annual,ITF2,Molise,HOUS_DIFFPARK_VQ,Households declaring to live in an area where some problems are present: difficult parking: very much and quite,HSC_F,Per 100 households with the same characteristics,2014,21.3
A,Annual,ITF2,Molise,HOUS_DIFFPARK_VQ,Households declaring to live in an area where some problems are present: difficult parking: very much and quite,HSC_F,Per 100 households with the same characteristics,2015,27.6
A,Annual,ITF2,Molise,HOUS_DIFFPARK_VQ,Households declaring to live in an area where some problems are present: difficult parking: very much and quite,HSC_F,Per 100 households with the same characteristics,2016,29.2
A,Annual,ITF2,Molise,HOUS_DIFFPARK_VQ,Households declaring to live in an area where some problems are present: difficult parking: very much and quite,HSC_F,Per 100 households with the same characteristics,2017,24.6
A,Annual,ITF2,Molise,HOUS_DIFFPARK_VQ,Households declaring to live in an area where some problems are present: difficult parking: very much and quite,HSC_F,Per 100 households with the same characteristics,2018,29.3
A,Annual,ITF2,Molise,HOUS_DIFFPARK_VQ,Households declaring to live in an area where some problems are present: difficult parking: very much and quite,HSC_F,Per 100 households with the same characteristics,2019,24.3
A,Annual,ITF2,Molise,HOUS_DIFFPARK_VQ,Households declaring to live in an area where some problems are present: difficult parking: very much and quite,HSC_F,Per 100 households with the same characteristics,2020,24.1
A,Annual,ITF2,Molise,HOUS_DIFFPARK_VQ,Households declaring to live in an area where some problems are present: difficult parking: very much and quite,HSC_F,Per 100 households with the same characteristics,2021,22.8
A,Annual,ITF2,Molise,HOUS_DIFFPARK_VQ,Households declaring to live in an area where some problems are present: difficult parking: very much and quite,HSC_F,Per 100 households with the same characteristics,2022,26.4
A,Annual,ITF2,Molise,HOUS_DIFFPARK_VQ,Households declaring to live in an area where some problems are present: difficult parking: very much and quite,HSC_F,Per 100 households with the same characteristics,2023,27.7
A,Annual,ITF2,Molise,HOUS_DIFFPARK_VQ,Households declaring to live in an area where some problems are present: difficult parking: very much and quite,HSC_F,Per 100 households with the same characteristics,2024,24.6
A,Annual,ITF2,Molise,HOUS_DIFF_TRANS_V,Households declaring to live in an area where some problems are present: difficulties of links with public transport means: very much,HSC_F,Per 100 households with the same characteristics,2010,8.5
A,Annual,ITF2,Molise,HOUS_DIFF_TRANS_V,Households declaring to live in an area where some problems are present: difficulties of links with public transport means: very much,HSC_F,Per 100 households with the same characteristics,2011,8.9
A,Annual,ITF2,Molise,HOUS_DIFF_TRANS_V,Households declaring to live in an area where some problems are present: difficulties of links with public transport means: very much,HSC_F,Per 100 households with the same characteristics,2012,5.6
A,Annual,ITF2,Molise,HOUS_DIFF_TRANS_V,Households declaring to live in an area where some problems are present: difficulties of links with public transport means: very much,HSC_F,Per 100 households with the same characteristics,2013,6
A,Annual,ITF2,Molise,HOUS_DIFF_TRANS_V,Households declaring to live in an area where some problems are present: difficulties of links with public transport means: very much,HSC_F,Per 100 households with the same characteristics,2014,5.2
A,Annual,ITF2,Molise,HOUS_DIFF_TRANS_V,Households declaring to live in an area where some problems are present: difficulties of links with public transport means: very much,HSC_F,Per 100 households with the same characteristics,2015,7.1
A,Annual,ITF2,Molise,HOUS_DIFF_TRANS_V,Households declaring to live in an area where some problems are present: difficulties of links with public transport means: very much,HSC_F,Per 100 households with the same characteristics,2016,7.4
A,Annual,ITF2,Molise,HOUS_DIFF_TRANS_V,Households declaring to live in an area where some problems are present: difficulties of links with public transport means: very much,HSC_F,Per 100 households with the same characteristics,2017,8.1
A,Annual,ITF2,Molise,HOUS_DIFF_TRANS_V,Households declaring to live in an area where some problems are present: difficulties of links with public transport means: very much,HSC_F,Per 100 households with the same characteristics,2018,8.8
A,Annual,ITF2,Molise,HOUS_DIFF_TRANS_V,Households declaring to live in an area where some problems are present: difficulties of links with public transport means: very much,HSC_F,Per 100 households with the same characteristics,2019,13.2
A,Annual,ITF2,Molise,HOUS_DIFF_TRANS_V,Households declaring to live in an area where some problems are present: difficulties of links with public transport means: very much,HSC_F,Per 100 households with the same characteristics,2020,8.9
A,Annual,ITF2,Molise,HOUS_DIFF_TRANS_V,Households declaring to live in an area where some problems are present: difficulties of links with public transport means: very much,HSC_F,Per 100 households with the same characteristics,2021,7.6
A,Annual,ITF2,Molise,HOUS_DIFF_TRANS_V,Households declaring to live in an area where some problems are present: difficulties of links with public transport means: very much,HSC_F,Per 100 households with the same characteristics,2022,11.9
A,Annual,ITF2,Molise,HOUS_DIFF_TRANS_V,Households declaring to live in an area where some problems are present: difficulties of links with public transport means: very much,HSC_F,Per 100 households with the same characteristics,2023,11.1
A,Annual,ITF2,Molise,HOUS_DIFF_TRANS_V,Households declaring to live in an area where some problems are present: difficulties of links with public transport means: very much,HSC_F,Per 100 households with the same characteristics,2024,10.1
A,Annual,ITF2,Molise,HOUS_DIFF_TRANS_VQ,Households declaring to live in an area where some problems are present: difficulties of links with public transport means: very much and quite,HSC_F,Per 100 households with the same characteristics,2010,27.6
A,Annual,ITF2,Molise,HOUS_DIFF_TRANS_VQ,Households declaring to live in an area where some problems are present: difficulties of links with public transport means: very much and quite,HSC_F,Per 100 households with the same characteristics,2011,25
A,Annual,ITF2,Molise,HOUS_DIFF_TRANS_VQ,Households declaring to live in an area where some problems are present: difficulties of links with public transport means: very much and quite,HSC_F,Per 100 households with the same characteristics,2012,17
A,Annual,ITF2,Molise,HOUS_DIFF_TRANS_VQ,Households declaring to live in an area where some problems are present: difficulties of links with public transport means: very much and quite,HSC_F,Per 100 households with the same characteristics,2013,20.4
A,Annual,ITF2,Molise,HOUS_DIFF_TRANS_VQ,Households declaring to live in an area where some problems are present: difficulties of links with public transport means: very much and quite,HSC_F,Per 100 households with the same characteristics,2014,21.2
A,Annual,ITF2,Molise,HOUS_DIFF_TRANS_VQ,Households declaring to live in an area where some problems are present: difficulties of links with public transport means: very much and quite,HSC_F,Per 100 households with the same characteristics,2015,24.7
A,Annual,ITF2,Molise,HOUS_DIFF_TRANS_VQ,Households declaring to live in an area where some problems are present: difficulties of links with public transport means: very much and quite,HSC_F,Per 100 households with the same characteristics,2016,22
A,Annual,ITF2,Molise,HOUS_DIFF_TRANS_VQ,Households declaring to live in an area where some problems are present: difficulties of links with public transport means: very much and quite,HSC_F,Per 100 households with the same characteristics,2017,27
A,Annual,ITF2,Molise,HOUS_DIFF_TRANS_VQ,Households declaring to live in an area where some problems are present: difficulties of links with public transport means: very much and quite,HSC_F,Per 100 households with the same characteristics,2018,30.3
A,Annual,ITF2,Molise,HOUS_DIFF_TRANS_VQ,Households declaring to live in an area where some problems are present: difficulties of links with public transport means: very much and quite,HSC_F,Per 100 households with the same characteristics,2019,29.8
A,Annual,ITF2,Molise,HOUS_DIFF_TRANS_VQ,Households declaring to live in an area where some problems are present: difficulties of links with public transport means: very much and quite,HSC_F,Per 100 households with the same characteristics,2020,31.6
A,Annual,ITF2,Molise,HOUS_DIFF_TRANS_VQ,Households declaring to live in an area where some problems are present: difficulties of links with public transport means: very much and quite,HSC_F,Per 100 households with the same characteristics,2021,26
A,Annual,ITF2,Molise,HOUS_DIFF_TRANS_VQ,Households declaring to live in an area where some problems are present: difficulties of links with public transport means: very much and quite,HSC_F,Per 100 households with the same characteristics,2022,30.1
A,Annual,ITF2,Molise,HOUS_DIFF_TRANS_VQ,Households declaring to live in an area where some problems are present: difficulties of links with public transport means: very much and quite,HSC_F,Per 100 households with the same characteristics,2023,29.7
A,Annual,ITF2,Molise,HOUS_DIFF_TRANS_VQ,Households declaring to live in an area where some problems are present: difficulties of links with public transport means: very much and quite,HSC_F,Per 100 households with the same characteristics,2024,27.5
A,Annual,ITF2,Molise,HOUS_TRAFFIC_V,Households declaring to live in an area where some problems are present: traffic: very much,HSC_F,Per 100 households with the same characteristics,2010,5.1
A,Annual,ITF2,Molise,HOUS_TRAFFIC_V,Households declaring to live in an area where some problems are present: traffic: very much,HSC_F,Per 100 households with the same characteristics,2011,6
A,Annual,ITF2,Molise,HOUS_TRAFFIC_V,Households declaring to live in an area where some problems are present: traffic: very much,HSC_F,Per 100 households with the same characteristics,2012,5.2
A,Annual,ITF2,Molise,HOUS_TRAFFIC_V,Households declaring to live in an area where some problems are present: traffic: very much,HSC_F,Per 100 households with the same characteristics,2013,4
A,Annual,ITF2,Molise,HOUS_TRAFFIC_V,Households declaring to live in an area where some problems are present: traffic: very much,HSC_F,Per 100 households with the same characteristics,2014,5.3
A,Annual,ITF2,Molise,HOUS_TRAFFIC_V,Households declaring to live in an area where some problems are present: traffic: very much,HSC_F,Per 100 households with the same characteristics,2015,6.7
A,Annual,ITF2,Molise,HOUS_TRAFFIC_V,Households declaring to live in an area where some problems are present: traffic: very much,HSC_F,Per 100 households with the same characteristics,2016,5
A,Annual,ITF2,Molise,HOUS_TRAFFIC_V,Households declaring to live in an area where some problems are present: traffic: very much,HSC_F,Per 100 households with the same characteristics,2017,5.3
A,Annual,ITF2,Molise,HOUS_TRAFFIC_V,Households declaring to live in an area where some problems are present: traffic: very much,HSC_F,Per 100 households with the same characteristics,2018,7.9
A,Annual,ITF2,Molise,HOUS_TRAFFIC_V,Households declaring to live in an area where some problems are present: traffic: very much,HSC_F,Per 100 households with the same characteristics,2019,5.3
A,Annual,ITF2,Molise,HOUS_TRAFFIC_V,Households declaring to live in an area where some problems are present: traffic: very much,HSC_F,Per 100 households with the same characteristics,2020,3.7
A,Annual,ITF2,Molise,HOUS_TRAFFIC_V,Households declaring to live in an area where some problems are present: traffic: very much,HSC_F,Per 100 households with the same characteristics,2021,4
A,Annual,ITF2,Molise,HOUS_TRAFFIC_V,Households declaring to live in an area where some problems are present: traffic: very much,HSC_F,Per 100 households with the same characteristics,2022,3.9
A,Annual,ITF2,Molise,HOUS_TRAFFIC_V,Households declaring to live in an area where some problems are present: traffic: very much,HSC_F,Per 100 households with the same characteristics,2023,7
A,Annual,ITF2,Molise,HOUS_TRAFFIC_V,Households declaring to live in an area where some problems are present: traffic: very much,HSC_F,Per 100 households with the same characteristics,2024,4.7
A,Annual,ITF2,Molise,HOUS_TRAFFIC_VQ,Households declaring to live in an area where some problems are present: traffic: very much and quite,HSC_F,Per 100 households with the same characteristics,2010,23.6
A,Annual,ITF2,Molise,HOUS_TRAFFIC_VQ,Households declaring to live in an area where some problems are present: traffic: very much and quite,HSC_F,Per 100 households with the same characteristics,2011,21.8
A,Annual,ITF2,Molise,HOUS_TRAFFIC_VQ,Households declaring to live in an area where some problems are present: traffic: very much and quite,HSC_F,Per 100 households with the same characteristics,2012,21.6
A,Annual,ITF2,Molise,HOUS_TRAFFIC_VQ,Households declaring to live in an area where some problems are present: traffic: very much and quite,HSC_F,Per 100 households with the same characteristics,2013,19.3
A,Annual,ITF2,Molise,HOUS_TRAFFIC_VQ,Households declaring to live in an area where some problems are present: traffic: very much and quite,HSC_F,Per 100 households with the same characteristics,2014,20
A,Annual,ITF2,Molise,HOUS_TRAFFIC_VQ,Households declaring to live in an area where some problems are present: traffic: very much and quite,HSC_F,Per 100 households with the same characteristics,2015,20.4
A,Annual,ITF2,Molise,HOUS_TRAFFIC_VQ,Households declaring to live in an area where some problems are present: traffic: very much and quite,HSC_F,Per 100 households with the same characteristics,2016,21.5
A,Annual,ITF2,Molise,HOUS_TRAFFIC_VQ,Households declaring to live in an area where some problems are present: traffic: very much and quite,HSC_F,Per 100 households with the same characteristics,2017,20.9
A,Annual,ITF2,Molise,HOUS_TRAFFIC_VQ,Households declaring to live in an area where some problems are present: traffic: very much and quite,HSC_F,Per 100 households with the same characteristics,2018,22.8
A,Annual,ITF2,Molise,HOUS_TRAFFIC_VQ,Households declaring to live in an area where some problems are present: traffic: very much and quite,HSC_F,Per 100 households with the same characteristics,2019,18.7
A,Annual,ITF2,Molise,HOUS_TRAFFIC_VQ,Households declaring to live in an area where some problems are present: traffic: very much and quite,HSC_F,Per 100 households with the same characteristics,2020,19.6
A,Annual,ITF2,Molise,HOUS_TRAFFIC_VQ,Households declaring to live in an area where some problems are present: traffic: very much and quite,HSC_F,Per 100 households with the same characteristics,2021,17.6
A,Annual,ITF2,Molise,HOUS_TRAFFIC_VQ,Households declaring to live in an area where some problems are present: traffic: very much and quite,HSC_F,Per 100 households with the same characteristics,2022,20.7
A,Annual,ITF2,Molise,HOUS_TRAFFIC_VQ,Households declaring to live in an area where some problems are present: traffic: very much and quite,HSC_F,Per 100 households with the same characteristics,2023,21.7
A,Annual,ITF2,Molise,HOUS_TRAFFIC_VQ,Households declaring to live in an area where some problems are present: traffic: very much and quite,HSC_F,Per 100 households with the same characteristics,2024,21.7
A,Annual,ITF2,Molise,HOUS_STRLIGHT_V,Households declaring to live in an area where some problems are present: poor street lighting: very much,HSC_F,Per 100 households with the same characteristics,2010,10.6
A,Annual,ITF2,Molise,HOUS_STRLIGHT_V,Households declaring to live in an area where some problems are present: poor street lighting: very much,HSC_F,Per 100 households with the same characteristics,2011,9.7
A,Annual,ITF2,Molise,HOUS_STRLIGHT_V,Households declaring to live in an area where some problems are present: poor street lighting: very much,HSC_F,Per 100 households with the same characteristics,2012,6.3
A,Annual,ITF2,Molise,HOUS_STRLIGHT_V,Households declaring to live in an area where some problems are present: poor street lighting: very much,HSC_F,Per 100 households with the same characteristics,2013,7.1
A,Annual,ITF2,Molise,HOUS_STRLIGHT_V,Households declaring to live in an area where some problems are present: poor street lighting: very much,HSC_F,Per 100 households with the same characteristics,2014,6.8
A,Annual,ITF2,Molise,HOUS_STRLIGHT_V,Households declaring to live in an area where some problems are present: poor street lighting: very much,HSC_F,Per 100 households with the same characteristics,2015,8.6
A,Annual,ITF2,Molise,HOUS_STRLIGHT_V,Households declaring to live in an area where some problems are present: poor street lighting: very much,HSC_F,Per 100 households with the same characteristics,2016,10.1
A,Annual,ITF2,Molise,HOUS_STRLIGHT_V,Households declaring to live in an area where some problems are present: poor street lighting: very much,HSC_F,Per 100 households with the same characteristics,2017,10.1
A,Annual,ITF2,Molise,HOUS_STRLIGHT_V,Households declaring to live in an area where some problems are present: poor street lighting: very much,HSC_F,Per 100 households with the same characteristics,2018,8.8
A,Annual,ITF2,Molise,HOUS_STRLIGHT_V,Households declaring to live in an area where some problems are present: poor street lighting: very much,HSC_F,Per 100 households with the same characteristics,2019,10.8
A,Annual,ITF2,Molise,HOUS_STRLIGHT_V,Households declaring to live in an area where some problems are present: poor street lighting: very much,HSC_F,Per 100 households with the same characteristics,2020,9.7
A,Annual,ITF2,Molise,HOUS_STRLIGHT_V,Households declaring to live in an area where some problems are present: poor street lighting: very much,HSC_F,Per 100 households with the same characteristics,2021,5.9
A,Annual,ITF2,Molise,HOUS_STRLIGHT_V,Households declaring to live in an area where some problems are present: poor street lighting: very much,HSC_F,Per 100 households with the same characteristics,2022,5.3
A,Annual,ITF2,Molise,HOUS_STRLIGHT_V,Households declaring to live in an area where some problems are present: poor street lighting: very much,HSC_F,Per 100 households with the same characteristics,2023,12.4
A,Annual,ITF2,Molise,HOUS_STRLIGHT_V,Households declaring to live in an area where some problems are present: poor street lighting: very much,HSC_F,Per 100 households with the same characteristics,2024,9.3
A,Annual,ITF2,Molise,HOUS_STRLIGHT_VQ,Households declaring to live in an area where some problems are present: poor street lighting: very much and quite,HSC_F,Per 100 households with the same characteristics,2010,35.1
A,Annual,ITF2,Molise,HOUS_STRLIGHT_VQ,Households declaring to live in an area where some problems are present: poor street lighting: very much and quite,HSC_F,Per 100 households with the same characteristics,2011,28.1
A,Annual,ITF2,Molise,HOUS_STRLIGHT_VQ,Households declaring to live in an area where some problems are present: poor street lighting: very much and quite,HSC_F,Per 100 households with the same characteristics,2012,22.3
A,Annual,ITF2,Molise,HOUS_STRLIGHT_VQ,Households declaring to live in an area where some problems are present: poor street lighting: very much and quite,HSC_F,Per 100 households with the same characteristics,2013,24.7
A,Annual,ITF2,Molise,HOUS_STRLIGHT_VQ,Households declaring to live in an area where some problems are present: poor street lighting: very much and quite,HSC_F,Per 100 households with the same characteristics,2014,26.4
A,Annual,ITF2,Molise,HOUS_STRLIGHT_VQ,Households declaring to live in an area where some problems are present: poor street lighting: very much and quite,HSC_F,Per 100 households with the same characteristics,2015,34
A,Annual,ITF2,Molise,HOUS_STRLIGHT_VQ,Households declaring to live in an area where some problems are present: poor street lighting: very much and quite,HSC_F,Per 100 households with the same characteristics,2016,29.7
A,Annual,ITF2,Molise,HOUS_STRLIGHT_VQ,Households declaring to live in an area where some problems are present: poor street lighting: very much and quite,HSC_F,Per 100 households with the same characteristics,2017,34.3
A,Annual,ITF2,Molise,HOUS_STRLIGHT_VQ,Households declaring to live in an area where some problems are present: poor street lighting: very much and quite,HSC_F,Per 100 households with the same characteristics,2018,33.8
A,Annual,ITF2,Molise,HOUS_STRLIGHT_VQ,Households declaring to live in an area where some problems are present: poor street lighting: very much and quite,HSC_F,Per 100 households with the same characteristics,2019,37
A,Annual,ITF2,Molise,HOUS_STRLIGHT_VQ,Households declaring to live in an area where some problems are present: poor street lighting: very much and quite,HSC_F,Per 100 households with the same characteristics,2020,33.9
A,Annual,ITF2,Molise,HOUS_STRLIGHT_VQ,Households declaring to live in an area where some problems are present: poor street lighting: very much and quite,HSC_F,Per 100 households with the same characteristics,2021,26.8
A,Annual,ITF2,Molise,HOUS_STRLIGHT_VQ,Households declaring to live in an area where some problems are present: poor street lighting: very much and quite,HSC_F,Per 100 households with the same characteristics,2022,23
A,Annual,ITF2,Molise,HOUS_STRLIGHT_VQ,Households declaring to live in an area where some problems are present: poor street lighting: very much and quite,HSC_F,Per 100 households with the same characteristics,2023,31.4
A,Annual,ITF2,Molise,HOUS_STRLIGHT_VQ,Households declaring to live in an area where some problems are present: poor street lighting: very much and quite,HSC_F,Per 100 households with the same characteristics,2024,34.5
A,Annual,ITF2,Molise,HOUS_PROAD_V,Households declaring to live in an area where some problems are present: poor road conditions: very much,HSC_F,Per 100 households with the same characteristics,2010,15.2
A,Annual,ITF2,Molise,HOUS_PROAD_V,Households declaring to live in an area where some problems are present: poor road conditions: very much,HSC_F,Per 100 households with the same characteristics,2011,15
A,Annual,ITF2,Molise,HOUS_PROAD_V,Households declaring to live in an area where some problems are present: poor road conditions: very much,HSC_F,Per 100 households with the same characteristics,2012,13.1
A,Annual,ITF2,Molise,HOUS_PROAD_V,Households declaring to live in an area where some problems are present: poor road conditions: very much,HSC_F,Per 100 households with the same characteristics,2013,13.6
A,Annual,ITF2,Molise,HOUS_PROAD_V,Households declaring to live in an area where some problems are present: poor road conditions: very much,HSC_F,Per 100 households with the same characteristics,2014,11.3
A,Annual,ITF2,Molise,HOUS_PROAD_V,Households declaring to live in an area where some problems are present: poor road conditions: very much,HSC_F,Per 100 households with the same characteristics,2015,21.1
A,Annual,ITF2,Molise,HOUS_PROAD_V,Households declaring to live in an area where some problems are present: poor road conditions: very much,HSC_F,Per 100 households with the same characteristics,2016,21.8
A,Annual,ITF2,Molise,HOUS_PROAD_V,Households declaring to live in an area where some problems are present: poor road conditions: very much,HSC_F,Per 100 households with the same characteristics,2017,24.4
A,Annual,ITF2,Molise,HOUS_PROAD_V,Households declaring to live in an area where some problems are present: poor road conditions: very much,HSC_F,Per 100 households with the same characteristics,2018,23.6
A,Annual,ITF2,Molise,HOUS_PROAD_V,Households declaring to live in an area where some problems are present: poor road conditions: very much,HSC_F,Per 100 households with the same characteristics,2019,25.2
A,Annual,ITF2,Molise,HOUS_PROAD_V,Households declaring to live in an area where some problems are present: poor road conditions: very much,HSC_F,Per 100 households with the same characteristics,2020,12.6
A,Annual,ITF2,Molise,HOUS_PROAD_V,Households declaring to live in an area where some problems are present: poor road conditions: very much,HSC_F,Per 100 households with the same characteristics,2021,14.4
A,Annual,ITF2,Molise,HOUS_PROAD_V,Households declaring to live in an area where some problems are present: poor road conditions: very much,HSC_F,Per 100 households with the same characteristics,2022,14.7
A,Annual,ITF2,Molise,HOUS_PROAD_V,Households declaring to live in an area where some problems are present: poor road conditions: very much,HSC_F,Per 100 households with the same characteristics,2023,23.5
A,Annual,ITF2,Molise,HOUS_PROAD_V,Households declaring to live in an area where some problems are present: poor road conditions: very much,HSC_F,Per 100 households with the same characteristics,2024,16.5
A,Annual,ITF2,Molise,HOUS_PROAD_VQ,Households declaring to live in an area where some problems are present: poor road conditions: very much and quite,HSC_F,Per 100 households with the same characteristics,2010,43.5
A,Annual,ITF2,Molise,HOUS_PROAD_VQ,Households declaring to live in an area where some problems are present: poor road conditions: very much and quite,HSC_F,Per 100 households with the same characteristics,2011,37.4
A,Annual,ITF2,Molise,HOUS_PROAD_VQ,Households declaring to live in an area where some problems are present: poor road conditions: very much and quite,HSC_F,Per 100 households with the same characteristics,2012,35.2
A,Annual,ITF2,Molise,HOUS_PROAD_VQ,Households declaring to live in an area where some problems are present: poor road conditions: very much and quite,HSC_F,Per 100 households with the same characteristics,2013,38
A,Annual,ITF2,Molise,HOUS_PROAD_VQ,Households declaring to live in an area where some problems are present: poor road conditions: very much and quite,HSC_F,Per 100 households with the same characteristics,2014,32.9
A,Annual,ITF2,Molise,HOUS_PROAD_VQ,Households declaring to live in an area where some problems are present: poor road conditions: very much and quite,HSC_F,Per 100 households with the same characteristics,2015,49.6
A,Annual,ITF2,Molise,HOUS_PROAD_VQ,Households declaring to live in an area where some problems are present: poor road conditions: very much and quite,HSC_F,Per 100 households with the same characteristics,2016,44.6
A,Annual,ITF2,Molise,HOUS_PROAD_VQ,Households declaring to live in an area where some problems are present: poor road conditions: very much and quite,HSC_F,Per 100 households with the same characteristics,2017,48.3
A,Annual,ITF2,Molise,HOUS_PROAD_VQ,Households declaring to live in an area where some problems are present: poor road conditions: very much and quite,HSC_F,Per 100 households with the same characteristics,2018,50.1
A,Annual,ITF2,Molise,HOUS_PROAD_VQ,Households declaring to live in an area where some problems are present: poor road conditions: very much and quite,HSC_F,Per 100 households with the same characteristics,2019,54.6
A,Annual,ITF2,Molise,HOUS_PROAD_VQ,Households declaring to live in an area where some problems are present: poor road conditions: very much and quite,HSC_F,Per 100 households with the same characteristics,2020,43.4
A,Annual,ITF2,Molise,HOUS_PROAD_VQ,Households declaring to live in an area where some problems are present: poor road conditions: very much and quite,HSC_F,Per 100 households with the same characteristics,2021,37.6
A,Annual,ITF2,Molise,HOUS_PROAD_VQ,Households declaring to live in an area where some problems are present: poor road conditions: very much and quite,HSC_F,Per 100 households with the same characteristics,2022,36.4
A,Annual,ITF2,Molise,HOUS_PROAD_VQ,Households declaring to live in an area where some problems are present: poor road conditions: very much and quite,HSC_F,Per 100 households with the same characteristics,2023,46.7
A,Annual,ITF2,Molise,HOUS_PROAD_VQ,Households declaring to live in an area where some problems are present: poor road conditions: very much and quite,HSC_F,Per 100 households with the same characteristics,2024,44.4
A,Annual,ITF3,Campania,HOUS_DIFFPARK_V,Households declaring to live in an area where some problems are present: difficult parking: very much,HSC_F,Per 100 households with the same characteristics,2010,22.7
A,Annual,ITF3,Campania,HOUS_DIFFPARK_V,Households declaring to live in an area where some problems are present: difficult parking: very much,HSC_F,Per 100 households with the same characteristics,2011,21.9
A,Annual,ITF3,Campania,HOUS_DIFFPARK_V,Households declaring to live in an area where some problems are present: difficult parking: very much,HSC_F,Per 100 households with the same characteristics,2012,18
A,Annual,ITF3,Campania,HOUS_DIFFPARK_V,Households declaring to live in an area where some problems are present: difficult parking: very much,HSC_F,Per 100 households with the same characteristics,2013,19
A,Annual,ITF3,Campania,HOUS_DIFFPARK_V,Households declaring to live in an area where some problems are present: difficult parking: very much,HSC_F,Per 100 households with the same characteristics,2014,18.6
A,Annual,ITF3,Campania,HOUS_DIFFPARK_V,Households declaring to live in an area where some problems are present: difficult parking: very much,HSC_F,Per 100 households with the same characteristics,2015,18.9
A,Annual,ITF3,Campania,HOUS_DIFFPARK_V,Households declaring to live in an area where some problems are present: difficult parking: very much,HSC_F,Per 100 households with the same characteristics,2016,16.9
A,Annual,ITF3,Campania,HOUS_DIFFPARK_V,Households declaring to live in an area where some problems are present: difficult parking: very much,HSC_F,Per 100 households with the same characteristics,2017,20.7
A,Annual,ITF3,Campania,HOUS_DIFFPARK_V,Households declaring to live in an area where some problems are present: difficult parking: very much,HSC_F,Per 100 households with the same characteristics,2018,18.3
A,Annual,ITF3,Campania,HOUS_DIFFPARK_V,Households declaring to live in an area where some problems are present: difficult parking: very much,HSC_F,Per 100 households with the same characteristics,2019,20.7
A,Annual,ITF3,Campania,HOUS_DIFFPARK_V,Households declaring to live in an area where some problems are present: difficult parking: very much,HSC_F,Per 100 households with the same characteristics,2020,18.9
A,Annual,ITF3,Campania,HOUS_DIFFPARK_V,Households declaring to live in an area where some problems are present: difficult parking: very much,HSC_F,Per 100 households with the same characteristics,2021,21.7
A,Annual,ITF3,Campania,HOUS_DIFFPARK_V,Households declaring to live in an area where some problems are present: difficult parking: very much,HSC_F,Per 100 households with the same characteristics,2022,17.7
A,Annual,ITF3,Campania,HOUS_DIFFPARK_V,Households declaring to live in an area where some problems are present: difficult parking: very much,HSC_F,Per 100 households with the same characteristics,2023,23.7
A,Annual,ITF3,Campania,HOUS_DIFFPARK_V,Households declaring to live in an area where some problems are present: difficult parking: very much,HSC_F,Per 100 households with the same characteristics,2024,22.1
A,Annual,ITF3,Campania,HOUS_DIFFPARK_VQ,Households declaring to live in an area where some problems are present: difficult parking: very much and quite,HSC_F,Per 100 households with the same characteristics,2010,48.8
A,Annual,ITF3,Campania,HOUS_DIFFPARK_VQ,Households declaring to live in an area where some problems are present: difficult parking: very much and quite,HSC_F,Per 100 households with the same characteristics,2011,47.9
A,Annual,ITF3,Campania,HOUS_DIFFPARK_VQ,Households declaring to live in an area where some problems are present: difficult parking: very much and quite,HSC_F,Per 100 households with the same characteristics,2012,44.5
A,Annual,ITF3,Campania,HOUS_DIFFPARK_VQ,Households declaring to live in an area where some problems are present: difficult parking: very much and quite,HSC_F,Per 100 households with the same characteristics,2013,43.6
A,Annual,ITF3,Campania,HOUS_DIFFPARK_VQ,Households declaring to live in an area where some problems are present: difficult parking: very much and quite,HSC_F,Per 100 households with the same characteristics,2014,43.3
A,Annual,ITF3,Campania,HOUS_DIFFPARK_VQ,Households declaring to live in an area where some problems are present: difficult parking: very much and quite,HSC_F,Per 100 households with the same characteristics,2015,45.5
A,Annual,ITF3,Campania,HOUS_DIFFPARK_VQ,Households declaring to live in an area where some problems are present: difficult parking: very much and quite,HSC_F,Per 100 households with the same characteristics,2016,43.5
A,Annual,ITF3,Campania,HOUS_DIFFPARK_VQ,Households declaring to live in an area where some problems are present: difficult parking: very much and quite,HSC_F,Per 100 households with the same characteristics,2017,45
A,Annual,ITF3,Campania,HOUS_DIFFPARK_VQ,Households declaring to live in an area where some problems are present: difficult parking: very much and quite,HSC_F,Per 100 households with the same characteristics,2018,43.5
A,Annual,ITF3,Campania,HOUS_DIFFPARK_VQ,Households declaring to live in an area where some problems are present: difficult parking: very much and quite,HSC_F,Per 100 households with the same characteristics,2019,47.3
A,Annual,ITF3,Campania,HOUS_DIFFPARK_VQ,Households declaring to live in an area where some problems are present: difficult parking: very much and quite,HSC_F,Per 100 households with the same characteristics,2020,47.9
A,Annual,ITF3,Campania,HOUS_DIFFPARK_VQ,Households declaring to live in an area where some problems are present: difficult parking: very much and quite,HSC_F,Per 100 households with the same characteristics,2021,47.1
A,Annual,ITF3,Campania,HOUS_DIFFPARK_VQ,Households declaring to live in an area where some problems are present: difficult parking: very much and quite,HSC_F,Per 100 households with the same characteristics,2022,48.9
A,Annual,ITF3,Campania,HOUS_DIFFPARK_VQ,Households declaring to live in an area where some problems are present: difficult parking: very much and quite,HSC_F,Per 100 households with the same characteristics,2023,49.9
A,Annual,ITF3,Campania,HOUS_DIFFPARK_VQ,Households declaring to live in an area where some problems are present: difficult parking: very much and quite,HSC_F,Per 100 households with the same characteristics,2024,51.3
A,Annual,ITF3,Campania,HOUS_DIFF_TRANS_V,Households declaring to live in an area where some problems are present: difficulties of links with public transport means: very much,HSC_F,Per 100 households with the same characteristics,2010,14.8
A,Annual,ITF3,Campania,HOUS_DIFF_TRANS_V,Households declaring to live in an area where some problems are present: difficulties of links with public transport means: very much,HSC_F,Per 100 households with the same characteristics,2011,12.4
A,Annual,ITF3,Campania,HOUS_DIFF_TRANS_V,Households declaring to live in an area where some problems are present: difficulties of links with public transport means: very much,HSC_F,Per 100 households with the same characteristics,2012,10.1
A,Annual,ITF3,Campania,HOUS_DIFF_TRANS_V,Households declaring to live in an area where some problems are present: difficulties of links with public transport means: very much,HSC_F,Per 100 households with the same characteristics,2013,13.8
A,Annual,ITF3,Campania,HOUS_DIFF_TRANS_V,Households declaring to live in an area where some problems are present: difficulties of links with public transport means: very much,HSC_F,Per 100 households with the same characteristics,2014,15.2
A,Annual,ITF3,Campania,HOUS_DIFF_TRANS_V,Households declaring to live in an area where some problems are present: difficulties of links with public transport means: very much,HSC_F,Per 100 households with the same characteristics,2015,18.1
A,Annual,ITF3,Campania,HOUS_DIFF_TRANS_V,Households declaring to live in an area where some problems are present: difficulties of links with public transport means: very much,HSC_F,Per 100 households with the same characteristics,2016,22
A,Annual,ITF3,Campania,HOUS_DIFF_TRANS_V,Households declaring to live in an area where some problems are present: difficulties of links with public transport means: very much,HSC_F,Per 100 households with the same characteristics,2017,21.1
A,Annual,ITF3,Campania,HOUS_DIFF_TRANS_V,Households declaring to live in an area where some problems are present: difficulties of links with public transport means: very much,HSC_F,Per 100 households with the same characteristics,2018,21.2
A,Annual,ITF3,Campania,HOUS_DIFF_TRANS_V,Households declaring to live in an area where some problems are present: difficulties of links with public transport means: very much,HSC_F,Per 100 households with the same characteristics,2019,22.6
A,Annual,ITF3,Campania,HOUS_DIFF_TRANS_V,Households declaring to live in an area where some problems are present: difficulties of links with public transport means: very much,HSC_F,Per 100 households with the same characteristics,2020,19.6
A,Annual,ITF3,Campania,HOUS_DIFF_TRANS_V,Households declaring to live in an area where some problems are present: difficulties of links with public transport means: very much,HSC_F,Per 100 households with the same characteristics,2021,20.7
A,Annual,ITF3,Campania,HOUS_DIFF_TRANS_V,Households declaring to live in an area where some problems are present: difficulties of links with public transport means: very much,HSC_F,Per 100 households with the same characteristics,2022,20.8
A,Annual,ITF3,Campania,HOUS_DIFF_TRANS_V,Households declaring to live in an area where some problems are present: difficulties of links with public transport means: very much,HSC_F,Per 100 households with the same characteristics,2023,21.9
A,Annual,ITF3,Campania,HOUS_DIFF_TRANS_V,Households declaring to live in an area where some problems are present: difficulties of links with public transport means: very much,HSC_F,Per 100 households with the same characteristics,2024,22
A,Annual,ITF3,Campania,HOUS_DIFF_TRANS_VQ,Households declaring to live in an area where some problems are present: difficulties of links with public transport means: very much and quite,HSC_F,Per 100 households with the same characteristics,2010,41.5
A,Annual,ITF3,Campania,HOUS_DIFF_TRANS_VQ,Households declaring to live in an area where some problems are present: difficulties of links with public transport means: very much and quite,HSC_F,Per 100 households with the same characteristics,2011,40.8
A,Annual,ITF3,Campania,HOUS_DIFF_TRANS_VQ,Households declaring to live in an area where some problems are present: difficulties of links with public transport means: very much and quite,HSC_F,Per 100 households with the same characteristics,2012,39.1
A,Annual,ITF3,Campania,HOUS_DIFF_TRANS_VQ,Households declaring to live in an area where some problems are present: difficulties of links with public transport means: very much and quite,HSC_F,Per 100 households with the same characteristics,2013,45.5
A,Annual,ITF3,Campania,HOUS_DIFF_TRANS_VQ,Households declaring to live in an area where some problems are present: difficulties of links with public transport means: very much and quite,HSC_F,Per 100 households with the same characteristics,2014,44.8
A,Annual,ITF3,Campania,HOUS_DIFF_TRANS_VQ,Households declaring to live in an area where some problems are present: difficulties of links with public transport means: very much and quite,HSC_F,Per 100 households with the same characteristics,2015,47.9
A,Annual,ITF3,Campania,HOUS_DIFF_TRANS_VQ,Households declaring to live in an area where some problems are present: difficulties of links with public transport means: very much and quite,HSC_F,Per 100 households with the same characteristics,2016,54.5
A,Annual,ITF3,Campania,HOUS_DIFF_TRANS_VQ,Households declaring to live in an area where some problems are present: difficulties of links with public transport means: very much and quite,HSC_F,Per 100 households with the same characteristics,2017,50.8
A,Annual,ITF3,Campania,HOUS_DIFF_TRANS_VQ,Households declaring to live in an area where some problems are present: difficulties of links with public transport means: very much and quite,HSC_F,Per 100 households with the same characteristics,2018,48.8
A,Annual,ITF3,Campania,HOUS_DIFF_TRANS_VQ,Households declaring to live in an area where some problems are present: difficulties of links with public transport means: very much and quite,HSC_F,Per 100 households with the same characteristics,2019,56
A,Annual,ITF3,Campania,HOUS_DIFF_TRANS_VQ,Households declaring to live in an area where some problems are present: difficulties of links with public transport means: very much and quite,HSC_F,Per 100 households with the same characteristics,2020,51.8
A,Annual,ITF3,Campania,HOUS_DIFF_TRANS_VQ,Households declaring to live in an area where some problems are present: difficulties of links with public transport means: very much and quite,HSC_F,Per 100 households with the same characteristics,2021,51.5
A,Annual,ITF3,Campania,HOUS_DIFF_TRANS_VQ,Households declaring to live in an area where some problems are present: difficulties of links with public transport means: very much and quite,HSC_F,Per 100 households with the same characteristics,2022,52.7
A,Annual,ITF3,Campania,HOUS_DIFF_TRANS_VQ,Households declaring to live in an area where some problems are present: difficulties of links with public transport means: very much and quite,HSC_F,Per 100 households with the same characteristics,2023,51.5
A,Annual,ITF3,Campania,HOUS_DIFF_TRANS_VQ,Households declaring to live in an area where some problems are present: difficulties of links with public transport means: very much and quite,HSC_F,Per 100 households with the same characteristics,2024,53.9
A,Annual,ITF3,Campania,HOUS_TRAFFIC_V,Households declaring to live in an area where some problems are present: traffic: very much,HSC_F,Per 100 households with the same characteristics,2010,17.1
A,Annual,ITF3,Campania,HOUS_TRAFFIC_V,Households declaring to live in an area where some problems are present: traffic: very much,HSC_F,Per 100 households with the same characteristics,2011,13.3
A,Annual,ITF3,Campania,HOUS_TRAFFIC_V,Households declaring to live in an area where some problems are present: traffic: very much,HSC_F,Per 100 households with the same characteristics,2012,13.7
A,Annual,ITF3,Campania,HOUS_TRAFFIC_V,Households declaring to live in an area where some problems are present: traffic: very much,HSC_F,Per 100 households with the same characteristics,2013,13.1
A,Annual,ITF3,Campania,HOUS_TRAFFIC_V,Households declaring to live in an area where some problems are present: traffic: very much,HSC_F,Per 100 households with the same characteristics,2014,10.7
A,Annual,ITF3,Campania,HOUS_TRAFFIC_V,Households declaring to live in an area where some problems are present: traffic: very much,HSC_F,Per 100 households with the same characteristics,2015,14.2
A,Annual,ITF3,Campania,HOUS_TRAFFIC_V,Households declaring to live in an area where some problems are present: traffic: very much,HSC_F,Per 100 households with the same characteristics,2016,10.5
A,Annual,ITF3,Campania,HOUS_TRAFFIC_V,Households declaring to live in an area where some problems are present: traffic: very much,HSC_F,Per 100 households with the same characteristics,2017,11.8
A,Annual,ITF3,Campania,HOUS_TRAFFIC_V,Households declaring to live in an area where some problems are present: traffic: very much,HSC_F,Per 100 households with the same characteristics,2018,12.7
A,Annual,ITF3,Campania,HOUS_TRAFFIC_V,Households declaring to live in an area where some problems are present: traffic: very much,HSC_F,Per 100 households with the same characteristics,2019,15.9
A,Annual,ITF3,Campania,HOUS_TRAFFIC_V,Households declaring to live in an area where some problems are present: traffic: very much,HSC_F,Per 100 households with the same characteristics,2020,12.5
A,Annual,ITF3,Campania,HOUS_TRAFFIC_V,Households declaring to live in an area where some problems are present: traffic: very much,HSC_F,Per 100 households with the same characteristics,2021,15
A,Annual,ITF3,Campania,HOUS_TRAFFIC_V,Households declaring to live in an area where some problems are present: traffic: very much,HSC_F,Per 100 households with the same characteristics,2022,14.5
A,Annual,ITF3,Campania,HOUS_TRAFFIC_V,Households declaring to live in an area where some problems are present: traffic: very much,HSC_F,Per 100 households with the same characteristics,2023,19.2
A,Annual,ITF3,Campania,HOUS_TRAFFIC_V,Households declaring to live in an area where some problems are present: traffic: very much,HSC_F,Per 100 households with the same characteristics,2024,16.4
A,Annual,ITF3,Campania,HOUS_TRAFFIC_VQ,Households declaring to live in an area where some problems are present: traffic: very much and quite,HSC_F,Per 100 households with the same characteristics,2010,49.4
A,Annual,ITF3,Campania,HOUS_TRAFFIC_VQ,Households declaring to live in an area where some problems are present: traffic: very much and quite,HSC_F,Per 100 households with the same characteristics,2011,47.2
A,Annual,ITF3,Campania,HOUS_TRAFFIC_VQ,Households declaring to live in an area where some problems are present: traffic: very much and quite,HSC_F,Per 100 households with the same characteristics,2012,42.3
A,Annual,ITF3,Campania,HOUS_TRAFFIC_VQ,Households declaring to live in an area where some problems are present: traffic: very much and quite,HSC_F,Per 100 households with the same characteristics,2013,41.5
A,Annual,ITF3,Campania,HOUS_TRAFFIC_VQ,Households declaring to live in an area where some problems are present: traffic: very much and quite,HSC_F,Per 100 households with the same characteristics,2014,38.7
A,Annual,ITF3,Campania,HOUS_TRAFFIC_VQ,Households declaring to live in an area where some problems are present: traffic: very much and quite,HSC_F,Per 100 households with the same characteristics,2015,44.3
A,Annual,ITF3,Campania,HOUS_TRAFFIC_VQ,Households declaring to live in an area where some problems are present: traffic: very much and quite,HSC_F,Per 100 households with the same characteristics,2016,41.7
A,Annual,ITF3,Campania,HOUS_TRAFFIC_VQ,Households declaring to live in an area where some problems are present: traffic: very much and quite,HSC_F,Per 100 households with the same characteristics,2017,40.8
A,Annual,ITF3,Campania,HOUS_TRAFFIC_VQ,Households declaring to live in an area where some problems are present: traffic: very much and quite,HSC_F,Per 100 households with the same characteristics,2018,40.5
A,Annual,ITF3,Campania,HOUS_TRAFFIC_VQ,Households declaring to live in an area where some problems are present: traffic: very much and quite,HSC_F,Per 100 households with the same characteristics,2019,43.6
A,Annual,ITF3,Campania,HOUS_TRAFFIC_VQ,Households declaring to live in an area where some problems are present: traffic: very much and quite,HSC_F,Per 100 households with the same characteristics,2020,47.9
A,Annual,ITF3,Campania,HOUS_TRAFFIC_VQ,Households declaring to live in an area where some problems are present: traffic: very much and quite,HSC_F,Per 100 households with the same characteristics,2021,46.9
A,Annual,ITF3,Campania,HOUS_TRAFFIC_VQ,Households declaring to live in an area where some problems are present: traffic: very much and quite,HSC_F,Per 100 households with the same characteristics,2022,47.3
A,Annual,ITF3,Campania,HOUS_TRAFFIC_VQ,Households declaring to live in an area where some problems are present: traffic: very much and quite,HSC_F,Per 100 households with the same characteristics,2023,49.7
A,Annual,ITF3,Campania,HOUS_TRAFFIC_VQ,Households declaring to live in an area where some problems are present: traffic: very much and quite,HSC_F,Per 100 households with the same characteristics,2024,48.7
A,Annual,ITF3,Campania,HOUS_STRLIGHT_V,Households declaring to live in an area where some problems are present: poor street lighting: very much,HSC_F,Per 100 households with the same characteristics,2010,12.3
A,Annual,ITF3,Campania,HOUS_STRLIGHT_V,Households declaring to live in an area where some problems are present: poor street lighting: very much,HSC_F,Per 100 households with the same characteristics,2011,10.7
A,Annual,ITF3,Campania,HOUS_STRLIGHT_V,Households declaring to live in an area where some problems are present: poor street lighting: very much,HSC_F,Per 100 households with the same characteristics,2012,8.8
A,Annual,ITF3,Campania,HOUS_STRLIGHT_V,Households declaring to live in an area where some problems are present: poor street lighting: very much,HSC_F,Per 100 households with the same characteristics,2013,11.2
A,Annual,ITF3,Campania,HOUS_STRLIGHT_V,Households declaring to live in an area where some problems are present: poor street lighting: very much,HSC_F,Per 100 households with the same characteristics,2014,9.5
A,Annual,ITF3,Campania,HOUS_STRLIGHT_V,Households declaring to live in an area where some problems are present: poor street lighting: very much,HSC_F,Per 100 households with the same characteristics,2015,13.1
A,Annual,ITF3,Campania,HOUS_STRLIGHT_V,Households declaring to live in an area where some problems are present: poor street lighting: very much,HSC_F,Per 100 households with the same characteristics,2016,13.4
A,Annual,ITF3,Campania,HOUS_STRLIGHT_V,Households declaring to live in an area where some problems are present: poor street lighting: very much,HSC_F,Per 100 households with the same characteristics,2017,9.3
A,Annual,ITF3,Campania,HOUS_STRLIGHT_V,Households declaring to live in an area where some problems are present: poor street lighting: very much,HSC_F,Per 100 households with the same characteristics,2018,11.1
A,Annual,ITF3,Campania,HOUS_STRLIGHT_V,Households declaring to live in an area where some problems are present: poor street lighting: very much,HSC_F,Per 100 households with the same characteristics,2019,10.3
A,Annual,ITF3,Campania,HOUS_STRLIGHT_V,Households declaring to live in an area where some problems are present: poor street lighting: very much,HSC_F,Per 100 households with the same characteristics,2020,9.3
A,Annual,ITF3,Campania,HOUS_STRLIGHT_V,Households declaring to live in an area where some problems are present: poor street lighting: very much,HSC_F,Per 100 households with the same characteristics,2021,9.6
A,Annual,ITF3,Campania,HOUS_STRLIGHT_V,Households declaring to live in an area where some problems are present: poor street lighting: very much,HSC_F,Per 100 households with the same characteristics,2022,8.5
A,Annual,ITF3,Campania,HOUS_STRLIGHT_V,Households declaring to live in an area where some problems are present: poor street lighting: very much,HSC_F,Per 100 households with the same characteristics,2023,11.7
A,Annual,ITF3,Campania,HOUS_STRLIGHT_V,Households declaring to live in an area where some problems are present: poor street lighting: very much,HSC_F,Per 100 households with the same characteristics,2024,12.5
A,Annual,ITF3,Campania,HOUS_STRLIGHT_VQ,Households declaring to live in an area where some problems are present: poor street lighting: very much and quite,HSC_F,Per 100 households with the same characteristics,2010,39.2
A,Annual,ITF3,Campania,HOUS_STRLIGHT_VQ,Households declaring to live in an area where some problems are present: poor street lighting: very much and quite,HSC_F,Per 100 households with the same characteristics,2011,42
A,Annual,ITF3,Campania,HOUS_STRLIGHT_VQ,Households declaring to live in an area where some problems are present: poor street lighting: very much and quite,HSC_F,Per 100 households with the same characteristics,2012,33.7
A,Annual,ITF3,Campania,HOUS_STRLIGHT_VQ,Households declaring to live in an area where some problems are present: poor street lighting: very much and quite,HSC_F,Per 100 households with the same characteristics,2013,40.3
A,Annual,ITF3,Campania,HOUS_STRLIGHT_VQ,Households declaring to live in an area where some problems are present: poor street lighting: very much and quite,HSC_F,Per 100 households with the same characteristics,2014,37.3
A,Annual,ITF3,Campania,HOUS_STRLIGHT_VQ,Households declaring to live in an area where some problems are present: poor street lighting: very much and quite,HSC_F,Per 100 households with the same characteristics,2015,42.4
A,Annual,ITF3,Campania,HOUS_STRLIGHT_VQ,Households declaring to live in an area where some problems are present: poor street lighting: very much and quite,HSC_F,Per 100 households with the same characteristics,2016,43.4
A,Annual,ITF3,Campania,HOUS_STRLIGHT_VQ,Households declaring to live in an area where some problems are present: poor street lighting: very much and quite,HSC_F,Per 100 households with the same characteristics,2017,39.7
A,Annual,ITF3,Campania,HOUS_STRLIGHT_VQ,Households declaring to live in an area where some problems are present: poor street lighting: very much and quite,HSC_F,Per 100 households with the same characteristics,2018,40.1
A,Annual,ITF3,Campania,HOUS_STRLIGHT_VQ,Households declaring to live in an area where some problems are present: poor street lighting: very much and quite,HSC_F,Per 100 households with the same characteristics,2019,39.8
A,Annual,ITF3,Campania,HOUS_STRLIGHT_VQ,Households declaring to live in an area where some problems are present: poor street lighting: very much and quite,HSC_F,Per 100 households with the same characteristics,2020,40.8
A,Annual,ITF3,Campania,HOUS_STRLIGHT_VQ,Households declaring to live in an area where some problems are present: poor street lighting: very much and quite,HSC_F,Per 100 households with the same characteristics,2021,42.4
A,Annual,ITF3,Campania,HOUS_STRLIGHT_VQ,Households declaring to live in an area where some problems are present: poor street lighting: very much and quite,HSC_F,Per 100 households with the same characteristics,2022,39.6
A,Annual,ITF3,Campania,HOUS_STRLIGHT_VQ,Households declaring to live in an area where some problems are present: poor street lighting: very much and quite,HSC_F,Per 100 households with the same characteristics,2023,42.4
A,Annual,ITF3,Campania,HOUS_STRLIGHT_VQ,Households declaring to live in an area where some problems are present: poor street lighting: very much and quite,HSC_F,Per 100 households with the same characteristics,2024,44.2
A,Annual,ITF3,Campania,HOUS_PROAD_V,Households declaring to live in an area where some problems are present: poor road conditions: very much,HSC_F,Per 100 households with the same characteristics,2010,27.9
A,Annual,ITF3,Campania,HOUS_PROAD_V,Households declaring to live in an area where some problems are present: poor road conditions: very much,HSC_F,Per 100 households with the same characteristics,2011,24.9
A,Annual,ITF3,Campania,HOUS_PROAD_V,Households declaring to live in an area where some problems are present: poor road conditions: very much,HSC_F,Per 100 households with the same characteristics,2012,17.7
A,Annual,ITF3,Campania,HOUS_PROAD_V,Households declaring to live in an area where some problems are present: poor road conditions: very much,HSC_F,Per 100 households with the same characteristics,2013,27.7
A,Annual,ITF3,Campania,HOUS_PROAD_V,Households declaring to live in an area where some problems are present: poor road conditions: very much,HSC_F,Per 100 households with the same characteristics,2014,20.5
A,Annual,ITF3,Campania,HOUS_PROAD_V,Households declaring to live in an area where some problems are present: poor road conditions: very much,HSC_F,Per 100 households with the same characteristics,2015,27.4
A,Annual,ITF3,Campania,HOUS_PROAD_V,Households declaring to live in an area where some problems are present: poor road conditions: very much,HSC_F,Per 100 households with the same characteristics,2016,23.6
A,Annual,ITF3,Campania,HOUS_PROAD_V,Households declaring to live in an area where some problems are present: poor road conditions: very much,HSC_F,Per 100 households with the same characteristics,2017,23.1
A,Annual,ITF3,Campania,HOUS_PROAD_V,Households declaring to live in an area where some problems are present: poor road conditions: very much,HSC_F,Per 100 households with the same characteristics,2018,26
A,Annual,ITF3,Campania,HOUS_PROAD_V,Households declaring to live in an area where some problems are present: poor road conditions: very much,HSC_F,Per 100 households with the same characteristics,2019,25.6
A,Annual,ITF3,Campania,HOUS_PROAD_V,Households declaring to live in an area where some problems are present: poor road conditions: very much,HSC_F,Per 100 households with the same characteristics,2020,18.7
A,Annual,ITF3,Campania,HOUS_PROAD_V,Households declaring to live in an area where some problems are present: poor road conditions: very much,HSC_F,Per 100 households with the same characteristics,2021,24
A,Annual,ITF3,Campania,HOUS_PROAD_V,Households declaring to live in an area where some problems are present: poor road conditions: very much,HSC_F,Per 100 households with the same characteristics,2022,19.6
A,Annual,ITF3,Campania,HOUS_PROAD_V,Households declaring to live in an area where some problems are present: poor road conditions: very much,HSC_F,Per 100 households with the same characteristics,2023,25.8
A,Annual,ITF3,Campania,HOUS_PROAD_V,Households declaring to live in an area where some problems are present: poor road conditions: very much,HSC_F,Per 100 households with the same characteristics,2024,29.9
A,Annual,ITF3,Campania,HOUS_PROAD_VQ,Households declaring to live in an area where some problems are present: poor road conditions: very much and quite,HSC_F,Per 100 households with the same characteristics,2010,60.5
A,Annual,ITF3,Campania,HOUS_PROAD_VQ,Households declaring to live in an area where some problems are present: poor road conditions: very much and quite,HSC_F,Per 100 households with the same characteristics,2011,56.7
A,Annual,ITF3,Campania,HOUS_PROAD_VQ,Households declaring to live in an area where some problems are present: poor road conditions: very much and quite,HSC_F,Per 100 households with the same characteristics,2012,47.3
A,Annual,ITF3,Campania,HOUS_PROAD_VQ,Households declaring to live in an area where some problems are present: poor road conditions: very much and quite,HSC_F,Per 100 households with the same characteristics,2013,55.8
A,Annual,ITF3,Campania,HOUS_PROAD_VQ,Households declaring to live in an area where some problems are present: poor road conditions: very much and quite,HSC_F,Per 100 households with the same characteristics,2014,52.5
A,Annual,ITF3,Campania,HOUS_PROAD_VQ,Households declaring to live in an area where some problems are present: poor road conditions: very much and quite,HSC_F,Per 100 households with the same characteristics,2015,59.5
A,Annual,ITF3,Campania,HOUS_PROAD_VQ,Households declaring to live in an area where some problems are present: poor road conditions: very much and quite,HSC_F,Per 100 households with the same characteristics,2016,57.6
A,Annual,ITF3,Campania,HOUS_PROAD_VQ,Households declaring to live in an area where some problems are present: poor road conditions: very much and quite,HSC_F,Per 100 households with the same characteristics,2017,56.3
A,Annual,ITF3,Campania,HOUS_PROAD_VQ,Households declaring to live in an area where some problems are present: poor road conditions: very much and quite,HSC_F,Per 100 households with the same characteristics,2018,58.1
A,Annual,ITF3,Campania,HOUS_PROAD_VQ,Households declaring to live in an area where some problems are present: poor road conditions: very much and quite,HSC_F,Per 100 households with the same characteristics,2019,61.1
A,Annual,ITF3,Campania,HOUS_PROAD_VQ,Households declaring to live in an area where some problems are present: poor road conditions: very much and quite,HSC_F,Per 100 households with the same characteristics,2020,58.6
A,Annual,ITF3,Campania,HOUS_PROAD_VQ,Households declaring to live in an area where some problems are present: poor road conditions: very much and quite,HSC_F,Per 100 households with the same characteristics,2021,62.9
A,Annual,ITF3,Campania,HOUS_PROAD_VQ,Households declaring to live in an area where some problems are present: poor road conditions: very much and quite,HSC_F,Per 100 households with the same characteristics,2022,56.4
A,Annual,ITF3,Campania,HOUS_PROAD_VQ,Households declaring to live in an area where some problems are present: poor road conditions: very much and quite,HSC_F,Per 100 households with the same characteristics,2023,59.3
A,Annual,ITF3,Campania,HOUS_PROAD_VQ,Households declaring to live in an area where some problems are present: poor road conditions: very much and quite,HSC_F,Per 100 households with the same characteristics,2024,61.6
A,Annual,ITF4,Puglia,HOUS_DIFFPARK_V,Households declaring to live in an area where some problems are present: difficult parking: very much,HSC_F,Per 100 households with the same characteristics,2010,19.2
A,Annual,ITF4,Puglia,HOUS_DIFFPARK_V,Households declaring to live in an area where some problems are present: difficult parking: very much,HSC_F,Per 100 households with the same characteristics,2011,18
A,Annual,ITF4,Puglia,HOUS_DIFFPARK_V,Households declaring to live in an area where some problems are present: difficult parking: very much,HSC_F,Per 100 households with the same characteristics,2012,16.2
A,Annual,ITF4,Puglia,HOUS_DIFFPARK_V,Households declaring to live in an area where some problems are present: difficult parking: very much,HSC_F,Per 100 households with the same characteristics,2013,18.6
A,Annual,ITF4,Puglia,HOUS_DIFFPARK_V,Households declaring to live in an area where some problems are present: difficult parking: very much,HSC_F,Per 100 households with the same characteristics,2014,18.3
A,Annual,ITF4,Puglia,HOUS_DIFFPARK_V,Households declaring to live in an area where some problems are present: difficult parking: very much,HSC_F,Per 100 households with the same characteristics,2015,16.3
A,Annual,ITF4,Puglia,HOUS_DIFFPARK_V,Households declaring to live in an area where some problems are present: difficult parking: very much,HSC_F,Per 100 households with the same characteristics,2016,19
A,Annual,ITF4,Puglia,HOUS_DIFFPARK_V,Households declaring to live in an area where some problems are present: difficult parking: very much,HSC_F,Per 100 households with the same characteristics,2017,17.3
A,Annual,ITF4,Puglia,HOUS_DIFFPARK_V,Households declaring to live in an area where some problems are present: difficult parking: very much,HSC_F,Per 100 households with the same characteristics,2018,15.2
A,Annual,ITF4,Puglia,HOUS_DIFFPARK_V,Households declaring to live in an area where some problems are present: difficult parking: very much,HSC_F,Per 100 households with the same characteristics,2019,15.8
A,Annual,ITF4,Puglia,HOUS_DIFFPARK_V,Households declaring to live in an area where some problems are present: difficult parking: very much,HSC_F,Per 100 households with the same characteristics,2020,16.9
A,Annual,ITF4,Puglia,HOUS_DIFFPARK_V,Households declaring to live in an area where some problems are present: difficult parking: very much,HSC_F,Per 100 households with the same characteristics,2021,19.1
A,Annual,ITF4,Puglia,HOUS_DIFFPARK_V,Households declaring to live in an area where some problems are present: difficult parking: very much,HSC_F,Per 100 households with the same characteristics,2022,16.9
A,Annual,ITF4,Puglia,HOUS_DIFFPARK_V,Households declaring to live in an area where some problems are present: difficult parking: very much,HSC_F,Per 100 households with the same characteristics,2023,21
A,Annual,ITF4,Puglia,HOUS_DIFFPARK_V,Households declaring to live in an area where some problems are present: difficult parking: very much,HSC_F,Per 100 households with the same characteristics,2024,19.4
A,Annual,ITF4,Puglia,HOUS_DIFFPARK_VQ,Households declaring to live in an area where some problems are present: difficult parking: very much and quite,HSC_F,Per 100 households with the same characteristics,2010,43
A,Annual,ITF4,Puglia,HOUS_DIFFPARK_VQ,Households declaring to live in an area where some problems are present: difficult parking: very much and quite,HSC_F,Per 100 households with the same characteristics,2011,40.5
A,Annual,ITF4,Puglia,HOUS_DIFFPARK_VQ,Households declaring to live in an area where some problems are present: difficult parking: very much and quite,HSC_F,Per 100 households with the same characteristics,2012,41.9
A,Annual,ITF4,Puglia,HOUS_DIFFPARK_VQ,Households declaring to live in an area where some problems are present: difficult parking: very much and quite,HSC_F,Per 100 households with the same characteristics,2013,43.2
A,Annual,ITF4,Puglia,HOUS_DIFFPARK_VQ,Households declaring to live in an area where some problems are present: difficult parking: very much and quite,HSC_F,Per 100 households with the same characteristics,2014,43.8
A,Annual,ITF4,Puglia,HOUS_DIFFPARK_VQ,Households declaring to live in an area where some problems are present: difficult parking: very much and quite,HSC_F,Per 100 households with the same characteristics,2015,44.9
A,Annual,ITF4,Puglia,HOUS_DIFFPARK_VQ,Households declaring to live in an area where some problems are present: difficult parking: very much and quite,HSC_F,Per 100 households with the same characteristics,2016,41.8
A,Annual,ITF4,Puglia,HOUS_DIFFPARK_VQ,Households declaring to live in an area where some problems are present: difficult parking: very much and quite,HSC_F,Per 100 households with the same characteristics,2017,43
A,Annual,ITF4,Puglia,HOUS_DIFFPARK_VQ,Households declaring to live in an area where some problems are present: difficult parking: very much and quite,HSC_F,Per 100 households with the same characteristics,2018,39.1
A,Annual,ITF4,Puglia,HOUS_DIFFPARK_VQ,Households declaring to live in an area where some problems are present: difficult parking: very much and quite,HSC_F,Per 100 households with the same characteristics,2019,44.6
A,Annual,ITF4,Puglia,HOUS_DIFFPARK_VQ,Households declaring to live in an area where some problems are present: difficult parking: very much and quite,HSC_F,Per 100 households with the same characteristics,2020,42.2
A,Annual,ITF4,Puglia,HOUS_DIFFPARK_VQ,Households declaring to live in an area where some problems are present: difficult parking: very much and quite,HSC_F,Per 100 households with the same characteristics,2021,43.3
A,Annual,ITF4,Puglia,HOUS_DIFFPARK_VQ,Households declaring to live in an area where some problems are present: difficult parking: very much and quite,HSC_F,Per 100 households with the same characteristics,2022,45.8
A,Annual,ITF4,Puglia,HOUS_DIFFPARK_VQ,Households declaring to live in an area where some problems are present: difficult parking: very much and quite,HSC_F,Per 100 households with the same characteristics,2023,47.2
A,Annual,ITF4,Puglia,HOUS_DIFFPARK_VQ,Households declaring to live in an area where some problems are present: difficult parking: very much and quite,HSC_F,Per 100 households with the same characteristics,2024,49.5
A,Annual,ITF4,Puglia,HOUS_DIFF_TRANS_V,Households declaring to live in an area where some problems are present: difficulties of links with public transport means: very much,HSC_F,Per 100 households with the same characteristics,2010,8
A,Annual,ITF4,Puglia,HOUS_DIFF_TRANS_V,Households declaring to live in an area where some problems are present: difficulties of links with public transport means: very much,HSC_F,Per 100 households with the same characteristics,2011,7.9
A,Annual,ITF4,Puglia,HOUS_DIFF_TRANS_V,Households declaring to live in an area where some problems are present: difficulties of links with public transport means: very much,HSC_F,Per 100 households with the same characteristics,2012,8.4
A,Annual,ITF4,Puglia,HOUS_DIFF_TRANS_V,Households declaring to live in an area where some problems are present: difficulties of links with public transport means: very much,HSC_F,Per 100 households with the same characteristics,2013,9.8
A,Annual,ITF4,Puglia,HOUS_DIFF_TRANS_V,Households declaring to live in an area where some problems are present: difficulties of links with public transport means: very much,HSC_F,Per 100 households with the same characteristics,2014,11.5
A,Annual,ITF4,Puglia,HOUS_DIFF_TRANS_V,Households declaring to live in an area where some problems are present: difficulties of links with public transport means: very much,HSC_F,Per 100 households with the same characteristics,2015,10.3
A,Annual,ITF4,Puglia,HOUS_DIFF_TRANS_V,Households declaring to live in an area where some problems are present: difficulties of links with public transport means: very much,HSC_F,Per 100 households with the same characteristics,2016,10.6
A,Annual,ITF4,Puglia,HOUS_DIFF_TRANS_V,Households declaring to live in an area where some problems are present: difficulties of links with public transport means: very much,HSC_F,Per 100 households with the same characteristics,2017,12.3
A,Annual,ITF4,Puglia,HOUS_DIFF_TRANS_V,Households declaring to live in an area where some problems are present: difficulties of links with public transport means: very much,HSC_F,Per 100 households with the same characteristics,2018,10.4
A,Annual,ITF4,Puglia,HOUS_DIFF_TRANS_V,Households declaring to live in an area where some problems are present: difficulties of links with public transport means: very much,HSC_F,Per 100 households with the same characteristics,2019,10.9
A,Annual,ITF4,Puglia,HOUS_DIFF_TRANS_V,Households declaring to live in an area where some problems are present: difficulties of links with public transport means: very much,HSC_F,Per 100 households with the same characteristics,2020,10.2
A,Annual,ITF4,Puglia,HOUS_DIFF_TRANS_V,Households declaring to live in an area where some problems are present: difficulties of links with public transport means: very much,HSC_F,Per 100 households with the same characteristics,2021,8.6
A,Annual,ITF4,Puglia,HOUS_DIFF_TRANS_V,Households declaring to live in an area where some problems are present: difficulties of links with public transport means: very much,HSC_F,Per 100 households with the same characteristics,2022,10
A,Annual,ITF4,Puglia,HOUS_DIFF_TRANS_V,Households declaring to live in an area where some problems are present: difficulties of links with public transport means: very much,HSC_F,Per 100 households with the same characteristics,2023,10.5
A,Annual,ITF4,Puglia,HOUS_DIFF_TRANS_V,Households declaring to live in an area where some problems are present: difficulties of links with public transport means: very much,HSC_F,Per 100 households with the same characteristics,2024,12.4
A,Annual,ITF4,Puglia,HOUS_DIFF_TRANS_VQ,Households declaring to live in an area where some problems are present: difficulties of links with public transport means: very much and quite,HSC_F,Per 100 households with the same characteristics,2010,25.7
A,Annual,ITF4,Puglia,HOUS_DIFF_TRANS_VQ,Households declaring to live in an area where some problems are present: difficulties of links with public transport means: very much and quite,HSC_F,Per 100 households with the same characteristics,2011,23
A,Annual,ITF4,Puglia,HOUS_DIFF_TRANS_VQ,Households declaring to live in an area where some problems are present: difficulties of links with public transport means: very much and quite,HSC_F,Per 100 households with the same characteristics,2012,25.4
A,Annual,ITF4,Puglia,HOUS_DIFF_TRANS_VQ,Households declaring to live in an area where some problems are present: difficulties of links with public transport means: very much and quite,HSC_F,Per 100 households with the same characteristics,2013,33.5
A,Annual,ITF4,Puglia,HOUS_DIFF_TRANS_VQ,Households declaring to live in an area where some problems are present: difficulties of links with public transport means: very much and quite,HSC_F,Per 100 households with the same characteristics,2014,33.7
A,Annual,ITF4,Puglia,HOUS_DIFF_TRANS_VQ,Households declaring to live in an area where some problems are present: difficulties of links with public transport means: very much and quite,HSC_F,Per 100 households with the same characteristics,2015,29.2
A,Annual,ITF4,Puglia,HOUS_DIFF_TRANS_VQ,Households declaring to live in an area where some problems are present: difficulties of links with public transport means: very much and quite,HSC_F,Per 100 households with the same characteristics,2016,27.9
A,Annual,ITF4,Puglia,HOUS_DIFF_TRANS_VQ,Households declaring to live in an area where some problems are present: difficulties of links with public transport means: very much and quite,HSC_F,Per 100 households with the same characteristics,2017,33.6
A,Annual,ITF4,Puglia,HOUS_DIFF_TRANS_VQ,Households declaring to live in an area where some problems are present: difficulties of links with public transport means: very much and quite,HSC_F,Per 100 households with the same characteristics,2018,29.7
A,Annual,ITF4,Puglia,HOUS_DIFF_TRANS_VQ,Households declaring to live in an area where some problems are present: difficulties of links with public transport means: very much and quite,HSC_F,Per 100 households with the same characteristics,2019,30.6
A,Annual,ITF4,Puglia,HOUS_DIFF_TRANS_VQ,Households declaring to live in an area where some problems are present: difficulties of links with public transport means: very much and quite,HSC_F,Per 100 households with the same characteristics,2020,30
A,Annual,ITF4,Puglia,HOUS_DIFF_TRANS_VQ,Households declaring to live in an area where some problems are present: difficulties of links with public transport means: very much and quite,HSC_F,Per 100 households with the same characteristics,2021,24.6
A,Annual,ITF4,Puglia,HOUS_DIFF_TRANS_VQ,Households declaring to live in an area where some problems are present: difficulties of links with public transport means: very much and quite,HSC_F,Per 100 households with the same characteristics,2022,31.6
A,Annual,ITF4,Puglia,HOUS_DIFF_TRANS_VQ,Households declaring to live in an area where some problems are present: difficulties of links with public transport means: very much and quite,HSC_F,Per 100 households with the same characteristics,2023,29
A,Annual,ITF4,Puglia,HOUS_DIFF_TRANS_VQ,Households declaring to live in an area where some problems are present: difficulties of links with public transport means: very much and quite,HSC_F,Per 100 households with the same characteristics,2024,34.6
A,Annual,ITF4,Puglia,HOUS_TRAFFIC_V,Households declaring to live in an area where some problems are present: traffic: very much,HSC_F,Per 100 households with the same characteristics,2010,15.6
A,Annual,ITF4,Puglia,HOUS_TRAFFIC_V,Households declaring to live in an area where some problems are present: traffic: very much,HSC_F,Per 100 households with the same characteristics,2011,14.5
A,Annual,ITF4,Puglia,HOUS_TRAFFIC_V,Households declaring to live in an area where some problems are present: traffic: very much,HSC_F,Per 100 households with the same characteristics,2012,13.5
A,Annual,ITF4,Puglia,HOUS_TRAFFIC_V,Households declaring to live in an area where some problems are present: traffic: very much,HSC_F,Per 100 households with the same characteristics,2013,14.7
A,Annual,ITF4,Puglia,HOUS_TRAFFIC_V,Households declaring to live in an area where some problems are present: traffic: very much,HSC_F,Per 100 households with the same characteristics,2014,15.8
A,Annual,ITF4,Puglia,HOUS_TRAFFIC_V,Households declaring to live in an area where some problems are present: traffic: very much,HSC_F,Per 100 households with the same characteristics,2015,13.7
A,Annual,ITF4,Puglia,HOUS_TRAFFIC_V,Households declaring to live in an area where some problems are present: traffic: very much,HSC_F,Per 100 households with the same characteristics,2016,16.1
A,Annual,ITF4,Puglia,HOUS_TRAFFIC_V,Households declaring to live in an area where some problems are present: traffic: very much,HSC_F,Per 100 households with the same characteristics,2017,13.3
A,Annual,ITF4,Puglia,HOUS_TRAFFIC_V,Households declaring to live in an area where some problems are present: traffic: very much,HSC_F,Per 100 households with the same characteristics,2018,12.6
A,Annual,ITF4,Puglia,HOUS_TRAFFIC_V,Households declaring to live in an area where some problems are present: traffic: very much,HSC_F,Per 100 households with the same characteristics,2019,9.7
A,Annual,ITF4,Puglia,HOUS_TRAFFIC_V,Households declaring to live in an area where some problems are present: traffic: very much,HSC_F,Per 100 households with the same characteristics,2020,13.9
A,Annual,ITF4,Puglia,HOUS_TRAFFIC_V,Households declaring to live in an area where some problems are present: traffic: very much,HSC_F,Per 100 households with the same characteristics,2021,12
A,Annual,ITF4,Puglia,HOUS_TRAFFIC_V,Households declaring to live in an area where some problems are present: traffic: very much,HSC_F,Per 100 households with the same characteristics,2022,11.9
A,Annual,ITF4,Puglia,HOUS_TRAFFIC_V,Households declaring to live in an area where some problems are present: traffic: very much,HSC_F,Per 100 households with the same characteristics,2023,14.4
A,Annual,ITF4,Puglia,HOUS_TRAFFIC_V,Households declaring to live in an area where some problems are present: traffic: very much,HSC_F,Per 100 households with the same characteristics,2024,13.7
A,Annual,ITF4,Puglia,HOUS_TRAFFIC_VQ,Households declaring to live in an area where some problems are present: traffic: very much and quite,HSC_F,Per 100 households with the same characteristics,2010,46.1
A,Annual,ITF4,Puglia,HOUS_TRAFFIC_VQ,Households declaring to live in an area where some problems are present: traffic: very much and quite,HSC_F,Per 100 households with the same characteristics,2011,41.6
A,Annual,ITF4,Puglia,HOUS_TRAFFIC_VQ,Households declaring to live in an area where some problems are present: traffic: very much and quite,HSC_F,Per 100 households with the same characteristics,2012,44.5
A,Annual,ITF4,Puglia,HOUS_TRAFFIC_VQ,Households declaring to live in an area where some problems are present: traffic: very much and quite,HSC_F,Per 100 households with the same characteristics,2013,44.4
A,Annual,ITF4,Puglia,HOUS_TRAFFIC_VQ,Households declaring to live in an area where some problems are present: traffic: very much and quite,HSC_F,Per 100 households with the same characteristics,2014,44.8
A,Annual,ITF4,Puglia,HOUS_TRAFFIC_VQ,Households declaring to live in an area where some problems are present: traffic: very much and quite,HSC_F,Per 100 households with the same characteristics,2015,45.4
A,Annual,ITF4,Puglia,HOUS_TRAFFIC_VQ,Households declaring to live in an area where some problems are present: traffic: very much and quite,HSC_F,Per 100 households with the same characteristics,2016,41
A,Annual,ITF4,Puglia,HOUS_TRAFFIC_VQ,Households declaring to live in an area where some problems are present: traffic: very much and quite,HSC_F,Per 100 households with the same characteristics,2017,43.4
A,Annual,ITF4,Puglia,HOUS_TRAFFIC_VQ,Households declaring to live in an area where some problems are present: traffic: very much and quite,HSC_F,Per 100 households with the same characteristics,2018,40.9
A,Annual,ITF4,Puglia,HOUS_TRAFFIC_VQ,Households declaring to live in an area where some problems are present: traffic: very much and quite,HSC_F,Per 100 households with the same characteristics,2019,44.8
A,Annual,ITF4,Puglia,HOUS_TRAFFIC_VQ,Households declaring to live in an area where some problems are present: traffic: very much and quite,HSC_F,Per 100 households with the same characteristics,2020,45.3
A,Annual,ITF4,Puglia,HOUS_TRAFFIC_VQ,Households declaring to live in an area where some problems are present: traffic: very much and quite,HSC_F,Per 100 households with the same characteristics,2021,43.8
A,Annual,ITF4,Puglia,HOUS_TRAFFIC_VQ,Households declaring to live in an area where some problems are present: traffic: very much and quite,HSC_F,Per 100 households with the same characteristics,2022,47.4
A,Annual,ITF4,Puglia,HOUS_TRAFFIC_VQ,Households declaring to live in an area where some problems are present: traffic: very much and quite,HSC_F,Per 100 households with the same characteristics,2023,44.4
A,Annual,ITF4,Puglia,HOUS_TRAFFIC_VQ,Households declaring to live in an area where some problems are present: traffic: very much and quite,HSC_F,Per 100 households with the same characteristics,2024,48.2
A,Annual,ITF4,Puglia,HOUS_STRLIGHT_V,Households declaring to live in an area where some problems are present: poor street lighting: very much,HSC_F,Per 100 households with the same characteristics,2010,7
A,Annual,ITF4,Puglia,HOUS_STRLIGHT_V,Households declaring to live in an area where some problems are present: poor street lighting: very much,HSC_F,Per 100 households with the same characteristics,2011,6.6
A,Annual,ITF4,Puglia,HOUS_STRLIGHT_V,Households declaring to live in an area where some problems are present: poor street lighting: very much,HSC_F,Per 100 households with the same characteristics,2012,5.7
A,Annual,ITF4,Puglia,HOUS_STRLIGHT_V,Households declaring to live in an area where some problems are present: poor street lighting: very much,HSC_F,Per 100 households with the same characteristics,2013,9.8
A,Annual,ITF4,Puglia,HOUS_STRLIGHT_V,Households declaring to live in an area where some problems are present: poor street lighting: very much,HSC_F,Per 100 households with the same characteristics,2014,8.6
A,Annual,ITF4,Puglia,HOUS_STRLIGHT_V,Households declaring to live in an area where some problems are present: poor street lighting: very much,HSC_F,Per 100 households with the same characteristics,2015,11.9
A,Annual,ITF4,Puglia,HOUS_STRLIGHT_V,Households declaring to live in an area where some problems are present: poor street lighting: very much,HSC_F,Per 100 households with the same characteristics,2016,9.3
A,Annual,ITF4,Puglia,HOUS_STRLIGHT_V,Households declaring to live in an area where some problems are present: poor street lighting: very much,HSC_F,Per 100 households with the same characteristics,2017,9.8
A,Annual,ITF4,Puglia,HOUS_STRLIGHT_V,Households declaring to live in an area where some problems are present: poor street lighting: very much,HSC_F,Per 100 households with the same characteristics,2018,8.3
A,Annual,ITF4,Puglia,HOUS_STRLIGHT_V,Households declaring to live in an area where some problems are present: poor street lighting: very much,HSC_F,Per 100 households with the same characteristics,2019,9.5
A,Annual,ITF4,Puglia,HOUS_STRLIGHT_V,Households declaring to live in an area where some problems are present: poor street lighting: very much,HSC_F,Per 100 households with the same characteristics,2020,6.1
A,Annual,ITF4,Puglia,HOUS_STRLIGHT_V,Households declaring to live in an area where some problems are present: poor street lighting: very much,HSC_F,Per 100 households with the same characteristics,2021,6.3
A,Annual,ITF4,Puglia,HOUS_STRLIGHT_V,Households declaring to live in an area where some problems are present: poor street lighting: very much,HSC_F,Per 100 households with the same characteristics,2022,9.4
A,Annual,ITF4,Puglia,HOUS_STRLIGHT_V,Households declaring to live in an area where some problems are present: poor street lighting: very much,HSC_F,Per 100 households with the same characteristics,2023,7.5
A,Annual,ITF4,Puglia,HOUS_STRLIGHT_V,Households declaring to live in an area where some problems are present: poor street lighting: very much,HSC_F,Per 100 households with the same characteristics,2024,11.6
A,Annual,ITF4,Puglia,HOUS_STRLIGHT_VQ,Households declaring to live in an area where some problems are present: poor street lighting: very much and quite,HSC_F,Per 100 households with the same characteristics,2010,29.3
A,Annual,ITF4,Puglia,HOUS_STRLIGHT_VQ,Households declaring to live in an area where some problems are present: poor street lighting: very much and quite,HSC_F,Per 100 households with the same characteristics,2011,28.8
A,Annual,ITF4,Puglia,HOUS_STRLIGHT_VQ,Households declaring to live in an area where some problems are present: poor street lighting: very much and quite,HSC_F,Per 100 households with the same characteristics,2012,26.5
A,Annual,ITF4,Puglia,HOUS_STRLIGHT_VQ,Households declaring to live in an area where some problems are present: poor street lighting: very much and quite,HSC_F,Per 100 households with the same characteristics,2013,38
A,Annual,ITF4,Puglia,HOUS_STRLIGHT_VQ,Households declaring to live in an area where some problems are present: poor street lighting: very much and quite,HSC_F,Per 100 households with the same characteristics,2014,30.8
A,Annual,ITF4,Puglia,HOUS_STRLIGHT_VQ,Households declaring to live in an area where some problems are present: poor street lighting: very much and quite,HSC_F,Per 100 households with the same characteristics,2015,39.1
A,Annual,ITF4,Puglia,HOUS_STRLIGHT_VQ,Households declaring to live in an area where some problems are present: poor street lighting: very much and quite,HSC_F,Per 100 households with the same characteristics,2016,35.8
A,Annual,ITF4,Puglia,HOUS_STRLIGHT_VQ,Households declaring to live in an area where some problems are present: poor street lighting: very much and quite,HSC_F,Per 100 households with the same characteristics,2017,38.7
A,Annual,ITF4,Puglia,HOUS_STRLIGHT_VQ,Households declaring to live in an area where some problems are present: poor street lighting: very much and quite,HSC_F,Per 100 households with the same characteristics,2018,29.5
A,Annual,ITF4,Puglia,HOUS_STRLIGHT_VQ,Households declaring to live in an area where some problems are present: poor street lighting: very much and quite,HSC_F,Per 100 households with the same characteristics,2019,35.5
A,Annual,ITF4,Puglia,HOUS_STRLIGHT_VQ,Households declaring to live in an area where some problems are present: poor street lighting: very much and quite,HSC_F,Per 100 households with the same characteristics,2020,28.4
A,Annual,ITF4,Puglia,HOUS_STRLIGHT_VQ,Households declaring to live in an area where some problems are present: poor street lighting: very much and quite,HSC_F,Per 100 households with the same characteristics,2021,28.8
A,Annual,ITF4,Puglia,HOUS_STRLIGHT_VQ,Households declaring to live in an area where some problems are present: poor street lighting: very much and quite,HSC_F,Per 100 households with the same characteristics,2022,35
A,Annual,ITF4,Puglia,HOUS_STRLIGHT_VQ,Households declaring to live in an area where some problems are present: poor street lighting: very much and quite,HSC_F,Per 100 households with the same characteristics,2023,31.3
A,Annual,ITF4,Puglia,HOUS_STRLIGHT_VQ,Households declaring to live in an area where some problems are present: poor street lighting: very much and quite,HSC_F,Per 100 households with the same characteristics,2024,39.7
A,Annual,ITF4,Puglia,HOUS_PROAD_V,Households declaring to live in an area where some problems are present: poor road conditions: very much,HSC_F,Per 100 households with the same characteristics,2010,21.2
A,Annual,ITF4,Puglia,HOUS_PROAD_V,Households declaring to live in an area where some problems are present: poor road conditions: very much,HSC_F,Per 100 households with the same characteristics,2011,20.8
A,Annual,ITF4,Puglia,HOUS_PROAD_V,Households declaring to live in an area where some problems are present: poor road conditions: very much,HSC_F,Per 100 households with the same characteristics,2012,20.8
A,Annual,ITF4,Puglia,HOUS_PROAD_V,Households declaring to live in an area where some problems are present: poor road conditions: very much,HSC_F,Per 100 households with the same characteristics,2013,25.9
A,Annual,ITF4,Puglia,HOUS_PROAD_V,Households declaring to live in an area where some problems are present: poor road conditions: very much,HSC_F,Per 100 households with the same characteristics,2014,26.5
A,Annual,ITF4,Puglia,HOUS_PROAD_V,Households declaring to live in an area where some problems are present: poor road conditions: very much,HSC_F,Per 100 households with the same characteristics,2015,33.3
A,Annual,ITF4,Puglia,HOUS_PROAD_V,Households declaring to live in an area where some problems are present: poor road conditions: very much,HSC_F,Per 100 households with the same characteristics,2016,29
A,Annual,ITF4,Puglia,HOUS_PROAD_V,Households declaring to live in an area where some problems are present: poor road conditions: very much,HSC_F,Per 100 households with the same characteristics,2017,27.6
A,Annual,ITF4,Puglia,HOUS_PROAD_V,Households declaring to live in an area where some problems are present: poor road conditions: very much,HSC_F,Per 100 households with the same characteristics,2018,26.8
A,Annual,ITF4,Puglia,HOUS_PROAD_V,Households declaring to live in an area where some problems are present: poor road conditions: very much,HSC_F,Per 100 households with the same characteristics,2019,30
A,Annual,ITF4,Puglia,HOUS_PROAD_V,Households declaring to live in an area where some problems are present: poor road conditions: very much,HSC_F,Per 100 households with the same characteristics,2020,21.5
A,Annual,ITF4,Puglia,HOUS_PROAD_V,Households declaring to live in an area where some problems are present: poor road conditions: very much,HSC_F,Per 100 households with the same characteristics,2021,21.9
A,Annual,ITF4,Puglia,HOUS_PROAD_V,Households declaring to live in an area where some problems are present: poor road conditions: very much,HSC_F,Per 100 households with the same characteristics,2022,25.3
A,Annual,ITF4,Puglia,HOUS_PROAD_V,Households declaring to live in an area where some problems are present: poor road conditions: very much,HSC_F,Per 100 households with the same characteristics,2023,24.7
A,Annual,ITF4,Puglia,HOUS_PROAD_V,Households declaring to live in an area where some problems are present: poor road conditions: very much,HSC_F,Per 100 households with the same characteristics,2024,29.4
A,Annual,ITF4,Puglia,HOUS_PROAD_VQ,Households declaring to live in an area where some problems are present: poor road conditions: very much and quite,HSC_F,Per 100 households with the same characteristics,2010,50.4
A,Annual,ITF4,Puglia,HOUS_PROAD_VQ,Households declaring to live in an area where some problems are present: poor road conditions: very much and quite,HSC_F,Per 100 households with the same characteristics,2011,52.2
A,Annual,ITF4,Puglia,HOUS_PROAD_VQ,Households declaring to live in an area where some problems are present: poor road conditions: very much and quite,HSC_F,Per 100 households with the same characteristics,2012,52.3
A,Annual,ITF4,Puglia,HOUS_PROAD_VQ,Households declaring to live in an area where some problems are present: poor road conditions: very much and quite,HSC_F,Per 100 households with the same characteristics,2013,62.5
A,Annual,ITF4,Puglia,HOUS_PROAD_VQ,Households declaring to live in an area where some problems are present: poor road conditions: very much and quite,HSC_F,Per 100 households with the same characteristics,2014,53.9
A,Annual,ITF4,Puglia,HOUS_PROAD_VQ,Households declaring to live in an area where some problems are present: poor road conditions: very much and quite,HSC_F,Per 100 households with the same characteristics,2015,64.8
A,Annual,ITF4,Puglia,HOUS_PROAD_VQ,Households declaring to live in an area where some problems are present: poor road conditions: very much and quite,HSC_F,Per 100 households with the same characteristics,2016,58.7
A,Annual,ITF4,Puglia,HOUS_PROAD_VQ,Households declaring to live in an area where some problems are present: poor road conditions: very much and quite,HSC_F,Per 100 households with the same characteristics,2017,61.8
A,Annual,ITF4,Puglia,HOUS_PROAD_VQ,Households declaring to live in an area where some problems are present: poor road conditions: very much and quite,HSC_F,Per 100 households with the same characteristics,2018,58.8
A,Annual,ITF4,Puglia,HOUS_PROAD_VQ,Households declaring to live in an area where some problems are present: poor road conditions: very much and quite,HSC_F,Per 100 households with the same characteristics,2019,63
A,Annual,ITF4,Puglia,HOUS_PROAD_VQ,Households declaring to live in an area where some problems are present: poor road conditions: very much and quite,HSC_F,Per 100 households with the same characteristics,2020,53.1
A,Annual,ITF4,Puglia,HOUS_PROAD_VQ,Households declaring to live in an area where some problems are present: poor road conditions: very much and quite,HSC_F,Per 100 households with the same characteristics,2021,52.4
A,Annual,ITF4,Puglia,HOUS_PROAD_VQ,Households declaring to live in an area where some problems are present: poor road conditions: very much and quite,HSC_F,Per 100 households with the same characteristics,2022,58.3
A,Annual,ITF4,Puglia,HOUS_PROAD_VQ,Households declaring to live in an area where some problems are present: poor road conditions: very much and quite,HSC_F,Per 100 households with the same characteristics,2023,55.6
A,Annual,ITF4,Puglia,HOUS_PROAD_VQ,Households declaring to live in an area where some problems are present: poor road conditions: very much and quite,HSC_F,Per 100 households with the same characteristics,2024,60.2
A,Annual,ITF5,Basilicata,HOUS_DIFFPARK_V,Households declaring to live in an area where some problems are present: difficult parking: very much,HSC_F,Per 100 households with the same characteristics,2010,11.8
A,Annual,ITF5,Basilicata,HOUS_DIFFPARK_V,Households declaring to live in an area where some problems are present: difficult parking: very much,HSC_F,Per 100 households with the same characteristics,2011,14.8
A,Annual,ITF5,Basilicata,HOUS_DIFFPARK_V,Households declaring to live in an area where some problems are present: difficult parking: very much,HSC_F,Per 100 households with the same characteristics,2012,12.3
A,Annual,ITF5,Basilicata,HOUS_DIFFPARK_V,Households declaring to live in an area where some problems are present: difficult parking: very much,HSC_F,Per 100 households with the same characteristics,2013,8.8
A,Annual,ITF5,Basilicata,HOUS_DIFFPARK_V,Households declaring to live in an area where some problems are present: difficult parking: very much,HSC_F,Per 100 households with the same characteristics,2014,9.2
A,Annual,ITF5,Basilicata,HOUS_DIFFPARK_V,Households declaring to live in an area where some problems are present: difficult parking: very much,HSC_F,Per 100 households with the same characteristics,2015,13.3
A,Annual,ITF5,Basilicata,HOUS_DIFFPARK_V,Households declaring to live in an area where some problems are present: difficult parking: very much,HSC_F,Per 100 households with the same characteristics,2016,13.5
A,Annual,ITF5,Basilicata,HOUS_DIFFPARK_V,Households declaring to live in an area where some problems are present: difficult parking: very much,HSC_F,Per 100 households with the same characteristics,2017,9.6
A,Annual,ITF5,Basilicata,HOUS_DIFFPARK_V,Households declaring to live in an area where some problems are present: difficult parking: very much,HSC_F,Per 100 households with the same characteristics,2018,9.8
A,Annual,ITF5,Basilicata,HOUS_DIFFPARK_V,Households declaring to live in an area where some problems are present: difficult parking: very much,HSC_F,Per 100 households with the same characteristics,2019,11.4
A,Annual,ITF5,Basilicata,HOUS_DIFFPARK_V,Households declaring to live in an area where some problems are present: difficult parking: very much,HSC_F,Per 100 households with the same characteristics,2020,10.3
A,Annual,ITF5,Basilicata,HOUS_DIFFPARK_V,Households declaring to live in an area where some problems are present: difficult parking: very much,HSC_F,Per 100 households with the same characteristics,2021,11.1
A,Annual,ITF5,Basilicata,HOUS_DIFFPARK_V,Households declaring to live in an area where some problems are present: difficult parking: very much,HSC_F,Per 100 households with the same characteristics,2022,11.7
A,Annual,ITF5,Basilicata,HOUS_DIFFPARK_V,Households declaring to live in an area where some problems are present: difficult parking: very much,HSC_F,Per 100 households with the same characteristics,2023,11.4
A,Annual,ITF5,Basilicata,HOUS_DIFFPARK_V,Households declaring to live in an area where some problems are present: difficult parking: very much,HSC_F,Per 100 households with the same characteristics,2024,12.1
A,Annual,ITF5,Basilicata,HOUS_DIFFPARK_VQ,Households declaring to live in an area where some problems are present: difficult parking: very much and quite,HSC_F,Per 100 households with the same characteristics,2010,31.1
A,Annual,ITF5,Basilicata,HOUS_DIFFPARK_VQ,Households declaring to live in an area where some problems are present: difficult parking: very much and quite,HSC_F,Per 100 households with the same characteristics,2011,30.4
A,Annual,ITF5,Basilicata,HOUS_DIFFPARK_VQ,Households declaring to live in an area where some problems are present: difficult parking: very much and quite,HSC_F,Per 100 households with the same characteristics,2012,29.3
A,Annual,ITF5,Basilicata,HOUS_DIFFPARK_VQ,Households declaring to live in an area where some problems are present: difficult parking: very much and quite,HSC_F,Per 100 households with the same characteristics,2013,24
A,Annual,ITF5,Basilicata,HOUS_DIFFPARK_VQ,Households declaring to live in an area where some problems are present: difficult parking: very much and quite,HSC_F,Per 100 households with the same characteristics,2014,27
A,Annual,ITF5,Basilicata,HOUS_DIFFPARK_VQ,Households declaring to live in an area where some problems are present: difficult parking: very much and quite,HSC_F,Per 100 households with the same characteristics,2015,31.5
A,Annual,ITF5,Basilicata,HOUS_DIFFPARK_VQ,Households declaring to live in an area where some problems are present: difficult parking: very much and quite,HSC_F,Per 100 households with the same characteristics,2016,31.9
A,Annual,ITF5,Basilicata,HOUS_DIFFPARK_VQ,Households declaring to live in an area where some problems are present: difficult parking: very much and quite,HSC_F,Per 100 households with the same characteristics,2017,26.1
A,Annual,ITF5,Basilicata,HOUS_DIFFPARK_VQ,Households declaring to live in an area where some problems are present: difficult parking: very much and quite,HSC_F,Per 100 households with the same characteristics,2018,28
A,Annual,ITF5,Basilicata,HOUS_DIFFPARK_VQ,Households declaring to live in an area where some problems are present: difficult parking: very much and quite,HSC_F,Per 100 households with the same characteristics,2019,31.1
A,Annual,ITF5,Basilicata,HOUS_DIFFPARK_VQ,Households declaring to live in an area where some problems are present: difficult parking: very much and quite,HSC_F,Per 100 households with the same characteristics,2020,26.9
A,Annual,ITF5,Basilicata,HOUS_DIFFPARK_VQ,Households declaring to live in an area where some problems are present: difficult parking: very much and quite,HSC_F,Per 100 households with the same characteristics,2021,30
A,Annual,ITF5,Basilicata,HOUS_DIFFPARK_VQ,Households declaring to live in an area where some problems are present: difficult parking: very much and quite,HSC_F,Per 100 households with the same characteristics,2022,34.2
A,Annual,ITF5,Basilicata,HOUS_DIFFPARK_VQ,Households declaring to live in an area where some problems are present: difficult parking: very much and quite,HSC_F,Per 100 households with the same characteristics,2023,34.7
A,Annual,ITF5,Basilicata,HOUS_DIFFPARK_VQ,Households declaring to live in an area where some problems are present: difficult parking: very much and quite,HSC_F,Per 100 households with the same characteristics,2024,30.8
A,Annual,ITF5,Basilicata,HOUS_DIFF_TRANS_V,Households declaring to live in an area where some problems are present: difficulties of links with public transport means: very much,HSC_F,Per 100 households with the same characteristics,2010,13.5
A,Annual,ITF5,Basilicata,HOUS_DIFF_TRANS_V,Households declaring to live in an area where some problems are present: difficulties of links with public transport means: very much,HSC_F,Per 100 households with the same characteristics,2011,9.9
A,Annual,ITF5,Basilicata,HOUS_DIFF_TRANS_V,Households declaring to live in an area where some problems are present: difficulties of links with public transport means: very much,HSC_F,Per 100 households with the same characteristics,2012,12.1
A,Annual,ITF5,Basilicata,HOUS_DIFF_TRANS_V,Households declaring to live in an area where some problems are present: difficulties of links with public transport means: very much,HSC_F,Per 100 households with the same characteristics,2013,13.8
A,Annual,ITF5,Basilicata,HOUS_DIFF_TRANS_V,Households declaring to live in an area where some problems are present: difficulties of links with public transport means: very much,HSC_F,Per 100 households with the same characteristics,2014,12
A,Annual,ITF5,Basilicata,HOUS_DIFF_TRANS_V,Households declaring to live in an area where some problems are present: difficulties of links with public transport means: very much,HSC_F,Per 100 households with the same characteristics,2015,11.1
A,Annual,ITF5,Basilicata,HOUS_DIFF_TRANS_V,Households declaring to live in an area where some problems are present: difficulties of links with public transport means: very much,HSC_F,Per 100 households with the same characteristics,2016,11.2
A,Annual,ITF5,Basilicata,HOUS_DIFF_TRANS_V,Households declaring to live in an area where some problems are present: difficulties of links with public transport means: very much,HSC_F,Per 100 households with the same characteristics,2017,11.5
A,Annual,ITF5,Basilicata,HOUS_DIFF_TRANS_V,Households declaring to live in an area where some problems are present: difficulties of links with public transport means: very much,HSC_F,Per 100 households with the same characteristics,2018,16.8
A,Annual,ITF5,Basilicata,HOUS_DIFF_TRANS_V,Households declaring to live in an area where some problems are present: difficulties of links with public transport means: very much,HSC_F,Per 100 households with the same characteristics,2019,14.4
A,Annual,ITF5,Basilicata,HOUS_DIFF_TRANS_V,Households declaring to live in an area where some problems are present: difficulties of links with public transport means: very much,HSC_F,Per 100 households with the same characteristics,2020,8.5
A,Annual,ITF5,Basilicata,HOUS_DIFF_TRANS_V,Households declaring to live in an area where some problems are present: difficulties of links with public transport means: very much,HSC_F,Per 100 households with the same characteristics,2021,9.3
A,Annual,ITF5,Basilicata,HOUS_DIFF_TRANS_V,Households declaring to live in an area where some problems are present: difficulties of links with public transport means: very much,HSC_F,Per 100 households with the same characteristics,2022,9.4
A,Annual,ITF5,Basilicata,HOUS_DIFF_TRANS_V,Households declaring to live in an area where some problems are present: difficulties of links with public transport means: very much,HSC_F,Per 100 households with the same characteristics,2023,9.2
A,Annual,ITF5,Basilicata,HOUS_DIFF_TRANS_V,Households declaring to live in an area where some problems are present: difficulties of links with public transport means: very much,HSC_F,Per 100 households with the same characteristics,2024,17.1
A,Annual,ITF5,Basilicata,HOUS_DIFF_TRANS_VQ,Households declaring to live in an area where some problems are present: difficulties of links with public transport means: very much and quite,HSC_F,Per 100 households with the same characteristics,2010,31.9
A,Annual,ITF5,Basilicata,HOUS_DIFF_TRANS_VQ,Households declaring to live in an area where some problems are present: difficulties of links with public transport means: very much and quite,HSC_F,Per 100 households with the same characteristics,2011,29.4
A,Annual,ITF5,Basilicata,HOUS_DIFF_TRANS_VQ,Households declaring to live in an area where some problems are present: difficulties of links with public transport means: very much and quite,HSC_F,Per 100 households with the same characteristics,2012,28.4
A,Annual,ITF5,Basilicata,HOUS_DIFF_TRANS_VQ,Households declaring to live in an area where some problems are present: difficulties of links with public transport means: very much and quite,HSC_F,Per 100 households with the same characteristics,2013,32.1
A,Annual,ITF5,Basilicata,HOUS_DIFF_TRANS_VQ,Households declaring to live in an area where some problems are present: difficulties of links with public transport means: very much and quite,HSC_F,Per 100 households with the same characteristics,2014,32.3
A,Annual,ITF5,Basilicata,HOUS_DIFF_TRANS_VQ,Households declaring to live in an area where some problems are present: difficulties of links with public transport means: very much and quite,HSC_F,Per 100 households with the same characteristics,2015,33.1
A,Annual,ITF5,Basilicata,HOUS_DIFF_TRANS_VQ,Households declaring to live in an area where some problems are present: difficulties of links with public transport means: very much and quite,HSC_F,Per 100 households with the same characteristics,2016,30.8
A,Annual,ITF5,Basilicata,HOUS_DIFF_TRANS_VQ,Households declaring to live in an area where some problems are present: difficulties of links with public transport means: very much and quite,HSC_F,Per 100 households with the same characteristics,2017,30.9
A,Annual,ITF5,Basilicata,HOUS_DIFF_TRANS_VQ,Households declaring to live in an area where some problems are present: difficulties of links with public transport means: very much and quite,HSC_F,Per 100 households with the same characteristics,2018,36.6
A,Annual,ITF5,Basilicata,HOUS_DIFF_TRANS_VQ,Households declaring to live in an area where some problems are present: difficulties of links with public transport means: very much and quite,HSC_F,Per 100 households with the same characteristics,2019,36.4
A,Annual,ITF5,Basilicata,HOUS_DIFF_TRANS_VQ,Households declaring to live in an area where some problems are present: difficulties of links with public transport means: very much and quite,HSC_F,Per 100 households with the same characteristics,2020,29.8
A,Annual,ITF5,Basilicata,HOUS_DIFF_TRANS_VQ,Households declaring to live in an area where some problems are present: difficulties of links with public transport means: very much and quite,HSC_F,Per 100 households with the same characteristics,2021,34
A,Annual,ITF5,Basilicata,HOUS_DIFF_TRANS_VQ,Households declaring to live in an area where some problems are present: difficulties of links with public transport means: very much and quite,HSC_F,Per 100 households with the same characteristics,2022,30.9
A,Annual,ITF5,Basilicata,HOUS_DIFF_TRANS_VQ,Households declaring to live in an area where some problems are present: difficulties of links with public transport means: very much and quite,HSC_F,Per 100 households with the same characteristics,2023,30.7
A,Annual,ITF5,Basilicata,HOUS_DIFF_TRANS_VQ,Households declaring to live in an area where some problems are present: difficulties of links with public transport means: very much and quite,HSC_F,Per 100 households with the same characteristics,2024,37.8
A,Annual,ITF5,Basilicata,HOUS_TRAFFIC_V,Households declaring to live in an area where some problems are present: traffic: very much,HSC_F,Per 100 households with the same characteristics,2010,8.1
A,Annual,ITF5,Basilicata,HOUS_TRAFFIC_V,Households declaring to live in an area where some problems are present: traffic: very much,HSC_F,Per 100 households with the same characteristics,2011,9.2
A,Annual,ITF5,Basilicata,HOUS_TRAFFIC_V,Households declaring to live in an area where some problems are present: traffic: very much,HSC_F,Per 100 households with the same characteristics,2012,6.5
A,Annual,ITF5,Basilicata,HOUS_TRAFFIC_V,Households declaring to live in an area where some problems are present: traffic: very much,HSC_F,Per 100 households with the same characteristics,2013,8
A,Annual,ITF5,Basilicata,HOUS_TRAFFIC_V,Households declaring to live in an area where some problems are present: traffic: very much,HSC_F,Per 100 households with the same characteristics,2014,7.4
A,Annual,ITF5,Basilicata,HOUS_TRAFFIC_V,Households declaring to live in an area where some problems are present: traffic: very much,HSC_F,Per 100 households with the same characteristics,2015,9.1
A,Annual,ITF5,Basilicata,HOUS_TRAFFIC_V,Households declaring to live in an area where some problems are present: traffic: very much,HSC_F,Per 100 households with the same characteristics,2016,10.2
A,Annual,ITF5,Basilicata,HOUS_TRAFFIC_V,Households declaring to live in an area where some problems are present: traffic: very much,HSC_F,Per 100 households with the same characteristics,2017,6.2
A,Annual,ITF5,Basilicata,HOUS_TRAFFIC_V,Households declaring to live in an area where some problems are present: traffic: very much,HSC_F,Per 100 households with the same characteristics,2018,6.9
A,Annual,ITF5,Basilicata,HOUS_TRAFFIC_V,Households declaring to live in an area where some problems are present: traffic: very much,HSC_F,Per 100 households with the same characteristics,2019,7.7
A,Annual,ITF5,Basilicata,HOUS_TRAFFIC_V,Households declaring to live in an area where some problems are present: traffic: very much,HSC_F,Per 100 households with the same characteristics,2020,5
A,Annual,ITF5,Basilicata,HOUS_TRAFFIC_V,Households declaring to live in an area where some problems are present: traffic: very much,HSC_F,Per 100 households with the same characteristics,2021,5.2
A,Annual,ITF5,Basilicata,HOUS_TRAFFIC_V,Households declaring to live in an area where some problems are present: traffic: very much,HSC_F,Per 100 households with the same characteristics,2022,4.2
A,Annual,ITF5,Basilicata,HOUS_TRAFFIC_V,Households declaring to live in an area where some problems are present: traffic: very much,HSC_F,Per 100 households with the same characteristics,2023,6
A,Annual,ITF5,Basilicata,HOUS_TRAFFIC_V,Households declaring to live in an area where some problems are present: traffic: very much,HSC_F,Per 100 households with the same characteristics,2024,4.1
A,Annual,ITF5,Basilicata,HOUS_TRAFFIC_VQ,Households declaring to live in an area where some problems are present: traffic: very much and quite,HSC_F,Per 100 households with the same characteristics,2010,25.1
A,Annual,ITF5,Basilicata,HOUS_TRAFFIC_VQ,Households declaring to live in an area where some problems are present: traffic: very much and quite,HSC_F,Per 100 households with the same characteristics,2011,30.2
A,Annual,ITF5,Basilicata,HOUS_TRAFFIC_VQ,Households declaring to live in an area where some problems are present: traffic: very much and quite,HSC_F,Per 100 households with the same characteristics,2012,21.5
A,Annual,ITF5,Basilicata,HOUS_TRAFFIC_VQ,Households declaring to live in an area where some problems are present: traffic: very much and quite,HSC_F,Per 100 households with the same characteristics,2013,20.9
A,Annual,ITF5,Basilicata,HOUS_TRAFFIC_VQ,Households declaring to live in an area where some problems are present: traffic: very much and quite,HSC_F,Per 100 households with the same characteristics,2014,25.1
A,Annual,ITF5,Basilicata,HOUS_TRAFFIC_VQ,Households declaring to live in an area where some problems are present: traffic: very much and quite,HSC_F,Per 100 households with the same characteristics,2015,30.1
A,Annual,ITF5,Basilicata,HOUS_TRAFFIC_VQ,Households declaring to live in an area where some problems are present: traffic: very much and quite,HSC_F,Per 100 households with the same characteristics,2016,29.7
A,Annual,ITF5,Basilicata,HOUS_TRAFFIC_VQ,Households declaring to live in an area where some problems are present: traffic: very much and quite,HSC_F,Per 100 households with the same characteristics,2017,17.7
A,Annual,ITF5,Basilicata,HOUS_TRAFFIC_VQ,Households declaring to live in an area where some problems are present: traffic: very much and quite,HSC_F,Per 100 households with the same characteristics,2018,23.5
A,Annual,ITF5,Basilicata,HOUS_TRAFFIC_VQ,Households declaring to live in an area where some problems are present: traffic: very much and quite,HSC_F,Per 100 households with the same characteristics,2019,26.3
A,Annual,ITF5,Basilicata,HOUS_TRAFFIC_VQ,Households declaring to live in an area where some problems are present: traffic: very much and quite,HSC_F,Per 100 households with the same characteristics,2020,23.5
A,Annual,ITF5,Basilicata,HOUS_TRAFFIC_VQ,Households declaring to live in an area where some problems are present: traffic: very much and quite,HSC_F,Per 100 households with the same characteristics,2021,24.2
A,Annual,ITF5,Basilicata,HOUS_TRAFFIC_VQ,Households declaring to live in an area where some problems are present: traffic: very much and quite,HSC_F,Per 100 households with the same characteristics,2022,21.7
A,Annual,ITF5,Basilicata,HOUS_TRAFFIC_VQ,Households declaring to live in an area where some problems are present: traffic: very much and quite,HSC_F,Per 100 households with the same characteristics,2023,26.8
A,Annual,ITF5,Basilicata,HOUS_TRAFFIC_VQ,Households declaring to live in an area where some problems are present: traffic: very much and quite,HSC_F,Per 100 households with the same characteristics,2024,21.8
A,Annual,ITF5,Basilicata,HOUS_STRLIGHT_V,Households declaring to live in an area where some problems are present: poor street lighting: very much,HSC_F,Per 100 households with the same characteristics,2010,11.7
A,Annual,ITF5,Basilicata,HOUS_STRLIGHT_V,Households declaring to live in an area where some problems are present: poor street lighting: very much,HSC_F,Per 100 households with the same characteristics,2011,13.3
A,Annual,ITF5,Basilicata,HOUS_STRLIGHT_V,Households declaring to live in an area where some problems are present: poor street lighting: very much,HSC_F,Per 100 households with the same characteristics,2012,13.9
A,Annual,ITF5,Basilicata,HOUS_STRLIGHT_V,Households declaring to live in an area where some problems are present: poor street lighting: very much,HSC_F,Per 100 households with the same characteristics,2013,12.9
A,Annual,ITF5,Basilicata,HOUS_STRLIGHT_V,Households declaring to live in an area where some problems are present: poor street lighting: very much,HSC_F,Per 100 households with the same characteristics,2014,9.1
A,Annual,ITF5,Basilicata,HOUS_STRLIGHT_V,Households declaring to live in an area where some problems are present: poor street lighting: very much,HSC_F,Per 100 households with the same characteristics,2015,10
A,Annual,ITF5,Basilicata,HOUS_STRLIGHT_V,Households declaring to live in an area where some problems are present: poor street lighting: very much,HSC_F,Per 100 households with the same characteristics,2016,11.4
A,Annual,ITF5,Basilicata,HOUS_STRLIGHT_V,Households declaring to live in an area where some problems are present: poor street lighting: very much,HSC_F,Per 100 households with the same characteristics,2017,10.9
A,Annual,ITF5,Basilicata,HOUS_STRLIGHT_V,Households declaring to live in an area where some problems are present: poor street lighting: very much,HSC_F,Per 100 households with the same characteristics,2018,9.9
A,Annual,ITF5,Basilicata,HOUS_STRLIGHT_V,Households declaring to live in an area where some problems are present: poor street lighting: very much,HSC_F,Per 100 households with the same characteristics,2019,12.3
A,Annual,ITF5,Basilicata,HOUS_STRLIGHT_V,Households declaring to live in an area where some problems are present: poor street lighting: very much,HSC_F,Per 100 households with the same characteristics,2020,5.7
A,Annual,ITF5,Basilicata,HOUS_STRLIGHT_V,Households declaring to live in an area where some problems are present: poor street lighting: very much,HSC_F,Per 100 households with the same characteristics,2021,5.8
A,Annual,ITF5,Basilicata,HOUS_STRLIGHT_V,Households declaring to live in an area where some problems are present: poor street lighting: very much,HSC_F,Per 100 households with the same characteristics,2022,6
A,Annual,ITF5,Basilicata,HOUS_STRLIGHT_V,Households declaring to live in an area where some problems are present: poor street lighting: very much,HSC_F,Per 100 households with the same characteristics,2023,6.8
A,Annual,ITF5,Basilicata,HOUS_STRLIGHT_V,Households declaring to live in an area where some problems are present: poor street lighting: very much,HSC_F,Per 100 households with the same characteristics,2024,10.7
A,Annual,ITF5,Basilicata,HOUS_STRLIGHT_VQ,Households declaring to live in an area where some problems are present: poor street lighting: very much and quite,HSC_F,Per 100 households with the same characteristics,2010,34.2
A,Annual,ITF5,Basilicata,HOUS_STRLIGHT_VQ,Households declaring to live in an area where some problems are present: poor street lighting: very much and quite,HSC_F,Per 100 households with the same characteristics,2011,32.2
A,Annual,ITF5,Basilicata,HOUS_STRLIGHT_VQ,Households declaring to live in an area where some problems are present: poor street lighting: very much and quite,HSC_F,Per 100 households with the same characteristics,2012,33.3
A,Annual,ITF5,Basilicata,HOUS_STRLIGHT_VQ,Households declaring to live in an area where some problems are present: poor street lighting: very much and quite,HSC_F,Per 100 households with the same characteristics,2013,35.7
A,Annual,ITF5,Basilicata,HOUS_STRLIGHT_VQ,Households declaring to live in an area where some problems are present: poor street lighting: very much and quite,HSC_F,Per 100 households with the same characteristics,2014,31.4
A,Annual,ITF5,Basilicata,HOUS_STRLIGHT_VQ,Households declaring to live in an area where some problems are present: poor street lighting: very much and quite,HSC_F,Per 100 households with the same characteristics,2015,44.3
A,Annual,ITF5,Basilicata,HOUS_STRLIGHT_VQ,Households declaring to live in an area where some problems are present: poor street lighting: very much and quite,HSC_F,Per 100 households with the same characteristics,2016,40
A,Annual,ITF5,Basilicata,HOUS_STRLIGHT_VQ,Households declaring to live in an area where some problems are present: poor street lighting: very much and quite,HSC_F,Per 100 households with the same characteristics,2017,34.4
A,Annual,ITF5,Basilicata,HOUS_STRLIGHT_VQ,Households declaring to live in an area where some problems are present: poor street lighting: very much and quite,HSC_F,Per 100 households with the same characteristics,2018,31.9
A,Annual,ITF5,Basilicata,HOUS_STRLIGHT_VQ,Households declaring to live in an area where some problems are present: poor street lighting: very much and quite,HSC_F,Per 100 households with the same characteristics,2019,35.7
A,Annual,ITF5,Basilicata,HOUS_STRLIGHT_VQ,Households declaring to live in an area where some problems are present: poor street lighting: very much and quite,HSC_F,Per 100 households with the same characteristics,2020,32.7
A,Annual,ITF5,Basilicata,HOUS_STRLIGHT_VQ,Households declaring to live in an area where some problems are present: poor street lighting: very much and quite,HSC_F,Per 100 households with the same characteristics,2021,32.9
A,Annual,ITF5,Basilicata,HOUS_STRLIGHT_VQ,Households declaring to live in an area where some problems are present: poor street lighting: very much and quite,HSC_F,Per 100 households with the same characteristics,2022,28.1
A,Annual,ITF5,Basilicata,HOUS_STRLIGHT_VQ,Households declaring to live in an area where some problems are present: poor street lighting: very much and quite,HSC_F,Per 100 households with the same characteristics,2023,28.6
A,Annual,ITF5,Basilicata,HOUS_STRLIGHT_VQ,Households declaring to live in an area where some problems are present: poor street lighting: very much and quite,HSC_F,Per 100 households with the same characteristics,2024,34
A,Annual,ITF5,Basilicata,HOUS_PROAD_V,Households declaring to live in an area where some problems are present: poor road conditions: very much,HSC_F,Per 100 households with the same characteristics,2010,21.6
A,Annual,ITF5,Basilicata,HOUS_PROAD_V,Households declaring to live in an area where some problems are present: poor road conditions: very much,HSC_F,Per 100 households with the same characteristics,2011,24.7
A,Annual,ITF5,Basilicata,HOUS_PROAD_V,Households declaring to live in an area where some problems are present: poor road conditions: very much,HSC_F,Per 100 households with the same characteristics,2012,23
A,Annual,ITF5,Basilicata,HOUS_PROAD_V,Households declaring to live in an area where some problems are present: poor road conditions: very much,HSC_F,Per 100 households with the same characteristics,2013,25.4
A,Annual,ITF5,Basilicata,HOUS_PROAD_V,Households declaring to live in an area where some problems are present: poor road conditions: very much,HSC_F,Per 100 households with the same characteristics,2014,26.8
A,Annual,ITF5,Basilicata,HOUS_PROAD_V,Households declaring to live in an area where some problems are present: poor road conditions: very much,HSC_F,Per 100 households with the same characteristics,2015,26.7
A,Annual,ITF5,Basilicata,HOUS_PROAD_V,Households declaring to live in an area where some problems are present: poor road conditions: very much,HSC_F,Per 100 households with the same characteristics,2016,35
A,Annual,ITF5,Basilicata,HOUS_PROAD_V,Households declaring to live in an area where some problems are present: poor road conditions: very much,HSC_F,Per 100 households with the same characteristics,2017,21.7
A,Annual,ITF5,Basilicata,HOUS_PROAD_V,Households declaring to live in an area where some problems are present: poor road conditions: very much,HSC_F,Per 100 households with the same characteristics,2018,27.8
A,Annual,ITF5,Basilicata,HOUS_PROAD_V,Households declaring to live in an area where some problems are present: poor road conditions: very much,HSC_F,Per 100 households with the same characteristics,2019,25.4
A,Annual,ITF5,Basilicata,HOUS_PROAD_V,Households declaring to live in an area where some problems are present: poor road conditions: very much,HSC_F,Per 100 households with the same characteristics,2020,16.9
A,Annual,ITF5,Basilicata,HOUS_PROAD_V,Households declaring to live in an area where some problems are present: poor road conditions: very much,HSC_F,Per 100 households with the same characteristics,2021,16.9
A,Annual,ITF5,Basilicata,HOUS_PROAD_V,Households declaring to live in an area where some problems are present: poor road conditions: very much,HSC_F,Per 100 households with the same characteristics,2022,17.3
A,Annual,ITF5,Basilicata,HOUS_PROAD_V,Households declaring to live in an area where some problems are present: poor road conditions: very much,HSC_F,Per 100 households with the same characteristics,2023,16.5
A,Annual,ITF5,Basilicata,HOUS_PROAD_V,Households declaring to live in an area where some problems are present: poor road conditions: very much,HSC_F,Per 100 households with the same characteristics,2024,25.2
A,Annual,ITF5,Basilicata,HOUS_PROAD_VQ,Households declaring to live in an area where some problems are present: poor road conditions: very much and quite,HSC_F,Per 100 households with the same characteristics,2010,51.2
A,Annual,ITF5,Basilicata,HOUS_PROAD_VQ,Households declaring to live in an area where some problems are present: poor road conditions: very much and quite,HSC_F,Per 100 households with the same characteristics,2011,48.6
A,Annual,ITF5,Basilicata,HOUS_PROAD_VQ,Households declaring to live in an area where some problems are present: poor road conditions: very much and quite,HSC_F,Per 100 households with the same characteristics,2012,49.1
A,Annual,ITF5,Basilicata,HOUS_PROAD_VQ,Households declaring to live in an area where some problems are present: poor road conditions: very much and quite,HSC_F,Per 100 households with the same characteristics,2013,53
A,Annual,ITF5,Basilicata,HOUS_PROAD_VQ,Households declaring to live in an area where some problems are present: poor road conditions: very much and quite,HSC_F,Per 100 households with the same characteristics,2014,54.9
A,Annual,ITF5,Basilicata,HOUS_PROAD_VQ,Households declaring to live in an area where some problems are present: poor road conditions: very much and quite,HSC_F,Per 100 households with the same characteristics,2015,62.9
A,Annual,ITF5,Basilicata,HOUS_PROAD_VQ,Households declaring to live in an area where some problems are present: poor road conditions: very much and quite,HSC_F,Per 100 households with the same characteristics,2016,59.8
A,Annual,ITF5,Basilicata,HOUS_PROAD_VQ,Households declaring to live in an area where some problems are present: poor road conditions: very much and quite,HSC_F,Per 100 households with the same characteristics,2017,50.5
A,Annual,ITF5,Basilicata,HOUS_PROAD_VQ,Households declaring to live in an area where some problems are present: poor road conditions: very much and quite,HSC_F,Per 100 households with the same characteristics,2018,56
A,Annual,ITF5,Basilicata,HOUS_PROAD_VQ,Households declaring to live in an area where some problems are present: poor road conditions: very much and quite,HSC_F,Per 100 households with the same characteristics,2019,57.6
A,Annual,ITF5,Basilicata,HOUS_PROAD_VQ,Households declaring to live in an area where some problems are present: poor road conditions: very much and quite,HSC_F,Per 100 households with the same characteristics,2020,47.3
A,Annual,ITF5,Basilicata,HOUS_PROAD_VQ,Households declaring to live in an area where some problems are present: poor road conditions: very much and quite,HSC_F,Per 100 households with the same characteristics,2021,49.1
A,Annual,ITF5,Basilicata,HOUS_PROAD_VQ,Households declaring to live in an area where some problems are present: poor road conditions: very much and quite,HSC_F,Per 100 households with the same characteristics,2022,39.9
A,Annual,ITF5,Basilicata,HOUS_PROAD_VQ,Households declaring to live in an area where some problems are present: poor road conditions: very much and quite,HSC_F,Per 100 households with the same characteristics,2023,42
A,Annual,ITF5,Basilicata,HOUS_PROAD_VQ,Households declaring to live in an area where some problems are present: poor road conditions: very much and quite,HSC_F,Per 100 households with the same characteristics,2024,50.4
A,Annual,ITF6,Calabria,HOUS_DIFFPARK_V,Households declaring to live in an area where some problems are present: difficult parking: very much,HSC_F,Per 100 households with the same characteristics,2010,14.7
A,Annual,ITF6,Calabria,HOUS_DIFFPARK_V,Households declaring to live in an area where some problems are present: difficult parking: very much,HSC_F,Per 100 households with the same characteristics,2011,13.2
A,Annual,ITF6,Calabria,HOUS_DIFFPARK_V,Households declaring to live in an area where some problems are present: difficult parking: very much,HSC_F,Per 100 households with the same characteristics,2012,11
A,Annual,ITF6,Calabria,HOUS_DIFFPARK_V,Households declaring to live in an area where some problems are present: difficult parking: very much,HSC_F,Per 100 households with the same characteristics,2013,8.9
A,Annual,ITF6,Calabria,HOUS_DIFFPARK_V,Households declaring to live in an area where some problems are present: difficult parking: very much,HSC_F,Per 100 households with the same characteristics,2014,11.5
A,Annual,ITF6,Calabria,HOUS_DIFFPARK_V,Households declaring to live in an area where some problems are present: difficult parking: very much,HSC_F,Per 100 households with the same characteristics,2015,9.2
A,Annual,ITF6,Calabria,HOUS_DIFFPARK_V,Households declaring to live in an area where some problems are present: difficult parking: very much,HSC_F,Per 100 households with the same characteristics,2016,10.8
A,Annual,ITF6,Calabria,HOUS_DIFFPARK_V,Households declaring to live in an area where some problems are present: difficult parking: very much,HSC_F,Per 100 households with the same characteristics,2017,8.1
A,Annual,ITF6,Calabria,HOUS_DIFFPARK_V,Households declaring to live in an area where some problems are present: difficult parking: very much,HSC_F,Per 100 households with the same characteristics,2018,7
A,Annual,ITF6,Calabria,HOUS_DIFFPARK_V,Households declaring to live in an area where some problems are present: difficult parking: very much,HSC_F,Per 100 households with the same characteristics,2019,12.6
A,Annual,ITF6,Calabria,HOUS_DIFFPARK_V,Households declaring to live in an area where some problems are present: difficult parking: very much,HSC_F,Per 100 households with the same characteristics,2020,9
A,Annual,ITF6,Calabria,HOUS_DIFFPARK_V,Households declaring to live in an area where some problems are present: difficult parking: very much,HSC_F,Per 100 households with the same characteristics,2021,8.9
A,Annual,ITF6,Calabria,HOUS_DIFFPARK_V,Households declaring to live in an area where some problems are present: difficult parking: very much,HSC_F,Per 100 households with the same characteristics,2022,9.4
A,Annual,ITF6,Calabria,HOUS_DIFFPARK_V,Households declaring to live in an area where some problems are present: difficult parking: very much,HSC_F,Per 100 households with the same characteristics,2023,5.6
A,Annual,ITF6,Calabria,HOUS_DIFFPARK_V,Households declaring to live in an area where some problems are present: difficult parking: very much,HSC_F,Per 100 households with the same characteristics,2024,8.8
A,Annual,ITF6,Calabria,HOUS_DIFFPARK_VQ,Households declaring to live in an area where some problems are present: difficult parking: very much and quite,HSC_F,Per 100 households with the same characteristics,2010,32.9
A,Annual,ITF6,Calabria,HOUS_DIFFPARK_VQ,Households declaring to live in an area where some problems are present: difficult parking: very much and quite,HSC_F,Per 100 households with the same characteristics,2011,34.8
A,Annual,ITF6,Calabria,HOUS_DIFFPARK_VQ,Households declaring to live in an area where some problems are present: difficult parking: very much and quite,HSC_F,Per 100 households with the same characteristics,2012,29.5
A,Annual,ITF6,Calabria,HOUS_DIFFPARK_VQ,Households declaring to live in an area where some problems are present: difficult parking: very much and quite,HSC_F,Per 100 households with the same characteristics,2013,30.5
A,Annual,ITF6,Calabria,HOUS_DIFFPARK_VQ,Households declaring to live in an area where some problems are present: difficult parking: very much and quite,HSC_F,Per 100 households with the same characteristics,2014,26.6
A,Annual,ITF6,Calabria,HOUS_DIFFPARK_VQ,Households declaring to live in an area where some problems are present: difficult parking: very much and quite,HSC_F,Per 100 households with the same characteristics,2015,29.6
A,Annual,ITF6,Calabria,HOUS_DIFFPARK_VQ,Households declaring to live in an area where some problems are present: difficult parking: very much and quite,HSC_F,Per 100 households with the same characteristics,2016,31.1
A,Annual,ITF6,Calabria,HOUS_DIFFPARK_VQ,Households declaring to live in an area where some problems are present: difficult parking: very much and quite,HSC_F,Per 100 households with the same characteristics,2017,25
A,Annual,ITF6,Calabria,HOUS_DIFFPARK_VQ,Households declaring to live in an area where some problems are present: difficult parking: very much and quite,HSC_F,Per 100 households with the same characteristics,2018,25.8
A,Annual,ITF6,Calabria,HOUS_DIFFPARK_VQ,Households declaring to live in an area where some problems are present: difficult parking: very much and quite,HSC_F,Per 100 households with the same characteristics,2019,30
A,Annual,ITF6,Calabria,HOUS_DIFFPARK_VQ,Households declaring to live in an area where some problems are present: difficult parking: very much and quite,HSC_F,Per 100 households with the same characteristics,2020,30.8
A,Annual,ITF6,Calabria,HOUS_DIFFPARK_VQ,Households declaring to live in an area where some problems are present: difficult parking: very much and quite,HSC_F,Per 100 households with the same characteristics,2021,27.6
A,Annual,ITF6,Calabria,HOUS_DIFFPARK_VQ,Households declaring to live in an area where some problems are present: difficult parking: very much and quite,HSC_F,Per 100 households with the same characteristics,2022,27.9
A,Annual,ITF6,Calabria,HOUS_DIFFPARK_VQ,Households declaring to live in an area where some problems are present: difficult parking: very much and quite,HSC_F,Per 100 households with the same characteristics,2023,22.6
A,Annual,ITF6,Calabria,HOUS_DIFFPARK_VQ,Households declaring to live in an area where some problems are present: difficult parking: very much and quite,HSC_F,Per 100 households with the same characteristics,2024,24.2
A,Annual,ITF6,Calabria,HOUS_DIFF_TRANS_V,Households declaring to live in an area where some problems are present: difficulties of links with public transport means: very much,HSC_F,Per 100 households with the same characteristics,2010,14.1
A,Annual,ITF6,Calabria,HOUS_DIFF_TRANS_V,Households declaring to live in an area where some problems are present: difficulties of links with public transport means: very much,HSC_F,Per 100 households with the same characteristics,2011,12.4
A,Annual,ITF6,Calabria,HOUS_DIFF_TRANS_V,Households declaring to live in an area where some problems are present: difficulties of links with public transport means: very much,HSC_F,Per 100 households with the same characteristics,2012,16.3
A,Annual,ITF6,Calabria,HOUS_DIFF_TRANS_V,Households declaring to live in an area where some problems are present: difficulties of links with public transport means: very much,HSC_F,Per 100 households with the same characteristics,2013,18.1
A,Annual,ITF6,Calabria,HOUS_DIFF_TRANS_V,Households declaring to live in an area where some problems are present: difficulties of links with public transport means: very much,HSC_F,Per 100 households with the same characteristics,2014,16.9
A,Annual,ITF6,Calabria,HOUS_DIFF_TRANS_V,Households declaring to live in an area where some problems are present: difficulties of links with public transport means: very much,HSC_F,Per 100 households with the same characteristics,2015,14.5
A,Annual,ITF6,Calabria,HOUS_DIFF_TRANS_V,Households declaring to live in an area where some problems are present: difficulties of links with public transport means: very much,HSC_F,Per 100 households with the same characteristics,2016,16.3
A,Annual,ITF6,Calabria,HOUS_DIFF_TRANS_V,Households declaring to live in an area where some problems are present: difficulties of links with public transport means: very much,HSC_F,Per 100 households with the same characteristics,2017,16.6
A,Annual,ITF6,Calabria,HOUS_DIFF_TRANS_V,Households declaring to live in an area where some problems are present: difficulties of links with public transport means: very much,HSC_F,Per 100 households with the same characteristics,2018,12.2
A,Annual,ITF6,Calabria,HOUS_DIFF_TRANS_V,Households declaring to live in an area where some problems are present: difficulties of links with public transport means: very much,HSC_F,Per 100 households with the same characteristics,2019,16.7
A,Annual,ITF6,Calabria,HOUS_DIFF_TRANS_V,Households declaring to live in an area where some problems are present: difficulties of links with public transport means: very much,HSC_F,Per 100 households with the same characteristics,2020,11.7
A,Annual,ITF6,Calabria,HOUS_DIFF_TRANS_V,Households declaring to live in an area where some problems are present: difficulties of links with public transport means: very much,HSC_F,Per 100 households with the same characteristics,2021,16.4
A,Annual,ITF6,Calabria,HOUS_DIFF_TRANS_V,Households declaring to live in an area where some problems are present: difficulties of links with public transport means: very much,HSC_F,Per 100 households with the same characteristics,2022,21.6
A,Annual,ITF6,Calabria,HOUS_DIFF_TRANS_V,Households declaring to live in an area where some problems are present: difficulties of links with public transport means: very much,HSC_F,Per 100 households with the same characteristics,2023,14.2
A,Annual,ITF6,Calabria,HOUS_DIFF_TRANS_V,Households declaring to live in an area where some problems are present: difficulties of links with public transport means: very much,HSC_F,Per 100 households with the same characteristics,2024,17.2
A,Annual,ITF6,Calabria,HOUS_DIFF_TRANS_VQ,Households declaring to live in an area where some problems are present: difficulties of links with public transport means: very much and quite,HSC_F,Per 100 households with the same characteristics,2010,37.4
A,Annual,ITF6,Calabria,HOUS_DIFF_TRANS_VQ,Households declaring to live in an area where some problems are present: difficulties of links with public transport means: very much and quite,HSC_F,Per 100 households with the same characteristics,2011,38.4
A,Annual,ITF6,Calabria,HOUS_DIFF_TRANS_VQ,Households declaring to live in an area where some problems are present: difficulties of links with public transport means: very much and quite,HSC_F,Per 100 households with the same characteristics,2012,39.7
A,Annual,ITF6,Calabria,HOUS_DIFF_TRANS_VQ,Households declaring to live in an area where some problems are present: difficulties of links with public transport means: very much and quite,HSC_F,Per 100 households with the same characteristics,2013,40.8
A,Annual,ITF6,Calabria,HOUS_DIFF_TRANS_VQ,Households declaring to live in an area where some problems are present: difficulties of links with public transport means: very much and quite,HSC_F,Per 100 households with the same characteristics,2014,42.8
A,Annual,ITF6,Calabria,HOUS_DIFF_TRANS_VQ,Households declaring to live in an area where some problems are present: difficulties of links with public transport means: very much and quite,HSC_F,Per 100 households with the same characteristics,2015,42.1
A,Annual,ITF6,Calabria,HOUS_DIFF_TRANS_VQ,Households declaring to live in an area where some problems are present: difficulties of links with public transport means: very much and quite,HSC_F,Per 100 households with the same characteristics,2016,42.3
A,Annual,ITF6,Calabria,HOUS_DIFF_TRANS_VQ,Households declaring to live in an area where some problems are present: difficulties of links with public transport means: very much and quite,HSC_F,Per 100 households with the same characteristics,2017,42.5
A,Annual,ITF6,Calabria,HOUS_DIFF_TRANS_VQ,Households declaring to live in an area where some problems are present: difficulties of links with public transport means: very much and quite,HSC_F,Per 100 households with the same characteristics,2018,41.5
A,Annual,ITF6,Calabria,HOUS_DIFF_TRANS_VQ,Households declaring to live in an area where some problems are present: difficulties of links with public transport means: very much and quite,HSC_F,Per 100 households with the same characteristics,2019,42.1
A,Annual,ITF6,Calabria,HOUS_DIFF_TRANS_VQ,Households declaring to live in an area where some problems are present: difficulties of links with public transport means: very much and quite,HSC_F,Per 100 households with the same characteristics,2020,36.6
A,Annual,ITF6,Calabria,HOUS_DIFF_TRANS_VQ,Households declaring to live in an area where some problems are present: difficulties of links with public transport means: very much and quite,HSC_F,Per 100 households with the same characteristics,2021,39.8
A,Annual,ITF6,Calabria,HOUS_DIFF_TRANS_VQ,Households declaring to live in an area where some problems are present: difficulties of links with public transport means: very much and quite,HSC_F,Per 100 households with the same characteristics,2022,43.1
A,Annual,ITF6,Calabria,HOUS_DIFF_TRANS_VQ,Households declaring to live in an area where some problems are present: difficulties of links with public transport means: very much and quite,HSC_F,Per 100 households with the same characteristics,2023,38.6
A,Annual,ITF6,Calabria,HOUS_DIFF_TRANS_VQ,Households declaring to live in an area where some problems are present: difficulties of links with public transport means: very much and quite,HSC_F,Per 100 households with the same characteristics,2024,41.4
A,Annual,ITF6,Calabria,HOUS_TRAFFIC_V,Households declaring to live in an area where some problems are present: traffic: very much,HSC_F,Per 100 households with the same characteristics,2010,12
A,Annual,ITF6,Calabria,HOUS_TRAFFIC_V,Households declaring to live in an area where some problems are present: traffic: very much,HSC_F,Per 100 households with the same characteristics,2011,9.4
A,Annual,ITF6,Calabria,HOUS_TRAFFIC_V,Households declaring to live in an area where some problems are present: traffic: very much,HSC_F,Per 100 households with the same characteristics,2012,7.2
A,Annual,ITF6,Calabria,HOUS_TRAFFIC_V,Households declaring to live in an area where some problems are present: traffic: very much,HSC_F,Per 100 households with the same characteristics,2013,6.1
A,Annual,ITF6,Calabria,HOUS_TRAFFIC_V,Households declaring to live in an area where some problems are present: traffic: very much,HSC_F,Per 100 households with the same characteristics,2014,7
A,Annual,ITF6,Calabria,HOUS_TRAFFIC_V,Households declaring to live in an area where some problems are present: traffic: very much,HSC_F,Per 100 households with the same characteristics,2015,6.9
A,Annual,ITF6,Calabria,HOUS_TRAFFIC_V,Households declaring to live in an area where some problems are present: traffic: very much,HSC_F,Per 100 households with the same characteristics,2016,7.8
A,Annual,ITF6,Calabria,HOUS_TRAFFIC_V,Households declaring to live in an area where some problems are present: traffic: very much,HSC_F,Per 100 households with the same characteristics,2017,6.2
A,Annual,ITF6,Calabria,HOUS_TRAFFIC_V,Households declaring to live in an area where some problems are present: traffic: very much,HSC_F,Per 100 households with the same characteristics,2018,5.4
A,Annual,ITF6,Calabria,HOUS_TRAFFIC_V,Households declaring to live in an area where some problems are present: traffic: very much,HSC_F,Per 100 households with the same characteristics,2019,9.9
A,Annual,ITF6,Calabria,HOUS_TRAFFIC_V,Households declaring to live in an area where some problems are present: traffic: very much,HSC_F,Per 100 households with the same characteristics,2020,6.3
A,Annual,ITF6,Calabria,HOUS_TRAFFIC_V,Households declaring to live in an area where some problems are present: traffic: very much,HSC_F,Per 100 households with the same characteristics,2021,5.4
A,Annual,ITF6,Calabria,HOUS_TRAFFIC_V,Households declaring to live in an area where some problems are present: traffic: very much,HSC_F,Per 100 households with the same characteristics,2022,5.1
A,Annual,ITF6,Calabria,HOUS_TRAFFIC_V,Households declaring to live in an area where some problems are present: traffic: very much,HSC_F,Per 100 households with the same characteristics,2023,4.8
A,Annual,ITF6,Calabria,HOUS_TRAFFIC_V,Households declaring to live in an area where some problems are present: traffic: very much,HSC_F,Per 100 households with the same characteristics,2024,4.2
A,Annual,ITF6,Calabria,HOUS_TRAFFIC_VQ,Households declaring to live in an area where some problems are present: traffic: very much and quite,HSC_F,Per 100 households with the same characteristics,2010,33.2
A,Annual,ITF6,Calabria,HOUS_TRAFFIC_VQ,Households declaring to live in an area where some problems are present: traffic: very much and quite,HSC_F,Per 100 households with the same characteristics,2011,33.6
A,Annual,ITF6,Calabria,HOUS_TRAFFIC_VQ,Households declaring to live in an area where some problems are present: traffic: very much and quite,HSC_F,Per 100 households with the same characteristics,2012,27.4
A,Annual,ITF6,Calabria,HOUS_TRAFFIC_VQ,Households declaring to live in an area where some problems are present: traffic: very much and quite,HSC_F,Per 100 households with the same characteristics,2013,25.8
A,Annual,ITF6,Calabria,HOUS_TRAFFIC_VQ,Households declaring to live in an area where some problems are present: traffic: very much and quite,HSC_F,Per 100 households with the same characteristics,2014,27.2
A,Annual,ITF6,Calabria,HOUS_TRAFFIC_VQ,Households declaring to live in an area where some problems are present: traffic: very much and quite,HSC_F,Per 100 households with the same characteristics,2015,26.8
A,Annual,ITF6,Calabria,HOUS_TRAFFIC_VQ,Households declaring to live in an area where some problems are present: traffic: very much and quite,HSC_F,Per 100 households with the same characteristics,2016,27.2
A,Annual,ITF6,Calabria,HOUS_TRAFFIC_VQ,Households declaring to live in an area where some problems are present: traffic: very much and quite,HSC_F,Per 100 households with the same characteristics,2017,24.4
A,Annual,ITF6,Calabria,HOUS_TRAFFIC_VQ,Households declaring to live in an area where some problems are present: traffic: very much and quite,HSC_F,Per 100 households with the same characteristics,2018,28.2
A,Annual,ITF6,Calabria,HOUS_TRAFFIC_VQ,Households declaring to live in an area where some problems are present: traffic: very much and quite,HSC_F,Per 100 households with the same characteristics,2019,31.8
A,Annual,ITF6,Calabria,HOUS_TRAFFIC_VQ,Households declaring to live in an area where some problems are present: traffic: very much and quite,HSC_F,Per 100 households with the same characteristics,2020,28.1
A,Annual,ITF6,Calabria,HOUS_TRAFFIC_VQ,Households declaring to live in an area where some problems are present: traffic: very much and quite,HSC_F,Per 100 households with the same characteristics,2021,25.9
A,Annual,ITF6,Calabria,HOUS_TRAFFIC_VQ,Households declaring to live in an area where some problems are present: traffic: very much and quite,HSC_F,Per 100 households with the same characteristics,2022,24.3
A,Annual,ITF6,Calabria,HOUS_TRAFFIC_VQ,Households declaring to live in an area where some problems are present: traffic: very much and quite,HSC_F,Per 100 households with the same characteristics,2023,23.9
A,Annual,ITF6,Calabria,HOUS_TRAFFIC_VQ,Households declaring to live in an area where some problems are present: traffic: very much and quite,HSC_F,Per 100 households with the same characteristics,2024,22.2
A,Annual,ITF6,Calabria,HOUS_STRLIGHT_V,Households declaring to live in an area where some problems are present: poor street lighting: very much,HSC_F,Per 100 households with the same characteristics,2010,12.5
A,Annual,ITF6,Calabria,HOUS_STRLIGHT_V,Households declaring to live in an area where some problems are present: poor street lighting: very much,HSC_F,Per 100 households with the same characteristics,2011,8.6
A,Annual,ITF6,Calabria,HOUS_STRLIGHT_V,Households declaring to live in an area where some problems are present: poor street lighting: very much,HSC_F,Per 100 households with the same characteristics,2012,11.2
A,Annual,ITF6,Calabria,HOUS_STRLIGHT_V,Households declaring to live in an area where some problems are present: poor street lighting: very much,HSC_F,Per 100 households with the same characteristics,2013,11.4
A,Annual,ITF6,Calabria,HOUS_STRLIGHT_V,Households declaring to live in an area where some problems are present: poor street lighting: very much,HSC_F,Per 100 households with the same characteristics,2014,12.9
A,Annual,ITF6,Calabria,HOUS_STRLIGHT_V,Households declaring to live in an area where some problems are present: poor street lighting: very much,HSC_F,Per 100 households with the same characteristics,2015,12.1
A,Annual,ITF6,Calabria,HOUS_STRLIGHT_V,Households declaring to live in an area where some problems are present: poor street lighting: very much,HSC_F,Per 100 households with the same characteristics,2016,11.3
A,Annual,ITF6,Calabria,HOUS_STRLIGHT_V,Households declaring to live in an area where some problems are present: poor street lighting: very much,HSC_F,Per 100 households with the same characteristics,2017,8.8
A,Annual,ITF6,Calabria,HOUS_STRLIGHT_V,Households declaring to live in an area where some problems are present: poor street lighting: very much,HSC_F,Per 100 households with the same characteristics,2018,8.5
A,Annual,ITF6,Calabria,HOUS_STRLIGHT_V,Households declaring to live in an area where some problems are present: poor street lighting: very much,HSC_F,Per 100 households with the same characteristics,2019,14
A,Annual,ITF6,Calabria,HOUS_STRLIGHT_V,Households declaring to live in an area where some problems are present: poor street lighting: very much,HSC_F,Per 100 households with the same characteristics,2020,9.4
A,Annual,ITF6,Calabria,HOUS_STRLIGHT_V,Households declaring to live in an area where some problems are present: poor street lighting: very much,HSC_F,Per 100 households with the same characteristics,2021,10.7
A,Annual,ITF6,Calabria,HOUS_STRLIGHT_V,Households declaring to live in an area where some problems are present: poor street lighting: very much,HSC_F,Per 100 households with the same characteristics,2022,14.4
A,Annual,ITF6,Calabria,HOUS_STRLIGHT_V,Households declaring to live in an area where some problems are present: poor street lighting: very much,HSC_F,Per 100 households with the same characteristics,2023,8.7
A,Annual,ITF6,Calabria,HOUS_STRLIGHT_V,Households declaring to live in an area where some problems are present: poor street lighting: very much,HSC_F,Per 100 households with the same characteristics,2024,7.9
A,Annual,ITF6,Calabria,HOUS_STRLIGHT_VQ,Households declaring to live in an area where some problems are present: poor street lighting: very much and quite,HSC_F,Per 100 households with the same characteristics,2010,38.2
A,Annual,ITF6,Calabria,HOUS_STRLIGHT_VQ,Households declaring to live in an area where some problems are present: poor street lighting: very much and quite,HSC_F,Per 100 households with the same characteristics,2011,34.1
A,Annual,ITF6,Calabria,HOUS_STRLIGHT_VQ,Households declaring to live in an area where some problems are present: poor street lighting: very much and quite,HSC_F,Per 100 households with the same characteristics,2012,34.8
A,Annual,ITF6,Calabria,HOUS_STRLIGHT_VQ,Households declaring to live in an area where some problems are present: poor street lighting: very much and quite,HSC_F,Per 100 households with the same characteristics,2013,38.1
A,Annual,ITF6,Calabria,HOUS_STRLIGHT_VQ,Households declaring to live in an area where some problems are present: poor street lighting: very much and quite,HSC_F,Per 100 households with the same characteristics,2014,37
A,Annual,ITF6,Calabria,HOUS_STRLIGHT_VQ,Households declaring to live in an area where some problems are present: poor street lighting: very much and quite,HSC_F,Per 100 households with the same characteristics,2015,38.8
A,Annual,ITF6,Calabria,HOUS_STRLIGHT_VQ,Households declaring to live in an area where some problems are present: poor street lighting: very much and quite,HSC_F,Per 100 households with the same characteristics,2016,42
A,Annual,ITF6,Calabria,HOUS_STRLIGHT_VQ,Households declaring to live in an area where some problems are present: poor street lighting: very much and quite,HSC_F,Per 100 households with the same characteristics,2017,36.8
A,Annual,ITF6,Calabria,HOUS_STRLIGHT_VQ,Households declaring to live in an area where some problems are present: poor street lighting: very much and quite,HSC_F,Per 100 households with the same characteristics,2018,35
A,Annual,ITF6,Calabria,HOUS_STRLIGHT_VQ,Households declaring to live in an area where some problems are present: poor street lighting: very much and quite,HSC_F,Per 100 households with the same characteristics,2019,41.4
A,Annual,ITF6,Calabria,HOUS_STRLIGHT_VQ,Households declaring to live in an area where some problems are present: poor street lighting: very much and quite,HSC_F,Per 100 households with the same characteristics,2020,33.1
A,Annual,ITF6,Calabria,HOUS_STRLIGHT_VQ,Households declaring to live in an area where some problems are present: poor street lighting: very much and quite,HSC_F,Per 100 households with the same characteristics,2021,32.2
A,Annual,ITF6,Calabria,HOUS_STRLIGHT_VQ,Households declaring to live in an area where some problems are present: poor street lighting: very much and quite,HSC_F,Per 100 households with the same characteristics,2022,37.2
A,Annual,ITF6,Calabria,HOUS_STRLIGHT_VQ,Households declaring to live in an area where some problems are present: poor street lighting: very much and quite,HSC_F,Per 100 households with the same characteristics,2023,36.2
A,Annual,ITF6,Calabria,HOUS_STRLIGHT_VQ,Households declaring to live in an area where some problems are present: poor street lighting: very much and quite,HSC_F,Per 100 households with the same characteristics,2024,31.4
A,Annual,ITF6,Calabria,HOUS_PROAD_V,Households declaring to live in an area where some problems are present: poor road conditions: very much,HSC_F,Per 100 households with the same characteristics,2010,33.5
A,Annual,ITF6,Calabria,HOUS_PROAD_V,Households declaring to live in an area where some problems are present: poor road conditions: very much,HSC_F,Per 100 households with the same characteristics,2011,21.9
A,Annual,ITF6,Calabria,HOUS_PROAD_V,Households declaring to live in an area where some problems are present: poor road conditions: very much,HSC_F,Per 100 households with the same characteristics,2012,25.7
A,Annual,ITF6,Calabria,HOUS_PROAD_V,Households declaring to live in an area where some problems are present: poor road conditions: very much,HSC_F,Per 100 households with the same characteristics,2013,28.3
A,Annual,ITF6,Calabria,HOUS_PROAD_V,Households declaring to live in an area where some problems are present: poor road conditions: very much,HSC_F,Per 100 households with the same characteristics,2014,24.4
A,Annual,ITF6,Calabria,HOUS_PROAD_V,Households declaring to live in an area where some problems are present: poor road conditions: very much,HSC_F,Per 100 households with the same characteristics,2015,31.6
A,Annual,ITF6,Calabria,HOUS_PROAD_V,Households declaring to live in an area where some problems are present: poor road conditions: very much,HSC_F,Per 100 households with the same characteristics,2016,25.7
A,Annual,ITF6,Calabria,HOUS_PROAD_V,Households declaring to live in an area where some problems are present: poor road conditions: very much,HSC_F,Per 100 households with the same characteristics,2017,25.3
A,Annual,ITF6,Calabria,HOUS_PROAD_V,Households declaring to live in an area where some problems are present: poor road conditions: very much,HSC_F,Per 100 households with the same characteristics,2018,22.6
A,Annual,ITF6,Calabria,HOUS_PROAD_V,Households declaring to live in an area where some problems are present: poor road conditions: very much,HSC_F,Per 100 households with the same characteristics,2019,31.1
A,Annual,ITF6,Calabria,HOUS_PROAD_V,Households declaring to live in an area where some problems are present: poor road conditions: very much,HSC_F,Per 100 households with the same characteristics,2020,17.1
A,Annual,ITF6,Calabria,HOUS_PROAD_V,Households declaring to live in an area where some problems are present: poor road conditions: very much,HSC_F,Per 100 households with the same characteristics,2021,23.2
A,Annual,ITF6,Calabria,HOUS_PROAD_V,Households declaring to live in an area where some problems are present: poor road conditions: very much,HSC_F,Per 100 households with the same characteristics,2022,29.1
A,Annual,ITF6,Calabria,HOUS_PROAD_V,Households declaring to live in an area where some problems are present: poor road conditions: very much,HSC_F,Per 100 households with the same characteristics,2023,24.5
A,Annual,ITF6,Calabria,HOUS_PROAD_V,Households declaring to live in an area where some problems are present: poor road conditions: very much,HSC_F,Per 100 households with the same characteristics,2024,21.9
A,Annual,ITF6,Calabria,HOUS_PROAD_VQ,Households declaring to live in an area where some problems are present: poor road conditions: very much and quite,HSC_F,Per 100 households with the same characteristics,2010,62.1
A,Annual,ITF6,Calabria,HOUS_PROAD_VQ,Households declaring to live in an area where some problems are present: poor road conditions: very much and quite,HSC_F,Per 100 households with the same characteristics,2011,54.9
A,Annual,ITF6,Calabria,HOUS_PROAD_VQ,Households declaring to live in an area where some problems are present: poor road conditions: very much and quite,HSC_F,Per 100 households with the same characteristics,2012,57.4
A,Annual,ITF6,Calabria,HOUS_PROAD_VQ,Households declaring to live in an area where some problems are present: poor road conditions: very much and quite,HSC_F,Per 100 households with the same characteristics,2013,59.4
A,Annual,ITF6,Calabria,HOUS_PROAD_VQ,Households declaring to live in an area where some problems are present: poor road conditions: very much and quite,HSC_F,Per 100 households with the same characteristics,2014,54.2
A,Annual,ITF6,Calabria,HOUS_PROAD_VQ,Households declaring to live in an area where some problems are present: poor road conditions: very much and quite,HSC_F,Per 100 households with the same characteristics,2015,61.6
A,Annual,ITF6,Calabria,HOUS_PROAD_VQ,Households declaring to live in an area where some problems are present: poor road conditions: very much and quite,HSC_F,Per 100 households with the same characteristics,2016,57.6
A,Annual,ITF6,Calabria,HOUS_PROAD_VQ,Households declaring to live in an area where some problems are present: poor road conditions: very much and quite,HSC_F,Per 100 households with the same characteristics,2017,56
A,Annual,ITF6,Calabria,HOUS_PROAD_VQ,Households declaring to live in an area where some problems are present: poor road conditions: very much and quite,HSC_F,Per 100 households with the same characteristics,2018,52.8
A,Annual,ITF6,Calabria,HOUS_PROAD_VQ,Households declaring to live in an area where some problems are present: poor road conditions: very much and quite,HSC_F,Per 100 households with the same characteristics,2019,63.7
A,Annual,ITF6,Calabria,HOUS_PROAD_VQ,Households declaring to live in an area where some problems are present: poor road conditions: very much and quite,HSC_F,Per 100 households with the same characteristics,2020,51.4
A,Annual,ITF6,Calabria,HOUS_PROAD_VQ,Households declaring to live in an area where some problems are present: poor road conditions: very much and quite,HSC_F,Per 100 households with the same characteristics,2021,51.1
A,Annual,ITF6,Calabria,HOUS_PROAD_VQ,Households declaring to live in an area where some problems are present: poor road conditions: very much and quite,HSC_F,Per 100 households with the same characteristics,2022,56.4
A,Annual,ITF6,Calabria,HOUS_PROAD_VQ,Households declaring to live in an area where some problems are present: poor road conditions: very much and quite,HSC_F,Per 100 households with the same characteristics,2023,53.3
A,Annual,ITF6,Calabria,HOUS_PROAD_VQ,Households declaring to live in an area where some problems are present: poor road conditions: very much and quite,HSC_F,Per 100 households with the same characteristics,2024,50.8
A,Annual,ITG1,Sicilia,HOUS_DIFFPARK_V,Households declaring to live in an area where some problems are present: difficult parking: very much,HSC_F,Per 100 households with the same characteristics,2010,19.8
A,Annual,ITG1,Sicilia,HOUS_DIFFPARK_V,Households declaring to live in an area where some problems are present: difficult parking: very much,HSC_F,Per 100 households with the same characteristics,2011,16.4
A,Annual,ITG1,Sicilia,HOUS_DIFFPARK_V,Households declaring to live in an area where some problems are present: difficult parking: very much,HSC_F,Per 100 households with the same characteristics,2012,14.3
A,Annual,ITG1,Sicilia,HOUS_DIFFPARK_V,Households declaring to live in an area where some problems are present: difficult parking: very much,HSC_F,Per 100 households with the same characteristics,2013,17.8
A,Annual,ITG1,Sicilia,HOUS_DIFFPARK_V,Households declaring to live in an area where some problems are present: difficult parking: very much,HSC_F,Per 100 households with the same characteristics,2014,15
A,Annual,ITG1,Sicilia,HOUS_DIFFPARK_V,Households declaring to live in an area where some problems are present: difficult parking: very much,HSC_F,Per 100 households with the same characteristics,2015,16.3
A,Annual,ITG1,Sicilia,HOUS_DIFFPARK_V,Households declaring to live in an area where some problems are present: difficult parking: very much,HSC_F,Per 100 households with the same characteristics,2016,17
A,Annual,ITG1,Sicilia,HOUS_DIFFPARK_V,Households declaring to live in an area where some problems are present: difficult parking: very much,HSC_F,Per 100 households with the same characteristics,2017,15
A,Annual,ITG1,Sicilia,HOUS_DIFFPARK_V,Households declaring to live in an area where some problems are present: difficult parking: very much,HSC_F,Per 100 households with the same characteristics,2018,15.2
A,Annual,ITG1,Sicilia,HOUS_DIFFPARK_V,Households declaring to live in an area where some problems are present: difficult parking: very much,HSC_F,Per 100 households with the same characteristics,2019,17.5
A,Annual,ITG1,Sicilia,HOUS_DIFFPARK_V,Households declaring to live in an area where some problems are present: difficult parking: very much,HSC_F,Per 100 households with the same characteristics,2020,14.7
A,Annual,ITG1,Sicilia,HOUS_DIFFPARK_V,Households declaring to live in an area where some problems are present: difficult parking: very much,HSC_F,Per 100 households with the same characteristics,2021,14.4
A,Annual,ITG1,Sicilia,HOUS_DIFFPARK_V,Households declaring to live in an area where some problems are present: difficult parking: very much,HSC_F,Per 100 households with the same characteristics,2022,16.6
A,Annual,ITG1,Sicilia,HOUS_DIFFPARK_V,Households declaring to live in an area where some problems are present: difficult parking: very much,HSC_F,Per 100 households with the same characteristics,2023,17.6
A,Annual,ITG1,Sicilia,HOUS_DIFFPARK_V,Households declaring to live in an area where some problems are present: difficult parking: very much,HSC_F,Per 100 households with the same characteristics,2024,19.2
A,Annual,ITG1,Sicilia,HOUS_DIFFPARK_VQ,Households declaring to live in an area where some problems are present: difficult parking: very much and quite,HSC_F,Per 100 households with the same characteristics,2010,43.7
A,Annual,ITG1,Sicilia,HOUS_DIFFPARK_VQ,Households declaring to live in an area where some problems are present: difficult parking: very much and quite,HSC_F,Per 100 households with the same characteristics,2011,39.8
A,Annual,ITG1,Sicilia,HOUS_DIFFPARK_VQ,Households declaring to live in an area where some problems are present: difficult parking: very much and quite,HSC_F,Per 100 households with the same characteristics,2012,41.3
A,Annual,ITG1,Sicilia,HOUS_DIFFPARK_VQ,Households declaring to live in an area where some problems are present: difficult parking: very much and quite,HSC_F,Per 100 households with the same characteristics,2013,42.3
A,Annual,ITG1,Sicilia,HOUS_DIFFPARK_VQ,Households declaring to live in an area where some problems are present: difficult parking: very much and quite,HSC_F,Per 100 households with the same characteristics,2014,37.1
A,Annual,ITG1,Sicilia,HOUS_DIFFPARK_VQ,Households declaring to live in an area where some problems are present: difficult parking: very much and quite,HSC_F,Per 100 households with the same characteristics,2015,41.4
A,Annual,ITG1,Sicilia,HOUS_DIFFPARK_VQ,Households declaring to live in an area where some problems are present: difficult parking: very much and quite,HSC_F,Per 100 households with the same characteristics,2016,41.2
A,Annual,ITG1,Sicilia,HOUS_DIFFPARK_VQ,Households declaring to live in an area where some problems are present: difficult parking: very much and quite,HSC_F,Per 100 households with the same characteristics,2017,37.6
A,Annual,ITG1,Sicilia,HOUS_DIFFPARK_VQ,Households declaring to live in an area where some problems are present: difficult parking: very much and quite,HSC_F,Per 100 households with the same characteristics,2018,39.7
A,Annual,ITG1,Sicilia,HOUS_DIFFPARK_VQ,Households declaring to live in an area where some problems are present: difficult parking: very much and quite,HSC_F,Per 100 households with the same characteristics,2019,40.4
A,Annual,ITG1,Sicilia,HOUS_DIFFPARK_VQ,Households declaring to live in an area where some problems are present: difficult parking: very much and quite,HSC_F,Per 100 households with the same characteristics,2020,39.6
A,Annual,ITG1,Sicilia,HOUS_DIFFPARK_VQ,Households declaring to live in an area where some problems are present: difficult parking: very much and quite,HSC_F,Per 100 households with the same characteristics,2021,42.3
A,Annual,ITG1,Sicilia,HOUS_DIFFPARK_VQ,Households declaring to live in an area where some problems are present: difficult parking: very much and quite,HSC_F,Per 100 households with the same characteristics,2022,41.7
A,Annual,ITG1,Sicilia,HOUS_DIFFPARK_VQ,Households declaring to live in an area where some problems are present: difficult parking: very much and quite,HSC_F,Per 100 households with the same characteristics,2023,48.4
A,Annual,ITG1,Sicilia,HOUS_DIFFPARK_VQ,Households declaring to live in an area where some problems are present: difficult parking: very much and quite,HSC_F,Per 100 households with the same characteristics,2024,46.8
A,Annual,ITG1,Sicilia,HOUS_DIFF_TRANS_V,Households declaring to live in an area where some problems are present: difficulties of links with public transport means: very much,HSC_F,Per 100 households with the same characteristics,2010,11.4
A,Annual,ITG1,Sicilia,HOUS_DIFF_TRANS_V,Households declaring to live in an area where some problems are present: difficulties of links with public transport means: very much,HSC_F,Per 100 households with the same characteristics,2011,10.9
A,Annual,ITG1,Sicilia,HOUS_DIFF_TRANS_V,Households declaring to live in an area where some problems are present: difficulties of links with public transport means: very much,HSC_F,Per 100 households with the same characteristics,2012,11.1
A,Annual,ITG1,Sicilia,HOUS_DIFF_TRANS_V,Households declaring to live in an area where some problems are present: difficulties of links with public transport means: very much,HSC_F,Per 100 households with the same characteristics,2013,13.9
A,Annual,ITG1,Sicilia,HOUS_DIFF_TRANS_V,Households declaring to live in an area where some problems are present: difficulties of links with public transport means: very much,HSC_F,Per 100 households with the same characteristics,2014,12.8
A,Annual,ITG1,Sicilia,HOUS_DIFF_TRANS_V,Households declaring to live in an area where some problems are present: difficulties of links with public transport means: very much,HSC_F,Per 100 households with the same characteristics,2015,13.3
A,Annual,ITG1,Sicilia,HOUS_DIFF_TRANS_V,Households declaring to live in an area where some problems are present: difficulties of links with public transport means: very much,HSC_F,Per 100 households with the same characteristics,2016,12.4
A,Annual,ITG1,Sicilia,HOUS_DIFF_TRANS_V,Households declaring to live in an area where some problems are present: difficulties of links with public transport means: very much,HSC_F,Per 100 households with the same characteristics,2017,17.5
A,Annual,ITG1,Sicilia,HOUS_DIFF_TRANS_V,Households declaring to live in an area where some problems are present: difficulties of links with public transport means: very much,HSC_F,Per 100 households with the same characteristics,2018,12.3
A,Annual,ITG1,Sicilia,HOUS_DIFF_TRANS_V,Households declaring to live in an area where some problems are present: difficulties of links with public transport means: very much,HSC_F,Per 100 households with the same characteristics,2019,17
A,Annual,ITG1,Sicilia,HOUS_DIFF_TRANS_V,Households declaring to live in an area where some problems are present: difficulties of links with public transport means: very much,HSC_F,Per 100 households with the same characteristics,2020,13.3
A,Annual,ITG1,Sicilia,HOUS_DIFF_TRANS_V,Households declaring to live in an area where some problems are present: difficulties of links with public transport means: very much,HSC_F,Per 100 households with the same characteristics,2021,13
A,Annual,ITG1,Sicilia,HOUS_DIFF_TRANS_V,Households declaring to live in an area where some problems are present: difficulties of links with public transport means: very much,HSC_F,Per 100 households with the same characteristics,2022,13.8
A,Annual,ITG1,Sicilia,HOUS_DIFF_TRANS_V,Households declaring to live in an area where some problems are present: difficulties of links with public transport means: very much,HSC_F,Per 100 households with the same characteristics,2023,16.6
A,Annual,ITG1,Sicilia,HOUS_DIFF_TRANS_V,Households declaring to live in an area where some problems are present: difficulties of links with public transport means: very much,HSC_F,Per 100 households with the same characteristics,2024,15.6
A,Annual,ITG1,Sicilia,HOUS_DIFF_TRANS_VQ,Households declaring to live in an area where some problems are present: difficulties of links with public transport means: very much and quite,HSC_F,Per 100 households with the same characteristics,2010,34.8
A,Annual,ITG1,Sicilia,HOUS_DIFF_TRANS_VQ,Households declaring to live in an area where some problems are present: difficulties of links with public transport means: very much and quite,HSC_F,Per 100 households with the same characteristics,2011,30.4
A,Annual,ITG1,Sicilia,HOUS_DIFF_TRANS_VQ,Households declaring to live in an area where some problems are present: difficulties of links with public transport means: very much and quite,HSC_F,Per 100 households with the same characteristics,2012,34.2
A,Annual,ITG1,Sicilia,HOUS_DIFF_TRANS_VQ,Households declaring to live in an area where some problems are present: difficulties of links with public transport means: very much and quite,HSC_F,Per 100 households with the same characteristics,2013,36.2
A,Annual,ITG1,Sicilia,HOUS_DIFF_TRANS_VQ,Households declaring to live in an area where some problems are present: difficulties of links with public transport means: very much and quite,HSC_F,Per 100 households with the same characteristics,2014,35.8
A,Annual,ITG1,Sicilia,HOUS_DIFF_TRANS_VQ,Households declaring to live in an area where some problems are present: difficulties of links with public transport means: very much and quite,HSC_F,Per 100 households with the same characteristics,2015,35.2
A,Annual,ITG1,Sicilia,HOUS_DIFF_TRANS_VQ,Households declaring to live in an area where some problems are present: difficulties of links with public transport means: very much and quite,HSC_F,Per 100 households with the same characteristics,2016,34
A,Annual,ITG1,Sicilia,HOUS_DIFF_TRANS_VQ,Households declaring to live in an area where some problems are present: difficulties of links with public transport means: very much and quite,HSC_F,Per 100 households with the same characteristics,2017,41.5
A,Annual,ITG1,Sicilia,HOUS_DIFF_TRANS_VQ,Households declaring to live in an area where some problems are present: difficulties of links with public transport means: very much and quite,HSC_F,Per 100 households with the same characteristics,2018,37.1
A,Annual,ITG1,Sicilia,HOUS_DIFF_TRANS_VQ,Households declaring to live in an area where some problems are present: difficulties of links with public transport means: very much and quite,HSC_F,Per 100 households with the same characteristics,2019,39.5
A,Annual,ITG1,Sicilia,HOUS_DIFF_TRANS_VQ,Households declaring to live in an area where some problems are present: difficulties of links with public transport means: very much and quite,HSC_F,Per 100 households with the same characteristics,2020,34.7
A,Annual,ITG1,Sicilia,HOUS_DIFF_TRANS_VQ,Households declaring to live in an area where some problems are present: difficulties of links with public transport means: very much and quite,HSC_F,Per 100 households with the same characteristics,2021,38.7
A,Annual,ITG1,Sicilia,HOUS_DIFF_TRANS_VQ,Households declaring to live in an area where some problems are present: difficulties of links with public transport means: very much and quite,HSC_F,Per 100 households with the same characteristics,2022,37.5
A,Annual,ITG1,Sicilia,HOUS_DIFF_TRANS_VQ,Households declaring to live in an area where some problems are present: difficulties of links with public transport means: very much and quite,HSC_F,Per 100 households with the same characteristics,2023,40.6
A,Annual,ITG1,Sicilia,HOUS_DIFF_TRANS_VQ,Households declaring to live in an area where some problems are present: difficulties of links with public transport means: very much and quite,HSC_F,Per 100 households with the same characteristics,2024,41.9
A,Annual,ITG1,Sicilia,HOUS_TRAFFIC_V,Households declaring to live in an area where some problems are present: traffic: very much,HSC_F,Per 100 households with the same characteristics,2010,15.2
A,Annual,ITG1,Sicilia,HOUS_TRAFFIC_V,Households declaring to live in an area where some problems are present: traffic: very much,HSC_F,Per 100 households with the same characteristics,2011,13.3
A,Annual,ITG1,Sicilia,HOUS_TRAFFIC_V,Households declaring to live in an area where some problems are present: traffic: very much,HSC_F,Per 100 households with the same characteristics,2012,12.5
A,Annual,ITG1,Sicilia,HOUS_TRAFFIC_V,Households declaring to live in an area where some problems are present: traffic: very much,HSC_F,Per 100 households with the same characteristics,2013,14.4
A,Annual,ITG1,Sicilia,HOUS_TRAFFIC_V,Households declaring to live in an area where some problems are present: traffic: very much,HSC_F,Per 100 households with the same characteristics,2014,10.5
A,Annual,ITG1,Sicilia,HOUS_TRAFFIC_V,Households declaring to live in an area where some problems are present: traffic: very much,HSC_F,Per 100 households with the same characteristics,2015,11.7
A,Annual,ITG1,Sicilia,HOUS_TRAFFIC_V,Households declaring to live in an area where some problems are present: traffic: very much,HSC_F,Per 100 households with the same characteristics,2016,13.4
A,Annual,ITG1,Sicilia,HOUS_TRAFFIC_V,Households declaring to live in an area where some problems are present: traffic: very much,HSC_F,Per 100 households with the same characteristics,2017,11.1
A,Annual,ITG1,Sicilia,HOUS_TRAFFIC_V,Households declaring to live in an area where some problems are present: traffic: very much,HSC_F,Per 100 households with the same characteristics,2018,12.4
A,Annual,ITG1,Sicilia,HOUS_TRAFFIC_V,Households declaring to live in an area where some problems are present: traffic: very much,HSC_F,Per 100 households with the same characteristics,2019,13.2
A,Annual,ITG1,Sicilia,HOUS_TRAFFIC_V,Households declaring to live in an area where some problems are present: traffic: very much,HSC_F,Per 100 households with the same characteristics,2020,11
A,Annual,ITG1,Sicilia,HOUS_TRAFFIC_V,Households declaring to live in an area where some problems are present: traffic: very much,HSC_F,Per 100 households with the same characteristics,2021,12
A,Annual,ITG1,Sicilia,HOUS_TRAFFIC_V,Households declaring to live in an area where some problems are present: traffic: very much,HSC_F,Per 100 households with the same characteristics,2022,12.4
A,Annual,ITG1,Sicilia,HOUS_TRAFFIC_V,Households declaring to live in an area where some problems are present: traffic: very much,HSC_F,Per 100 households with the same characteristics,2023,13.6
A,Annual,ITG1,Sicilia,HOUS_TRAFFIC_V,Households declaring to live in an area where some problems are present: traffic: very much,HSC_F,Per 100 households with the same characteristics,2024,14.1
A,Annual,ITG1,Sicilia,HOUS_TRAFFIC_VQ,Households declaring to live in an area where some problems are present: traffic: very much and quite,HSC_F,Per 100 households with the same characteristics,2010,43.7
A,Annual,ITG1,Sicilia,HOUS_TRAFFIC_VQ,Households declaring to live in an area where some problems are present: traffic: very much and quite,HSC_F,Per 100 households with the same characteristics,2011,43.1
A,Annual,ITG1,Sicilia,HOUS_TRAFFIC_VQ,Households declaring to live in an area where some problems are present: traffic: very much and quite,HSC_F,Per 100 households with the same characteristics,2012,42.9
A,Annual,ITG1,Sicilia,HOUS_TRAFFIC_VQ,Households declaring to live in an area where some problems are present: traffic: very much and quite,HSC_F,Per 100 households with the same characteristics,2013,42.2
A,Annual,ITG1,Sicilia,HOUS_TRAFFIC_VQ,Households declaring to live in an area where some problems are present: traffic: very much and quite,HSC_F,Per 100 households with the same characteristics,2014,39.3
A,Annual,ITG1,Sicilia,HOUS_TRAFFIC_VQ,Households declaring to live in an area where some problems are present: traffic: very much and quite,HSC_F,Per 100 households with the same characteristics,2015,41
A,Annual,ITG1,Sicilia,HOUS_TRAFFIC_VQ,Households declaring to live in an area where some problems are present: traffic: very much and quite,HSC_F,Per 100 households with the same characteristics,2016,42.2
A,Annual,ITG1,Sicilia,HOUS_TRAFFIC_VQ,Households declaring to live in an area where some problems are present: traffic: very much and quite,HSC_F,Per 100 households with the same characteristics,2017,40.7
A,Annual,ITG1,Sicilia,HOUS_TRAFFIC_VQ,Households declaring to live in an area where some problems are present: traffic: very much and quite,HSC_F,Per 100 households with the same characteristics,2018,42
A,Annual,ITG1,Sicilia,HOUS_TRAFFIC_VQ,Households declaring to live in an area where some problems are present: traffic: very much and quite,HSC_F,Per 100 households with the same characteristics,2019,42.3
A,Annual,ITG1,Sicilia,HOUS_TRAFFIC_VQ,Households declaring to live in an area where some problems are present: traffic: very much and quite,HSC_F,Per 100 households with the same characteristics,2020,43.6
A,Annual,ITG1,Sicilia,HOUS_TRAFFIC_VQ,Households declaring to live in an area where some problems are present: traffic: very much and quite,HSC_F,Per 100 households with the same characteristics,2021,41.8
A,Annual,ITG1,Sicilia,HOUS_TRAFFIC_VQ,Households declaring to live in an area where some problems are present: traffic: very much and quite,HSC_F,Per 100 households with the same characteristics,2022,43.5
A,Annual,ITG1,Sicilia,HOUS_TRAFFIC_VQ,Households declaring to live in an area where some problems are present: traffic: very much and quite,HSC_F,Per 100 households with the same characteristics,2023,44.6
A,Annual,ITG1,Sicilia,HOUS_TRAFFIC_VQ,Households declaring to live in an area where some problems are present: traffic: very much and quite,HSC_F,Per 100 households with the same characteristics,2024,45.7
A,Annual,ITG1,Sicilia,HOUS_STRLIGHT_V,Households declaring to live in an area where some problems are present: poor street lighting: very much,HSC_F,Per 100 households with the same characteristics,2010,10.7
A,Annual,ITG1,Sicilia,HOUS_STRLIGHT_V,Households declaring to live in an area where some problems are present: poor street lighting: very much,HSC_F,Per 100 households with the same characteristics,2011,10.7
A,Annual,ITG1,Sicilia,HOUS_STRLIGHT_V,Households declaring to live in an area where some problems are present: poor street lighting: very much,HSC_F,Per 100 households with the same characteristics,2012,9.8
A,Annual,ITG1,Sicilia,HOUS_STRLIGHT_V,Households declaring to live in an area where some problems are present: poor street lighting: very much,HSC_F,Per 100 households with the same characteristics,2013,10.4
A,Annual,ITG1,Sicilia,HOUS_STRLIGHT_V,Households declaring to live in an area where some problems are present: poor street lighting: very much,HSC_F,Per 100 households with the same characteristics,2014,10.8
A,Annual,ITG1,Sicilia,HOUS_STRLIGHT_V,Households declaring to live in an area where some problems are present: poor street lighting: very much,HSC_F,Per 100 households with the same characteristics,2015,11.1
A,Annual,ITG1,Sicilia,HOUS_STRLIGHT_V,Households declaring to live in an area where some problems are present: poor street lighting: very much,HSC_F,Per 100 households with the same characteristics,2016,8.8
A,Annual,ITG1,Sicilia,HOUS_STRLIGHT_V,Households declaring to live in an area where some problems are present: poor street lighting: very much,HSC_F,Per 100 households with the same characteristics,2017,14.3
A,Annual,ITG1,Sicilia,HOUS_STRLIGHT_V,Households declaring to live in an area where some problems are present: poor street lighting: very much,HSC_F,Per 100 households with the same characteristics,2018,12.5
A,Annual,ITG1,Sicilia,HOUS_STRLIGHT_V,Households declaring to live in an area where some problems are present: poor street lighting: very much,HSC_F,Per 100 households with the same characteristics,2019,12.5
A,Annual,ITG1,Sicilia,HOUS_STRLIGHT_V,Households declaring to live in an area where some problems are present: poor street lighting: very much,HSC_F,Per 100 households with the same characteristics,2020,9.1
A,Annual,ITG1,Sicilia,HOUS_STRLIGHT_V,Households declaring to live in an area where some problems are present: poor street lighting: very much,HSC_F,Per 100 households with the same characteristics,2021,11.7
A,Annual,ITG1,Sicilia,HOUS_STRLIGHT_V,Households declaring to live in an area where some problems are present: poor street lighting: very much,HSC_F,Per 100 households with the same characteristics,2022,11.4
A,Annual,ITG1,Sicilia,HOUS_STRLIGHT_V,Households declaring to live in an area where some problems are present: poor street lighting: very much,HSC_F,Per 100 households with the same characteristics,2023,13
A,Annual,ITG1,Sicilia,HOUS_STRLIGHT_V,Households declaring to live in an area where some problems are present: poor street lighting: very much,HSC_F,Per 100 households with the same characteristics,2024,12
A,Annual,ITG1,Sicilia,HOUS_STRLIGHT_VQ,Households declaring to live in an area where some problems are present: poor street lighting: very much and quite,HSC_F,Per 100 households with the same characteristics,2010,38.1
A,Annual,ITG1,Sicilia,HOUS_STRLIGHT_VQ,Households declaring to live in an area where some problems are present: poor street lighting: very much and quite,HSC_F,Per 100 households with the same characteristics,2011,41.8
A,Annual,ITG1,Sicilia,HOUS_STRLIGHT_VQ,Households declaring to live in an area where some problems are present: poor street lighting: very much and quite,HSC_F,Per 100 households with the same characteristics,2012,42.7
A,Annual,ITG1,Sicilia,HOUS_STRLIGHT_VQ,Households declaring to live in an area where some problems are present: poor street lighting: very much and quite,HSC_F,Per 100 households with the same characteristics,2013,39.7
A,Annual,ITG1,Sicilia,HOUS_STRLIGHT_VQ,Households declaring to live in an area where some problems are present: poor street lighting: very much and quite,HSC_F,Per 100 households with the same characteristics,2014,36.4
A,Annual,ITG1,Sicilia,HOUS_STRLIGHT_VQ,Households declaring to live in an area where some problems are present: poor street lighting: very much and quite,HSC_F,Per 100 households with the same characteristics,2015,40.8
A,Annual,ITG1,Sicilia,HOUS_STRLIGHT_VQ,Households declaring to live in an area where some problems are present: poor street lighting: very much and quite,HSC_F,Per 100 households with the same characteristics,2016,40
A,Annual,ITG1,Sicilia,HOUS_STRLIGHT_VQ,Households declaring to live in an area where some problems are present: poor street lighting: very much and quite,HSC_F,Per 100 households with the same characteristics,2017,41.5
A,Annual,ITG1,Sicilia,HOUS_STRLIGHT_VQ,Households declaring to live in an area where some problems are present: poor street lighting: very much and quite,HSC_F,Per 100 households with the same characteristics,2018,43.1
A,Annual,ITG1,Sicilia,HOUS_STRLIGHT_VQ,Households declaring to live in an area where some problems are present: poor street lighting: very much and quite,HSC_F,Per 100 households with the same characteristics,2019,40.4
A,Annual,ITG1,Sicilia,HOUS_STRLIGHT_VQ,Households declaring to live in an area where some problems are present: poor street lighting: very much and quite,HSC_F,Per 100 households with the same characteristics,2020,33.9
A,Annual,ITG1,Sicilia,HOUS_STRLIGHT_VQ,Households declaring to live in an area where some problems are present: poor street lighting: very much and quite,HSC_F,Per 100 households with the same characteristics,2021,36.9
A,Annual,ITG1,Sicilia,HOUS_STRLIGHT_VQ,Households declaring to live in an area where some problems are present: poor street lighting: very much and quite,HSC_F,Per 100 households with the same characteristics,2022,38
A,Annual,ITG1,Sicilia,HOUS_STRLIGHT_VQ,Households declaring to live in an area where some problems are present: poor street lighting: very much and quite,HSC_F,Per 100 households with the same characteristics,2023,41
A,Annual,ITG1,Sicilia,HOUS_STRLIGHT_VQ,Households declaring to live in an area where some problems are present: poor street lighting: very much and quite,HSC_F,Per 100 households with the same characteristics,2024,40.6
A,Annual,ITG1,Sicilia,HOUS_PROAD_V,Households declaring to live in an area where some problems are present: poor road conditions: very much,HSC_F,Per 100 households with the same characteristics,2010,19.7
A,Annual,ITG1,Sicilia,HOUS_PROAD_V,Households declaring to live in an area where some problems are present: poor road conditions: very much,HSC_F,Per 100 households with the same characteristics,2011,19.2
A,Annual,ITG1,Sicilia,HOUS_PROAD_V,Households declaring to live in an area where some problems are present: poor road conditions: very much,HSC_F,Per 100 households with the same characteristics,2012,20.2
A,Annual,ITG1,Sicilia,HOUS_PROAD_V,Households declaring to live in an area where some problems are present: poor road conditions: very much,HSC_F,Per 100 households with the same characteristics,2013,23.6
A,Annual,ITG1,Sicilia,HOUS_PROAD_V,Households declaring to live in an area where some problems are present: poor road conditions: very much,HSC_F,Per 100 households with the same characteristics,2014,20.2
A,Annual,ITG1,Sicilia,HOUS_PROAD_V,Households declaring to live in an area where some problems are present: poor road conditions: very much,HSC_F,Per 100 households with the same characteristics,2015,25
A,Annual,ITG1,Sicilia,HOUS_PROAD_V,Households declaring to live in an area where some problems are present: poor road conditions: very much,HSC_F,Per 100 households with the same characteristics,2016,22.8
A,Annual,ITG1,Sicilia,HOUS_PROAD_V,Households declaring to live in an area where some problems are present: poor road conditions: very much,HSC_F,Per 100 households with the same characteristics,2017,26.4
A,Annual,ITG1,Sicilia,HOUS_PROAD_V,Households declaring to live in an area where some problems are present: poor road conditions: very much,HSC_F,Per 100 households with the same characteristics,2018,24.5
A,Annual,ITG1,Sicilia,HOUS_PROAD_V,Households declaring to live in an area where some problems are present: poor road conditions: very much,HSC_F,Per 100 households with the same characteristics,2019,25
A,Annual,ITG1,Sicilia,HOUS_PROAD_V,Households declaring to live in an area where some problems are present: poor road conditions: very much,HSC_F,Per 100 households with the same characteristics,2020,18.6
A,Annual,ITG1,Sicilia,HOUS_PROAD_V,Households declaring to live in an area where some problems are present: poor road conditions: very much,HSC_F,Per 100 households with the same characteristics,2021,24.1
A,Annual,ITG1,Sicilia,HOUS_PROAD_V,Households declaring to live in an area where some problems are present: poor road conditions: very much,HSC_F,Per 100 households with the same characteristics,2022,25.4
A,Annual,ITG1,Sicilia,HOUS_PROAD_V,Households declaring to live in an area where some problems are present: poor road conditions: very much,HSC_F,Per 100 households with the same characteristics,2023,28.4
A,Annual,ITG1,Sicilia,HOUS_PROAD_V,Households declaring to live in an area where some problems are present: poor road conditions: very much,HSC_F,Per 100 households with the same characteristics,2024,25.5
A,Annual,ITG1,Sicilia,HOUS_PROAD_VQ,Households declaring to live in an area where some problems are present: poor road conditions: very much and quite,HSC_F,Per 100 households with the same characteristics,2010,52
A,Annual,ITG1,Sicilia,HOUS_PROAD_VQ,Households declaring to live in an area where some problems are present: poor road conditions: very much and quite,HSC_F,Per 100 households with the same characteristics,2011,53.7
A,Annual,ITG1,Sicilia,HOUS_PROAD_VQ,Households declaring to live in an area where some problems are present: poor road conditions: very much and quite,HSC_F,Per 100 households with the same characteristics,2012,57.5
A,Annual,ITG1,Sicilia,HOUS_PROAD_VQ,Households declaring to live in an area where some problems are present: poor road conditions: very much and quite,HSC_F,Per 100 households with the same characteristics,2013,56.9
A,Annual,ITG1,Sicilia,HOUS_PROAD_VQ,Households declaring to live in an area where some problems are present: poor road conditions: very much and quite,HSC_F,Per 100 households with the same characteristics,2014,50.2
A,Annual,ITG1,Sicilia,HOUS_PROAD_VQ,Households declaring to live in an area where some problems are present: poor road conditions: very much and quite,HSC_F,Per 100 households with the same characteristics,2015,56.9
A,Annual,ITG1,Sicilia,HOUS_PROAD_VQ,Households declaring to live in an area where some problems are present: poor road conditions: very much and quite,HSC_F,Per 100 households with the same characteristics,2016,58.8
A,Annual,ITG1,Sicilia,HOUS_PROAD_VQ,Households declaring to live in an area where some problems are present: poor road conditions: very much and quite,HSC_F,Per 100 households with the same characteristics,2017,57.3
A,Annual,ITG1,Sicilia,HOUS_PROAD_VQ,Households declaring to live in an area where some problems are present: poor road conditions: very much and quite,HSC_F,Per 100 households with the same characteristics,2018,58.5
A,Annual,ITG1,Sicilia,HOUS_PROAD_VQ,Households declaring to live in an area where some problems are present: poor road conditions: very much and quite,HSC_F,Per 100 households with the same characteristics,2019,57.7
A,Annual,ITG1,Sicilia,HOUS_PROAD_VQ,Households declaring to live in an area where some problems are present: poor road conditions: very much and quite,HSC_F,Per 100 households with the same characteristics,2020,46.9
A,Annual,ITG1,Sicilia,HOUS_PROAD_VQ,Households declaring to live in an area where some problems are present: poor road conditions: very much and quite,HSC_F,Per 100 households with the same characteristics,2021,54.7
A,Annual,ITG1,Sicilia,HOUS_PROAD_VQ,Households declaring to live in an area where some problems are present: poor road conditions: very much and quite,HSC_F,Per 100 households with the same characteristics,2022,60.7
A,Annual,ITG1,Sicilia,HOUS_PROAD_VQ,Households declaring to live in an area where some problems are present: poor road conditions: very much and quite,HSC_F,Per 100 households with the same characteristics,2023,60.5
A,Annual,ITG1,Sicilia,HOUS_PROAD_VQ,Households declaring to live in an area where some problems are present: poor road conditions: very much and quite,HSC_F,Per 100 households with the same characteristics,2024,62
A,Annual,ITG2,Sardegna,HOUS_DIFFPARK_V,Households declaring to live in an area where some problems are present: difficult parking: very much,HSC_F,Per 100 households with the same characteristics,2010,17.9
A,Annual,ITG2,Sardegna,HOUS_DIFFPARK_V,Households declaring to live in an area where some problems are present: difficult parking: very much,HSC_F,Per 100 households with the same characteristics,2011,15.3
A,Annual,ITG2,Sardegna,HOUS_DIFFPARK_V,Households declaring to live in an area where some problems are present: difficult parking: very much,HSC_F,Per 100 households with the same characteristics,2012,15.4
A,Annual,ITG2,Sardegna,HOUS_DIFFPARK_V,Households declaring to live in an area where some problems are present: difficult parking: very much,HSC_F,Per 100 households with the same characteristics,2013,15.8
A,Annual,ITG2,Sardegna,HOUS_DIFFPARK_V,Households declaring to live in an area where some problems are present: difficult parking: very much,HSC_F,Per 100 households with the same characteristics,2014,11.7
A,Annual,ITG2,Sardegna,HOUS_DIFFPARK_V,Households declaring to live in an area where some problems are present: difficult parking: very much,HSC_F,Per 100 households with the same characteristics,2015,14.3
A,Annual,ITG2,Sardegna,HOUS_DIFFPARK_V,Households declaring to live in an area where some problems are present: difficult parking: very much,HSC_F,Per 100 households with the same characteristics,2016,17.7
A,Annual,ITG2,Sardegna,HOUS_DIFFPARK_V,Households declaring to live in an area where some problems are present: difficult parking: very much,HSC_F,Per 100 households with the same characteristics,2017,13.5
A,Annual,ITG2,Sardegna,HOUS_DIFFPARK_V,Households declaring to live in an area where some problems are present: difficult parking: very much,HSC_F,Per 100 households with the same characteristics,2018,14
A,Annual,ITG2,Sardegna,HOUS_DIFFPARK_V,Households declaring to live in an area where some problems are present: difficult parking: very much,HSC_F,Per 100 households with the same characteristics,2019,13.1
A,Annual,ITG2,Sardegna,HOUS_DIFFPARK_V,Households declaring to live in an area where some problems are present: difficult parking: very much,HSC_F,Per 100 households with the same characteristics,2020,12.8
A,Annual,ITG2,Sardegna,HOUS_DIFFPARK_V,Households declaring to live in an area where some problems are present: difficult parking: very much,HSC_F,Per 100 households with the same characteristics,2021,13.1
A,Annual,ITG2,Sardegna,HOUS_DIFFPARK_V,Households declaring to live in an area where some problems are present: difficult parking: very much,HSC_F,Per 100 households with the same characteristics,2022,14.9
A,Annual,ITG2,Sardegna,HOUS_DIFFPARK_V,Households declaring to live in an area where some problems are present: difficult parking: very much,HSC_F,Per 100 households with the same characteristics,2023,13.6
A,Annual,ITG2,Sardegna,HOUS_DIFFPARK_V,Households declaring to live in an area where some problems are present: difficult parking: very much,HSC_F,Per 100 households with the same characteristics,2024,18.6
A,Annual,ITG2,Sardegna,HOUS_DIFFPARK_VQ,Households declaring to live in an area where some problems are present: difficult parking: very much and quite,HSC_F,Per 100 households with the same characteristics,2010,33.1
A,Annual,ITG2,Sardegna,HOUS_DIFFPARK_VQ,Households declaring to live in an area where some problems are present: difficult parking: very much and quite,HSC_F,Per 100 households with the same characteristics,2011,31.3
A,Annual,ITG2,Sardegna,HOUS_DIFFPARK_VQ,Households declaring to live in an area where some problems are present: difficult parking: very much and quite,HSC_F,Per 100 households with the same characteristics,2012,31.4
A,Annual,ITG2,Sardegna,HOUS_DIFFPARK_VQ,Households declaring to live in an area where some problems are present: difficult parking: very much and quite,HSC_F,Per 100 households with the same characteristics,2013,36.1
A,Annual,ITG2,Sardegna,HOUS_DIFFPARK_VQ,Households declaring to live in an area where some problems are present: difficult parking: very much and quite,HSC_F,Per 100 households with the same characteristics,2014,28
A,Annual,ITG2,Sardegna,HOUS_DIFFPARK_VQ,Households declaring to live in an area where some problems are present: difficult parking: very much and quite,HSC_F,Per 100 households with the same characteristics,2015,36.6
A,Annual,ITG2,Sardegna,HOUS_DIFFPARK_VQ,Households declaring to live in an area where some problems are present: difficult parking: very much and quite,HSC_F,Per 100 households with the same characteristics,2016,33.1
A,Annual,ITG2,Sardegna,HOUS_DIFFPARK_VQ,Households declaring to live in an area where some problems are present: difficult parking: very much and quite,HSC_F,Per 100 households with the same characteristics,2017,31.5
A,Annual,ITG2,Sardegna,HOUS_DIFFPARK_VQ,Households declaring to live in an area where some problems are present: difficult parking: very much and quite,HSC_F,Per 100 households with the same characteristics,2018,33.4
A,Annual,ITG2,Sardegna,HOUS_DIFFPARK_VQ,Households declaring to live in an area where some problems are present: difficult parking: very much and quite,HSC_F,Per 100 households with the same characteristics,2019,31.8
A,Annual,ITG2,Sardegna,HOUS_DIFFPARK_VQ,Households declaring to live in an area where some problems are present: difficult parking: very much and quite,HSC_F,Per 100 households with the same characteristics,2020,33.6
A,Annual,ITG2,Sardegna,HOUS_DIFFPARK_VQ,Households declaring to live in an area where some problems are present: difficult parking: very much and quite,HSC_F,Per 100 households with the same characteristics,2021,33.1
A,Annual,ITG2,Sardegna,HOUS_DIFFPARK_VQ,Households declaring to live in an area where some problems are present: difficult parking: very much and quite,HSC_F,Per 100 households with the same characteristics,2022,41
A,Annual,ITG2,Sardegna,HOUS_DIFFPARK_VQ,Households declaring to live in an area where some problems are present: difficult parking: very much and quite,HSC_F,Per 100 households with the same characteristics,2023,28.8
A,Annual,ITG2,Sardegna,HOUS_DIFFPARK_VQ,Households declaring to live in an area where some problems are present: difficult parking: very much and quite,HSC_F,Per 100 households with the same characteristics,2024,35.6
A,Annual,ITG2,Sardegna,HOUS_DIFF_TRANS_V,Households declaring to live in an area where some problems are present: difficulties of links with public transport means: very much,HSC_F,Per 100 households with the same characteristics,2010,8.8
A,Annual,ITG2,Sardegna,HOUS_DIFF_TRANS_V,Households declaring to live in an area where some problems are present: difficulties of links with public transport means: very much,HSC_F,Per 100 households with the same characteristics,2011,7
A,Annual,ITG2,Sardegna,HOUS_DIFF_TRANS_V,Households declaring to live in an area where some problems are present: difficulties of links with public transport means: very much,HSC_F,Per 100 households with the same characteristics,2012,11.5
A,Annual,ITG2,Sardegna,HOUS_DIFF_TRANS_V,Households declaring to live in an area where some problems are present: difficulties of links with public transport means: very much,HSC_F,Per 100 households with the same characteristics,2013,7.1
A,Annual,ITG2,Sardegna,HOUS_DIFF_TRANS_V,Households declaring to live in an area where some problems are present: difficulties of links with public transport means: very much,HSC_F,Per 100 households with the same characteristics,2014,9.1
A,Annual,ITG2,Sardegna,HOUS_DIFF_TRANS_V,Households declaring to live in an area where some problems are present: difficulties of links with public transport means: very much,HSC_F,Per 100 households with the same characteristics,2015,7.8
A,Annual,ITG2,Sardegna,HOUS_DIFF_TRANS_V,Households declaring to live in an area where some problems are present: difficulties of links with public transport means: very much,HSC_F,Per 100 households with the same characteristics,2016,12.7
A,Annual,ITG2,Sardegna,HOUS_DIFF_TRANS_V,Households declaring to live in an area where some problems are present: difficulties of links with public transport means: very much,HSC_F,Per 100 households with the same characteristics,2017,12.9
A,Annual,ITG2,Sardegna,HOUS_DIFF_TRANS_V,Households declaring to live in an area where some problems are present: difficulties of links with public transport means: very much,HSC_F,Per 100 households with the same characteristics,2018,12.8
A,Annual,ITG2,Sardegna,HOUS_DIFF_TRANS_V,Households declaring to live in an area where some problems are present: difficulties of links with public transport means: very much,HSC_F,Per 100 households with the same characteristics,2019,11.9
A,Annual,ITG2,Sardegna,HOUS_DIFF_TRANS_V,Households declaring to live in an area where some problems are present: difficulties of links with public transport means: very much,HSC_F,Per 100 households with the same characteristics,2020,6.4
A,Annual,ITG2,Sardegna,HOUS_DIFF_TRANS_V,Households declaring to live in an area where some problems are present: difficulties of links with public transport means: very much,HSC_F,Per 100 households with the same characteristics,2021,8.3
A,Annual,ITG2,Sardegna,HOUS_DIFF_TRANS_V,Households declaring to live in an area where some problems are present: difficulties of links with public transport means: very much,HSC_F,Per 100 households with the same characteristics,2022,5.7
A,Annual,ITG2,Sardegna,HOUS_DIFF_TRANS_V,Households declaring to live in an area where some problems are present: difficulties of links with public transport means: very much,HSC_F,Per 100 households with the same characteristics,2023,9.6
A,Annual,ITG2,Sardegna,HOUS_DIFF_TRANS_V,Households declaring to live in an area where some problems are present: difficulties of links with public transport means: very much,HSC_F,Per 100 households with the same characteristics,2024,13
A,Annual,ITG2,Sardegna,HOUS_DIFF_TRANS_VQ,Households declaring to live in an area where some problems are present: difficulties of links with public transport means: very much and quite,HSC_F,Per 100 households with the same characteristics,2010,24.9
A,Annual,ITG2,Sardegna,HOUS_DIFF_TRANS_VQ,Households declaring to live in an area where some problems are present: difficulties of links with public transport means: very much and quite,HSC_F,Per 100 households with the same characteristics,2011,23.1
A,Annual,ITG2,Sardegna,HOUS_DIFF_TRANS_VQ,Households declaring to live in an area where some problems are present: difficulties of links with public transport means: very much and quite,HSC_F,Per 100 households with the same characteristics,2012,24.1
A,Annual,ITG2,Sardegna,HOUS_DIFF_TRANS_VQ,Households declaring to live in an area where some problems are present: difficulties of links with public transport means: very much and quite,HSC_F,Per 100 households with the same characteristics,2013,19.8
A,Annual,ITG2,Sardegna,HOUS_DIFF_TRANS_VQ,Households declaring to live in an area where some problems are present: difficulties of links with public transport means: very much and quite,HSC_F,Per 100 households with the same characteristics,2014,26.2
A,Annual,ITG2,Sardegna,HOUS_DIFF_TRANS_VQ,Households declaring to live in an area where some problems are present: difficulties of links with public transport means: very much and quite,HSC_F,Per 100 households with the same characteristics,2015,24
A,Annual,ITG2,Sardegna,HOUS_DIFF_TRANS_VQ,Households declaring to live in an area where some problems are present: difficulties of links with public transport means: very much and quite,HSC_F,Per 100 households with the same characteristics,2016,27.5
A,Annual,ITG2,Sardegna,HOUS_DIFF_TRANS_VQ,Households declaring to live in an area where some problems are present: difficulties of links with public transport means: very much and quite,HSC_F,Per 100 households with the same characteristics,2017,27.8
A,Annual,ITG2,Sardegna,HOUS_DIFF_TRANS_VQ,Households declaring to live in an area where some problems are present: difficulties of links with public transport means: very much and quite,HSC_F,Per 100 households with the same characteristics,2018,29.9
A,Annual,ITG2,Sardegna,HOUS_DIFF_TRANS_VQ,Households declaring to live in an area where some problems are present: difficulties of links with public transport means: very much and quite,HSC_F,Per 100 households with the same characteristics,2019,27.3
A,Annual,ITG2,Sardegna,HOUS_DIFF_TRANS_VQ,Households declaring to live in an area where some problems are present: difficulties of links with public transport means: very much and quite,HSC_F,Per 100 households with the same characteristics,2020,18.8
A,Annual,ITG2,Sardegna,HOUS_DIFF_TRANS_VQ,Households declaring to live in an area where some problems are present: difficulties of links with public transport means: very much and quite,HSC_F,Per 100 households with the same characteristics,2021,25.6
A,Annual,ITG2,Sardegna,HOUS_DIFF_TRANS_VQ,Households declaring to live in an area where some problems are present: difficulties of links with public transport means: very much and quite,HSC_F,Per 100 households with the same characteristics,2022,25.6
A,Annual,ITG2,Sardegna,HOUS_DIFF_TRANS_VQ,Households declaring to live in an area where some problems are present: difficulties of links with public transport means: very much and quite,HSC_F,Per 100 households with the same characteristics,2023,22.4
A,Annual,ITG2,Sardegna,HOUS_DIFF_TRANS_VQ,Households declaring to live in an area where some problems are present: difficulties of links with public transport means: very much and quite,HSC_F,Per 100 households with the same characteristics,2024,29.6
A,Annual,ITG2,Sardegna,HOUS_TRAFFIC_V,Households declaring to live in an area where some problems are present: traffic: very much,HSC_F,Per 100 households with the same characteristics,2010,13.7
A,Annual,ITG2,Sardegna,HOUS_TRAFFIC_V,Households declaring to live in an area where some problems are present: traffic: very much,HSC_F,Per 100 households with the same characteristics,2011,11.5
A,Annual,ITG2,Sardegna,HOUS_TRAFFIC_V,Households declaring to live in an area where some problems are present: traffic: very much,HSC_F,Per 100 households with the same characteristics,2012,10.8
A,Annual,ITG2,Sardegna,HOUS_TRAFFIC_V,Households declaring to live in an area where some problems are present: traffic: very much,HSC_F,Per 100 households with the same characteristics,2013,8.9
A,Annual,ITG2,Sardegna,HOUS_TRAFFIC_V,Households declaring to live in an area where some problems are present: traffic: very much,HSC_F,Per 100 households with the same characteristics,2014,11.2
A,Annual,ITG2,Sardegna,HOUS_TRAFFIC_V,Households declaring to live in an area where some problems are present: traffic: very much,HSC_F,Per 100 households with the same characteristics,2015,12.7
A,Annual,ITG2,Sardegna,HOUS_TRAFFIC_V,Households declaring to live in an area where some problems are present: traffic: very much,HSC_F,Per 100 households with the same characteristics,2016,10.9
A,Annual,ITG2,Sardegna,HOUS_TRAFFIC_V,Households declaring to live in an area where some problems are present: traffic: very much,HSC_F,Per 100 households with the same characteristics,2017,7.8
A,Annual,ITG2,Sardegna,HOUS_TRAFFIC_V,Households declaring to live in an area where some problems are present: traffic: very much,HSC_F,Per 100 households with the same characteristics,2018,10.5
A,Annual,ITG2,Sardegna,HOUS_TRAFFIC_V,Households declaring to live in an area where some problems are present: traffic: very much,HSC_F,Per 100 households with the same characteristics,2019,7.9
A,Annual,ITG2,Sardegna,HOUS_TRAFFIC_V,Households declaring to live in an area where some problems are present: traffic: very much,HSC_F,Per 100 households with the same characteristics,2020,8.9
A,Annual,ITG2,Sardegna,HOUS_TRAFFIC_V,Households declaring to live in an area where some problems are present: traffic: very much,HSC_F,Per 100 households with the same characteristics,2021,6.6
A,Annual,ITG2,Sardegna,HOUS_TRAFFIC_V,Households declaring to live in an area where some problems are present: traffic: very much,HSC_F,Per 100 households with the same characteristics,2022,9.9
A,Annual,ITG2,Sardegna,HOUS_TRAFFIC_V,Households declaring to live in an area where some problems are present: traffic: very much,HSC_F,Per 100 households with the same characteristics,2023,8.3
A,Annual,ITG2,Sardegna,HOUS_TRAFFIC_V,Households declaring to live in an area where some problems are present: traffic: very much,HSC_F,Per 100 households with the same characteristics,2024,9.7
A,Annual,ITG2,Sardegna,HOUS_TRAFFIC_VQ,Households declaring to live in an area where some problems are present: traffic: very much and quite,HSC_F,Per 100 households with the same characteristics,2010,39.1
A,Annual,ITG2,Sardegna,HOUS_TRAFFIC_VQ,Households declaring to live in an area where some problems are present: traffic: very much and quite,HSC_F,Per 100 households with the same characteristics,2011,34.9
A,Annual,ITG2,Sardegna,HOUS_TRAFFIC_VQ,Households declaring to live in an area where some problems are present: traffic: very much and quite,HSC_F,Per 100 households with the same characteristics,2012,33.5
A,Annual,ITG2,Sardegna,HOUS_TRAFFIC_VQ,Households declaring to live in an area where some problems are present: traffic: very much and quite,HSC_F,Per 100 households with the same characteristics,2013,30.4
A,Annual,ITG2,Sardegna,HOUS_TRAFFIC_VQ,Households declaring to live in an area where some problems are present: traffic: very much and quite,HSC_F,Per 100 households with the same characteristics,2014,32.6
A,Annual,ITG2,Sardegna,HOUS_TRAFFIC_VQ,Households declaring to live in an area where some problems are present: traffic: very much and quite,HSC_F,Per 100 households with the same characteristics,2015,34.4
A,Annual,ITG2,Sardegna,HOUS_TRAFFIC_VQ,Households declaring to live in an area where some problems are present: traffic: very much and quite,HSC_F,Per 100 households with the same characteristics,2016,33.5
A,Annual,ITG2,Sardegna,HOUS_TRAFFIC_VQ,Households declaring to live in an area where some problems are present: traffic: very much and quite,HSC_F,Per 100 households with the same characteristics,2017,31.9
A,Annual,ITG2,Sardegna,HOUS_TRAFFIC_VQ,Households declaring to live in an area where some problems are present: traffic: very much and quite,HSC_F,Per 100 households with the same characteristics,2018,32.6
A,Annual,ITG2,Sardegna,HOUS_TRAFFIC_VQ,Households declaring to live in an area where some problems are present: traffic: very much and quite,HSC_F,Per 100 households with the same characteristics,2019,31.4
A,Annual,ITG2,Sardegna,HOUS_TRAFFIC_VQ,Households declaring to live in an area where some problems are present: traffic: very much and quite,HSC_F,Per 100 households with the same characteristics,2020,32.8
A,Annual,ITG2,Sardegna,HOUS_TRAFFIC_VQ,Households declaring to live in an area where some problems are present: traffic: very much and quite,HSC_F,Per 100 households with the same characteristics,2021,32.3
A,Annual,ITG2,Sardegna,HOUS_TRAFFIC_VQ,Households declaring to live in an area where some problems are present: traffic: very much and quite,HSC_F,Per 100 households with the same characteristics,2022,37.6
A,Annual,ITG2,Sardegna,HOUS_TRAFFIC_VQ,Households declaring to live in an area where some problems are present: traffic: very much and quite,HSC_F,Per 100 households with the same characteristics,2023,29.2
A,Annual,ITG2,Sardegna,HOUS_TRAFFIC_VQ,Households declaring to live in an area where some problems are present: traffic: very much and quite,HSC_F,Per 100 households with the same characteristics,2024,32.7
A,Annual,ITG2,Sardegna,HOUS_STRLIGHT_V,Households declaring to live in an area where some problems are present: poor street lighting: very much,HSC_F,Per 100 households with the same characteristics,2010,13.5
A,Annual,ITG2,Sardegna,HOUS_STRLIGHT_V,Households declaring to live in an area where some problems are present: poor street lighting: very much,HSC_F,Per 100 households with the same characteristics,2011,10
A,Annual,ITG2,Sardegna,HOUS_STRLIGHT_V,Households declaring to live in an area where some problems are present: poor street lighting: very much,HSC_F,Per 100 households with the same characteristics,2012,12.7
A,Annual,ITG2,Sardegna,HOUS_STRLIGHT_V,Households declaring to live in an area where some problems are present: poor street lighting: very much,HSC_F,Per 100 households with the same characteristics,2013,10.2
A,Annual,ITG2,Sardegna,HOUS_STRLIGHT_V,Households declaring to live in an area where some problems are present: poor street lighting: very much,HSC_F,Per 100 households with the same characteristics,2014,11.5
A,Annual,ITG2,Sardegna,HOUS_STRLIGHT_V,Households declaring to live in an area where some problems are present: poor street lighting: very much,HSC_F,Per 100 households with the same characteristics,2015,12.6
A,Annual,ITG2,Sardegna,HOUS_STRLIGHT_V,Households declaring to live in an area where some problems are present: poor street lighting: very much,HSC_F,Per 100 households with the same characteristics,2016,11
A,Annual,ITG2,Sardegna,HOUS_STRLIGHT_V,Households declaring to live in an area where some problems are present: poor street lighting: very much,HSC_F,Per 100 households with the same characteristics,2017,9.8
A,Annual,ITG2,Sardegna,HOUS_STRLIGHT_V,Households declaring to live in an area where some problems are present: poor street lighting: very much,HSC_F,Per 100 households with the same characteristics,2018,13.6
A,Annual,ITG2,Sardegna,HOUS_STRLIGHT_V,Households declaring to live in an area where some problems are present: poor street lighting: very much,HSC_F,Per 100 households with the same characteristics,2019,9.2
A,Annual,ITG2,Sardegna,HOUS_STRLIGHT_V,Households declaring to live in an area where some problems are present: poor street lighting: very much,HSC_F,Per 100 households with the same characteristics,2020,7.4
A,Annual,ITG2,Sardegna,HOUS_STRLIGHT_V,Households declaring to live in an area where some problems are present: poor street lighting: very much,HSC_F,Per 100 households with the same characteristics,2021,6.8
A,Annual,ITG2,Sardegna,HOUS_STRLIGHT_V,Households declaring to live in an area where some problems are present: poor street lighting: very much,HSC_F,Per 100 households with the same characteristics,2022,7.8
A,Annual,ITG2,Sardegna,HOUS_STRLIGHT_V,Households declaring to live in an area where some problems are present: poor street lighting: very much,HSC_F,Per 100 households with the same characteristics,2023,7
A,Annual,ITG2,Sardegna,HOUS_STRLIGHT_V,Households declaring to live in an area where some problems are present: poor street lighting: very much,HSC_F,Per 100 households with the same characteristics,2024,11.5
A,Annual,ITG2,Sardegna,HOUS_STRLIGHT_VQ,Households declaring to live in an area where some problems are present: poor street lighting: very much and quite,HSC_F,Per 100 households with the same characteristics,2010,33.2
A,Annual,ITG2,Sardegna,HOUS_STRLIGHT_VQ,Households declaring to live in an area where some problems are present: poor street lighting: very much and quite,HSC_F,Per 100 households with the same characteristics,2011,32.3
A,Annual,ITG2,Sardegna,HOUS_STRLIGHT_VQ,Households declaring to live in an area where some problems are present: poor street lighting: very much and quite,HSC_F,Per 100 households with the same characteristics,2012,33.4
A,Annual,ITG2,Sardegna,HOUS_STRLIGHT_VQ,Households declaring to live in an area where some problems are present: poor street lighting: very much and quite,HSC_F,Per 100 households with the same characteristics,2013,29.6
A,Annual,ITG2,Sardegna,HOUS_STRLIGHT_VQ,Households declaring to live in an area where some problems are present: poor street lighting: very much and quite,HSC_F,Per 100 households with the same characteristics,2014,35
A,Annual,ITG2,Sardegna,HOUS_STRLIGHT_VQ,Households declaring to live in an area where some problems are present: poor street lighting: very much and quite,HSC_F,Per 100 households with the same characteristics,2015,37.6
A,Annual,ITG2,Sardegna,HOUS_STRLIGHT_VQ,Households declaring to live in an area where some problems are present: poor street lighting: very much and quite,HSC_F,Per 100 households with the same characteristics,2016,32.3
A,Annual,ITG2,Sardegna,HOUS_STRLIGHT_VQ,Households declaring to live in an area where some problems are present: poor street lighting: very much and quite,HSC_F,Per 100 households with the same characteristics,2017,29.7
A,Annual,ITG2,Sardegna,HOUS_STRLIGHT_VQ,Households declaring to live in an area where some problems are present: poor street lighting: very much and quite,HSC_F,Per 100 households with the same characteristics,2018,33.4
A,Annual,ITG2,Sardegna,HOUS_STRLIGHT_VQ,Households declaring to live in an area where some problems are present: poor street lighting: very much and quite,HSC_F,Per 100 households with the same characteristics,2019,29.7
A,Annual,ITG2,Sardegna,HOUS_STRLIGHT_VQ,Households declaring to live in an area where some problems are present: poor street lighting: very much and quite,HSC_F,Per 100 households with the same characteristics,2020,24.8
A,Annual,ITG2,Sardegna,HOUS_STRLIGHT_VQ,Households declaring to live in an area where some problems are present: poor street lighting: very much and quite,HSC_F,Per 100 households with the same characteristics,2021,26.3
A,Annual,ITG2,Sardegna,HOUS_STRLIGHT_VQ,Households declaring to live in an area where some problems are present: poor street lighting: very much and quite,HSC_F,Per 100 households with the same characteristics,2022,30.6
A,Annual,ITG2,Sardegna,HOUS_STRLIGHT_VQ,Households declaring to live in an area where some problems are present: poor street lighting: very much and quite,HSC_F,Per 100 households with the same characteristics,2023,26.5
A,Annual,ITG2,Sardegna,HOUS_STRLIGHT_VQ,Households declaring to live in an area where some problems are present: poor street lighting: very much and quite,HSC_F,Per 100 households with the same characteristics,2024,35
A,Annual,ITG2,Sardegna,HOUS_PROAD_V,Households declaring to live in an area where some problems are present: poor road conditions: very much,HSC_F,Per 100 households with the same characteristics,2010,29.1
A,Annual,ITG2,Sardegna,HOUS_PROAD_V,Households declaring to live in an area where some problems are present: poor road conditions: very much,HSC_F,Per 100 households with the same characteristics,2011,24.3
A,Annual,ITG2,Sardegna,HOUS_PROAD_V,Households declaring to live in an area where some problems are present: poor road conditions: very much,HSC_F,Per 100 households with the same characteristics,2012,27.1
A,Annual,ITG2,Sardegna,HOUS_PROAD_V,Households declaring to live in an area where some problems are present: poor road conditions: very much,HSC_F,Per 100 households with the same characteristics,2013,27.9
A,Annual,ITG2,Sardegna,HOUS_PROAD_V,Households declaring to live in an area where some problems are present: poor road conditions: very much,HSC_F,Per 100 households with the same characteristics,2014,32.6
A,Annual,ITG2,Sardegna,HOUS_PROAD_V,Households declaring to live in an area where some problems are present: poor road conditions: very much,HSC_F,Per 100 households with the same characteristics,2015,27.6
A,Annual,ITG2,Sardegna,HOUS_PROAD_V,Households declaring to live in an area where some problems are present: poor road conditions: very much,HSC_F,Per 100 households with the same characteristics,2016,30.1
A,Annual,ITG2,Sardegna,HOUS_PROAD_V,Households declaring to live in an area where some problems are present: poor road conditions: very much,HSC_F,Per 100 households with the same characteristics,2017,26.3
A,Annual,ITG2,Sardegna,HOUS_PROAD_V,Households declaring to live in an area where some problems are present: poor road conditions: very much,HSC_F,Per 100 households with the same characteristics,2018,32.7
A,Annual,ITG2,Sardegna,HOUS_PROAD_V,Households declaring to live in an area where some problems are present: poor road conditions: very much,HSC_F,Per 100 households with the same characteristics,2019,24
A,Annual,ITG2,Sardegna,HOUS_PROAD_V,Households declaring to live in an area where some problems are present: poor road conditions: very much,HSC_F,Per 100 households with the same characteristics,2020,19
A,Annual,ITG2,Sardegna,HOUS_PROAD_V,Households declaring to live in an area where some problems are present: poor road conditions: very much,HSC_F,Per 100 households with the same characteristics,2021,18.8
A,Annual,ITG2,Sardegna,HOUS_PROAD_V,Households declaring to live in an area where some problems are present: poor road conditions: very much,HSC_F,Per 100 households with the same characteristics,2022,26.9
A,Annual,ITG2,Sardegna,HOUS_PROAD_V,Households declaring to live in an area where some problems are present: poor road conditions: very much,HSC_F,Per 100 households with the same characteristics,2023,20.9
A,Annual,ITG2,Sardegna,HOUS_PROAD_V,Households declaring to live in an area where some problems are present: poor road conditions: very much,HSC_F,Per 100 households with the same characteristics,2024,26.5
A,Annual,ITG2,Sardegna,HOUS_PROAD_VQ,Households declaring to live in an area where some problems are present: poor road conditions: very much and quite,HSC_F,Per 100 households with the same characteristics,2010,55.1
A,Annual,ITG2,Sardegna,HOUS_PROAD_VQ,Households declaring to live in an area where some problems are present: poor road conditions: very much and quite,HSC_F,Per 100 households with the same characteristics,2011,53.6
A,Annual,ITG2,Sardegna,HOUS_PROAD_VQ,Households declaring to live in an area where some problems are present: poor road conditions: very much and quite,HSC_F,Per 100 households with the same characteristics,2012,53.4
A,Annual,ITG2,Sardegna,HOUS_PROAD_VQ,Households declaring to live in an area where some problems are present: poor road conditions: very much and quite,HSC_F,Per 100 households with the same characteristics,2013,56.1
A,Annual,ITG2,Sardegna,HOUS_PROAD_VQ,Households declaring to live in an area where some problems are present: poor road conditions: very much and quite,HSC_F,Per 100 households with the same characteristics,2014,60.9
A,Annual,ITG2,Sardegna,HOUS_PROAD_VQ,Households declaring to live in an area where some problems are present: poor road conditions: very much and quite,HSC_F,Per 100 households with the same characteristics,2015,59.1
A,Annual,ITG2,Sardegna,HOUS_PROAD_VQ,Households declaring to live in an area where some problems are present: poor road conditions: very much and quite,HSC_F,Per 100 households with the same characteristics,2016,57.2
A,Annual,ITG2,Sardegna,HOUS_PROAD_VQ,Households declaring to live in an area where some problems are present: poor road conditions: very much and quite,HSC_F,Per 100 households with the same characteristics,2017,54.7
A,Annual,ITG2,Sardegna,HOUS_PROAD_VQ,Households declaring to live in an area where some problems are present: poor road conditions: very much and quite,HSC_F,Per 100 households with the same characteristics,2018,59.4
A,Annual,ITG2,Sardegna,HOUS_PROAD_VQ,Households declaring to live in an area where some problems are present: poor road conditions: very much and quite,HSC_F,Per 100 households with the same characteristics,2019,53.5
A,Annual,ITG2,Sardegna,HOUS_PROAD_VQ,Households declaring to live in an area where some problems are present: poor road conditions: very much and quite,HSC_F,Per 100 households with the same characteristics,2020,46.8
A,Annual,ITG2,Sardegna,HOUS_PROAD_VQ,Households declaring to live in an area where some problems are present: poor road conditions: very much and quite,HSC_F,Per 100 households with the same characteristics,2021,49.3
A,Annual,ITG2,Sardegna,HOUS_PROAD_VQ,Households declaring to live in an area where some problems are present: poor road conditions: very much and quite,HSC_F,Per 100 households with the same characteristics,2022,59.1
A,Annual,ITG2,Sardegna,HOUS_PROAD_VQ,Households declaring to live in an area where some problems are present: poor road conditions: very much and quite,HSC_F,Per 100 households with the same characteristics,2023,48
A,Annual,ITG2,Sardegna,HOUS_PROAD_VQ,Households declaring to live in an area where some problems are present: poor road conditions: very much and quite,HSC_F,Per 100 households with the same characteristics,2024,53.2
