FREQ,Frequency,REF_AREA,Territory,DATA_TYPE,Indicator,ACCIDENT_LOCALIZATON,Localization of the accident,TIME_PERIOD,Observation
A,Annual,IT,Italy,KILLEDINDX,Killed in road accidents - in respect of total accidents (per hundred values),1,Urban road,2010,1.10261
A,Annual,IT,Italy,KILLEDINDX,Killed in road accidents - in respect of total accidents (per hundred values),1,Urban road,2011,1.11067
A,Annual,IT,Italy,KILLEDINDX,Killed in road accidents - in respect of total accidents (per hundred values),1,Urban road,2012,1.12306
A,Annual,IT,Italy,KILLEDINDX,Killed in road accidents - in respect of total accidents (per hundred values),1,Urban road,2013,1.04515
A,Annual,IT,Italy,KILLEDINDX,Killed in road accidents - in respect of total accidents (per hundred values),1,Urban road,2014,1.12651
A,Annual,IT,Italy,KILLEDINDX,Killed in road accidents - in respect of total accidents (per hundred values),1,Urban road,2015,1.15134
A,Annual,IT,Italy,KILLEDINDX,Killed in road accidents - in respect of total accidents (per hundred values),1,Urban road,2016,1.11588
A,Annual,IT,Italy,KILLEDINDX,Killed in road accidents - in respect of total accidents (per hundred values),1,Urban road,2017,1.12447
A,Annual,IT,Italy,KILLEDINDX,Killed in road accidents - in respect of total accidents (per hundred values),1,Urban road,2018,1.10538
A,Annual,IT,Italy,KILLEDINDX,Killed in road accidents - in respect of total accidents (per hundred values),1,Urban road,2019,1.04803
A,Annual,IT,Italy,KILLEDINDX,Killed in road accidents - in respect of total accidents (per hundred values),1,Urban road,2020,1.22401
A,Annual,IT,Italy,KILLEDINDX,Killed in road accidents - in respect of total accidents (per hundred values),1,Urban road,2021,1.13923
A,Annual,IT,Italy,KILLEDINDX,Killed in road accidents - in respect of total accidents (per hundred values),1,Urban road,2022,1.09426
A,Annual,IT,Italy,KILLEDINDX,Killed in road accidents - in respect of total accidents (per hundred values),1,Urban road,2023,1.08925
A,Annual,IT,Italy,KILLEDINDX,Killed in road accidents - in respect of total accidents (per hundred values),1,Urban road,2024,1.02573
A,Annual,IT,Italy,KILLEDINDX,Killed in road accidents - in respect of total accidents (per hundred values),2,Motorway,2010,3.11284
A,Annual,IT,Italy,KILLEDINDX,Killed in road accidents - in respect of total accidents (per hundred values),2,Motorway,2011,3.07077
A,Annual,IT,Italy,KILLEDINDX,Killed in road accidents - in respect of total accidents (per hundred values),2,Motorway,2012,3.50915
A,Annual,IT,Italy,KILLEDINDX,Killed in road accidents - in respect of total accidents (per hundred values),2,Motorway,2013,3.46465
A,Annual,IT,Italy,KILLEDINDX,Killed in road accidents - in respect of total accidents (per hundred values),2,Motorway,2014,3.1373
A,Annual,IT,Italy,KILLEDINDX,Killed in road accidents - in respect of total accidents (per hundred values),2,Motorway,2015,3.3228
A,Annual,IT,Italy,KILLEDINDX,Killed in road accidents - in respect of total accidents (per hundred values),2,Motorway,2016,2.92735
A,Annual,IT,Italy,KILLEDINDX,Killed in road accidents - in respect of total accidents (per hundred values),2,Motorway,2017,3.15061
A,Annual,IT,Italy,KILLEDINDX,Killed in road accidents - in respect of total accidents (per hundred values),2,Motorway,2018,3.49687
A,Annual,IT,Italy,KILLEDINDX,Killed in road accidents - in respect of total accidents (per hundred values),2,Motorway,2019,3.4156
A,Annual,IT,Italy,KILLEDINDX,Killed in road accidents - in respect of total accidents (per hundred values),2,Motorway,2020,3.57733
A,Annual,IT,Italy,KILLEDINDX,Killed in road accidents - in respect of total accidents (per hundred values),2,Motorway,2021,3.22369
A,Annual,IT,Italy,KILLEDINDX,Killed in road accidents - in respect of total accidents (per hundred values),2,Motorway,2022,3.52239
A,Annual,IT,Italy,KILLEDINDX,Killed in road accidents - in respect of total accidents (per hundred values),2,Motorway,2023,2.70515
A,Annual,IT,Italy,KILLEDINDX,Killed in road accidents - in respect of total accidents (per hundred values),2,Motorway,2024,2.711
A,Annual,IT,Italy,KILLEDINDX,Killed in road accidents - in respect of total accidents (per hundred values),3,Other roads,2010,4.97685
A,Annual,IT,Italy,KILLEDINDX,Killed in road accidents - in respect of total accidents (per hundred values),3,Other roads,2011,4.72772
A,Annual,IT,Italy,KILLEDINDX,Killed in road accidents - in respect of total accidents (per hundred values),3,Other roads,2012,5.03345
A,Annual,IT,Italy,KILLEDINDX,Killed in road accidents - in respect of total accidents (per hundred values),3,Other roads,2013,4.61917
A,Annual,IT,Italy,KILLEDINDX,Killed in road accidents - in respect of total accidents (per hundred values),3,Other roads,2014,4.63468
A,Annual,IT,Italy,KILLEDINDX,Killed in road accidents - in respect of total accidents (per hundred values),3,Other roads,2015,4.6443
A,Annual,IT,Italy,KILLEDINDX,Killed in road accidents - in respect of total accidents (per hundred values),3,Other roads,2016,4.37663
A,Annual,IT,Italy,KILLEDINDX,Killed in road accidents - in respect of total accidents (per hundred values),3,Other roads,2017,4.60416
A,Annual,IT,Italy,KILLEDINDX,Killed in road accidents - in respect of total accidents (per hundred values),3,Other roads,2018,4.40724
A,Annual,IT,Italy,KILLEDINDX,Killed in road accidents - in respect of total accidents (per hundred values),3,Other roads,2019,4.24294
A,Annual,IT,Italy,KILLEDINDX,Killed in road accidents - in respect of total accidents (per hundred values),3,Other roads,2020,4.35314
A,Annual,IT,Italy,KILLEDINDX,Killed in road accidents - in respect of total accidents (per hundred values),3,Other roads,2021,4.10008
A,Annual,IT,Italy,KILLEDINDX,Killed in road accidents - in respect of total accidents (per hundred values),3,Other roads,2022,4.289
A,Annual,IT,Italy,KILLEDINDX,Killed in road accidents - in respect of total accidents (per hundred values),3,Other roads,2023,4.12287
A,Annual,IT,Italy,KILLEDINDX,Killed in road accidents - in respect of total accidents (per hundred values),3,Other roads,2024,3.97196
A,Annual,IT,Italy,KILLEDINDX,Killed in road accidents - in respect of total accidents (per hundred values),9,Total,2010,1.93148
A,Annual,IT,Italy,KILLEDINDX,Killed in road accidents - in respect of total accidents (per hundred values),9,Total,2011,1.87708
A,Annual,IT,Italy,KILLEDINDX,Killed in road accidents - in respect of total accidents (per hundred values),9,Total,2012,1.99386
A,Annual,IT,Italy,KILLEDINDX,Killed in road accidents - in respect of total accidents (per hundred values),9,Total,2013,1.87218
A,Annual,IT,Italy,KILLEDINDX,Killed in road accidents - in respect of total accidents (per hundred values),9,Total,2014,1.90984
A,Annual,IT,Italy,KILLEDINDX,Killed in road accidents - in respect of total accidents (per hundred values),9,Total,2015,1.96403
A,Annual,IT,Italy,KILLEDINDX,Killed in road accidents - in respect of total accidents (per hundred values),9,Total,2016,1.86756
A,Annual,IT,Italy,KILLEDINDX,Killed in road accidents - in respect of total accidents (per hundred values),9,Total,2017,1.93103
A,Annual,IT,Italy,KILLEDINDX,Killed in road accidents - in respect of total accidents (per hundred values),9,Total,2018,1.93216
A,Annual,IT,Italy,KILLEDINDX,Killed in road accidents - in respect of total accidents (per hundred values),9,Total,2019,1.84281
A,Annual,IT,Italy,KILLEDINDX,Killed in road accidents - in respect of total accidents (per hundred values),9,Total,2020,2.02455
A,Annual,IT,Italy,KILLEDINDX,Killed in road accidents - in respect of total accidents (per hundred values),9,Total,2021,1.893
A,Annual,IT,Italy,KILLEDINDX,Killed in road accidents - in respect of total accidents (per hundred values),9,Total,2022,1.90429
A,Annual,IT,Italy,KILLEDINDX,Killed in road accidents - in respect of total accidents (per hundred values),9,Total,2023,1.82495
A,Annual,IT,Italy,KILLEDINDX,Killed in road accidents - in respect of total accidents (per hundred values),9,Total,2024,1.74777
A,Annual,ITC1,Piemonte,KILLEDINDX,Killed in road accidents - in respect of total accidents (per hundred values),1,Urban road,2010,1.39298
A,Annual,ITC1,Piemonte,KILLEDINDX,Killed in road accidents - in respect of total accidents (per hundred values),1,Urban road,2011,1.42205
A,Annual,ITC1,Piemonte,KILLEDINDX,Killed in road accidents - in respect of total accidents (per hundred values),1,Urban road,2012,1.25169
A,Annual,ITC1,Piemonte,KILLEDINDX,Killed in road accidents - in respect of total accidents (per hundred values),1,Urban road,2013,1.35932
A,Annual,ITC1,Piemonte,KILLEDINDX,Killed in road accidents - in respect of total accidents (per hundred values),1,Urban road,2014,1.32053
A,Annual,ITC1,Piemonte,KILLEDINDX,Killed in road accidents - in respect of total accidents (per hundred values),1,Urban road,2015,1.14702
A,Annual,ITC1,Piemonte,KILLEDINDX,Killed in road accidents - in respect of total accidents (per hundred values),1,Urban road,2016,1.33077
A,Annual,ITC1,Piemonte,KILLEDINDX,Killed in road accidents - in respect of total accidents (per hundred values),1,Urban road,2017,1.43058
A,Annual,ITC1,Piemonte,KILLEDINDX,Killed in road accidents - in respect of total accidents (per hundred values),1,Urban road,2018,1.40662
A,Annual,ITC1,Piemonte,KILLEDINDX,Killed in road accidents - in respect of total accidents (per hundred values),1,Urban road,2019,1.15599
A,Annual,ITC1,Piemonte,KILLEDINDX,Killed in road accidents - in respect of total accidents (per hundred values),1,Urban road,2020,1.43701
A,Annual,ITC1,Piemonte,KILLEDINDX,Killed in road accidents - in respect of total accidents (per hundred values),1,Urban road,2021,1.09463
A,Annual,ITC1,Piemonte,KILLEDINDX,Killed in road accidents - in respect of total accidents (per hundred values),1,Urban road,2022,1.39005
A,Annual,ITC1,Piemonte,KILLEDINDX,Killed in road accidents - in respect of total accidents (per hundred values),1,Urban road,2023,1.09176
A,Annual,ITC1,Piemonte,KILLEDINDX,Killed in road accidents - in respect of total accidents (per hundred values),1,Urban road,2024,0.98502
A,Annual,ITC1,Piemonte,KILLEDINDX,Killed in road accidents - in respect of total accidents (per hundred values),2,Motorway,2010,2.26337
A,Annual,ITC1,Piemonte,KILLEDINDX,Killed in road accidents - in respect of total accidents (per hundred values),2,Motorway,2011,4.37158
A,Annual,ITC1,Piemonte,KILLEDINDX,Killed in road accidents - in respect of total accidents (per hundred values),2,Motorway,2012,2.96663
A,Annual,ITC1,Piemonte,KILLEDINDX,Killed in road accidents - in respect of total accidents (per hundred values),2,Motorway,2013,2.68097
A,Annual,ITC1,Piemonte,KILLEDINDX,Killed in road accidents - in respect of total accidents (per hundred values),2,Motorway,2014,3.18021
A,Annual,ITC1,Piemonte,KILLEDINDX,Killed in road accidents - in respect of total accidents (per hundred values),2,Motorway,2015,3.76884
A,Annual,ITC1,Piemonte,KILLEDINDX,Killed in road accidents - in respect of total accidents (per hundred values),2,Motorway,2016,4.20272
A,Annual,ITC1,Piemonte,KILLEDINDX,Killed in road accidents - in respect of total accidents (per hundred values),2,Motorway,2017,2.97927
A,Annual,ITC1,Piemonte,KILLEDINDX,Killed in road accidents - in respect of total accidents (per hundred values),2,Motorway,2018,2.58824
A,Annual,ITC1,Piemonte,KILLEDINDX,Killed in road accidents - in respect of total accidents (per hundred values),2,Motorway,2019,4.88432
A,Annual,ITC1,Piemonte,KILLEDINDX,Killed in road accidents - in respect of total accidents (per hundred values),2,Motorway,2020,4.43925
A,Annual,ITC1,Piemonte,KILLEDINDX,Killed in road accidents - in respect of total accidents (per hundred values),2,Motorway,2021,2.48344
A,Annual,ITC1,Piemonte,KILLEDINDX,Killed in road accidents - in respect of total accidents (per hundred values),2,Motorway,2022,4.05797
A,Annual,ITC1,Piemonte,KILLEDINDX,Killed in road accidents - in respect of total accidents (per hundred values),2,Motorway,2023,1.06707
A,Annual,ITC1,Piemonte,KILLEDINDX,Killed in road accidents - in respect of total accidents (per hundred values),2,Motorway,2024,2.06718
A,Annual,ITC1,Piemonte,KILLEDINDX,Killed in road accidents - in respect of total accidents (per hundred values),3,Other roads,2010,6.05842
A,Annual,ITC1,Piemonte,KILLEDINDX,Killed in road accidents - in respect of total accidents (per hundred values),3,Other roads,2011,5.28651
A,Annual,ITC1,Piemonte,KILLEDINDX,Killed in road accidents - in respect of total accidents (per hundred values),3,Other roads,2012,6.04484
A,Annual,ITC1,Piemonte,KILLEDINDX,Killed in road accidents - in respect of total accidents (per hundred values),3,Other roads,2013,5.72727
A,Annual,ITC1,Piemonte,KILLEDINDX,Killed in road accidents - in respect of total accidents (per hundred values),3,Other roads,2014,5.64872
A,Annual,ITC1,Piemonte,KILLEDINDX,Killed in road accidents - in respect of total accidents (per hundred values),3,Other roads,2015,5.5157
A,Annual,ITC1,Piemonte,KILLEDINDX,Killed in road accidents - in respect of total accidents (per hundred values),3,Other roads,2016,4.77861
A,Annual,ITC1,Piemonte,KILLEDINDX,Killed in road accidents - in respect of total accidents (per hundred values),3,Other roads,2017,6.48065
A,Annual,ITC1,Piemonte,KILLEDINDX,Killed in road accidents - in respect of total accidents (per hundred values),3,Other roads,2018,5.25174
A,Annual,ITC1,Piemonte,KILLEDINDX,Killed in road accidents - in respect of total accidents (per hundred values),3,Other roads,2019,4.84094
A,Annual,ITC1,Piemonte,KILLEDINDX,Killed in road accidents - in respect of total accidents (per hundred values),3,Other roads,2020,5.49115
A,Annual,ITC1,Piemonte,KILLEDINDX,Killed in road accidents - in respect of total accidents (per hundred values),3,Other roads,2021,4.566
A,Annual,ITC1,Piemonte,KILLEDINDX,Killed in road accidents - in respect of total accidents (per hundred values),3,Other roads,2022,4.99117
A,Annual,ITC1,Piemonte,KILLEDINDX,Killed in road accidents - in respect of total accidents (per hundred values),3,Other roads,2023,4.3051
A,Annual,ITC1,Piemonte,KILLEDINDX,Killed in road accidents - in respect of total accidents (per hundred values),3,Other roads,2024,3.56212
A,Annual,ITC1,Piemonte,KILLEDINDX,Killed in road accidents - in respect of total accidents (per hundred values),9,Total,2010,2.40795
A,Annual,ITC1,Piemonte,KILLEDINDX,Killed in road accidents - in respect of total accidents (per hundred values),9,Total,2011,2.41437
A,Annual,ITC1,Piemonte,KILLEDINDX,Killed in road accidents - in respect of total accidents (per hundred values),9,Total,2012,2.34908
A,Annual,ITC1,Piemonte,KILLEDINDX,Killed in road accidents - in respect of total accidents (per hundred values),9,Total,2013,2.30038
A,Annual,ITC1,Piemonte,KILLEDINDX,Killed in road accidents - in respect of total accidents (per hundred values),9,Total,2014,2.31542
A,Annual,ITC1,Piemonte,KILLEDINDX,Killed in road accidents - in respect of total accidents (per hundred values),9,Total,2015,2.20945
A,Annual,ITC1,Piemonte,KILLEDINDX,Killed in road accidents - in respect of total accidents (per hundred values),9,Total,2016,2.26502
A,Annual,ITC1,Piemonte,KILLEDINDX,Killed in road accidents - in respect of total accidents (per hundred values),9,Total,2017,2.57784
A,Annual,ITC1,Piemonte,KILLEDINDX,Killed in road accidents - in respect of total accidents (per hundred values),9,Total,2018,2.31721
A,Annual,ITC1,Piemonte,KILLEDINDX,Killed in road accidents - in respect of total accidents (per hundred values),9,Total,2019,2.17922
A,Annual,ITC1,Piemonte,KILLEDINDX,Killed in road accidents - in respect of total accidents (per hundred values),9,Total,2020,2.54652
A,Annual,ITC1,Piemonte,KILLEDINDX,Killed in road accidents - in respect of total accidents (per hundred values),9,Total,2021,1.96741
A,Annual,ITC1,Piemonte,KILLEDINDX,Killed in road accidents - in respect of total accidents (per hundred values),9,Total,2022,2.37485
A,Annual,ITC1,Piemonte,KILLEDINDX,Killed in road accidents - in respect of total accidents (per hundred values),9,Total,2023,1.77485
A,Annual,ITC1,Piemonte,KILLEDINDX,Killed in road accidents - in respect of total accidents (per hundred values),9,Total,2024,1.63059
A,Annual,ITC2,"'Valle d""'Aosta / Vallée d""'Aoste'",KILLEDINDX,Killed in road accidents - in respect of total accidents (per hundred values),1,Urban road,2010,2.88066
A,Annual,ITC2,"'Valle d""'Aosta / Vallée d""'Aoste'",KILLEDINDX,Killed in road accidents - in respect of total accidents (per hundred values),1,Urban road,2011,1.59574
A,Annual,ITC2,"'Valle d""'Aosta / Vallée d""'Aoste'",KILLEDINDX,Killed in road accidents - in respect of total accidents (per hundred values),1,Urban road,2012,1.13636
A,Annual,ITC2,"'Valle d""'Aosta / Vallée d""'Aoste'",KILLEDINDX,Killed in road accidents - in respect of total accidents (per hundred values),1,Urban road,2013,1.0101
A,Annual,ITC2,"'Valle d""'Aosta / Vallée d""'Aoste'",KILLEDINDX,Killed in road accidents - in respect of total accidents (per hundred values),1,Urban road,2014,2.10526
A,Annual,ITC2,"'Valle d""'Aosta / Vallée d""'Aoste'",KILLEDINDX,Killed in road accidents - in respect of total accidents (per hundred values),1,Urban road,2015,2.01342
A,Annual,ITC2,"'Valle d""'Aosta / Vallée d""'Aoste'",KILLEDINDX,Killed in road accidents - in respect of total accidents (per hundred values),1,Urban road,2017,1.2987
A,Annual,ITC2,"'Valle d""'Aosta / Vallée d""'Aoste'",KILLEDINDX,Killed in road accidents - in respect of total accidents (per hundred values),1,Urban road,2018,2.06897
A,Annual,ITC2,"'Valle d""'Aosta / Vallée d""'Aoste'",KILLEDINDX,Killed in road accidents - in respect of total accidents (per hundred values),1,Urban road,2019,0.55249
A,Annual,ITC2,"'Valle d""'Aosta / Vallée d""'Aoste'",KILLEDINDX,Killed in road accidents - in respect of total accidents (per hundred values),1,Urban road,2022,1.60428
A,Annual,ITC2,"'Valle d""'Aosta / Vallée d""'Aoste'",KILLEDINDX,Killed in road accidents - in respect of total accidents (per hundred values),1,Urban road,2023,1.2987
A,Annual,ITC2,"'Valle d""'Aosta / Vallée d""'Aoste'",KILLEDINDX,Killed in road accidents - in respect of total accidents (per hundred values),1,Urban road,2024,0.66667
A,Annual,ITC2,"'Valle d""'Aosta / Vallée d""'Aoste'",KILLEDINDX,Killed in road accidents - in respect of total accidents (per hundred values),2,Motorway,2010,0
A,Annual,ITC2,"'Valle d""'Aosta / Vallée d""'Aoste'",KILLEDINDX,Killed in road accidents - in respect of total accidents (per hundred values),2,Motorway,2011,4.16667
A,Annual,ITC2,"'Valle d""'Aosta / Vallée d""'Aoste'",KILLEDINDX,Killed in road accidents - in respect of total accidents (per hundred values),2,Motorway,2012,13.63636
A,Annual,ITC2,"'Valle d""'Aosta / Vallée d""'Aoste'",KILLEDINDX,Killed in road accidents - in respect of total accidents (per hundred values),2,Motorway,2013,8.69565
A,Annual,ITC2,"'Valle d""'Aosta / Vallée d""'Aoste'",KILLEDINDX,Killed in road accidents - in respect of total accidents (per hundred values),2,Motorway,2014,5
A,Annual,ITC2,"'Valle d""'Aosta / Vallée d""'Aoste'",KILLEDINDX,Killed in road accidents - in respect of total accidents (per hundred values),2,Motorway,2017,8.69565
A,Annual,ITC2,"'Valle d""'Aosta / Vallée d""'Aoste'",KILLEDINDX,Killed in road accidents - in respect of total accidents (per hundred values),2,Motorway,2018,11.11111
A,Annual,ITC2,"'Valle d""'Aosta / Vallée d""'Aoste'",KILLEDINDX,Killed in road accidents - in respect of total accidents (per hundred values),2,Motorway,2022,6.25
A,Annual,ITC2,"'Valle d""'Aosta / Vallée d""'Aoste'",KILLEDINDX,Killed in road accidents - in respect of total accidents (per hundred values),3,Other roads,2010,4.08163
A,Annual,ITC2,"'Valle d""'Aosta / Vallée d""'Aoste'",KILLEDINDX,Killed in road accidents - in respect of total accidents (per hundred values),3,Other roads,2011,5.74713
A,Annual,ITC2,"'Valle d""'Aosta / Vallée d""'Aoste'",KILLEDINDX,Killed in road accidents - in respect of total accidents (per hundred values),3,Other roads,2012,6.18557
A,Annual,ITC2,"'Valle d""'Aosta / Vallée d""'Aoste'",KILLEDINDX,Killed in road accidents - in respect of total accidents (per hundred values),3,Other roads,2013,3.19149
A,Annual,ITC2,"'Valle d""'Aosta / Vallée d""'Aoste'",KILLEDINDX,Killed in road accidents - in respect of total accidents (per hundred values),3,Other roads,2014,9.41176
A,Annual,ITC2,"'Valle d""'Aosta / Vallée d""'Aoste'",KILLEDINDX,Killed in road accidents - in respect of total accidents (per hundred values),3,Other roads,2015,3.47826
A,Annual,ITC2,"'Valle d""'Aosta / Vallée d""'Aoste'",KILLEDINDX,Killed in road accidents - in respect of total accidents (per hundred values),3,Other roads,2016,2.88462
A,Annual,ITC2,"'Valle d""'Aosta / Vallée d""'Aoste'",KILLEDINDX,Killed in road accidents - in respect of total accidents (per hundred values),3,Other roads,2017,5.06329
A,Annual,ITC2,"'Valle d""'Aosta / Vallée d""'Aoste'",KILLEDINDX,Killed in road accidents - in respect of total accidents (per hundred values),3,Other roads,2018,6.73077
A,Annual,ITC2,"'Valle d""'Aosta / Vallée d""'Aoste'",KILLEDINDX,Killed in road accidents - in respect of total accidents (per hundred values),3,Other roads,2019,2.72727
A,Annual,ITC2,"'Valle d""'Aosta / Vallée d""'Aoste'",KILLEDINDX,Killed in road accidents - in respect of total accidents (per hundred values),3,Other roads,2021,1.07527
A,Annual,ITC2,"'Valle d""'Aosta / Vallée d""'Aoste'",KILLEDINDX,Killed in road accidents - in respect of total accidents (per hundred values),3,Other roads,2022,4.83871
A,Annual,ITC2,"'Valle d""'Aosta / Vallée d""'Aoste'",KILLEDINDX,Killed in road accidents - in respect of total accidents (per hundred values),3,Other roads,2023,2.6087
A,Annual,ITC2,"'Valle d""'Aosta / Vallée d""'Aoste'",KILLEDINDX,Killed in road accidents - in respect of total accidents (per hundred values),3,Other roads,2024,4.87805
A,Annual,ITC2,"'Valle d""'Aosta / Vallée d""'Aoste'",KILLEDINDX,Killed in road accidents - in respect of total accidents (per hundred values),9,Total,2010,2.97297
A,Annual,ITC2,"'Valle d""'Aosta / Vallée d""'Aoste'",KILLEDINDX,Killed in road accidents - in respect of total accidents (per hundred values),9,Total,2011,3.01003
A,Annual,ITC2,"'Valle d""'Aosta / Vallée d""'Aoste'",KILLEDINDX,Killed in road accidents - in respect of total accidents (per hundred values),9,Total,2012,3.72881
A,Annual,ITC2,"'Valle d""'Aosta / Vallée d""'Aoste'",KILLEDINDX,Killed in road accidents - in respect of total accidents (per hundred values),9,Total,2013,2.22222
A,Annual,ITC2,"'Valle d""'Aosta / Vallée d""'Aoste'",KILLEDINDX,Killed in road accidents - in respect of total accidents (per hundred values),9,Total,2014,4.40678
A,Annual,ITC2,"'Valle d""'Aosta / Vallée d""'Aoste'",KILLEDINDX,Killed in road accidents - in respect of total accidents (per hundred values),9,Total,2015,2.4735
A,Annual,ITC2,"'Valle d""'Aosta / Vallée d""'Aoste'",KILLEDINDX,Killed in road accidents - in respect of total accidents (per hundred values),9,Total,2016,1.05263
A,Annual,ITC2,"'Valle d""'Aosta / Vallée d""'Aoste'",KILLEDINDX,Killed in road accidents - in respect of total accidents (per hundred values),9,Total,2017,3.125
A,Annual,ITC2,"'Valle d""'Aosta / Vallée d""'Aoste'",KILLEDINDX,Killed in road accidents - in respect of total accidents (per hundred values),9,Total,2018,4.49438
A,Annual,ITC2,"'Valle d""'Aosta / Vallée d""'Aoste'",KILLEDINDX,Killed in road accidents - in respect of total accidents (per hundred values),9,Total,2019,1.27796
A,Annual,ITC2,"'Valle d""'Aosta / Vallée d""'Aoste'",KILLEDINDX,Killed in road accidents - in respect of total accidents (per hundred values),9,Total,2021,0.40486
A,Annual,ITC2,"'Valle d""'Aosta / Vallée d""'Aoste'",KILLEDINDX,Killed in road accidents - in respect of total accidents (per hundred values),9,Total,2022,3.0581
A,Annual,ITC2,"'Valle d""'Aosta / Vallée d""'Aoste'",KILLEDINDX,Killed in road accidents - in respect of total accidents (per hundred values),9,Total,2023,1.7301
A,Annual,ITC2,"'Valle d""'Aosta / Vallée d""'Aoste'",KILLEDINDX,Killed in road accidents - in respect of total accidents (per hundred values),9,Total,2024,2.33333
A,Annual,ITC3,Liguria,KILLEDINDX,Killed in road accidents - in respect of total accidents (per hundred values),1,Urban road,2010,0.61087
A,Annual,ITC3,Liguria,KILLEDINDX,Killed in road accidents - in respect of total accidents (per hundred values),1,Urban road,2011,0.61822
A,Annual,ITC3,Liguria,KILLEDINDX,Killed in road accidents - in respect of total accidents (per hundred values),1,Urban road,2012,0.79205
A,Annual,ITC3,Liguria,KILLEDINDX,Killed in road accidents - in respect of total accidents (per hundred values),1,Urban road,2013,0.66091
A,Annual,ITC3,Liguria,KILLEDINDX,Killed in road accidents - in respect of total accidents (per hundred values),1,Urban road,2014,0.48699
A,Annual,ITC3,Liguria,KILLEDINDX,Killed in road accidents - in respect of total accidents (per hundred values),1,Urban road,2015,0.80399
A,Annual,ITC3,Liguria,KILLEDINDX,Killed in road accidents - in respect of total accidents (per hundred values),1,Urban road,2016,0.47626
A,Annual,ITC3,Liguria,KILLEDINDX,Killed in road accidents - in respect of total accidents (per hundred values),1,Urban road,2017,0.76479
A,Annual,ITC3,Liguria,KILLEDINDX,Killed in road accidents - in respect of total accidents (per hundred values),1,Urban road,2018,0.72238
A,Annual,ITC3,Liguria,KILLEDINDX,Killed in road accidents - in respect of total accidents (per hundred values),1,Urban road,2019,0.59802
A,Annual,ITC3,Liguria,KILLEDINDX,Killed in road accidents - in respect of total accidents (per hundred values),1,Urban road,2020,0.9917
A,Annual,ITC3,Liguria,KILLEDINDX,Killed in road accidents - in respect of total accidents (per hundred values),1,Urban road,2021,0.59347
A,Annual,ITC3,Liguria,KILLEDINDX,Killed in road accidents - in respect of total accidents (per hundred values),1,Urban road,2022,0.45086
A,Annual,ITC3,Liguria,KILLEDINDX,Killed in road accidents - in respect of total accidents (per hundred values),1,Urban road,2023,0.49442
A,Annual,ITC3,Liguria,KILLEDINDX,Killed in road accidents - in respect of total accidents (per hundred values),1,Urban road,2024,0.44033
A,Annual,ITC3,Liguria,KILLEDINDX,Killed in road accidents - in respect of total accidents (per hundred values),2,Motorway,2010,1.68161
A,Annual,ITC3,Liguria,KILLEDINDX,Killed in road accidents - in respect of total accidents (per hundred values),2,Motorway,2011,1.84957
A,Annual,ITC3,Liguria,KILLEDINDX,Killed in road accidents - in respect of total accidents (per hundred values),2,Motorway,2012,1.92593
A,Annual,ITC3,Liguria,KILLEDINDX,Killed in road accidents - in respect of total accidents (per hundred values),2,Motorway,2013,2.3416
A,Annual,ITC3,Liguria,KILLEDINDX,Killed in road accidents - in respect of total accidents (per hundred values),2,Motorway,2014,1.36157
A,Annual,ITC3,Liguria,KILLEDINDX,Killed in road accidents - in respect of total accidents (per hundred values),2,Motorway,2015,2.09003
A,Annual,ITC3,Liguria,KILLEDINDX,Killed in road accidents - in respect of total accidents (per hundred values),2,Motorway,2016,1.16086
A,Annual,ITC3,Liguria,KILLEDINDX,Killed in road accidents - in respect of total accidents (per hundred values),2,Motorway,2017,1.65837
A,Annual,ITC3,Liguria,KILLEDINDX,Killed in road accidents - in respect of total accidents (per hundred values),2,Motorway,2018,8.69565
A,Annual,ITC3,Liguria,KILLEDINDX,Killed in road accidents - in respect of total accidents (per hundred values),2,Motorway,2019,1.82119
A,Annual,ITC3,Liguria,KILLEDINDX,Killed in road accidents - in respect of total accidents (per hundred values),2,Motorway,2020,1.59236
A,Annual,ITC3,Liguria,KILLEDINDX,Killed in road accidents - in respect of total accidents (per hundred values),2,Motorway,2021,1.80723
A,Annual,ITC3,Liguria,KILLEDINDX,Killed in road accidents - in respect of total accidents (per hundred values),2,Motorway,2022,2.1611
A,Annual,ITC3,Liguria,KILLEDINDX,Killed in road accidents - in respect of total accidents (per hundred values),2,Motorway,2023,0.70547
A,Annual,ITC3,Liguria,KILLEDINDX,Killed in road accidents - in respect of total accidents (per hundred values),2,Motorway,2024,2.05696
A,Annual,ITC3,Liguria,KILLEDINDX,Killed in road accidents - in respect of total accidents (per hundred values),3,Other roads,2010,3.04
A,Annual,ITC3,Liguria,KILLEDINDX,Killed in road accidents - in respect of total accidents (per hundred values),3,Other roads,2011,2.88288
A,Annual,ITC3,Liguria,KILLEDINDX,Killed in road accidents - in respect of total accidents (per hundred values),3,Other roads,2012,2.48062
A,Annual,ITC3,Liguria,KILLEDINDX,Killed in road accidents - in respect of total accidents (per hundred values),3,Other roads,2013,3.00158
A,Annual,ITC3,Liguria,KILLEDINDX,Killed in road accidents - in respect of total accidents (per hundred values),3,Other roads,2014,2.5974
A,Annual,ITC3,Liguria,KILLEDINDX,Killed in road accidents - in respect of total accidents (per hundred values),3,Other roads,2015,3.10881
A,Annual,ITC3,Liguria,KILLEDINDX,Killed in road accidents - in respect of total accidents (per hundred values),3,Other roads,2016,3.14815
A,Annual,ITC3,Liguria,KILLEDINDX,Killed in road accidents - in respect of total accidents (per hundred values),3,Other roads,2017,3.20513
A,Annual,ITC3,Liguria,KILLEDINDX,Killed in road accidents - in respect of total accidents (per hundred values),3,Other roads,2018,3.1405
A,Annual,ITC3,Liguria,KILLEDINDX,Killed in road accidents - in respect of total accidents (per hundred values),3,Other roads,2019,2.03735
A,Annual,ITC3,Liguria,KILLEDINDX,Killed in road accidents - in respect of total accidents (per hundred values),3,Other roads,2020,1.05042
A,Annual,ITC3,Liguria,KILLEDINDX,Killed in road accidents - in respect of total accidents (per hundred values),3,Other roads,2021,3.15615
A,Annual,ITC3,Liguria,KILLEDINDX,Killed in road accidents - in respect of total accidents (per hundred values),3,Other roads,2022,2.28571
A,Annual,ITC3,Liguria,KILLEDINDX,Killed in road accidents - in respect of total accidents (per hundred values),3,Other roads,2023,2.886
A,Annual,ITC3,Liguria,KILLEDINDX,Killed in road accidents - in respect of total accidents (per hundred values),3,Other roads,2024,2.69542
A,Annual,ITC3,Liguria,KILLEDINDX,Killed in road accidents - in respect of total accidents (per hundred values),9,Total,2010,0.8658
A,Annual,ITC3,Liguria,KILLEDINDX,Killed in road accidents - in respect of total accidents (per hundred values),9,Total,2011,0.86096
A,Annual,ITC3,Liguria,KILLEDINDX,Killed in road accidents - in respect of total accidents (per hundred values),9,Total,2012,1.00354
A,Annual,ITC3,Liguria,KILLEDINDX,Killed in road accidents - in respect of total accidents (per hundred values),9,Total,2013,0.96888
A,Annual,ITC3,Liguria,KILLEDINDX,Killed in road accidents - in respect of total accidents (per hundred values),9,Total,2014,0.69155
A,Annual,ITC3,Liguria,KILLEDINDX,Killed in road accidents - in respect of total accidents (per hundred values),9,Total,2015,1.05764
A,Annual,ITC3,Liguria,KILLEDINDX,Killed in road accidents - in respect of total accidents (per hundred values),9,Total,2016,0.70031
A,Annual,ITC3,Liguria,KILLEDINDX,Killed in road accidents - in respect of total accidents (per hundred values),9,Total,2017,1.0023
A,Annual,ITC3,Liguria,KILLEDINDX,Killed in road accidents - in respect of total accidents (per hundred values),9,Total,2018,1.4965
A,Annual,ITC3,Liguria,KILLEDINDX,Killed in road accidents - in respect of total accidents (per hundred values),9,Total,2019,0.79513
A,Annual,ITC3,Liguria,KILLEDINDX,Killed in road accidents - in respect of total accidents (per hundred values),9,Total,2020,1.02949
A,Annual,ITC3,Liguria,KILLEDINDX,Killed in road accidents - in respect of total accidents (per hundred values),9,Total,2021,0.89311
A,Annual,ITC3,Liguria,KILLEDINDX,Killed in road accidents - in respect of total accidents (per hundred values),9,Total,2022,0.72491
A,Annual,ITC3,Liguria,KILLEDINDX,Killed in road accidents - in respect of total accidents (per hundred values),9,Total,2023,0.73041
A,Annual,ITC3,Liguria,KILLEDINDX,Killed in road accidents - in respect of total accidents (per hundred values),9,Total,2024,0.77889
A,Annual,ITC4,Lombardia,KILLEDINDX,Killed in road accidents - in respect of total accidents (per hundred values),1,Urban road,2010,0.91757
A,Annual,ITC4,Lombardia,KILLEDINDX,Killed in road accidents - in respect of total accidents (per hundred values),1,Urban road,2011,0.88138
A,Annual,ITC4,Lombardia,KILLEDINDX,Killed in road accidents - in respect of total accidents (per hundred values),1,Urban road,2012,0.90878
A,Annual,ITC4,Lombardia,KILLEDINDX,Killed in road accidents - in respect of total accidents (per hundred values),1,Urban road,2013,0.7151
A,Annual,ITC4,Lombardia,KILLEDINDX,Killed in road accidents - in respect of total accidents (per hundred values),1,Urban road,2014,0.8991
A,Annual,ITC4,Lombardia,KILLEDINDX,Killed in road accidents - in respect of total accidents (per hundred values),1,Urban road,2015,0.92385
A,Annual,ITC4,Lombardia,KILLEDINDX,Killed in road accidents - in respect of total accidents (per hundred values),1,Urban road,2016,0.90421
A,Annual,ITC4,Lombardia,KILLEDINDX,Killed in road accidents - in respect of total accidents (per hundred values),1,Urban road,2017,0.85706
A,Annual,ITC4,Lombardia,KILLEDINDX,Killed in road accidents - in respect of total accidents (per hundred values),1,Urban road,2018,0.87257
A,Annual,ITC4,Lombardia,KILLEDINDX,Killed in road accidents - in respect of total accidents (per hundred values),1,Urban road,2019,0.74556
A,Annual,ITC4,Lombardia,KILLEDINDX,Killed in road accidents - in respect of total accidents (per hundred values),1,Urban road,2020,0.96379
A,Annual,ITC4,Lombardia,KILLEDINDX,Killed in road accidents - in respect of total accidents (per hundred values),1,Urban road,2021,0.89627
A,Annual,ITC4,Lombardia,KILLEDINDX,Killed in road accidents - in respect of total accidents (per hundred values),1,Urban road,2022,0.83791
A,Annual,ITC4,Lombardia,KILLEDINDX,Killed in road accidents - in respect of total accidents (per hundred values),1,Urban road,2023,0.80919
A,Annual,ITC4,Lombardia,KILLEDINDX,Killed in road accidents - in respect of total accidents (per hundred values),1,Urban road,2024,0.81989
A,Annual,ITC4,Lombardia,KILLEDINDX,Killed in road accidents - in respect of total accidents (per hundred values),2,Motorway,2010,2.71795
A,Annual,ITC4,Lombardia,KILLEDINDX,Killed in road accidents - in respect of total accidents (per hundred values),2,Motorway,2011,2.44041
A,Annual,ITC4,Lombardia,KILLEDINDX,Killed in road accidents - in respect of total accidents (per hundred values),2,Motorway,2012,3.33963
A,Annual,ITC4,Lombardia,KILLEDINDX,Killed in road accidents - in respect of total accidents (per hundred values),2,Motorway,2013,2.83267
A,Annual,ITC4,Lombardia,KILLEDINDX,Killed in road accidents - in respect of total accidents (per hundred values),2,Motorway,2014,2.31635
A,Annual,ITC4,Lombardia,KILLEDINDX,Killed in road accidents - in respect of total accidents (per hundred values),2,Motorway,2015,2.5195
A,Annual,ITC4,Lombardia,KILLEDINDX,Killed in road accidents - in respect of total accidents (per hundred values),2,Motorway,2016,2.23624
A,Annual,ITC4,Lombardia,KILLEDINDX,Killed in road accidents - in respect of total accidents (per hundred values),2,Motorway,2017,2.0074
A,Annual,ITC4,Lombardia,KILLEDINDX,Killed in road accidents - in respect of total accidents (per hundred values),2,Motorway,2018,2.49073
A,Annual,ITC4,Lombardia,KILLEDINDX,Killed in road accidents - in respect of total accidents (per hundred values),2,Motorway,2019,2.62295
A,Annual,ITC4,Lombardia,KILLEDINDX,Killed in road accidents - in respect of total accidents (per hundred values),2,Motorway,2020,3.07377
A,Annual,ITC4,Lombardia,KILLEDINDX,Killed in road accidents - in respect of total accidents (per hundred values),2,Motorway,2021,2.17096
A,Annual,ITC4,Lombardia,KILLEDINDX,Killed in road accidents - in respect of total accidents (per hundred values),2,Motorway,2022,2.39264
A,Annual,ITC4,Lombardia,KILLEDINDX,Killed in road accidents - in respect of total accidents (per hundred values),2,Motorway,2023,2.40627
A,Annual,ITC4,Lombardia,KILLEDINDX,Killed in road accidents - in respect of total accidents (per hundred values),2,Motorway,2024,2.05263
A,Annual,ITC4,Lombardia,KILLEDINDX,Killed in road accidents - in respect of total accidents (per hundred values),3,Other roads,2010,4.02574
A,Annual,ITC4,Lombardia,KILLEDINDX,Killed in road accidents - in respect of total accidents (per hundred values),3,Other roads,2011,4.45475
A,Annual,ITC4,Lombardia,KILLEDINDX,Killed in road accidents - in respect of total accidents (per hundred values),3,Other roads,2012,4.50433
A,Annual,ITC4,Lombardia,KILLEDINDX,Killed in road accidents - in respect of total accidents (per hundred values),3,Other roads,2013,3.83877
A,Annual,ITC4,Lombardia,KILLEDINDX,Killed in road accidents - in respect of total accidents (per hundred values),3,Other roads,2014,3.36927
A,Annual,ITC4,Lombardia,KILLEDINDX,Killed in road accidents - in respect of total accidents (per hundred values),3,Other roads,2015,3.7617
A,Annual,ITC4,Lombardia,KILLEDINDX,Killed in road accidents - in respect of total accidents (per hundred values),3,Other roads,2016,3.11895
A,Annual,ITC4,Lombardia,KILLEDINDX,Killed in road accidents - in respect of total accidents (per hundred values),3,Other roads,2017,3.14607
A,Annual,ITC4,Lombardia,KILLEDINDX,Killed in road accidents - in respect of total accidents (per hundred values),3,Other roads,2018,3.96112
A,Annual,ITC4,Lombardia,KILLEDINDX,Killed in road accidents - in respect of total accidents (per hundred values),3,Other roads,2019,3.6634
A,Annual,ITC4,Lombardia,KILLEDINDX,Killed in road accidents - in respect of total accidents (per hundred values),3,Other roads,2020,3.82709
A,Annual,ITC4,Lombardia,KILLEDINDX,Killed in road accidents - in respect of total accidents (per hundred values),3,Other roads,2021,3.26377
A,Annual,ITC4,Lombardia,KILLEDINDX,Killed in road accidents - in respect of total accidents (per hundred values),3,Other roads,2022,3.56999
A,Annual,ITC4,Lombardia,KILLEDINDX,Killed in road accidents - in respect of total accidents (per hundred values),3,Other roads,2023,3.03873
A,Annual,ITC4,Lombardia,KILLEDINDX,Killed in road accidents - in respect of total accidents (per hundred values),3,Other roads,2024,2.97824
A,Annual,ITC4,Lombardia,KILLEDINDX,Killed in road accidents - in respect of total accidents (per hundred values),9,Total,2010,1.43685
A,Annual,ITC4,Lombardia,KILLEDINDX,Killed in road accidents - in respect of total accidents (per hundred values),9,Total,2011,1.4328
A,Annual,ITC4,Lombardia,KILLEDINDX,Killed in road accidents - in respect of total accidents (per hundred values),9,Total,2012,1.54162
A,Annual,ITC4,Lombardia,KILLEDINDX,Killed in road accidents - in respect of total accidents (per hundred values),9,Total,2013,1.28835
A,Annual,ITC4,Lombardia,KILLEDINDX,Killed in road accidents - in respect of total accidents (per hundred values),9,Total,2014,1.35037
A,Annual,ITC4,Lombardia,KILLEDINDX,Killed in road accidents - in respect of total accidents (per hundred values),9,Total,2015,1.45847
A,Annual,ITC4,Lombardia,KILLEDINDX,Killed in road accidents - in respect of total accidents (per hundred values),9,Total,2016,1.32378
A,Annual,ITC4,Lombardia,KILLEDINDX,Killed in road accidents - in respect of total accidents (per hundred values),9,Total,2017,1.29946
A,Annual,ITC4,Lombardia,KILLEDINDX,Killed in road accidents - in respect of total accidents (per hundred values),9,Total,2018,1.48373
A,Annual,ITC4,Lombardia,KILLEDINDX,Killed in road accidents - in respect of total accidents (per hundred values),9,Total,2019,1.34521
A,Annual,ITC4,Lombardia,KILLEDINDX,Killed in road accidents - in respect of total accidents (per hundred values),9,Total,2020,1.58786
A,Annual,ITC4,Lombardia,KILLEDINDX,Killed in road accidents - in respect of total accidents (per hundred values),9,Total,2021,1.38169
A,Annual,ITC4,Lombardia,KILLEDINDX,Killed in road accidents - in respect of total accidents (per hundred values),9,Total,2022,1.39651
A,Annual,ITC4,Lombardia,KILLEDINDX,Killed in road accidents - in respect of total accidents (per hundred values),9,Total,2023,1.29154
A,Annual,ITC4,Lombardia,KILLEDINDX,Killed in road accidents - in respect of total accidents (per hundred values),9,Total,2024,1.27378
A,Annual,ITDA,Trentino Alto Adige / Südtirol,KILLEDINDX,Killed in road accidents - in respect of total accidents (per hundred values),1,Urban road,2010,1.2939
A,Annual,ITDA,Trentino Alto Adige / Südtirol,KILLEDINDX,Killed in road accidents - in respect of total accidents (per hundred values),1,Urban road,2011,0.88037
A,Annual,ITDA,Trentino Alto Adige / Südtirol,KILLEDINDX,Killed in road accidents - in respect of total accidents (per hundred values),1,Urban road,2012,0.93966
A,Annual,ITDA,Trentino Alto Adige / Südtirol,KILLEDINDX,Killed in road accidents - in respect of total accidents (per hundred values),1,Urban road,2013,0.77559
A,Annual,ITDA,Trentino Alto Adige / Südtirol,KILLEDINDX,Killed in road accidents - in respect of total accidents (per hundred values),1,Urban road,2014,0.76253
A,Annual,ITDA,Trentino Alto Adige / Südtirol,KILLEDINDX,Killed in road accidents - in respect of total accidents (per hundred values),1,Urban road,2015,0.91892
A,Annual,ITDA,Trentino Alto Adige / Südtirol,KILLEDINDX,Killed in road accidents - in respect of total accidents (per hundred values),1,Urban road,2016,0.90522
A,Annual,ITDA,Trentino Alto Adige / Südtirol,KILLEDINDX,Killed in road accidents - in respect of total accidents (per hundred values),1,Urban road,2017,1.02041
A,Annual,ITDA,Trentino Alto Adige / Südtirol,KILLEDINDX,Killed in road accidents - in respect of total accidents (per hundred values),1,Urban road,2018,0.39194
A,Annual,ITDA,Trentino Alto Adige / Südtirol,KILLEDINDX,Killed in road accidents - in respect of total accidents (per hundred values),1,Urban road,2019,0.89286
A,Annual,ITDA,Trentino Alto Adige / Südtirol,KILLEDINDX,Killed in road accidents - in respect of total accidents (per hundred values),1,Urban road,2020,0.489
A,Annual,ITDA,Trentino Alto Adige / Südtirol,KILLEDINDX,Killed in road accidents - in respect of total accidents (per hundred values),1,Urban road,2021,0.78176
A,Annual,ITDA,Trentino Alto Adige / Südtirol,KILLEDINDX,Killed in road accidents - in respect of total accidents (per hundred values),1,Urban road,2022,0.92492
A,Annual,ITDA,Trentino Alto Adige / Südtirol,KILLEDINDX,Killed in road accidents - in respect of total accidents (per hundred values),1,Urban road,2023,1.2813
A,Annual,ITDA,Trentino Alto Adige / Südtirol,KILLEDINDX,Killed in road accidents - in respect of total accidents (per hundred values),1,Urban road,2024,0.77705
A,Annual,ITDA,Trentino Alto Adige / Südtirol,KILLEDINDX,Killed in road accidents - in respect of total accidents (per hundred values),2,Motorway,2010,4.8
A,Annual,ITDA,Trentino Alto Adige / Südtirol,KILLEDINDX,Killed in road accidents - in respect of total accidents (per hundred values),2,Motorway,2011,7.84314
A,Annual,ITDA,Trentino Alto Adige / Südtirol,KILLEDINDX,Killed in road accidents - in respect of total accidents (per hundred values),2,Motorway,2012,6.55738
A,Annual,ITDA,Trentino Alto Adige / Südtirol,KILLEDINDX,Killed in road accidents - in respect of total accidents (per hundred values),2,Motorway,2013,0.8547
A,Annual,ITDA,Trentino Alto Adige / Südtirol,KILLEDINDX,Killed in road accidents - in respect of total accidents (per hundred values),2,Motorway,2014,3.00752
A,Annual,ITDA,Trentino Alto Adige / Südtirol,KILLEDINDX,Killed in road accidents - in respect of total accidents (per hundred values),2,Motorway,2015,5.64516
A,Annual,ITDA,Trentino Alto Adige / Südtirol,KILLEDINDX,Killed in road accidents - in respect of total accidents (per hundred values),2,Motorway,2016,8.13008
A,Annual,ITDA,Trentino Alto Adige / Südtirol,KILLEDINDX,Killed in road accidents - in respect of total accidents (per hundred values),2,Motorway,2017,6.25
A,Annual,ITDA,Trentino Alto Adige / Südtirol,KILLEDINDX,Killed in road accidents - in respect of total accidents (per hundred values),2,Motorway,2018,1.76991
A,Annual,ITDA,Trentino Alto Adige / Südtirol,KILLEDINDX,Killed in road accidents - in respect of total accidents (per hundred values),2,Motorway,2019,3.28947
A,Annual,ITDA,Trentino Alto Adige / Südtirol,KILLEDINDX,Killed in road accidents - in respect of total accidents (per hundred values),2,Motorway,2020,6.81818
A,Annual,ITDA,Trentino Alto Adige / Südtirol,KILLEDINDX,Killed in road accidents - in respect of total accidents (per hundred values),2,Motorway,2021,4.54545
A,Annual,ITDA,Trentino Alto Adige / Südtirol,KILLEDINDX,Killed in road accidents - in respect of total accidents (per hundred values),2,Motorway,2022,7.29927
A,Annual,ITDA,Trentino Alto Adige / Südtirol,KILLEDINDX,Killed in road accidents - in respect of total accidents (per hundred values),2,Motorway,2023,2.41935
A,Annual,ITDA,Trentino Alto Adige / Südtirol,KILLEDINDX,Killed in road accidents - in respect of total accidents (per hundred values),2,Motorway,2024,4.08163
A,Annual,ITDA,Trentino Alto Adige / Südtirol,KILLEDINDX,Killed in road accidents - in respect of total accidents (per hundred values),3,Other roads,2010,3.66972
A,Annual,ITDA,Trentino Alto Adige / Südtirol,KILLEDINDX,Killed in road accidents - in respect of total accidents (per hundred values),3,Other roads,2011,3.44468
A,Annual,ITDA,Trentino Alto Adige / Südtirol,KILLEDINDX,Killed in road accidents - in respect of total accidents (per hundred values),3,Other roads,2012,4.10714
A,Annual,ITDA,Trentino Alto Adige / Südtirol,KILLEDINDX,Killed in road accidents - in respect of total accidents (per hundred values),3,Other roads,2013,3.84615
A,Annual,ITDA,Trentino Alto Adige / Südtirol,KILLEDINDX,Killed in road accidents - in respect of total accidents (per hundred values),3,Other roads,2014,4.06583
A,Annual,ITDA,Trentino Alto Adige / Südtirol,KILLEDINDX,Killed in road accidents - in respect of total accidents (per hundred values),3,Other roads,2015,5.00928
A,Annual,ITDA,Trentino Alto Adige / Südtirol,KILLEDINDX,Killed in road accidents - in respect of total accidents (per hundred values),3,Other roads,2016,3.89493
A,Annual,ITDA,Trentino Alto Adige / Südtirol,KILLEDINDX,Killed in road accidents - in respect of total accidents (per hundred values),3,Other roads,2017,2.94906
A,Annual,ITDA,Trentino Alto Adige / Südtirol,KILLEDINDX,Killed in road accidents - in respect of total accidents (per hundred values),3,Other roads,2018,4.5
A,Annual,ITDA,Trentino Alto Adige / Südtirol,KILLEDINDX,Killed in road accidents - in respect of total accidents (per hundred values),3,Other roads,2019,4.44444
A,Annual,ITDA,Trentino Alto Adige / Südtirol,KILLEDINDX,Killed in road accidents - in respect of total accidents (per hundred values),3,Other roads,2020,5.47264
A,Annual,ITDA,Trentino Alto Adige / Südtirol,KILLEDINDX,Killed in road accidents - in respect of total accidents (per hundred values),3,Other roads,2021,3.29218
A,Annual,ITDA,Trentino Alto Adige / Südtirol,KILLEDINDX,Killed in road accidents - in respect of total accidents (per hundred values),3,Other roads,2022,3.40314
A,Annual,ITDA,Trentino Alto Adige / Südtirol,KILLEDINDX,Killed in road accidents - in respect of total accidents (per hundred values),3,Other roads,2023,3.78913
A,Annual,ITDA,Trentino Alto Adige / Südtirol,KILLEDINDX,Killed in road accidents - in respect of total accidents (per hundred values),3,Other roads,2024,4.22886
A,Annual,ITDA,Trentino Alto Adige / Südtirol,KILLEDINDX,Killed in road accidents - in respect of total accidents (per hundred values),9,Total,2010,2.25191
A,Annual,ITDA,Trentino Alto Adige / Südtirol,KILLEDINDX,Killed in road accidents - in respect of total accidents (per hundred values),9,Total,2011,1.93915
A,Annual,ITDA,Trentino Alto Adige / Südtirol,KILLEDINDX,Killed in road accidents - in respect of total accidents (per hundred values),9,Total,2012,2.23652
A,Annual,ITDA,Trentino Alto Adige / Südtirol,KILLEDINDX,Killed in road accidents - in respect of total accidents (per hundred values),9,Total,2013,1.86179
A,Annual,ITDA,Trentino Alto Adige / Südtirol,KILLEDINDX,Killed in road accidents - in respect of total accidents (per hundred values),9,Total,2014,1.99867
A,Annual,ITDA,Trentino Alto Adige / Südtirol,KILLEDINDX,Killed in road accidents - in respect of total accidents (per hundred values),9,Total,2015,2.5557
A,Annual,ITDA,Trentino Alto Adige / Südtirol,KILLEDINDX,Killed in road accidents - in respect of total accidents (per hundred values),9,Total,2016,2.25443
A,Annual,ITDA,Trentino Alto Adige / Südtirol,KILLEDINDX,Killed in road accidents - in respect of total accidents (per hundred values),9,Total,2017,1.95948
A,Annual,ITDA,Trentino Alto Adige / Südtirol,KILLEDINDX,Killed in road accidents - in respect of total accidents (per hundred values),9,Total,2018,2.03291
A,Annual,ITDA,Trentino Alto Adige / Südtirol,KILLEDINDX,Killed in road accidents - in respect of total accidents (per hundred values),9,Total,2019,2.31346
A,Annual,ITDA,Trentino Alto Adige / Südtirol,KILLEDINDX,Killed in road accidents - in respect of total accidents (per hundred values),9,Total,2020,2.64276
A,Annual,ITDA,Trentino Alto Adige / Südtirol,KILLEDINDX,Killed in road accidents - in respect of total accidents (per hundred values),9,Total,2021,1.87237
A,Annual,ITDA,Trentino Alto Adige / Südtirol,KILLEDINDX,Killed in road accidents - in respect of total accidents (per hundred values),9,Total,2022,2.11471
A,Annual,ITDA,Trentino Alto Adige / Südtirol,KILLEDINDX,Killed in road accidents - in respect of total accidents (per hundred values),9,Total,2023,2.32406
A,Annual,ITDA,Trentino Alto Adige / Südtirol,KILLEDINDX,Killed in road accidents - in respect of total accidents (per hundred values),9,Total,2024,2.31328
A,Annual,ITD1,Provincia Autonoma Bolzano / Bozen,KILLEDINDX,Killed in road accidents - in respect of total accidents (per hundred values),1,Urban road,2010,1.79445
A,Annual,ITD1,Provincia Autonoma Bolzano / Bozen,KILLEDINDX,Killed in road accidents - in respect of total accidents (per hundred values),1,Urban road,2011,1.02564
A,Annual,ITD1,Provincia Autonoma Bolzano / Bozen,KILLEDINDX,Killed in road accidents - in respect of total accidents (per hundred values),1,Urban road,2012,0.65421
A,Annual,ITD1,Provincia Autonoma Bolzano / Bozen,KILLEDINDX,Killed in road accidents - in respect of total accidents (per hundred values),1,Urban road,2013,0.78355
A,Annual,ITD1,Provincia Autonoma Bolzano / Bozen,KILLEDINDX,Killed in road accidents - in respect of total accidents (per hundred values),1,Urban road,2014,0.6383
A,Annual,ITD1,Provincia Autonoma Bolzano / Bozen,KILLEDINDX,Killed in road accidents - in respect of total accidents (per hundred values),1,Urban road,2015,0.60976
A,Annual,ITD1,Provincia Autonoma Bolzano / Bozen,KILLEDINDX,Killed in road accidents - in respect of total accidents (per hundred values),1,Urban road,2016,0.80645
A,Annual,ITD1,Provincia Autonoma Bolzano / Bozen,KILLEDINDX,Killed in road accidents - in respect of total accidents (per hundred values),1,Urban road,2017,1.2024
A,Annual,ITD1,Provincia Autonoma Bolzano / Bozen,KILLEDINDX,Killed in road accidents - in respect of total accidents (per hundred values),1,Urban road,2018,0.41068
A,Annual,ITD1,Provincia Autonoma Bolzano / Bozen,KILLEDINDX,Killed in road accidents - in respect of total accidents (per hundred values),1,Urban road,2019,0.92688
A,Annual,ITD1,Provincia Autonoma Bolzano / Bozen,KILLEDINDX,Killed in road accidents - in respect of total accidents (per hundred values),1,Urban road,2020,0.41783
A,Annual,ITD1,Provincia Autonoma Bolzano / Bozen,KILLEDINDX,Killed in road accidents - in respect of total accidents (per hundred values),1,Urban road,2021,0.6689
A,Annual,ITD1,Provincia Autonoma Bolzano / Bozen,KILLEDINDX,Killed in road accidents - in respect of total accidents (per hundred values),1,Urban road,2022,0.82721
A,Annual,ITD1,Provincia Autonoma Bolzano / Bozen,KILLEDINDX,Killed in road accidents - in respect of total accidents (per hundred values),1,Urban road,2023,0.84507
A,Annual,ITD1,Provincia Autonoma Bolzano / Bozen,KILLEDINDX,Killed in road accidents - in respect of total accidents (per hundred values),1,Urban road,2024,0.39101
A,Annual,ITD1,Provincia Autonoma Bolzano / Bozen,KILLEDINDX,Killed in road accidents - in respect of total accidents (per hundred values),2,Motorway,2010,4.34783
A,Annual,ITD1,Provincia Autonoma Bolzano / Bozen,KILLEDINDX,Killed in road accidents - in respect of total accidents (per hundred values),2,Motorway,2011,11.29032
A,Annual,ITD1,Provincia Autonoma Bolzano / Bozen,KILLEDINDX,Killed in road accidents - in respect of total accidents (per hundred values),2,Motorway,2012,5.12821
A,Annual,ITD1,Provincia Autonoma Bolzano / Bozen,KILLEDINDX,Killed in road accidents - in respect of total accidents (per hundred values),2,Motorway,2014,2.38095
A,Annual,ITD1,Provincia Autonoma Bolzano / Bozen,KILLEDINDX,Killed in road accidents - in respect of total accidents (per hundred values),2,Motorway,2015,5.7971
A,Annual,ITD1,Provincia Autonoma Bolzano / Bozen,KILLEDINDX,Killed in road accidents - in respect of total accidents (per hundred values),2,Motorway,2016,7.31707
A,Annual,ITD1,Provincia Autonoma Bolzano / Bozen,KILLEDINDX,Killed in road accidents - in respect of total accidents (per hundred values),2,Motorway,2017,2.85714
A,Annual,ITD1,Provincia Autonoma Bolzano / Bozen,KILLEDINDX,Killed in road accidents - in respect of total accidents (per hundred values),2,Motorway,2018,3.0303
A,Annual,ITD1,Provincia Autonoma Bolzano / Bozen,KILLEDINDX,Killed in road accidents - in respect of total accidents (per hundred values),2,Motorway,2019,4
A,Annual,ITD1,Provincia Autonoma Bolzano / Bozen,KILLEDINDX,Killed in road accidents - in respect of total accidents (per hundred values),2,Motorway,2020,1.96078
A,Annual,ITD1,Provincia Autonoma Bolzano / Bozen,KILLEDINDX,Killed in road accidents - in respect of total accidents (per hundred values),2,Motorway,2021,3.1746
A,Annual,ITD1,Provincia Autonoma Bolzano / Bozen,KILLEDINDX,Killed in road accidents - in respect of total accidents (per hundred values),2,Motorway,2022,5.12821
A,Annual,ITD1,Provincia Autonoma Bolzano / Bozen,KILLEDINDX,Killed in road accidents - in respect of total accidents (per hundred values),2,Motorway,2023,1.14943
A,Annual,ITD1,Provincia Autonoma Bolzano / Bozen,KILLEDINDX,Killed in road accidents - in respect of total accidents (per hundred values),2,Motorway,2024,4.5977
A,Annual,ITD1,Provincia Autonoma Bolzano / Bozen,KILLEDINDX,Killed in road accidents - in respect of total accidents (per hundred values),3,Other roads,2010,3.61991
A,Annual,ITD1,Provincia Autonoma Bolzano / Bozen,KILLEDINDX,Killed in road accidents - in respect of total accidents (per hundred values),3,Other roads,2011,4.09091
A,Annual,ITD1,Provincia Autonoma Bolzano / Bozen,KILLEDINDX,Killed in road accidents - in respect of total accidents (per hundred values),3,Other roads,2012,3.87722
A,Annual,ITD1,Provincia Autonoma Bolzano / Bozen,KILLEDINDX,Killed in road accidents - in respect of total accidents (per hundred values),3,Other roads,2013,3.89831
A,Annual,ITD1,Provincia Autonoma Bolzano / Bozen,KILLEDINDX,Killed in road accidents - in respect of total accidents (per hundred values),3,Other roads,2014,4.26288
A,Annual,ITD1,Provincia Autonoma Bolzano / Bozen,KILLEDINDX,Killed in road accidents - in respect of total accidents (per hundred values),3,Other roads,2015,4.39932
A,Annual,ITD1,Provincia Autonoma Bolzano / Bozen,KILLEDINDX,Killed in road accidents - in respect of total accidents (per hundred values),3,Other roads,2016,3.58209
A,Annual,ITD1,Provincia Autonoma Bolzano / Bozen,KILLEDINDX,Killed in road accidents - in respect of total accidents (per hundred values),3,Other roads,2017,2.72572
A,Annual,ITD1,Provincia Autonoma Bolzano / Bozen,KILLEDINDX,Killed in road accidents - in respect of total accidents (per hundred values),3,Other roads,2018,4.05405
A,Annual,ITD1,Provincia Autonoma Bolzano / Bozen,KILLEDINDX,Killed in road accidents - in respect of total accidents (per hundred values),3,Other roads,2019,5.29695
A,Annual,ITD1,Provincia Autonoma Bolzano / Bozen,KILLEDINDX,Killed in road accidents - in respect of total accidents (per hundred values),3,Other roads,2020,5.74468
A,Annual,ITD1,Provincia Autonoma Bolzano / Bozen,KILLEDINDX,Killed in road accidents - in respect of total accidents (per hundred values),3,Other roads,2021,3.00752
A,Annual,ITD1,Provincia Autonoma Bolzano / Bozen,KILLEDINDX,Killed in road accidents - in respect of total accidents (per hundred values),3,Other roads,2022,3.28407
A,Annual,ITD1,Provincia Autonoma Bolzano / Bozen,KILLEDINDX,Killed in road accidents - in respect of total accidents (per hundred values),3,Other roads,2023,4.07166
A,Annual,ITD1,Provincia Autonoma Bolzano / Bozen,KILLEDINDX,Killed in road accidents - in respect of total accidents (per hundred values),3,Other roads,2024,3.94737
A,Annual,ITD1,Provincia Autonoma Bolzano / Bozen,KILLEDINDX,Killed in road accidents - in respect of total accidents (per hundred values),9,Total,2010,2.66904
A,Annual,ITD1,Provincia Autonoma Bolzano / Bozen,KILLEDINDX,Killed in road accidents - in respect of total accidents (per hundred values),9,Total,2011,2.36967
A,Annual,ITD1,Provincia Autonoma Bolzano / Bozen,KILLEDINDX,Killed in road accidents - in respect of total accidents (per hundred values),9,Total,2012,1.98076
A,Annual,ITD1,Provincia Autonoma Bolzano / Bozen,KILLEDINDX,Killed in road accidents - in respect of total accidents (per hundred values),9,Total,2013,1.83432
A,Annual,ITD1,Provincia Autonoma Bolzano / Bozen,KILLEDINDX,Killed in road accidents - in respect of total accidents (per hundred values),9,Total,2014,2.01638
A,Annual,ITD1,Provincia Autonoma Bolzano / Bozen,KILLEDINDX,Killed in road accidents - in respect of total accidents (per hundred values),9,Total,2015,2.18978
A,Annual,ITD1,Provincia Autonoma Bolzano / Bozen,KILLEDINDX,Killed in road accidents - in respect of total accidents (per hundred values),9,Total,2016,2.1789
A,Annual,ITD1,Provincia Autonoma Bolzano / Bozen,KILLEDINDX,Killed in road accidents - in respect of total accidents (per hundred values),9,Total,2017,1.81269
A,Annual,ITD1,Provincia Autonoma Bolzano / Bozen,KILLEDINDX,Killed in road accidents - in respect of total accidents (per hundred values),9,Total,2018,1.93435
A,Annual,ITD1,Provincia Autonoma Bolzano / Bozen,KILLEDINDX,Killed in road accidents - in respect of total accidents (per hundred values),9,Total,2019,2.71547
A,Annual,ITD1,Provincia Autonoma Bolzano / Bozen,KILLEDINDX,Killed in road accidents - in respect of total accidents (per hundred values),9,Total,2020,2.50202
A,Annual,ITD1,Provincia Autonoma Bolzano / Bozen,KILLEDINDX,Killed in road accidents - in respect of total accidents (per hundred values),9,Total,2021,1.60858
A,Annual,ITD1,Provincia Autonoma Bolzano / Bozen,KILLEDINDX,Killed in road accidents - in respect of total accidents (per hundred values),9,Total,2022,1.85915
A,Annual,ITD1,Provincia Autonoma Bolzano / Bozen,KILLEDINDX,Killed in road accidents - in respect of total accidents (per hundred values),9,Total,2023,1.98188
A,Annual,ITD1,Provincia Autonoma Bolzano / Bozen,KILLEDINDX,Killed in road accidents - in respect of total accidents (per hundred values),9,Total,2024,1.86263
A,Annual,ITD2,Provincia Autonoma Trento,KILLEDINDX,Killed in road accidents - in respect of total accidents (per hundred values),1,Urban road,2010,0.9901
A,Annual,ITD2,Provincia Autonoma Trento,KILLEDINDX,Killed in road accidents - in respect of total accidents (per hundred values),1,Urban road,2011,0.73222
A,Annual,ITD2,Provincia Autonoma Trento,KILLEDINDX,Killed in road accidents - in respect of total accidents (per hundred values),1,Urban road,2012,1.2605
A,Annual,ITD2,Provincia Autonoma Trento,KILLEDINDX,Killed in road accidents - in respect of total accidents (per hundred values),1,Urban road,2013,0.7667
A,Annual,ITD2,Provincia Autonoma Trento,KILLEDINDX,Killed in road accidents - in respect of total accidents (per hundred values),1,Urban road,2014,0.89286
A,Annual,ITD2,Provincia Autonoma Trento,KILLEDINDX,Killed in road accidents - in respect of total accidents (per hundred values),1,Urban road,2015,1.27021
A,Annual,ITD2,Provincia Autonoma Trento,KILLEDINDX,Killed in road accidents - in respect of total accidents (per hundred values),1,Urban road,2016,1.0158
A,Annual,ITD2,Provincia Autonoma Trento,KILLEDINDX,Killed in road accidents - in respect of total accidents (per hundred values),1,Urban road,2017,0.78329
A,Annual,ITD2,Provincia Autonoma Trento,KILLEDINDX,Killed in road accidents - in respect of total accidents (per hundred values),1,Urban road,2018,0.36946
A,Annual,ITD2,Provincia Autonoma Trento,KILLEDINDX,Killed in road accidents - in respect of total accidents (per hundred values),1,Urban road,2019,0.85262
A,Annual,ITD2,Provincia Autonoma Trento,KILLEDINDX,Killed in road accidents - in respect of total accidents (per hundred values),1,Urban road,2020,0.58939
A,Annual,ITD2,Provincia Autonoma Trento,KILLEDINDX,Killed in road accidents - in respect of total accidents (per hundred values),1,Urban road,2021,0.94044
A,Annual,ITD2,Provincia Autonoma Trento,KILLEDINDX,Killed in road accidents - in respect of total accidents (per hundred values),1,Urban road,2022,1.06667
A,Annual,ITD2,Provincia Autonoma Trento,KILLEDINDX,Killed in road accidents - in respect of total accidents (per hundred values),1,Urban road,2023,1.99387
A,Annual,ITD2,Provincia Autonoma Trento,KILLEDINDX,Killed in road accidents - in respect of total accidents (per hundred values),1,Urban road,2024,1.38462
A,Annual,ITD2,Provincia Autonoma Trento,KILLEDINDX,Killed in road accidents - in respect of total accidents (per hundred values),2,Motorway,2010,5.35714
A,Annual,ITD2,Provincia Autonoma Trento,KILLEDINDX,Killed in road accidents - in respect of total accidents (per hundred values),2,Motorway,2011,2.5
A,Annual,ITD2,Provincia Autonoma Trento,KILLEDINDX,Killed in road accidents - in respect of total accidents (per hundred values),2,Motorway,2012,9.09091
A,Annual,ITD2,Provincia Autonoma Trento,KILLEDINDX,Killed in road accidents - in respect of total accidents (per hundred values),2,Motorway,2013,2.63158
A,Annual,ITD2,Provincia Autonoma Trento,KILLEDINDX,Killed in road accidents - in respect of total accidents (per hundred values),2,Motorway,2014,4.08163
A,Annual,ITD2,Provincia Autonoma Trento,KILLEDINDX,Killed in road accidents - in respect of total accidents (per hundred values),2,Motorway,2015,5.45455
A,Annual,ITD2,Provincia Autonoma Trento,KILLEDINDX,Killed in road accidents - in respect of total accidents (per hundred values),2,Motorway,2016,9.7561
A,Annual,ITD2,Provincia Autonoma Trento,KILLEDINDX,Killed in road accidents - in respect of total accidents (per hundred values),2,Motorway,2017,10.34483
A,Annual,ITD2,Provincia Autonoma Trento,KILLEDINDX,Killed in road accidents - in respect of total accidents (per hundred values),2,Motorway,2019,1.92308
A,Annual,ITD2,Provincia Autonoma Trento,KILLEDINDX,Killed in road accidents - in respect of total accidents (per hundred values),2,Motorway,2020,13.51351
A,Annual,ITD2,Provincia Autonoma Trento,KILLEDINDX,Killed in road accidents - in respect of total accidents (per hundred values),2,Motorway,2021,6.38298
A,Annual,ITD2,Provincia Autonoma Trento,KILLEDINDX,Killed in road accidents - in respect of total accidents (per hundred values),2,Motorway,2022,10.16949
A,Annual,ITD2,Provincia Autonoma Trento,KILLEDINDX,Killed in road accidents - in respect of total accidents (per hundred values),2,Motorway,2023,5.40541
A,Annual,ITD2,Provincia Autonoma Trento,KILLEDINDX,Killed in road accidents - in respect of total accidents (per hundred values),2,Motorway,2024,3.33333
A,Annual,ITD2,Provincia Autonoma Trento,KILLEDINDX,Killed in road accidents - in respect of total accidents (per hundred values),3,Other roads,2010,3.72093
A,Annual,ITD2,Provincia Autonoma Trento,KILLEDINDX,Killed in road accidents - in respect of total accidents (per hundred values),3,Other roads,2011,2.89575
A,Annual,ITD2,Provincia Autonoma Trento,KILLEDINDX,Killed in road accidents - in respect of total accidents (per hundred values),3,Other roads,2012,4.39122
A,Annual,ITD2,Provincia Autonoma Trento,KILLEDINDX,Killed in road accidents - in respect of total accidents (per hundred values),3,Other roads,2013,3.78788
A,Annual,ITD2,Provincia Autonoma Trento,KILLEDINDX,Killed in road accidents - in respect of total accidents (per hundred values),3,Other roads,2014,3.82979
A,Annual,ITD2,Provincia Autonoma Trento,KILLEDINDX,Killed in road accidents - in respect of total accidents (per hundred values),3,Other roads,2015,5.74949
A,Annual,ITD2,Provincia Autonoma Trento,KILLEDINDX,Killed in road accidents - in respect of total accidents (per hundred values),3,Other roads,2016,4.37788
A,Annual,ITD2,Provincia Autonoma Trento,KILLEDINDX,Killed in road accidents - in respect of total accidents (per hundred values),3,Other roads,2017,3.19549
A,Annual,ITD2,Provincia Autonoma Trento,KILLEDINDX,Killed in road accidents - in respect of total accidents (per hundred values),3,Other roads,2018,5.05618
A,Annual,ITD2,Provincia Autonoma Trento,KILLEDINDX,Killed in road accidents - in respect of total accidents (per hundred values),3,Other roads,2019,3.38645
A,Annual,ITD2,Provincia Autonoma Trento,KILLEDINDX,Killed in road accidents - in respect of total accidents (per hundred values),3,Other roads,2020,5.08982
A,Annual,ITD2,Provincia Autonoma Trento,KILLEDINDX,Killed in road accidents - in respect of total accidents (per hundred values),3,Other roads,2021,3.63636
A,Annual,ITD2,Provincia Autonoma Trento,KILLEDINDX,Killed in road accidents - in respect of total accidents (per hundred values),3,Other roads,2022,3.53818
A,Annual,ITD2,Provincia Autonoma Trento,KILLEDINDX,Killed in road accidents - in respect of total accidents (per hundred values),3,Other roads,2023,3.5
A,Annual,ITD2,Provincia Autonoma Trento,KILLEDINDX,Killed in road accidents - in respect of total accidents (per hundred values),3,Other roads,2024,4.51505
A,Annual,ITD2,Provincia Autonoma Trento,KILLEDINDX,Killed in road accidents - in respect of total accidents (per hundred values),9,Total,2010,1.9385
A,Annual,ITD2,Provincia Autonoma Trento,KILLEDINDX,Killed in road accidents - in respect of total accidents (per hundred values),9,Total,2011,1.51915
A,Annual,ITD2,Provincia Autonoma Trento,KILLEDINDX,Killed in road accidents - in respect of total accidents (per hundred values),9,Total,2012,2.53841
A,Annual,ITD2,Provincia Autonoma Trento,KILLEDINDX,Killed in road accidents - in respect of total accidents (per hundred values),9,Total,2013,1.89317
A,Annual,ITD2,Provincia Autonoma Trento,KILLEDINDX,Killed in road accidents - in respect of total accidents (per hundred values),9,Total,2014,1.9788
A,Annual,ITD2,Provincia Autonoma Trento,KILLEDINDX,Killed in road accidents - in respect of total accidents (per hundred values),9,Total,2015,2.98295
A,Annual,ITD2,Provincia Autonoma Trento,KILLEDINDX,Killed in road accidents - in respect of total accidents (per hundred values),9,Total,2016,2.35121
A,Annual,ITD2,Provincia Autonoma Trento,KILLEDINDX,Killed in road accidents - in respect of total accidents (per hundred values),9,Total,2017,2.13864
A,Annual,ITD2,Provincia Autonoma Trento,KILLEDINDX,Killed in road accidents - in respect of total accidents (per hundred values),9,Total,2018,2.15363
A,Annual,ITD2,Provincia Autonoma Trento,KILLEDINDX,Killed in road accidents - in respect of total accidents (per hundred values),9,Total,2019,1.81818
A,Annual,ITD2,Provincia Autonoma Trento,KILLEDINDX,Killed in road accidents - in respect of total accidents (per hundred values),9,Total,2020,2.84091
A,Annual,ITD2,Provincia Autonoma Trento,KILLEDINDX,Killed in road accidents - in respect of total accidents (per hundred values),9,Total,2021,2.22222
A,Annual,ITD2,Provincia Autonoma Trento,KILLEDINDX,Killed in road accidents - in respect of total accidents (per hundred values),9,Total,2022,2.45171
A,Annual,ITD2,Provincia Autonoma Trento,KILLEDINDX,Killed in road accidents - in respect of total accidents (per hundred values),9,Total,2023,2.79286
A,Annual,ITD2,Provincia Autonoma Trento,KILLEDINDX,Killed in road accidents - in respect of total accidents (per hundred values),9,Total,2024,2.9052
A,Annual,ITD3,Veneto,KILLEDINDX,Killed in road accidents - in respect of total accidents (per hundred values),1,Urban road,2010,1.46654
A,Annual,ITD3,Veneto,KILLEDINDX,Killed in road accidents - in respect of total accidents (per hundred values),1,Urban road,2011,1.58716
A,Annual,ITD3,Veneto,KILLEDINDX,Killed in road accidents - in respect of total accidents (per hundred values),1,Urban road,2012,1.53517
A,Annual,ITD3,Veneto,KILLEDINDX,Killed in road accidents - in respect of total accidents (per hundred values),1,Urban road,2013,1.21095
A,Annual,ITD3,Veneto,KILLEDINDX,Killed in road accidents - in respect of total accidents (per hundred values),1,Urban road,2014,1.53831
A,Annual,ITD3,Veneto,KILLEDINDX,Killed in road accidents - in respect of total accidents (per hundred values),1,Urban road,2015,1.31716
A,Annual,ITD3,Veneto,KILLEDINDX,Killed in road accidents - in respect of total accidents (per hundred values),1,Urban road,2016,1.61668
A,Annual,ITD3,Veneto,KILLEDINDX,Killed in road accidents - in respect of total accidents (per hundred values),1,Urban road,2017,1.34144
A,Annual,ITD3,Veneto,KILLEDINDX,Killed in road accidents - in respect of total accidents (per hundred values),1,Urban road,2018,1.44793
A,Annual,ITD3,Veneto,KILLEDINDX,Killed in road accidents - in respect of total accidents (per hundred values),1,Urban road,2019,1.4868
A,Annual,ITD3,Veneto,KILLEDINDX,Killed in road accidents - in respect of total accidents (per hundred values),1,Urban road,2020,1.6129
A,Annual,ITD3,Veneto,KILLEDINDX,Killed in road accidents - in respect of total accidents (per hundred values),1,Urban road,2021,1.48886
A,Annual,ITD3,Veneto,KILLEDINDX,Killed in road accidents - in respect of total accidents (per hundred values),1,Urban road,2022,1.38543
A,Annual,ITD3,Veneto,KILLEDINDX,Killed in road accidents - in respect of total accidents (per hundred values),1,Urban road,2023,1.48665
A,Annual,ITD3,Veneto,KILLEDINDX,Killed in road accidents - in respect of total accidents (per hundred values),1,Urban road,2024,1.37446
A,Annual,ITD3,Veneto,KILLEDINDX,Killed in road accidents - in respect of total accidents (per hundred values),2,Motorway,2010,5.69211
A,Annual,ITD3,Veneto,KILLEDINDX,Killed in road accidents - in respect of total accidents (per hundred values),2,Motorway,2011,2.90237
A,Annual,ITD3,Veneto,KILLEDINDX,Killed in road accidents - in respect of total accidents (per hundred values),2,Motorway,2012,4.85437
A,Annual,ITD3,Veneto,KILLEDINDX,Killed in road accidents - in respect of total accidents (per hundred values),2,Motorway,2013,2.14286
A,Annual,ITD3,Veneto,KILLEDINDX,Killed in road accidents - in respect of total accidents (per hundred values),2,Motorway,2014,3.66972
A,Annual,ITD3,Veneto,KILLEDINDX,Killed in road accidents - in respect of total accidents (per hundred values),2,Motorway,2015,3.13589
A,Annual,ITD3,Veneto,KILLEDINDX,Killed in road accidents - in respect of total accidents (per hundred values),2,Motorway,2016,4.55259
A,Annual,ITD3,Veneto,KILLEDINDX,Killed in road accidents - in respect of total accidents (per hundred values),2,Motorway,2017,5.38462
A,Annual,ITD3,Veneto,KILLEDINDX,Killed in road accidents - in respect of total accidents (per hundred values),2,Motorway,2018,4.55975
A,Annual,ITD3,Veneto,KILLEDINDX,Killed in road accidents - in respect of total accidents (per hundred values),2,Motorway,2019,4.59184
A,Annual,ITD3,Veneto,KILLEDINDX,Killed in road accidents - in respect of total accidents (per hundred values),2,Motorway,2020,3.71429
A,Annual,ITD3,Veneto,KILLEDINDX,Killed in road accidents - in respect of total accidents (per hundred values),2,Motorway,2021,5.04854
A,Annual,ITD3,Veneto,KILLEDINDX,Killed in road accidents - in respect of total accidents (per hundred values),2,Motorway,2022,2.94627
A,Annual,ITD3,Veneto,KILLEDINDX,Killed in road accidents - in respect of total accidents (per hundred values),2,Motorway,2023,3.3101
A,Annual,ITD3,Veneto,KILLEDINDX,Killed in road accidents - in respect of total accidents (per hundred values),2,Motorway,2024,2.60417
A,Annual,ITD3,Veneto,KILLEDINDX,Killed in road accidents - in respect of total accidents (per hundred values),3,Other roads,2010,5.15578
A,Annual,ITD3,Veneto,KILLEDINDX,Killed in road accidents - in respect of total accidents (per hundred values),3,Other roads,2011,4.7619
A,Annual,ITD3,Veneto,KILLEDINDX,Killed in road accidents - in respect of total accidents (per hundred values),3,Other roads,2012,5.44139
A,Annual,ITD3,Veneto,KILLEDINDX,Killed in road accidents - in respect of total accidents (per hundred values),3,Other roads,2013,4.93102
A,Annual,ITD3,Veneto,KILLEDINDX,Killed in road accidents - in respect of total accidents (per hundred values),3,Other roads,2014,4.35291
A,Annual,ITD3,Veneto,KILLEDINDX,Killed in road accidents - in respect of total accidents (per hundred values),3,Other roads,2015,4.58814
A,Annual,ITD3,Veneto,KILLEDINDX,Killed in road accidents - in respect of total accidents (per hundred values),3,Other roads,2016,4.37956
A,Annual,ITD3,Veneto,KILLEDINDX,Killed in road accidents - in respect of total accidents (per hundred values),3,Other roads,2017,3.77875
A,Annual,ITD3,Veneto,KILLEDINDX,Killed in road accidents - in respect of total accidents (per hundred values),3,Other roads,2018,3.73586
A,Annual,ITD3,Veneto,KILLEDINDX,Killed in road accidents - in respect of total accidents (per hundred values),3,Other roads,2019,4.5467
A,Annual,ITD3,Veneto,KILLEDINDX,Killed in road accidents - in respect of total accidents (per hundred values),3,Other roads,2020,4.02762
A,Annual,ITD3,Veneto,KILLEDINDX,Killed in road accidents - in respect of total accidents (per hundred values),3,Other roads,2021,3.93091
A,Annual,ITD3,Veneto,KILLEDINDX,Killed in road accidents - in respect of total accidents (per hundred values),3,Other roads,2022,5.17039
A,Annual,ITD3,Veneto,KILLEDINDX,Killed in road accidents - in respect of total accidents (per hundred values),3,Other roads,2023,4.7576
A,Annual,ITD3,Veneto,KILLEDINDX,Killed in road accidents - in respect of total accidents (per hundred values),3,Other roads,2024,3.92333
A,Annual,ITD3,Veneto,KILLEDINDX,Killed in road accidents - in respect of total accidents (per hundred values),9,Total,2010,2.53019
A,Annual,ITD3,Veneto,KILLEDINDX,Killed in road accidents - in respect of total accidents (per hundred values),9,Total,2011,2.37086
A,Annual,ITD3,Veneto,KILLEDINDX,Killed in road accidents - in respect of total accidents (per hundred values),9,Total,2012,2.61747
A,Annual,ITD3,Veneto,KILLEDINDX,Killed in road accidents - in respect of total accidents (per hundred values),9,Total,2013,2.16761
A,Annual,ITD3,Veneto,KILLEDINDX,Killed in road accidents - in respect of total accidents (per hundred values),9,Total,2014,2.32841
A,Annual,ITD3,Veneto,KILLEDINDX,Killed in road accidents - in respect of total accidents (per hundred values),9,Total,2015,2.27158
A,Annual,ITD3,Veneto,KILLEDINDX,Killed in road accidents - in respect of total accidents (per hundred values),9,Total,2016,2.45119
A,Annual,ITD3,Veneto,KILLEDINDX,Killed in road accidents - in respect of total accidents (per hundred values),9,Total,2017,2.17423
A,Annual,ITD3,Veneto,KILLEDINDX,Killed in road accidents - in respect of total accidents (per hundred values),9,Total,2018,2.20474
A,Annual,ITD3,Veneto,KILLEDINDX,Killed in road accidents - in respect of total accidents (per hundred values),9,Total,2019,2.42477
A,Annual,ITD3,Veneto,KILLEDINDX,Killed in road accidents - in respect of total accidents (per hundred values),9,Total,2020,2.32747
A,Annual,ITD3,Veneto,KILLEDINDX,Killed in road accidents - in respect of total accidents (per hundred values),9,Total,2021,2.29783
A,Annual,ITD3,Veneto,KILLEDINDX,Killed in road accidents - in respect of total accidents (per hundred values),9,Total,2022,2.42814
A,Annual,ITD3,Veneto,KILLEDINDX,Killed in road accidents - in respect of total accidents (per hundred values),9,Total,2023,2.41898
A,Annual,ITD3,Veneto,KILLEDINDX,Killed in road accidents - in respect of total accidents (per hundred values),9,Total,2024,2.09111
A,Annual,ITD4,Friuli-Venezia Giulia,KILLEDINDX,Killed in road accidents - in respect of total accidents (per hundred values),1,Urban road,2010,1.43557
A,Annual,ITD4,Friuli-Venezia Giulia,KILLEDINDX,Killed in road accidents - in respect of total accidents (per hundred values),1,Urban road,2011,1.48478
A,Annual,ITD4,Friuli-Venezia Giulia,KILLEDINDX,Killed in road accidents - in respect of total accidents (per hundred values),1,Urban road,2012,1.43078
A,Annual,ITD4,Friuli-Venezia Giulia,KILLEDINDX,Killed in road accidents - in respect of total accidents (per hundred values),1,Urban road,2013,1.71548
A,Annual,ITD4,Friuli-Venezia Giulia,KILLEDINDX,Killed in road accidents - in respect of total accidents (per hundred values),1,Urban road,2014,1.85033
A,Annual,ITD4,Friuli-Venezia Giulia,KILLEDINDX,Killed in road accidents - in respect of total accidents (per hundred values),1,Urban road,2015,1.34707
A,Annual,ITD4,Friuli-Venezia Giulia,KILLEDINDX,Killed in road accidents - in respect of total accidents (per hundred values),1,Urban road,2016,0.96154
A,Annual,ITD4,Friuli-Venezia Giulia,KILLEDINDX,Killed in road accidents - in respect of total accidents (per hundred values),1,Urban road,2017,1.094
A,Annual,ITD4,Friuli-Venezia Giulia,KILLEDINDX,Killed in road accidents - in respect of total accidents (per hundred values),1,Urban road,2018,1.32762
A,Annual,ITD4,Friuli-Venezia Giulia,KILLEDINDX,Killed in road accidents - in respect of total accidents (per hundred values),1,Urban road,2019,1.08878
A,Annual,ITD4,Friuli-Venezia Giulia,KILLEDINDX,Killed in road accidents - in respect of total accidents (per hundred values),1,Urban road,2020,1.36661
A,Annual,ITD4,Friuli-Venezia Giulia,KILLEDINDX,Killed in road accidents - in respect of total accidents (per hundred values),1,Urban road,2021,1.52019
A,Annual,ITD4,Friuli-Venezia Giulia,KILLEDINDX,Killed in road accidents - in respect of total accidents (per hundred values),1,Urban road,2022,1.12311
A,Annual,ITD4,Friuli-Venezia Giulia,KILLEDINDX,Killed in road accidents - in respect of total accidents (per hundred values),1,Urban road,2023,1.47651
A,Annual,ITD4,Friuli-Venezia Giulia,KILLEDINDX,Killed in road accidents - in respect of total accidents (per hundred values),1,Urban road,2024,1.25
A,Annual,ITD4,Friuli-Venezia Giulia,KILLEDINDX,Killed in road accidents - in respect of total accidents (per hundred values),2,Motorway,2010,9.03226
A,Annual,ITD4,Friuli-Venezia Giulia,KILLEDINDX,Killed in road accidents - in respect of total accidents (per hundred values),2,Motorway,2011,6.0241
A,Annual,ITD4,Friuli-Venezia Giulia,KILLEDINDX,Killed in road accidents - in respect of total accidents (per hundred values),2,Motorway,2012,7.80142
A,Annual,ITD4,Friuli-Venezia Giulia,KILLEDINDX,Killed in road accidents - in respect of total accidents (per hundred values),2,Motorway,2013,2.64901
A,Annual,ITD4,Friuli-Venezia Giulia,KILLEDINDX,Killed in road accidents - in respect of total accidents (per hundred values),2,Motorway,2014,3.0303
A,Annual,ITD4,Friuli-Venezia Giulia,KILLEDINDX,Killed in road accidents - in respect of total accidents (per hundred values),2,Motorway,2015,2.64901
A,Annual,ITD4,Friuli-Venezia Giulia,KILLEDINDX,Killed in road accidents - in respect of total accidents (per hundred values),2,Motorway,2016,3.42466
A,Annual,ITD4,Friuli-Venezia Giulia,KILLEDINDX,Killed in road accidents - in respect of total accidents (per hundred values),2,Motorway,2017,4.04624
A,Annual,ITD4,Friuli-Venezia Giulia,KILLEDINDX,Killed in road accidents - in respect of total accidents (per hundred values),2,Motorway,2018,6.47059
A,Annual,ITD4,Friuli-Venezia Giulia,KILLEDINDX,Killed in road accidents - in respect of total accidents (per hundred values),2,Motorway,2019,9.6
A,Annual,ITD4,Friuli-Venezia Giulia,KILLEDINDX,Killed in road accidents - in respect of total accidents (per hundred values),2,Motorway,2020,5.55556
A,Annual,ITD4,Friuli-Venezia Giulia,KILLEDINDX,Killed in road accidents - in respect of total accidents (per hundred values),2,Motorway,2021,8.33333
A,Annual,ITD4,Friuli-Venezia Giulia,KILLEDINDX,Killed in road accidents - in respect of total accidents (per hundred values),2,Motorway,2022,10.15625
A,Annual,ITD4,Friuli-Venezia Giulia,KILLEDINDX,Killed in road accidents - in respect of total accidents (per hundred values),2,Motorway,2023,2.91971
A,Annual,ITD4,Friuli-Venezia Giulia,KILLEDINDX,Killed in road accidents - in respect of total accidents (per hundred values),2,Motorway,2024,6.12245
A,Annual,ITD4,Friuli-Venezia Giulia,KILLEDINDX,Killed in road accidents - in respect of total accidents (per hundred values),3,Other roads,2010,5.20607
A,Annual,ITD4,Friuli-Venezia Giulia,KILLEDINDX,Killed in road accidents - in respect of total accidents (per hundred values),3,Other roads,2011,4.56989
A,Annual,ITD4,Friuli-Venezia Giulia,KILLEDINDX,Killed in road accidents - in respect of total accidents (per hundred values),3,Other roads,2012,4.55105
A,Annual,ITD4,Friuli-Venezia Giulia,KILLEDINDX,Killed in road accidents - in respect of total accidents (per hundred values),3,Other roads,2013,4.98034
A,Annual,ITD4,Friuli-Venezia Giulia,KILLEDINDX,Killed in road accidents - in respect of total accidents (per hundred values),3,Other roads,2014,6.78191
A,Annual,ITD4,Friuli-Venezia Giulia,KILLEDINDX,Killed in road accidents - in respect of total accidents (per hundred values),3,Other roads,2015,3.708
A,Annual,ITD4,Friuli-Venezia Giulia,KILLEDINDX,Killed in road accidents - in respect of total accidents (per hundred values),3,Other roads,2016,4.67405
A,Annual,ITD4,Friuli-Venezia Giulia,KILLEDINDX,Killed in road accidents - in respect of total accidents (per hundred values),3,Other roads,2017,4.23216
A,Annual,ITD4,Friuli-Venezia Giulia,KILLEDINDX,Killed in road accidents - in respect of total accidents (per hundred values),3,Other roads,2018,4.13712
A,Annual,ITD4,Friuli-Venezia Giulia,KILLEDINDX,Killed in road accidents - in respect of total accidents (per hundred values),3,Other roads,2019,4.20792
A,Annual,ITD4,Friuli-Venezia Giulia,KILLEDINDX,Killed in road accidents - in respect of total accidents (per hundred values),3,Other roads,2020,3.3275
A,Annual,ITD4,Friuli-Venezia Giulia,KILLEDINDX,Killed in road accidents - in respect of total accidents (per hundred values),3,Other roads,2021,5.46164
A,Annual,ITD4,Friuli-Venezia Giulia,KILLEDINDX,Killed in road accidents - in respect of total accidents (per hundred values),3,Other roads,2022,4.25791
A,Annual,ITD4,Friuli-Venezia Giulia,KILLEDINDX,Killed in road accidents - in respect of total accidents (per hundred values),3,Other roads,2023,2.33129
A,Annual,ITD4,Friuli-Venezia Giulia,KILLEDINDX,Killed in road accidents - in respect of total accidents (per hundred values),3,Other roads,2024,4.99266
A,Annual,ITD4,Friuli-Venezia Giulia,KILLEDINDX,Killed in road accidents - in respect of total accidents (per hundred values),9,Total,2010,2.61887
A,Annual,ITD4,Friuli-Venezia Giulia,KILLEDINDX,Killed in road accidents - in respect of total accidents (per hundred values),9,Total,2011,2.33074
A,Annual,ITD4,Friuli-Venezia Giulia,KILLEDINDX,Killed in road accidents - in respect of total accidents (per hundred values),9,Total,2012,2.40113
A,Annual,ITD4,Friuli-Venezia Giulia,KILLEDINDX,Killed in road accidents - in respect of total accidents (per hundred values),9,Total,2013,2.51211
A,Annual,ITD4,Friuli-Venezia Giulia,KILLEDINDX,Killed in road accidents - in respect of total accidents (per hundred values),9,Total,2014,3.01568
A,Annual,ITD4,Friuli-Venezia Giulia,KILLEDINDX,Killed in road accidents - in respect of total accidents (per hundred values),9,Total,2015,1.97852
A,Annual,ITD4,Friuli-Venezia Giulia,KILLEDINDX,Killed in road accidents - in respect of total accidents (per hundred values),9,Total,2016,1.93922
A,Annual,ITD4,Friuli-Venezia Giulia,KILLEDINDX,Killed in road accidents - in respect of total accidents (per hundred values),9,Total,2017,1.98962
A,Annual,ITD4,Friuli-Venezia Giulia,KILLEDINDX,Killed in road accidents - in respect of total accidents (per hundred values),9,Total,2018,2.29782
A,Annual,ITD4,Friuli-Venezia Giulia,KILLEDINDX,Killed in road accidents - in respect of total accidents (per hundred values),9,Total,2019,2.16802
A,Annual,ITD4,Friuli-Venezia Giulia,KILLEDINDX,Killed in road accidents - in respect of total accidents (per hundred values),9,Total,2020,2.00512
A,Annual,ITD4,Friuli-Venezia Giulia,KILLEDINDX,Killed in road accidents - in respect of total accidents (per hundred values),9,Total,2021,2.76094
A,Annual,ITD4,Friuli-Venezia Giulia,KILLEDINDX,Killed in road accidents - in respect of total accidents (per hundred values),9,Total,2022,2.26646
A,Annual,ITD4,Friuli-Venezia Giulia,KILLEDINDX,Killed in road accidents - in respect of total accidents (per hundred values),9,Total,2023,1.75714
A,Annual,ITD4,Friuli-Venezia Giulia,KILLEDINDX,Killed in road accidents - in respect of total accidents (per hundred values),9,Total,2024,2.26146
A,Annual,ITD5,Emilia-Romagna,KILLEDINDX,Killed in road accidents - in respect of total accidents (per hundred values),1,Urban road,2010,1.21294
A,Annual,ITD5,Emilia-Romagna,KILLEDINDX,Killed in road accidents - in respect of total accidents (per hundred values),1,Urban road,2011,1.11266
A,Annual,ITD5,Emilia-Romagna,KILLEDINDX,Killed in road accidents - in respect of total accidents (per hundred values),1,Urban road,2012,1.2663
A,Annual,ITD5,Emilia-Romagna,KILLEDINDX,Killed in road accidents - in respect of total accidents (per hundred values),1,Urban road,2013,1.0292
A,Annual,ITD5,Emilia-Romagna,KILLEDINDX,Killed in road accidents - in respect of total accidents (per hundred values),1,Urban road,2014,1.17233
A,Annual,ITD5,Emilia-Romagna,KILLEDINDX,Killed in road accidents - in respect of total accidents (per hundred values),1,Urban road,2015,1.15394
A,Annual,ITD5,Emilia-Romagna,KILLEDINDX,Killed in road accidents - in respect of total accidents (per hundred values),1,Urban road,2016,1.07151
A,Annual,ITD5,Emilia-Romagna,KILLEDINDX,Killed in road accidents - in respect of total accidents (per hundred values),1,Urban road,2017,1.416
A,Annual,ITD5,Emilia-Romagna,KILLEDINDX,Killed in road accidents - in respect of total accidents (per hundred values),1,Urban road,2018,1.22353
A,Annual,ITD5,Emilia-Romagna,KILLEDINDX,Killed in road accidents - in respect of total accidents (per hundred values),1,Urban road,2019,1.18968
A,Annual,ITD5,Emilia-Romagna,KILLEDINDX,Killed in road accidents - in respect of total accidents (per hundred values),1,Urban road,2020,1.29056
A,Annual,ITD5,Emilia-Romagna,KILLEDINDX,Killed in road accidents - in respect of total accidents (per hundred values),1,Urban road,2021,1.15061
A,Annual,ITD5,Emilia-Romagna,KILLEDINDX,Killed in road accidents - in respect of total accidents (per hundred values),1,Urban road,2022,1.07627
A,Annual,ITD5,Emilia-Romagna,KILLEDINDX,Killed in road accidents - in respect of total accidents (per hundred values),1,Urban road,2023,0.98786
A,Annual,ITD5,Emilia-Romagna,KILLEDINDX,Killed in road accidents - in respect of total accidents (per hundred values),1,Urban road,2024,0.9727
A,Annual,ITD5,Emilia-Romagna,KILLEDINDX,Killed in road accidents - in respect of total accidents (per hundred values),2,Motorway,2010,3.22581
A,Annual,ITD5,Emilia-Romagna,KILLEDINDX,Killed in road accidents - in respect of total accidents (per hundred values),2,Motorway,2011,2.54386
A,Annual,ITD5,Emilia-Romagna,KILLEDINDX,Killed in road accidents - in respect of total accidents (per hundred values),2,Motorway,2012,4.70829
A,Annual,ITD5,Emilia-Romagna,KILLEDINDX,Killed in road accidents - in respect of total accidents (per hundred values),2,Motorway,2013,4.2333
A,Annual,ITD5,Emilia-Romagna,KILLEDINDX,Killed in road accidents - in respect of total accidents (per hundred values),2,Motorway,2014,3.31126
A,Annual,ITD5,Emilia-Romagna,KILLEDINDX,Killed in road accidents - in respect of total accidents (per hundred values),2,Motorway,2015,4.15822
A,Annual,ITD5,Emilia-Romagna,KILLEDINDX,Killed in road accidents - in respect of total accidents (per hundred values),2,Motorway,2016,3.79877
A,Annual,ITD5,Emilia-Romagna,KILLEDINDX,Killed in road accidents - in respect of total accidents (per hundred values),2,Motorway,2017,3.73932
A,Annual,ITD5,Emilia-Romagna,KILLEDINDX,Killed in road accidents - in respect of total accidents (per hundred values),2,Motorway,2018,4.60993
A,Annual,ITD5,Emilia-Romagna,KILLEDINDX,Killed in road accidents - in respect of total accidents (per hundred values),2,Motorway,2019,5.52941
A,Annual,ITD5,Emilia-Romagna,KILLEDINDX,Killed in road accidents - in respect of total accidents (per hundred values),2,Motorway,2020,3.80228
A,Annual,ITD5,Emilia-Romagna,KILLEDINDX,Killed in road accidents - in respect of total accidents (per hundred values),2,Motorway,2021,5.29032
A,Annual,ITD5,Emilia-Romagna,KILLEDINDX,Killed in road accidents - in respect of total accidents (per hundred values),2,Motorway,2022,4.52381
A,Annual,ITD5,Emilia-Romagna,KILLEDINDX,Killed in road accidents - in respect of total accidents (per hundred values),2,Motorway,2023,3.91705
A,Annual,ITD5,Emilia-Romagna,KILLEDINDX,Killed in road accidents - in respect of total accidents (per hundred values),2,Motorway,2024,2.92524
A,Annual,ITD5,Emilia-Romagna,KILLEDINDX,Killed in road accidents - in respect of total accidents (per hundred values),3,Other roads,2010,4.41671
A,Annual,ITD5,Emilia-Romagna,KILLEDINDX,Killed in road accidents - in respect of total accidents (per hundred values),3,Other roads,2011,4.86111
A,Annual,ITD5,Emilia-Romagna,KILLEDINDX,Killed in road accidents - in respect of total accidents (per hundred values),3,Other roads,2012,4.12706
A,Annual,ITD5,Emilia-Romagna,KILLEDINDX,Killed in road accidents - in respect of total accidents (per hundred values),3,Other roads,2013,4.1456
A,Annual,ITD5,Emilia-Romagna,KILLEDINDX,Killed in road accidents - in respect of total accidents (per hundred values),3,Other roads,2014,3.91582
A,Annual,ITD5,Emilia-Romagna,KILLEDINDX,Killed in road accidents - in respect of total accidents (per hundred values),3,Other roads,2015,3.59694
A,Annual,ITD5,Emilia-Romagna,KILLEDINDX,Killed in road accidents - in respect of total accidents (per hundred values),3,Other roads,2016,3.52205
A,Annual,ITD5,Emilia-Romagna,KILLEDINDX,Killed in road accidents - in respect of total accidents (per hundred values),3,Other roads,2017,4.22822
A,Annual,ITD5,Emilia-Romagna,KILLEDINDX,Killed in road accidents - in respect of total accidents (per hundred values),3,Other roads,2018,3.38462
A,Annual,ITD5,Emilia-Romagna,KILLEDINDX,Killed in road accidents - in respect of total accidents (per hundred values),3,Other roads,2019,4.15704
A,Annual,ITD5,Emilia-Romagna,KILLEDINDX,Killed in road accidents - in respect of total accidents (per hundred values),3,Other roads,2020,3.23432
A,Annual,ITD5,Emilia-Romagna,KILLEDINDX,Killed in road accidents - in respect of total accidents (per hundred values),3,Other roads,2021,3.10674
A,Annual,ITD5,Emilia-Romagna,KILLEDINDX,Killed in road accidents - in respect of total accidents (per hundred values),3,Other roads,2022,3.61476
A,Annual,ITD5,Emilia-Romagna,KILLEDINDX,Killed in road accidents - in respect of total accidents (per hundred values),3,Other roads,2023,3.17818
A,Annual,ITD5,Emilia-Romagna,KILLEDINDX,Killed in road accidents - in respect of total accidents (per hundred values),3,Other roads,2024,3.20778
A,Annual,ITD5,Emilia-Romagna,KILLEDINDX,Killed in road accidents - in respect of total accidents (per hundred values),9,Total,2010,1.98978
A,Annual,ITD5,Emilia-Romagna,KILLEDINDX,Killed in road accidents - in respect of total accidents (per hundred values),9,Total,2011,1.95934
A,Annual,ITD5,Emilia-Romagna,KILLEDINDX,Killed in road accidents - in respect of total accidents (per hundred values),9,Total,2012,2.07412
A,Annual,ITD5,Emilia-Romagna,KILLEDINDX,Killed in road accidents - in respect of total accidents (per hundred values),9,Total,2013,1.89678
A,Annual,ITD5,Emilia-Romagna,KILLEDINDX,Killed in road accidents - in respect of total accidents (per hundred values),9,Total,2014,1.87339
A,Annual,ITD5,Emilia-Romagna,KILLEDINDX,Killed in road accidents - in respect of total accidents (per hundred values),9,Total,2015,1.87518
A,Annual,ITD5,Emilia-Romagna,KILLEDINDX,Killed in road accidents - in respect of total accidents (per hundred values),9,Total,2016,1.76376
A,Annual,ITD5,Emilia-Romagna,KILLEDINDX,Killed in road accidents - in respect of total accidents (per hundred values),9,Total,2017,2.17717
A,Annual,ITD5,Emilia-Romagna,KILLEDINDX,Killed in road accidents - in respect of total accidents (per hundred values),9,Total,2018,1.90396
A,Annual,ITD5,Emilia-Romagna,KILLEDINDX,Killed in road accidents - in respect of total accidents (per hundred values),9,Total,2019,2.09936
A,Annual,ITD5,Emilia-Romagna,KILLEDINDX,Killed in road accidents - in respect of total accidents (per hundred values),9,Total,2020,1.90729
A,Annual,ITD5,Emilia-Romagna,KILLEDINDX,Killed in road accidents - in respect of total accidents (per hundred values),9,Total,2021,1.84492
A,Annual,ITD5,Emilia-Romagna,KILLEDINDX,Killed in road accidents - in respect of total accidents (per hundred values),9,Total,2022,1.86462
A,Annual,ITD5,Emilia-Romagna,KILLEDINDX,Killed in road accidents - in respect of total accidents (per hundred values),9,Total,2023,1.65983
A,Annual,ITD5,Emilia-Romagna,KILLEDINDX,Killed in road accidents - in respect of total accidents (per hundred values),9,Total,2024,1.62907
A,Annual,ITE1,Toscana,KILLEDINDX,Killed in road accidents - in respect of total accidents (per hundred values),1,Urban road,2010,1.03478
A,Annual,ITE1,Toscana,KILLEDINDX,Killed in road accidents - in respect of total accidents (per hundred values),1,Urban road,2011,0.90828
A,Annual,ITE1,Toscana,KILLEDINDX,Killed in road accidents - in respect of total accidents (per hundred values),1,Urban road,2012,1.03055
A,Annual,ITE1,Toscana,KILLEDINDX,Killed in road accidents - in respect of total accidents (per hundred values),1,Urban road,2013,0.9967
A,Annual,ITE1,Toscana,KILLEDINDX,Killed in road accidents - in respect of total accidents (per hundred values),1,Urban road,2014,0.93256
A,Annual,ITE1,Toscana,KILLEDINDX,Killed in road accidents - in respect of total accidents (per hundred values),1,Urban road,2015,1.0828
A,Annual,ITE1,Toscana,KILLEDINDX,Killed in road accidents - in respect of total accidents (per hundred values),1,Urban road,2016,1.01539
A,Annual,ITE1,Toscana,KILLEDINDX,Killed in road accidents - in respect of total accidents (per hundred values),1,Urban road,2017,1.02753
A,Annual,ITE1,Toscana,KILLEDINDX,Killed in road accidents - in respect of total accidents (per hundred values),1,Urban road,2018,0.94648
A,Annual,ITE1,Toscana,KILLEDINDX,Killed in road accidents - in respect of total accidents (per hundred values),1,Urban road,2019,0.9115
A,Annual,ITE1,Toscana,KILLEDINDX,Killed in road accidents - in respect of total accidents (per hundred values),1,Urban road,2020,0.96977
A,Annual,ITE1,Toscana,KILLEDINDX,Killed in road accidents - in respect of total accidents (per hundred values),1,Urban road,2021,0.94864
A,Annual,ITE1,Toscana,KILLEDINDX,Killed in road accidents - in respect of total accidents (per hundred values),1,Urban road,2022,0.84536
A,Annual,ITE1,Toscana,KILLEDINDX,Killed in road accidents - in respect of total accidents (per hundred values),1,Urban road,2023,0.82823
A,Annual,ITE1,Toscana,KILLEDINDX,Killed in road accidents - in respect of total accidents (per hundred values),1,Urban road,2024,0.76949
A,Annual,ITE1,Toscana,KILLEDINDX,Killed in road accidents - in respect of total accidents (per hundred values),2,Motorway,2010,2.48027
A,Annual,ITE1,Toscana,KILLEDINDX,Killed in road accidents - in respect of total accidents (per hundred values),2,Motorway,2011,1.99734
A,Annual,ITE1,Toscana,KILLEDINDX,Killed in road accidents - in respect of total accidents (per hundred values),2,Motorway,2012,2.72727
A,Annual,ITE1,Toscana,KILLEDINDX,Killed in road accidents - in respect of total accidents (per hundred values),2,Motorway,2013,2.92758
A,Annual,ITE1,Toscana,KILLEDINDX,Killed in road accidents - in respect of total accidents (per hundred values),2,Motorway,2014,3.46908
A,Annual,ITE1,Toscana,KILLEDINDX,Killed in road accidents - in respect of total accidents (per hundred values),2,Motorway,2015,4.60993
A,Annual,ITE1,Toscana,KILLEDINDX,Killed in road accidents - in respect of total accidents (per hundred values),2,Motorway,2016,1.17647
A,Annual,ITE1,Toscana,KILLEDINDX,Killed in road accidents - in respect of total accidents (per hundred values),2,Motorway,2017,2.93103
A,Annual,ITE1,Toscana,KILLEDINDX,Killed in road accidents - in respect of total accidents (per hundred values),2,Motorway,2018,2.65781
A,Annual,ITE1,Toscana,KILLEDINDX,Killed in road accidents - in respect of total accidents (per hundred values),2,Motorway,2019,3
A,Annual,ITE1,Toscana,KILLEDINDX,Killed in road accidents - in respect of total accidents (per hundred values),2,Motorway,2020,5.65476
A,Annual,ITE1,Toscana,KILLEDINDX,Killed in road accidents - in respect of total accidents (per hundred values),2,Motorway,2021,1.8622
A,Annual,ITE1,Toscana,KILLEDINDX,Killed in road accidents - in respect of total accidents (per hundred values),2,Motorway,2022,3.81125
A,Annual,ITE1,Toscana,KILLEDINDX,Killed in road accidents - in respect of total accidents (per hundred values),2,Motorway,2023,1.99005
A,Annual,ITE1,Toscana,KILLEDINDX,Killed in road accidents - in respect of total accidents (per hundred values),2,Motorway,2024,3.72771
A,Annual,ITE1,Toscana,KILLEDINDX,Killed in road accidents - in respect of total accidents (per hundred values),3,Other roads,2010,4.30143
A,Annual,ITE1,Toscana,KILLEDINDX,Killed in road accidents - in respect of total accidents (per hundred values),3,Other roads,2011,3.56925
A,Annual,ITE1,Toscana,KILLEDINDX,Killed in road accidents - in respect of total accidents (per hundred values),3,Other roads,2012,3.35452
A,Annual,ITE1,Toscana,KILLEDINDX,Killed in road accidents - in respect of total accidents (per hundred values),3,Other roads,2013,2.74648
A,Annual,ITE1,Toscana,KILLEDINDX,Killed in road accidents - in respect of total accidents (per hundred values),3,Other roads,2014,3.51459
A,Annual,ITE1,Toscana,KILLEDINDX,Killed in road accidents - in respect of total accidents (per hundred values),3,Other roads,2015,2.91777
A,Annual,ITE1,Toscana,KILLEDINDX,Killed in road accidents - in respect of total accidents (per hundred values),3,Other roads,2016,3.60244
A,Annual,ITE1,Toscana,KILLEDINDX,Killed in road accidents - in respect of total accidents (per hundred values),3,Other roads,2017,4.04964
A,Annual,ITE1,Toscana,KILLEDINDX,Killed in road accidents - in respect of total accidents (per hundred values),3,Other roads,2018,3.60877
A,Annual,ITE1,Toscana,KILLEDINDX,Killed in road accidents - in respect of total accidents (per hundred values),3,Other roads,2019,2.83514
A,Annual,ITE1,Toscana,KILLEDINDX,Killed in road accidents - in respect of total accidents (per hundred values),3,Other roads,2020,2.7001
A,Annual,ITE1,Toscana,KILLEDINDX,Killed in road accidents - in respect of total accidents (per hundred values),3,Other roads,2021,3.08807
A,Annual,ITE1,Toscana,KILLEDINDX,Killed in road accidents - in respect of total accidents (per hundred values),3,Other roads,2022,3.6855
A,Annual,ITE1,Toscana,KILLEDINDX,Killed in road accidents - in respect of total accidents (per hundred values),3,Other roads,2023,3.43191
A,Annual,ITE1,Toscana,KILLEDINDX,Killed in road accidents - in respect of total accidents (per hundred values),3,Other roads,2024,2.62146
A,Annual,ITE1,Toscana,KILLEDINDX,Killed in road accidents - in respect of total accidents (per hundred values),9,Total,2010,1.62205
A,Annual,ITE1,Toscana,KILLEDINDX,Killed in road accidents - in respect of total accidents (per hundred values),9,Total,2011,1.41924
A,Annual,ITE1,Toscana,KILLEDINDX,Killed in road accidents - in respect of total accidents (per hundred values),9,Total,2012,1.48152
A,Annual,ITE1,Toscana,KILLEDINDX,Killed in road accidents - in respect of total accidents (per hundred values),9,Total,2013,1.38008
A,Annual,ITE1,Toscana,KILLEDINDX,Killed in road accidents - in respect of total accidents (per hundred values),9,Total,2014,1.50114
A,Annual,ITE1,Toscana,KILLEDINDX,Killed in road accidents - in respect of total accidents (per hundred values),9,Total,2015,1.55708
A,Annual,ITE1,Toscana,KILLEDINDX,Killed in road accidents - in respect of total accidents (per hundred values),9,Total,2016,1.50845
A,Annual,ITE1,Toscana,KILLEDINDX,Killed in road accidents - in respect of total accidents (per hundred values),9,Total,2017,1.67091
A,Annual,ITE1,Toscana,KILLEDINDX,Killed in road accidents - in respect of total accidents (per hundred values),9,Total,2018,1.51046
A,Annual,ITE1,Toscana,KILLEDINDX,Killed in road accidents - in respect of total accidents (per hundred values),9,Total,2019,1.34622
A,Annual,ITE1,Toscana,KILLEDINDX,Killed in road accidents - in respect of total accidents (per hundred values),9,Total,2020,1.4686
A,Annual,ITE1,Toscana,KILLEDINDX,Killed in road accidents - in respect of total accidents (per hundred values),9,Total,2021,1.39747
A,Annual,ITE1,Toscana,KILLEDINDX,Killed in road accidents - in respect of total accidents (per hundred values),9,Total,2022,1.48898
A,Annual,ITE1,Toscana,KILLEDINDX,Killed in road accidents - in respect of total accidents (per hundred values),9,Total,2023,1.35271
A,Annual,ITE1,Toscana,KILLEDINDX,Killed in road accidents - in respect of total accidents (per hundred values),9,Total,2024,1.23896
A,Annual,ITE2,Umbria,KILLEDINDX,Killed in road accidents - in respect of total accidents (per hundred values),1,Urban road,2010,1.75983
A,Annual,ITE2,Umbria,KILLEDINDX,Killed in road accidents - in respect of total accidents (per hundred values),1,Urban road,2011,1.35841
A,Annual,ITE2,Umbria,KILLEDINDX,Killed in road accidents - in respect of total accidents (per hundred values),1,Urban road,2012,0.9822
A,Annual,ITE2,Umbria,KILLEDINDX,Killed in road accidents - in respect of total accidents (per hundred values),1,Urban road,2013,1.52575
A,Annual,ITE2,Umbria,KILLEDINDX,Killed in road accidents - in respect of total accidents (per hundred values),1,Urban road,2014,1.35685
A,Annual,ITE2,Umbria,KILLEDINDX,Killed in road accidents - in respect of total accidents (per hundred values),1,Urban road,2015,1.58835
A,Annual,ITE2,Umbria,KILLEDINDX,Killed in road accidents - in respect of total accidents (per hundred values),1,Urban road,2016,0.88106
A,Annual,ITE2,Umbria,KILLEDINDX,Killed in road accidents - in respect of total accidents (per hundred values),1,Urban road,2017,0.83709
A,Annual,ITE2,Umbria,KILLEDINDX,Killed in road accidents - in respect of total accidents (per hundred values),1,Urban road,2018,0.98039
A,Annual,ITE2,Umbria,KILLEDINDX,Killed in road accidents - in respect of total accidents (per hundred values),1,Urban road,2019,1.25995
A,Annual,ITE2,Umbria,KILLEDINDX,Killed in road accidents - in respect of total accidents (per hundred values),1,Urban road,2020,2.39787
A,Annual,ITE2,Umbria,KILLEDINDX,Killed in road accidents - in respect of total accidents (per hundred values),1,Urban road,2021,2.31839
A,Annual,ITE2,Umbria,KILLEDINDX,Killed in road accidents - in respect of total accidents (per hundred values),1,Urban road,2022,1.2474
A,Annual,ITE2,Umbria,KILLEDINDX,Killed in road accidents - in respect of total accidents (per hundred values),1,Urban road,2023,1.28988
A,Annual,ITE2,Umbria,KILLEDINDX,Killed in road accidents - in respect of total accidents (per hundred values),1,Urban road,2024,1.52478
A,Annual,ITE2,Umbria,KILLEDINDX,Killed in road accidents - in respect of total accidents (per hundred values),2,Motorway,2010,4.08163
A,Annual,ITE2,Umbria,KILLEDINDX,Killed in road accidents - in respect of total accidents (per hundred values),2,Motorway,2011,2.77778
A,Annual,ITE2,Umbria,KILLEDINDX,Killed in road accidents - in respect of total accidents (per hundred values),2,Motorway,2013,3.37079
A,Annual,ITE2,Umbria,KILLEDINDX,Killed in road accidents - in respect of total accidents (per hundred values),2,Motorway,2014,0.90909
A,Annual,ITE2,Umbria,KILLEDINDX,Killed in road accidents - in respect of total accidents (per hundred values),2,Motorway,2015,4.30108
A,Annual,ITE2,Umbria,KILLEDINDX,Killed in road accidents - in respect of total accidents (per hundred values),2,Motorway,2016,3.33333
A,Annual,ITE2,Umbria,KILLEDINDX,Killed in road accidents - in respect of total accidents (per hundred values),2,Motorway,2017,3.44828
A,Annual,ITE2,Umbria,KILLEDINDX,Killed in road accidents - in respect of total accidents (per hundred values),2,Motorway,2018,3.7037
A,Annual,ITE2,Umbria,KILLEDINDX,Killed in road accidents - in respect of total accidents (per hundred values),2,Motorway,2019,2.32558
A,Annual,ITE2,Umbria,KILLEDINDX,Killed in road accidents - in respect of total accidents (per hundred values),2,Motorway,2020,6.34921
A,Annual,ITE2,Umbria,KILLEDINDX,Killed in road accidents - in respect of total accidents (per hundred values),2,Motorway,2021,1.11111
A,Annual,ITE2,Umbria,KILLEDINDX,Killed in road accidents - in respect of total accidents (per hundred values),2,Motorway,2022,1.88679
A,Annual,ITE2,Umbria,KILLEDINDX,Killed in road accidents - in respect of total accidents (per hundred values),2,Motorway,2023,6.48148
A,Annual,ITE2,Umbria,KILLEDINDX,Killed in road accidents - in respect of total accidents (per hundred values),2,Motorway,2024,3.92157
A,Annual,ITE2,Umbria,KILLEDINDX,Killed in road accidents - in respect of total accidents (per hundred values),3,Other roads,2010,4.67626
A,Annual,ITE2,Umbria,KILLEDINDX,Killed in road accidents - in respect of total accidents (per hundred values),3,Other roads,2011,3.83693
A,Annual,ITE2,Umbria,KILLEDINDX,Killed in road accidents - in respect of total accidents (per hundred values),3,Other roads,2012,5.37975
A,Annual,ITE2,Umbria,KILLEDINDX,Killed in road accidents - in respect of total accidents (per hundred values),3,Other roads,2013,4.59459
A,Annual,ITE2,Umbria,KILLEDINDX,Killed in road accidents - in respect of total accidents (per hundred values),3,Other roads,2014,3.85757
A,Annual,ITE2,Umbria,KILLEDINDX,Killed in road accidents - in respect of total accidents (per hundred values),3,Other roads,2015,5.28634
A,Annual,ITE2,Umbria,KILLEDINDX,Killed in road accidents - in respect of total accidents (per hundred values),3,Other roads,2016,2.56046
A,Annual,ITE2,Umbria,KILLEDINDX,Killed in road accidents - in respect of total accidents (per hundred values),3,Other roads,2017,4.43828
A,Annual,ITE2,Umbria,KILLEDINDX,Killed in road accidents - in respect of total accidents (per hundred values),3,Other roads,2018,3.8822
A,Annual,ITE2,Umbria,KILLEDINDX,Killed in road accidents - in respect of total accidents (per hundred values),3,Other roads,2019,4.21348
A,Annual,ITE2,Umbria,KILLEDINDX,Killed in road accidents - in respect of total accidents (per hundred values),3,Other roads,2020,2.7451
A,Annual,ITE2,Umbria,KILLEDINDX,Killed in road accidents - in respect of total accidents (per hundred values),3,Other roads,2021,3.56564
A,Annual,ITE2,Umbria,KILLEDINDX,Killed in road accidents - in respect of total accidents (per hundred values),3,Other roads,2022,4.12518
A,Annual,ITE2,Umbria,KILLEDINDX,Killed in road accidents - in respect of total accidents (per hundred values),3,Other roads,2023,2.71817
A,Annual,ITE2,Umbria,KILLEDINDX,Killed in road accidents - in respect of total accidents (per hundred values),3,Other roads,2024,4.40415
A,Annual,ITE2,Umbria,KILLEDINDX,Killed in road accidents - in respect of total accidents (per hundred values),9,Total,2010,2.71198
A,Annual,ITE2,Umbria,KILLEDINDX,Killed in road accidents - in respect of total accidents (per hundred values),9,Total,2011,2.13585
A,Annual,ITE2,Umbria,KILLEDINDX,Killed in road accidents - in respect of total accidents (per hundred values),9,Total,2012,2.11595
A,Annual,ITE2,Umbria,KILLEDINDX,Killed in road accidents - in respect of total accidents (per hundred values),9,Total,2013,2.53955
A,Annual,ITE2,Umbria,KILLEDINDX,Killed in road accidents - in respect of total accidents (per hundred values),9,Total,2014,2.08149
A,Annual,ITE2,Umbria,KILLEDINDX,Killed in road accidents - in respect of total accidents (per hundred values),9,Total,2015,2.80088
A,Annual,ITE2,Umbria,KILLEDINDX,Killed in road accidents - in respect of total accidents (per hundred values),9,Total,2016,1.46935
A,Annual,ITE2,Umbria,KILLEDINDX,Killed in road accidents - in respect of total accidents (per hundred values),9,Total,2017,2.03304
A,Annual,ITE2,Umbria,KILLEDINDX,Killed in road accidents - in respect of total accidents (per hundred values),9,Total,2018,2.01258
A,Annual,ITE2,Umbria,KILLEDINDX,Killed in road accidents - in respect of total accidents (per hundred values),9,Total,2019,2.21162
A,Annual,ITE2,Umbria,KILLEDINDX,Killed in road accidents - in respect of total accidents (per hundred values),9,Total,2020,2.64862
A,Annual,ITE2,Umbria,KILLEDINDX,Killed in road accidents - in respect of total accidents (per hundred values),9,Total,2021,2.64868
A,Annual,ITE2,Umbria,KILLEDINDX,Killed in road accidents - in respect of total accidents (per hundred values),9,Total,2022,2.17584
A,Annual,ITE2,Umbria,KILLEDINDX,Killed in road accidents - in respect of total accidents (per hundred values),9,Total,2023,1.97368
A,Annual,ITE2,Umbria,KILLEDINDX,Killed in road accidents - in respect of total accidents (per hundred values),9,Total,2024,2.53268
A,Annual,ITE3,Marche,KILLEDINDX,Killed in road accidents - in respect of total accidents (per hundred values),1,Urban road,2010,0.97835
A,Annual,ITE3,Marche,KILLEDINDX,Killed in road accidents - in respect of total accidents (per hundred values),1,Urban road,2011,1.07845
A,Annual,ITE3,Marche,KILLEDINDX,Killed in road accidents - in respect of total accidents (per hundred values),1,Urban road,2012,1.01807
A,Annual,ITE3,Marche,KILLEDINDX,Killed in road accidents - in respect of total accidents (per hundred values),1,Urban road,2013,0.9481
A,Annual,ITE3,Marche,KILLEDINDX,Killed in road accidents - in respect of total accidents (per hundred values),1,Urban road,2014,1.02119
A,Annual,ITE3,Marche,KILLEDINDX,Killed in road accidents - in respect of total accidents (per hundred values),1,Urban road,2015,1.2516
A,Annual,ITE3,Marche,KILLEDINDX,Killed in road accidents - in respect of total accidents (per hundred values),1,Urban road,2016,1.27961
A,Annual,ITE3,Marche,KILLEDINDX,Killed in road accidents - in respect of total accidents (per hundred values),1,Urban road,2017,1.11111
A,Annual,ITE3,Marche,KILLEDINDX,Killed in road accidents - in respect of total accidents (per hundred values),1,Urban road,2018,1.18598
A,Annual,ITE3,Marche,KILLEDINDX,Killed in road accidents - in respect of total accidents (per hundred values),1,Urban road,2019,1.27771
A,Annual,ITE3,Marche,KILLEDINDX,Killed in road accidents - in respect of total accidents (per hundred values),1,Urban road,2020,1.18547
A,Annual,ITE3,Marche,KILLEDINDX,Killed in road accidents - in respect of total accidents (per hundred values),1,Urban road,2021,1.03722
A,Annual,ITE3,Marche,KILLEDINDX,Killed in road accidents - in respect of total accidents (per hundred values),1,Urban road,2022,1.17918
A,Annual,ITE3,Marche,KILLEDINDX,Killed in road accidents - in respect of total accidents (per hundred values),1,Urban road,2023,0.93842
A,Annual,ITE3,Marche,KILLEDINDX,Killed in road accidents - in respect of total accidents (per hundred values),1,Urban road,2024,0.83185
A,Annual,ITE3,Marche,KILLEDINDX,Killed in road accidents - in respect of total accidents (per hundred values),2,Motorway,2010,2.68657
A,Annual,ITE3,Marche,KILLEDINDX,Killed in road accidents - in respect of total accidents (per hundred values),2,Motorway,2011,2.23881
A,Annual,ITE3,Marche,KILLEDINDX,Killed in road accidents - in respect of total accidents (per hundred values),2,Motorway,2012,1.89573
A,Annual,ITE3,Marche,KILLEDINDX,Killed in road accidents - in respect of total accidents (per hundred values),2,Motorway,2013,3.15789
A,Annual,ITE3,Marche,KILLEDINDX,Killed in road accidents - in respect of total accidents (per hundred values),2,Motorway,2014,5.10204
A,Annual,ITE3,Marche,KILLEDINDX,Killed in road accidents - in respect of total accidents (per hundred values),2,Motorway,2015,2.80899
A,Annual,ITE3,Marche,KILLEDINDX,Killed in road accidents - in respect of total accidents (per hundred values),2,Motorway,2016,2.94118
A,Annual,ITE3,Marche,KILLEDINDX,Killed in road accidents - in respect of total accidents (per hundred values),2,Motorway,2017,1.49254
A,Annual,ITE3,Marche,KILLEDINDX,Killed in road accidents - in respect of total accidents (per hundred values),2,Motorway,2018,3.5503
A,Annual,ITE3,Marche,KILLEDINDX,Killed in road accidents - in respect of total accidents (per hundred values),2,Motorway,2019,4.08163
A,Annual,ITE3,Marche,KILLEDINDX,Killed in road accidents - in respect of total accidents (per hundred values),2,Motorway,2020,3.36134
A,Annual,ITE3,Marche,KILLEDINDX,Killed in road accidents - in respect of total accidents (per hundred values),2,Motorway,2021,5.26316
A,Annual,ITE3,Marche,KILLEDINDX,Killed in road accidents - in respect of total accidents (per hundred values),2,Motorway,2022,6.47059
A,Annual,ITE3,Marche,KILLEDINDX,Killed in road accidents - in respect of total accidents (per hundred values),2,Motorway,2023,8.18713
A,Annual,ITE3,Marche,KILLEDINDX,Killed in road accidents - in respect of total accidents (per hundred values),2,Motorway,2024,2.65957
A,Annual,ITE3,Marche,KILLEDINDX,Killed in road accidents - in respect of total accidents (per hundred values),3,Other roads,2010,3.33543
A,Annual,ITE3,Marche,KILLEDINDX,Killed in road accidents - in respect of total accidents (per hundred values),3,Other roads,2011,4.6814
A,Annual,ITE3,Marche,KILLEDINDX,Killed in road accidents - in respect of total accidents (per hundred values),3,Other roads,2012,4.09836
A,Annual,ITE3,Marche,KILLEDINDX,Killed in road accidents - in respect of total accidents (per hundred values),3,Other roads,2013,3.10881
A,Annual,ITE3,Marche,KILLEDINDX,Killed in road accidents - in respect of total accidents (per hundred values),3,Other roads,2014,3.81971
A,Annual,ITE3,Marche,KILLEDINDX,Killed in road accidents - in respect of total accidents (per hundred values),3,Other roads,2015,3.14516
A,Annual,ITE3,Marche,KILLEDINDX,Killed in road accidents - in respect of total accidents (per hundred values),3,Other roads,2016,3.59327
A,Annual,ITE3,Marche,KILLEDINDX,Killed in road accidents - in respect of total accidents (per hundred values),3,Other roads,2017,3.7037
A,Annual,ITE3,Marche,KILLEDINDX,Killed in road accidents - in respect of total accidents (per hundred values),3,Other roads,2018,2.76739
A,Annual,ITE3,Marche,KILLEDINDX,Killed in road accidents - in respect of total accidents (per hundred values),3,Other roads,2019,3.07018
A,Annual,ITE3,Marche,KILLEDINDX,Killed in road accidents - in respect of total accidents (per hundred values),3,Other roads,2020,3.53798
A,Annual,ITE3,Marche,KILLEDINDX,Killed in road accidents - in respect of total accidents (per hundred values),3,Other roads,2021,3.40633
A,Annual,ITE3,Marche,KILLEDINDX,Killed in road accidents - in respect of total accidents (per hundred values),3,Other roads,2022,2.9908
A,Annual,ITE3,Marche,KILLEDINDX,Killed in road accidents - in respect of total accidents (per hundred values),3,Other roads,2023,3.12727
A,Annual,ITE3,Marche,KILLEDINDX,Killed in road accidents - in respect of total accidents (per hundred values),3,Other roads,2024,2.71777
A,Annual,ITE3,Marche,KILLEDINDX,Killed in road accidents - in respect of total accidents (per hundred values),9,Total,2010,1.6201
A,Annual,ITE3,Marche,KILLEDINDX,Killed in road accidents - in respect of total accidents (per hundred values),9,Total,2011,1.97399
A,Annual,ITE3,Marche,KILLEDINDX,Killed in road accidents - in respect of total accidents (per hundred values),9,Total,2012,1.80591
A,Annual,ITE3,Marche,KILLEDINDX,Killed in road accidents - in respect of total accidents (per hundred values),9,Total,2013,1.54983
A,Annual,ITE3,Marche,KILLEDINDX,Killed in road accidents - in respect of total accidents (per hundred values),9,Total,2014,1.84434
A,Annual,ITE3,Marche,KILLEDINDX,Killed in road accidents - in respect of total accidents (per hundred values),9,Total,2015,1.74386
A,Annual,ITE3,Marche,KILLEDINDX,Killed in road accidents - in respect of total accidents (per hundred values),9,Total,2016,1.92864
A,Annual,ITE3,Marche,KILLEDINDX,Killed in road accidents - in respect of total accidents (per hundred values),9,Total,2017,1.75055
A,Annual,ITE3,Marche,KILLEDINDX,Killed in road accidents - in respect of total accidents (per hundred values),9,Total,2018,1.66794
A,Annual,ITE3,Marche,KILLEDINDX,Killed in road accidents - in respect of total accidents (per hundred values),9,Total,2019,1.83367
A,Annual,ITE3,Marche,KILLEDINDX,Killed in road accidents - in respect of total accidents (per hundred values),9,Total,2020,1.86739
A,Annual,ITE3,Marche,KILLEDINDX,Killed in road accidents - in respect of total accidents (per hundred values),9,Total,2021,1.80142
A,Annual,ITE3,Marche,KILLEDINDX,Killed in road accidents - in respect of total accidents (per hundred values),9,Total,2022,1.83801
A,Annual,ITE3,Marche,KILLEDINDX,Killed in road accidents - in respect of total accidents (per hundred values),9,Total,2023,1.7958
A,Annual,ITE3,Marche,KILLEDINDX,Killed in road accidents - in respect of total accidents (per hundred values),9,Total,2024,1.44317
A,Annual,ITE4,Lazio,KILLEDINDX,Killed in road accidents - in respect of total accidents (per hundred values),1,Urban road,2010,0.98423
A,Annual,ITE4,Lazio,KILLEDINDX,Killed in road accidents - in respect of total accidents (per hundred values),1,Urban road,2011,1.07044
A,Annual,ITE4,Lazio,KILLEDINDX,Killed in road accidents - in respect of total accidents (per hundred values),1,Urban road,2012,0.95135
A,Annual,ITE4,Lazio,KILLEDINDX,Killed in road accidents - in respect of total accidents (per hundred values),1,Urban road,2013,1.01256
A,Annual,ITE4,Lazio,KILLEDINDX,Killed in road accidents - in respect of total accidents (per hundred values),1,Urban road,2014,1.15686
A,Annual,ITE4,Lazio,KILLEDINDX,Killed in road accidents - in respect of total accidents (per hundred values),1,Urban road,2015,1.28132
A,Annual,ITE4,Lazio,KILLEDINDX,Killed in road accidents - in respect of total accidents (per hundred values),1,Urban road,2016,1.10394
A,Annual,ITE4,Lazio,KILLEDINDX,Killed in road accidents - in respect of total accidents (per hundred values),1,Urban road,2017,1.0548
A,Annual,ITE4,Lazio,KILLEDINDX,Killed in road accidents - in respect of total accidents (per hundred values),1,Urban road,2018,1.23405
A,Annual,ITE4,Lazio,KILLEDINDX,Killed in road accidents - in respect of total accidents (per hundred values),1,Urban road,2019,1.07674
A,Annual,ITE4,Lazio,KILLEDINDX,Killed in road accidents - in respect of total accidents (per hundred values),1,Urban road,2020,1.15
A,Annual,ITE4,Lazio,KILLEDINDX,Killed in road accidents - in respect of total accidents (per hundred values),1,Urban road,2021,1.20024
A,Annual,ITE4,Lazio,KILLEDINDX,Killed in road accidents - in respect of total accidents (per hundred values),1,Urban road,2022,1.20405
A,Annual,ITE4,Lazio,KILLEDINDX,Killed in road accidents - in respect of total accidents (per hundred values),1,Urban road,2023,1.24538
A,Annual,ITE4,Lazio,KILLEDINDX,Killed in road accidents - in respect of total accidents (per hundred values),1,Urban road,2024,1.06919
A,Annual,ITE4,Lazio,KILLEDINDX,Killed in road accidents - in respect of total accidents (per hundred values),2,Motorway,2010,2.70833
A,Annual,ITE4,Lazio,KILLEDINDX,Killed in road accidents - in respect of total accidents (per hundred values),2,Motorway,2011,2.79635
A,Annual,ITE4,Lazio,KILLEDINDX,Killed in road accidents - in respect of total accidents (per hundred values),2,Motorway,2012,2.44989
A,Annual,ITE4,Lazio,KILLEDINDX,Killed in road accidents - in respect of total accidents (per hundred values),2,Motorway,2013,2.80156
A,Annual,ITE4,Lazio,KILLEDINDX,Killed in road accidents - in respect of total accidents (per hundred values),2,Motorway,2014,2.73973
A,Annual,ITE4,Lazio,KILLEDINDX,Killed in road accidents - in respect of total accidents (per hundred values),2,Motorway,2015,2.64511
A,Annual,ITE4,Lazio,KILLEDINDX,Killed in road accidents - in respect of total accidents (per hundred values),2,Motorway,2016,2.52976
A,Annual,ITE4,Lazio,KILLEDINDX,Killed in road accidents - in respect of total accidents (per hundred values),2,Motorway,2017,2.8169
A,Annual,ITE4,Lazio,KILLEDINDX,Killed in road accidents - in respect of total accidents (per hundred values),2,Motorway,2018,3.10078
A,Annual,ITE4,Lazio,KILLEDINDX,Killed in road accidents - in respect of total accidents (per hundred values),2,Motorway,2019,2.87405
A,Annual,ITE4,Lazio,KILLEDINDX,Killed in road accidents - in respect of total accidents (per hundred values),2,Motorway,2020,3.2767
A,Annual,ITE4,Lazio,KILLEDINDX,Killed in road accidents - in respect of total accidents (per hundred values),2,Motorway,2021,2.04878
A,Annual,ITE4,Lazio,KILLEDINDX,Killed in road accidents - in respect of total accidents (per hundred values),2,Motorway,2022,3.28677
A,Annual,ITE4,Lazio,KILLEDINDX,Killed in road accidents - in respect of total accidents (per hundred values),2,Motorway,2023,2.04403
A,Annual,ITE4,Lazio,KILLEDINDX,Killed in road accidents - in respect of total accidents (per hundred values),2,Motorway,2024,1.75171
A,Annual,ITE4,Lazio,KILLEDINDX,Killed in road accidents - in respect of total accidents (per hundred values),3,Other roads,2010,4.6146
A,Annual,ITE4,Lazio,KILLEDINDX,Killed in road accidents - in respect of total accidents (per hundred values),3,Other roads,2011,3.89206
A,Annual,ITE4,Lazio,KILLEDINDX,Killed in road accidents - in respect of total accidents (per hundred values),3,Other roads,2012,4.51514
A,Annual,ITE4,Lazio,KILLEDINDX,Killed in road accidents - in respect of total accidents (per hundred values),3,Other roads,2013,4.30556
A,Annual,ITE4,Lazio,KILLEDINDX,Killed in road accidents - in respect of total accidents (per hundred values),3,Other roads,2014,4.66062
A,Annual,ITE4,Lazio,KILLEDINDX,Killed in road accidents - in respect of total accidents (per hundred values),3,Other roads,2015,4.18371
A,Annual,ITE4,Lazio,KILLEDINDX,Killed in road accidents - in respect of total accidents (per hundred values),3,Other roads,2016,4.57327
A,Annual,ITE4,Lazio,KILLEDINDX,Killed in road accidents - in respect of total accidents (per hundred values),3,Other roads,2017,5.64399
A,Annual,ITE4,Lazio,KILLEDINDX,Killed in road accidents - in respect of total accidents (per hundred values),3,Other roads,2018,3.98563
A,Annual,ITE4,Lazio,KILLEDINDX,Killed in road accidents - in respect of total accidents (per hundred values),3,Other roads,2019,3.30579
A,Annual,ITE4,Lazio,KILLEDINDX,Killed in road accidents - in respect of total accidents (per hundred values),3,Other roads,2020,4.93931
A,Annual,ITE4,Lazio,KILLEDINDX,Killed in road accidents - in respect of total accidents (per hundred values),3,Other roads,2021,3.47883
A,Annual,ITE4,Lazio,KILLEDINDX,Killed in road accidents - in respect of total accidents (per hundred values),3,Other roads,2022,3.27284
A,Annual,ITE4,Lazio,KILLEDINDX,Killed in road accidents - in respect of total accidents (per hundred values),3,Other roads,2023,3.95062
A,Annual,ITE4,Lazio,KILLEDINDX,Killed in road accidents - in respect of total accidents (per hundred values),3,Other roads,2024,3.4622
A,Annual,ITE4,Lazio,KILLEDINDX,Killed in road accidents - in respect of total accidents (per hundred values),9,Total,2010,1.61812
A,Annual,ITE4,Lazio,KILLEDINDX,Killed in road accidents - in respect of total accidents (per hundred values),9,Total,2011,1.5804
A,Annual,ITE4,Lazio,KILLEDINDX,Killed in road accidents - in respect of total accidents (per hundred values),9,Total,2012,1.62139
A,Annual,ITE4,Lazio,KILLEDINDX,Killed in road accidents - in respect of total accidents (per hundred values),9,Total,2013,1.65103
A,Annual,ITE4,Lazio,KILLEDINDX,Killed in road accidents - in respect of total accidents (per hundred values),9,Total,2014,1.80193
A,Annual,ITE4,Lazio,KILLEDINDX,Killed in road accidents - in respect of total accidents (per hundred values),9,Total,2015,1.82924
A,Annual,ITE4,Lazio,KILLEDINDX,Killed in road accidents - in respect of total accidents (per hundred values),9,Total,2016,1.74031
A,Annual,ITE4,Lazio,KILLEDINDX,Killed in road accidents - in respect of total accidents (per hundred values),9,Total,2017,1.81725
A,Annual,ITE4,Lazio,KILLEDINDX,Killed in road accidents - in respect of total accidents (per hundred values),9,Total,2018,1.81594
A,Annual,ITE4,Lazio,KILLEDINDX,Killed in road accidents - in respect of total accidents (per hundred values),9,Total,2019,1.56002
A,Annual,ITE4,Lazio,KILLEDINDX,Killed in road accidents - in respect of total accidents (per hundred values),9,Total,2020,1.96241
A,Annual,ITE4,Lazio,KILLEDINDX,Killed in road accidents - in respect of total accidents (per hundred values),9,Total,2021,1.64703
A,Annual,ITE4,Lazio,KILLEDINDX,Killed in road accidents - in respect of total accidents (per hundred values),9,Total,2022,1.67201
A,Annual,ITE4,Lazio,KILLEDINDX,Killed in road accidents - in respect of total accidents (per hundred values),9,Total,2023,1.73616
A,Annual,ITE4,Lazio,KILLEDINDX,Killed in road accidents - in respect of total accidents (per hundred values),9,Total,2024,1.50188
A,Annual,ITF1,Abruzzo,KILLEDINDX,Killed in road accidents - in respect of total accidents (per hundred values),1,Urban road,2010,1.28986
A,Annual,ITF1,Abruzzo,KILLEDINDX,Killed in road accidents - in respect of total accidents (per hundred values),1,Urban road,2011,1.18302
A,Annual,ITF1,Abruzzo,KILLEDINDX,Killed in road accidents - in respect of total accidents (per hundred values),1,Urban road,2012,1.69425
A,Annual,ITF1,Abruzzo,KILLEDINDX,Killed in road accidents - in respect of total accidents (per hundred values),1,Urban road,2013,1.49073
A,Annual,ITF1,Abruzzo,KILLEDINDX,Killed in road accidents - in respect of total accidents (per hundred values),1,Urban road,2014,1.19914
A,Annual,ITF1,Abruzzo,KILLEDINDX,Killed in road accidents - in respect of total accidents (per hundred values),1,Urban road,2015,1.54265
A,Annual,ITF1,Abruzzo,KILLEDINDX,Killed in road accidents - in respect of total accidents (per hundred values),1,Urban road,2016,1.44135
A,Annual,ITF1,Abruzzo,KILLEDINDX,Killed in road accidents - in respect of total accidents (per hundred values),1,Urban road,2017,1.15752
A,Annual,ITF1,Abruzzo,KILLEDINDX,Killed in road accidents - in respect of total accidents (per hundred values),1,Urban road,2018,1.50852
A,Annual,ITF1,Abruzzo,KILLEDINDX,Killed in road accidents - in respect of total accidents (per hundred values),1,Urban road,2019,1.52019
A,Annual,ITF1,Abruzzo,KILLEDINDX,Killed in road accidents - in respect of total accidents (per hundred values),1,Urban road,2020,1.36799
A,Annual,ITF1,Abruzzo,KILLEDINDX,Killed in road accidents - in respect of total accidents (per hundred values),1,Urban road,2021,1.34267
A,Annual,ITF1,Abruzzo,KILLEDINDX,Killed in road accidents - in respect of total accidents (per hundred values),1,Urban road,2022,1.18726
A,Annual,ITF1,Abruzzo,KILLEDINDX,Killed in road accidents - in respect of total accidents (per hundred values),1,Urban road,2023,1.0574
A,Annual,ITF1,Abruzzo,KILLEDINDX,Killed in road accidents - in respect of total accidents (per hundred values),1,Urban road,2024,2.10434
A,Annual,ITF1,Abruzzo,KILLEDINDX,Killed in road accidents - in respect of total accidents (per hundred values),2,Motorway,2010,2.88462
A,Annual,ITF1,Abruzzo,KILLEDINDX,Killed in road accidents - in respect of total accidents (per hundred values),2,Motorway,2011,3.37079
A,Annual,ITF1,Abruzzo,KILLEDINDX,Killed in road accidents - in respect of total accidents (per hundred values),2,Motorway,2012,3.30579
A,Annual,ITF1,Abruzzo,KILLEDINDX,Killed in road accidents - in respect of total accidents (per hundred values),2,Motorway,2013,1.6129
A,Annual,ITF1,Abruzzo,KILLEDINDX,Killed in road accidents - in respect of total accidents (per hundred values),2,Motorway,2014,3.90625
A,Annual,ITF1,Abruzzo,KILLEDINDX,Killed in road accidents - in respect of total accidents (per hundred values),2,Motorway,2015,4.5045
A,Annual,ITF1,Abruzzo,KILLEDINDX,Killed in road accidents - in respect of total accidents (per hundred values),2,Motorway,2016,2.14592
A,Annual,ITF1,Abruzzo,KILLEDINDX,Killed in road accidents - in respect of total accidents (per hundred values),2,Motorway,2017,4.91071
A,Annual,ITF1,Abruzzo,KILLEDINDX,Killed in road accidents - in respect of total accidents (per hundred values),2,Motorway,2018,2.73973
A,Annual,ITF1,Abruzzo,KILLEDINDX,Killed in road accidents - in respect of total accidents (per hundred values),2,Motorway,2019,2.34742
A,Annual,ITF1,Abruzzo,KILLEDINDX,Killed in road accidents - in respect of total accidents (per hundred values),2,Motorway,2020,1.45985
A,Annual,ITF1,Abruzzo,KILLEDINDX,Killed in road accidents - in respect of total accidents (per hundred values),2,Motorway,2021,3.44828
A,Annual,ITF1,Abruzzo,KILLEDINDX,Killed in road accidents - in respect of total accidents (per hundred values),2,Motorway,2022,2.24719
A,Annual,ITF1,Abruzzo,KILLEDINDX,Killed in road accidents - in respect of total accidents (per hundred values),2,Motorway,2023,4.38596
A,Annual,ITF1,Abruzzo,KILLEDINDX,Killed in road accidents - in respect of total accidents (per hundred values),2,Motorway,2024,2.64317
A,Annual,ITF1,Abruzzo,KILLEDINDX,Killed in road accidents - in respect of total accidents (per hundred values),3,Other roads,2010,3.41365
A,Annual,ITF1,Abruzzo,KILLEDINDX,Killed in road accidents - in respect of total accidents (per hundred values),3,Other roads,2011,4.36205
A,Annual,ITF1,Abruzzo,KILLEDINDX,Killed in road accidents - in respect of total accidents (per hundred values),3,Other roads,2012,4.60157
A,Annual,ITF1,Abruzzo,KILLEDINDX,Killed in road accidents - in respect of total accidents (per hundred values),3,Other roads,2013,3.32188
A,Annual,ITF1,Abruzzo,KILLEDINDX,Killed in road accidents - in respect of total accidents (per hundred values),3,Other roads,2014,4.65394
A,Annual,ITF1,Abruzzo,KILLEDINDX,Killed in road accidents - in respect of total accidents (per hundred values),3,Other roads,2015,5.05689
A,Annual,ITF1,Abruzzo,KILLEDINDX,Killed in road accidents - in respect of total accidents (per hundred values),3,Other roads,2016,5.30303
A,Annual,ITF1,Abruzzo,KILLEDINDX,Killed in road accidents - in respect of total accidents (per hundred values),3,Other roads,2017,4.7619
A,Annual,ITF1,Abruzzo,KILLEDINDX,Killed in road accidents - in respect of total accidents (per hundred values),3,Other roads,2018,4.47761
A,Annual,ITF1,Abruzzo,KILLEDINDX,Killed in road accidents - in respect of total accidents (per hundred values),3,Other roads,2019,4.86936
A,Annual,ITF1,Abruzzo,KILLEDINDX,Killed in road accidents - in respect of total accidents (per hundred values),3,Other roads,2020,6.10561
A,Annual,ITF1,Abruzzo,KILLEDINDX,Killed in road accidents - in respect of total accidents (per hundred values),3,Other roads,2021,6.15006
A,Annual,ITF1,Abruzzo,KILLEDINDX,Killed in road accidents - in respect of total accidents (per hundred values),3,Other roads,2022,4.16141
A,Annual,ITF1,Abruzzo,KILLEDINDX,Killed in road accidents - in respect of total accidents (per hundred values),3,Other roads,2023,5.39474
A,Annual,ITF1,Abruzzo,KILLEDINDX,Killed in road accidents - in respect of total accidents (per hundred values),3,Other roads,2024,3.6405
A,Annual,ITF1,Abruzzo,KILLEDINDX,Killed in road accidents - in respect of total accidents (per hundred values),9,Total,2010,1.9273
A,Annual,ITF1,Abruzzo,KILLEDINDX,Killed in road accidents - in respect of total accidents (per hundred values),9,Total,2011,2.04534
A,Annual,ITF1,Abruzzo,KILLEDINDX,Killed in road accidents - in respect of total accidents (per hundred values),9,Total,2012,2.50613
A,Annual,ITF1,Abruzzo,KILLEDINDX,Killed in road accidents - in respect of total accidents (per hundred values),9,Total,2013,1.94283
A,Annual,ITF1,Abruzzo,KILLEDINDX,Killed in road accidents - in respect of total accidents (per hundred values),9,Total,2014,2.24555
A,Annual,ITF1,Abruzzo,KILLEDINDX,Killed in road accidents - in respect of total accidents (per hundred values),9,Total,2015,2.61113
A,Annual,ITF1,Abruzzo,KILLEDINDX,Killed in road accidents - in respect of total accidents (per hundred values),9,Total,2016,2.50247
A,Annual,ITF1,Abruzzo,KILLEDINDX,Killed in road accidents - in respect of total accidents (per hundred values),9,Total,2017,2.34216
A,Annual,ITF1,Abruzzo,KILLEDINDX,Killed in road accidents - in respect of total accidents (per hundred values),9,Total,2018,2.41653
A,Annual,ITF1,Abruzzo,KILLEDINDX,Killed in road accidents - in respect of total accidents (per hundred values),9,Total,2019,2.46835
A,Annual,ITF1,Abruzzo,KILLEDINDX,Killed in road accidents - in respect of total accidents (per hundred values),9,Total,2020,2.67574
A,Annual,ITF1,Abruzzo,KILLEDINDX,Killed in road accidents - in respect of total accidents (per hundred values),9,Total,2021,2.93148
A,Annual,ITF1,Abruzzo,KILLEDINDX,Killed in road accidents - in respect of total accidents (per hundred values),9,Total,2022,2.08924
A,Annual,ITF1,Abruzzo,KILLEDINDX,Killed in road accidents - in respect of total accidents (per hundred values),9,Total,2023,2.42098
A,Annual,ITF1,Abruzzo,KILLEDINDX,Killed in road accidents - in respect of total accidents (per hundred values),9,Total,2024,2.53912
A,Annual,ITF2,Molise,KILLEDINDX,Killed in road accidents - in respect of total accidents (per hundred values),1,Urban road,2010,2.38806
A,Annual,ITF2,Molise,KILLEDINDX,Killed in road accidents - in respect of total accidents (per hundred values),1,Urban road,2011,0.90361
A,Annual,ITF2,Molise,KILLEDINDX,Killed in road accidents - in respect of total accidents (per hundred values),1,Urban road,2012,0.95541
A,Annual,ITF2,Molise,KILLEDINDX,Killed in road accidents - in respect of total accidents (per hundred values),1,Urban road,2013,1.0453
A,Annual,ITF2,Molise,KILLEDINDX,Killed in road accidents - in respect of total accidents (per hundred values),1,Urban road,2014,1.0989
A,Annual,ITF2,Molise,KILLEDINDX,Killed in road accidents - in respect of total accidents (per hundred values),1,Urban road,2015,3.18725
A,Annual,ITF2,Molise,KILLEDINDX,Killed in road accidents - in respect of total accidents (per hundred values),1,Urban road,2016,0.85106
A,Annual,ITF2,Molise,KILLEDINDX,Killed in road accidents - in respect of total accidents (per hundred values),1,Urban road,2017,0.67114
A,Annual,ITF2,Molise,KILLEDINDX,Killed in road accidents - in respect of total accidents (per hundred values),1,Urban road,2018,0.38023
A,Annual,ITF2,Molise,KILLEDINDX,Killed in road accidents - in respect of total accidents (per hundred values),1,Urban road,2019,1.33333
A,Annual,ITF2,Molise,KILLEDINDX,Killed in road accidents - in respect of total accidents (per hundred values),1,Urban road,2020,3.06122
A,Annual,ITF2,Molise,KILLEDINDX,Killed in road accidents - in respect of total accidents (per hundred values),1,Urban road,2021,1.38889
A,Annual,ITF2,Molise,KILLEDINDX,Killed in road accidents - in respect of total accidents (per hundred values),1,Urban road,2022,0.82988
A,Annual,ITF2,Molise,KILLEDINDX,Killed in road accidents - in respect of total accidents (per hundred values),1,Urban road,2023,1.14943
A,Annual,ITF2,Molise,KILLEDINDX,Killed in road accidents - in respect of total accidents (per hundred values),1,Urban road,2024,0.79051
A,Annual,ITF2,Molise,KILLEDINDX,Killed in road accidents - in respect of total accidents (per hundred values),2,Motorway,2010,6.66667
A,Annual,ITF2,Molise,KILLEDINDX,Killed in road accidents - in respect of total accidents (per hundred values),2,Motorway,2011,14.28571
A,Annual,ITF2,Molise,KILLEDINDX,Killed in road accidents - in respect of total accidents (per hundred values),2,Motorway,2013,9.09091
A,Annual,ITF2,Molise,KILLEDINDX,Killed in road accidents - in respect of total accidents (per hundred values),2,Motorway,2014,27.27273
A,Annual,ITF2,Molise,KILLEDINDX,Killed in road accidents - in respect of total accidents (per hundred values),2,Motorway,2015,12.5
A,Annual,ITF2,Molise,KILLEDINDX,Killed in road accidents - in respect of total accidents (per hundred values),2,Motorway,2018,12.5
A,Annual,ITF2,Molise,KILLEDINDX,Killed in road accidents - in respect of total accidents (per hundred values),2,Motorway,2022,14.28571
A,Annual,ITF2,Molise,KILLEDINDX,Killed in road accidents - in respect of total accidents (per hundred values),3,Other roads,2010,6.18893
A,Annual,ITF2,Molise,KILLEDINDX,Killed in road accidents - in respect of total accidents (per hundred values),3,Other roads,2011,5
A,Annual,ITF2,Molise,KILLEDINDX,Killed in road accidents - in respect of total accidents (per hundred values),3,Other roads,2012,6.27451
A,Annual,ITF2,Molise,KILLEDINDX,Killed in road accidents - in respect of total accidents (per hundred values),3,Other roads,2013,10.52632
A,Annual,ITF2,Molise,KILLEDINDX,Killed in road accidents - in respect of total accidents (per hundred values),3,Other roads,2014,9.2511
A,Annual,ITF2,Molise,KILLEDINDX,Killed in road accidents - in respect of total accidents (per hundred values),3,Other roads,2015,6.18557
A,Annual,ITF2,Molise,KILLEDINDX,Killed in road accidents - in respect of total accidents (per hundred values),3,Other roads,2016,6.35593
A,Annual,ITF2,Molise,KILLEDINDX,Killed in road accidents - in respect of total accidents (per hundred values),3,Other roads,2017,12.56281
A,Annual,ITF2,Molise,KILLEDINDX,Killed in road accidents - in respect of total accidents (per hundred values),3,Other roads,2018,6.03015
A,Annual,ITF2,Molise,KILLEDINDX,Killed in road accidents - in respect of total accidents (per hundred values),3,Other roads,2019,9.83607
A,Annual,ITF2,Molise,KILLEDINDX,Killed in road accidents - in respect of total accidents (per hundred values),3,Other roads,2020,11.17647
A,Annual,ITF2,Molise,KILLEDINDX,Killed in road accidents - in respect of total accidents (per hundred values),3,Other roads,2021,6.21762
A,Annual,ITF2,Molise,KILLEDINDX,Killed in road accidents - in respect of total accidents (per hundred values),3,Other roads,2022,5.6701
A,Annual,ITF2,Molise,KILLEDINDX,Killed in road accidents - in respect of total accidents (per hundred values),3,Other roads,2023,6.37255
A,Annual,ITF2,Molise,KILLEDINDX,Killed in road accidents - in respect of total accidents (per hundred values),3,Other roads,2024,4.52489
A,Annual,ITF2,Molise,KILLEDINDX,Killed in road accidents - in respect of total accidents (per hundred values),9,Total,2010,4.2618
A,Annual,ITF2,Molise,KILLEDINDX,Killed in road accidents - in respect of total accidents (per hundred values),9,Total,2011,2.9734
A,Annual,ITF2,Molise,KILLEDINDX,Killed in road accidents - in respect of total accidents (per hundred values),9,Total,2012,3.27022
A,Annual,ITF2,Molise,KILLEDINDX,Killed in road accidents - in respect of total accidents (per hundred values),9,Total,2013,5.12821
A,Annual,ITF2,Molise,KILLEDINDX,Killed in road accidents - in respect of total accidents (per hundred values),9,Total,2014,5.28376
A,Annual,ITF2,Molise,KILLEDINDX,Killed in road accidents - in respect of total accidents (per hundred values),9,Total,2015,4.77223
A,Annual,ITF2,Molise,KILLEDINDX,Killed in road accidents - in respect of total accidents (per hundred values),9,Total,2016,3.54906
A,Annual,ITF2,Molise,KILLEDINDX,Killed in road accidents - in respect of total accidents (per hundred values),9,Total,2017,5.29412
A,Annual,ITF2,Molise,KILLEDINDX,Killed in road accidents - in respect of total accidents (per hundred values),9,Total,2018,3.13808
A,Annual,ITF2,Molise,KILLEDINDX,Killed in road accidents - in respect of total accidents (per hundred values),9,Total,2019,5.04505
A,Annual,ITF2,Molise,KILLEDINDX,Killed in road accidents - in respect of total accidents (per hundred values),9,Total,2020,6.61376
A,Annual,ITF2,Molise,KILLEDINDX,Killed in road accidents - in respect of total accidents (per hundred values),9,Total,2021,3.56295
A,Annual,ITF2,Molise,KILLEDINDX,Killed in road accidents - in respect of total accidents (per hundred values),9,Total,2022,3.16742
A,Annual,ITF2,Molise,KILLEDINDX,Killed in road accidents - in respect of total accidents (per hundred values),9,Total,2023,3.36134
A,Annual,ITF2,Molise,KILLEDINDX,Killed in road accidents - in respect of total accidents (per hundred values),9,Total,2024,2.46407
A,Annual,ITF3,Campania,KILLEDINDX,Killed in road accidents - in respect of total accidents (per hundred values),1,Urban road,2010,1.21089
A,Annual,ITF3,Campania,KILLEDINDX,Killed in road accidents - in respect of total accidents (per hundred values),1,Urban road,2011,1.72922
A,Annual,ITF3,Campania,KILLEDINDX,Killed in road accidents - in respect of total accidents (per hundred values),1,Urban road,2012,1.68332
A,Annual,ITF3,Campania,KILLEDINDX,Killed in road accidents - in respect of total accidents (per hundred values),1,Urban road,2013,1.57045
A,Annual,ITF3,Campania,KILLEDINDX,Killed in road accidents - in respect of total accidents (per hundred values),1,Urban road,2014,1.68129
A,Annual,ITF3,Campania,KILLEDINDX,Killed in road accidents - in respect of total accidents (per hundred values),1,Urban road,2015,1.64566
A,Annual,ITF3,Campania,KILLEDINDX,Killed in road accidents - in respect of total accidents (per hundred values),1,Urban road,2016,1.51474
A,Annual,ITF3,Campania,KILLEDINDX,Killed in road accidents - in respect of total accidents (per hundred values),1,Urban road,2017,1.49095
A,Annual,ITF3,Campania,KILLEDINDX,Killed in road accidents - in respect of total accidents (per hundred values),1,Urban road,2018,1.33898
A,Annual,ITF3,Campania,KILLEDINDX,Killed in road accidents - in respect of total accidents (per hundred values),1,Urban road,2019,1.32594
A,Annual,ITF3,Campania,KILLEDINDX,Killed in road accidents - in respect of total accidents (per hundred values),1,Urban road,2020,1.83693
A,Annual,ITF3,Campania,KILLEDINDX,Killed in road accidents - in respect of total accidents (per hundred values),1,Urban road,2021,1.54877
A,Annual,ITF3,Campania,KILLEDINDX,Killed in road accidents - in respect of total accidents (per hundred values),1,Urban road,2022,1.53446
A,Annual,ITF3,Campania,KILLEDINDX,Killed in road accidents - in respect of total accidents (per hundred values),1,Urban road,2023,1.44813
A,Annual,ITF3,Campania,KILLEDINDX,Killed in road accidents - in respect of total accidents (per hundred values),1,Urban road,2024,1.55523
A,Annual,ITF3,Campania,KILLEDINDX,Killed in road accidents - in respect of total accidents (per hundred values),2,Motorway,2010,3.76016
A,Annual,ITF3,Campania,KILLEDINDX,Killed in road accidents - in respect of total accidents (per hundred values),2,Motorway,2011,2.88351
A,Annual,ITF3,Campania,KILLEDINDX,Killed in road accidents - in respect of total accidents (per hundred values),2,Motorway,2012,4.35356
A,Annual,ITF3,Campania,KILLEDINDX,Killed in road accidents - in respect of total accidents (per hundred values),2,Motorway,2013,9.16335
A,Annual,ITF3,Campania,KILLEDINDX,Killed in road accidents - in respect of total accidents (per hundred values),2,Motorway,2014,3.09423
A,Annual,ITF3,Campania,KILLEDINDX,Killed in road accidents - in respect of total accidents (per hundred values),2,Motorway,2015,3.63409
A,Annual,ITF3,Campania,KILLEDINDX,Killed in road accidents - in respect of total accidents (per hundred values),2,Motorway,2016,2.98103
A,Annual,ITF3,Campania,KILLEDINDX,Killed in road accidents - in respect of total accidents (per hundred values),2,Motorway,2017,4.18919
A,Annual,ITF3,Campania,KILLEDINDX,Killed in road accidents - in respect of total accidents (per hundred values),2,Motorway,2018,3.67347
A,Annual,ITF3,Campania,KILLEDINDX,Killed in road accidents - in respect of total accidents (per hundred values),2,Motorway,2019,3.08725
A,Annual,ITF3,Campania,KILLEDINDX,Killed in road accidents - in respect of total accidents (per hundred values),2,Motorway,2020,3.47072
A,Annual,ITF3,Campania,KILLEDINDX,Killed in road accidents - in respect of total accidents (per hundred values),2,Motorway,2021,3.79147
A,Annual,ITF3,Campania,KILLEDINDX,Killed in road accidents - in respect of total accidents (per hundred values),2,Motorway,2022,3.45781
A,Annual,ITF3,Campania,KILLEDINDX,Killed in road accidents - in respect of total accidents (per hundred values),2,Motorway,2023,2.98913
A,Annual,ITF3,Campania,KILLEDINDX,Killed in road accidents - in respect of total accidents (per hundred values),2,Motorway,2024,3.51105
A,Annual,ITF3,Campania,KILLEDINDX,Killed in road accidents - in respect of total accidents (per hundred values),3,Other roads,2010,6.43016
A,Annual,ITF3,Campania,KILLEDINDX,Killed in road accidents - in respect of total accidents (per hundred values),3,Other roads,2011,5.35139
A,Annual,ITF3,Campania,KILLEDINDX,Killed in road accidents - in respect of total accidents (per hundred values),3,Other roads,2012,5.26638
A,Annual,ITF3,Campania,KILLEDINDX,Killed in road accidents - in respect of total accidents (per hundred values),3,Other roads,2013,5.94952
A,Annual,ITF3,Campania,KILLEDINDX,Killed in road accidents - in respect of total accidents (per hundred values),3,Other roads,2014,5.88596
A,Annual,ITF3,Campania,KILLEDINDX,Killed in road accidents - in respect of total accidents (per hundred values),3,Other roads,2015,6.05867
A,Annual,ITF3,Campania,KILLEDINDX,Killed in road accidents - in respect of total accidents (per hundred values),3,Other roads,2016,4.95916
A,Annual,ITF3,Campania,KILLEDINDX,Killed in road accidents - in respect of total accidents (per hundred values),3,Other roads,2017,5.92814
A,Annual,ITF3,Campania,KILLEDINDX,Killed in road accidents - in respect of total accidents (per hundred values),3,Other roads,2018,4.85903
A,Annual,ITF3,Campania,KILLEDINDX,Killed in road accidents - in respect of total accidents (per hundred values),3,Other roads,2019,5.30697
A,Annual,ITF3,Campania,KILLEDINDX,Killed in road accidents - in respect of total accidents (per hundred values),3,Other roads,2020,4.79876
A,Annual,ITF3,Campania,KILLEDINDX,Killed in road accidents - in respect of total accidents (per hundred values),3,Other roads,2021,5.16206
A,Annual,ITF3,Campania,KILLEDINDX,Killed in road accidents - in respect of total accidents (per hundred values),3,Other roads,2022,5.05837
A,Annual,ITF3,Campania,KILLEDINDX,Killed in road accidents - in respect of total accidents (per hundred values),3,Other roads,2023,4.60733
A,Annual,ITF3,Campania,KILLEDINDX,Killed in road accidents - in respect of total accidents (per hundred values),3,Other roads,2024,5.51831
A,Annual,ITF3,Campania,KILLEDINDX,Killed in road accidents - in respect of total accidents (per hundred values),9,Total,2010,2.28233
A,Annual,ITF3,Campania,KILLEDINDX,Killed in road accidents - in respect of total accidents (per hundred values),9,Total,2011,2.37653
A,Annual,ITF3,Campania,KILLEDINDX,Killed in road accidents - in respect of total accidents (per hundred values),9,Total,2012,2.49536
A,Annual,ITF3,Campania,KILLEDINDX,Killed in road accidents - in respect of total accidents (per hundred values),9,Total,2013,2.99901
A,Annual,ITF3,Campania,KILLEDINDX,Killed in road accidents - in respect of total accidents (per hundred values),9,Total,2014,2.53757
A,Annual,ITF3,Campania,KILLEDINDX,Killed in road accidents - in respect of total accidents (per hundred values),9,Total,2015,2.5793
A,Annual,ITF3,Campania,KILLEDINDX,Killed in road accidents - in respect of total accidents (per hundred values),9,Total,2016,2.22904
A,Annual,ITF3,Campania,KILLEDINDX,Killed in road accidents - in respect of total accidents (per hundred values),9,Total,2017,2.43902
A,Annual,ITF3,Campania,KILLEDINDX,Killed in road accidents - in respect of total accidents (per hundred values),9,Total,2018,2.11912
A,Annual,ITF3,Campania,KILLEDINDX,Killed in road accidents - in respect of total accidents (per hundred values),9,Total,2019,2.21714
A,Annual,ITF3,Campania,KILLEDINDX,Killed in road accidents - in respect of total accidents (per hundred values),9,Total,2020,2.48307
A,Annual,ITF3,Campania,KILLEDINDX,Killed in road accidents - in respect of total accidents (per hundred values),9,Total,2021,2.37408
A,Annual,ITF3,Campania,KILLEDINDX,Killed in road accidents - in respect of total accidents (per hundred values),9,Total,2022,2.32156
A,Annual,ITF3,Campania,KILLEDINDX,Killed in road accidents - in respect of total accidents (per hundred values),9,Total,2023,2.14802
A,Annual,ITF3,Campania,KILLEDINDX,Killed in road accidents - in respect of total accidents (per hundred values),9,Total,2024,2.40022
A,Annual,ITF4,Puglia,KILLEDINDX,Killed in road accidents - in respect of total accidents (per hundred values),1,Urban road,2010,0.799
A,Annual,ITF4,Puglia,KILLEDINDX,Killed in road accidents - in respect of total accidents (per hundred values),1,Urban road,2011,0.90361
A,Annual,ITF4,Puglia,KILLEDINDX,Killed in road accidents - in respect of total accidents (per hundred values),1,Urban road,2012,0.90884
A,Annual,ITF4,Puglia,KILLEDINDX,Killed in road accidents - in respect of total accidents (per hundred values),1,Urban road,2013,0.86301
A,Annual,ITF4,Puglia,KILLEDINDX,Killed in road accidents - in respect of total accidents (per hundred values),1,Urban road,2014,0.91716
A,Annual,ITF4,Puglia,KILLEDINDX,Killed in road accidents - in respect of total accidents (per hundred values),1,Urban road,2015,0.8487
A,Annual,ITF4,Puglia,KILLEDINDX,Killed in road accidents - in respect of total accidents (per hundred values),1,Urban road,2016,1.01302
A,Annual,ITF4,Puglia,KILLEDINDX,Killed in road accidents - in respect of total accidents (per hundred values),1,Urban road,2017,0.88404
A,Annual,ITF4,Puglia,KILLEDINDX,Killed in road accidents - in respect of total accidents (per hundred values),1,Urban road,2018,0.78951
A,Annual,ITF4,Puglia,KILLEDINDX,Killed in road accidents - in respect of total accidents (per hundred values),1,Urban road,2019,0.71535
A,Annual,ITF4,Puglia,KILLEDINDX,Killed in road accidents - in respect of total accidents (per hundred values),1,Urban road,2020,0.8493
A,Annual,ITF4,Puglia,KILLEDINDX,Killed in road accidents - in respect of total accidents (per hundred values),1,Urban road,2021,0.76106
A,Annual,ITF4,Puglia,KILLEDINDX,Killed in road accidents - in respect of total accidents (per hundred values),1,Urban road,2022,0.83218
A,Annual,ITF4,Puglia,KILLEDINDX,Killed in road accidents - in respect of total accidents (per hundred values),1,Urban road,2023,0.91704
A,Annual,ITF4,Puglia,KILLEDINDX,Killed in road accidents - in respect of total accidents (per hundred values),1,Urban road,2024,0.67697
A,Annual,ITF4,Puglia,KILLEDINDX,Killed in road accidents - in respect of total accidents (per hundred values),2,Motorway,2010,8.65385
A,Annual,ITF4,Puglia,KILLEDINDX,Killed in road accidents - in respect of total accidents (per hundred values),2,Motorway,2011,5.17241
A,Annual,ITF4,Puglia,KILLEDINDX,Killed in road accidents - in respect of total accidents (per hundred values),2,Motorway,2012,12.63158
A,Annual,ITF4,Puglia,KILLEDINDX,Killed in road accidents - in respect of total accidents (per hundred values),2,Motorway,2013,8.16327
A,Annual,ITF4,Puglia,KILLEDINDX,Killed in road accidents - in respect of total accidents (per hundred values),2,Motorway,2014,5.6338
A,Annual,ITF4,Puglia,KILLEDINDX,Killed in road accidents - in respect of total accidents (per hundred values),2,Motorway,2015,8.82353
A,Annual,ITF4,Puglia,KILLEDINDX,Killed in road accidents - in respect of total accidents (per hundred values),2,Motorway,2016,4.3956
A,Annual,ITF4,Puglia,KILLEDINDX,Killed in road accidents - in respect of total accidents (per hundred values),2,Motorway,2017,4
A,Annual,ITF4,Puglia,KILLEDINDX,Killed in road accidents - in respect of total accidents (per hundred values),2,Motorway,2018,1.42857
A,Annual,ITF4,Puglia,KILLEDINDX,Killed in road accidents - in respect of total accidents (per hundred values),2,Motorway,2019,7.79221
A,Annual,ITF4,Puglia,KILLEDINDX,Killed in road accidents - in respect of total accidents (per hundred values),2,Motorway,2020,7.69231
A,Annual,ITF4,Puglia,KILLEDINDX,Killed in road accidents - in respect of total accidents (per hundred values),2,Motorway,2021,6.06061
A,Annual,ITF4,Puglia,KILLEDINDX,Killed in road accidents - in respect of total accidents (per hundred values),2,Motorway,2022,11.9403
A,Annual,ITF4,Puglia,KILLEDINDX,Killed in road accidents - in respect of total accidents (per hundred values),2,Motorway,2023,4.47761
A,Annual,ITF4,Puglia,KILLEDINDX,Killed in road accidents - in respect of total accidents (per hundred values),2,Motorway,2024,5.61798
A,Annual,ITF4,Puglia,KILLEDINDX,Killed in road accidents - in respect of total accidents (per hundred values),3,Other roads,2010,5.89375
A,Annual,ITF4,Puglia,KILLEDINDX,Killed in road accidents - in respect of total accidents (per hundred values),3,Other roads,2011,5.5771
A,Annual,ITF4,Puglia,KILLEDINDX,Killed in road accidents - in respect of total accidents (per hundred values),3,Other roads,2012,6.45051
A,Annual,ITF4,Puglia,KILLEDINDX,Killed in road accidents - in respect of total accidents (per hundred values),3,Other roads,2013,5.50298
A,Annual,ITF4,Puglia,KILLEDINDX,Killed in road accidents - in respect of total accidents (per hundred values),3,Other roads,2014,6.40875
A,Annual,ITF4,Puglia,KILLEDINDX,Killed in road accidents - in respect of total accidents (per hundred values),3,Other roads,2015,6.40732
A,Annual,ITF4,Puglia,KILLEDINDX,Killed in road accidents - in respect of total accidents (per hundred values),3,Other roads,2016,6.30915
A,Annual,ITF4,Puglia,KILLEDINDX,Killed in road accidents - in respect of total accidents (per hundred values),3,Other roads,2017,5.91655
A,Annual,ITF4,Puglia,KILLEDINDX,Killed in road accidents - in respect of total accidents (per hundred values),3,Other roads,2018,5.05155
A,Annual,ITF4,Puglia,KILLEDINDX,Killed in road accidents - in respect of total accidents (per hundred values),3,Other roads,2019,5.29046
A,Annual,ITF4,Puglia,KILLEDINDX,Killed in road accidents - in respect of total accidents (per hundred values),3,Other roads,2020,5.25581
A,Annual,ITF4,Puglia,KILLEDINDX,Killed in road accidents - in respect of total accidents (per hundred values),3,Other roads,2021,5.56579
A,Annual,ITF4,Puglia,KILLEDINDX,Killed in road accidents - in respect of total accidents (per hundred values),3,Other roads,2022,6.00733
A,Annual,ITF4,Puglia,KILLEDINDX,Killed in road accidents - in respect of total accidents (per hundred values),3,Other roads,2023,5.89918
A,Annual,ITF4,Puglia,KILLEDINDX,Killed in road accidents - in respect of total accidents (per hundred values),3,Other roads,2024,5.88803
A,Annual,ITF4,Puglia,KILLEDINDX,Killed in road accidents - in respect of total accidents (per hundred values),9,Total,2010,2.33993
A,Annual,ITF4,Puglia,KILLEDINDX,Killed in road accidents - in respect of total accidents (per hundred values),9,Total,2011,2.23948
A,Annual,ITF4,Puglia,KILLEDINDX,Killed in road accidents - in respect of total accidents (per hundred values),9,Total,2012,2.59551
A,Annual,ITF4,Puglia,KILLEDINDX,Killed in road accidents - in respect of total accidents (per hundred values),9,Total,2013,2.19565
A,Annual,ITF4,Puglia,KILLEDINDX,Killed in road accidents - in respect of total accidents (per hundred values),9,Total,2014,2.43183
A,Annual,ITF4,Puglia,KILLEDINDX,Killed in road accidents - in respect of total accidents (per hundred values),9,Total,2015,2.43595
A,Annual,ITF4,Puglia,KILLEDINDX,Killed in road accidents - in respect of total accidents (per hundred values),9,Total,2016,2.57763
A,Annual,ITF4,Puglia,KILLEDINDX,Killed in road accidents - in respect of total accidents (per hundred values),9,Total,2017,2.41161
A,Annual,ITF4,Puglia,KILLEDINDX,Killed in road accidents - in respect of total accidents (per hundred values),9,Total,2018,2.07366
A,Annual,ITF4,Puglia,KILLEDINDX,Killed in road accidents - in respect of total accidents (per hundred values),9,Total,2019,2.13865
A,Annual,ITF4,Puglia,KILLEDINDX,Killed in road accidents - in respect of total accidents (per hundred values),9,Total,2020,2.20234
A,Annual,ITF4,Puglia,KILLEDINDX,Killed in road accidents - in respect of total accidents (per hundred values),9,Total,2021,2.23421
A,Annual,ITF4,Puglia,KILLEDINDX,Killed in road accidents - in respect of total accidents (per hundred values),9,Total,2022,2.43377
A,Annual,ITF4,Puglia,KILLEDINDX,Killed in road accidents - in respect of total accidents (per hundred values),9,Total,2023,2.357
A,Annual,ITF4,Puglia,KILLEDINDX,Killed in road accidents - in respect of total accidents (per hundred values),9,Total,2024,2.18574
A,Annual,ITF5,Basilicata,KILLEDINDX,Killed in road accidents - in respect of total accidents (per hundred values),1,Urban road,2010,0.64205
A,Annual,ITF5,Basilicata,KILLEDINDX,Killed in road accidents - in respect of total accidents (per hundred values),1,Urban road,2011,1.15132
A,Annual,ITF5,Basilicata,KILLEDINDX,Killed in road accidents - in respect of total accidents (per hundred values),1,Urban road,2012,1.45455
A,Annual,ITF5,Basilicata,KILLEDINDX,Killed in road accidents - in respect of total accidents (per hundred values),1,Urban road,2013,0.66964
A,Annual,ITF5,Basilicata,KILLEDINDX,Killed in road accidents - in respect of total accidents (per hundred values),1,Urban road,2014,1.2605
A,Annual,ITF5,Basilicata,KILLEDINDX,Killed in road accidents - in respect of total accidents (per hundred values),1,Urban road,2015,1.74081
A,Annual,ITF5,Basilicata,KILLEDINDX,Killed in road accidents - in respect of total accidents (per hundred values),1,Urban road,2016,1.67286
A,Annual,ITF5,Basilicata,KILLEDINDX,Killed in road accidents - in respect of total accidents (per hundred values),1,Urban road,2017,1.43737
A,Annual,ITF5,Basilicata,KILLEDINDX,Killed in road accidents - in respect of total accidents (per hundred values),1,Urban road,2018,0.55351
A,Annual,ITF5,Basilicata,KILLEDINDX,Killed in road accidents - in respect of total accidents (per hundred values),1,Urban road,2019,0.96525
A,Annual,ITF5,Basilicata,KILLEDINDX,Killed in road accidents - in respect of total accidents (per hundred values),1,Urban road,2020,1.24069
A,Annual,ITF5,Basilicata,KILLEDINDX,Killed in road accidents - in respect of total accidents (per hundred values),1,Urban road,2021,1.35659
A,Annual,ITF5,Basilicata,KILLEDINDX,Killed in road accidents - in respect of total accidents (per hundred values),1,Urban road,2022,2.24949
A,Annual,ITF5,Basilicata,KILLEDINDX,Killed in road accidents - in respect of total accidents (per hundred values),1,Urban road,2023,1.65746
A,Annual,ITF5,Basilicata,KILLEDINDX,Killed in road accidents - in respect of total accidents (per hundred values),1,Urban road,2024,0.7286
A,Annual,ITF5,Basilicata,KILLEDINDX,Killed in road accidents - in respect of total accidents (per hundred values),2,Motorway,2010,3.27869
A,Annual,ITF5,Basilicata,KILLEDINDX,Killed in road accidents - in respect of total accidents (per hundred values),2,Motorway,2012,17.02128
A,Annual,ITF5,Basilicata,KILLEDINDX,Killed in road accidents - in respect of total accidents (per hundred values),2,Motorway,2014,1.81818
A,Annual,ITF5,Basilicata,KILLEDINDX,Killed in road accidents - in respect of total accidents (per hundred values),2,Motorway,2015,3.33333
A,Annual,ITF5,Basilicata,KILLEDINDX,Killed in road accidents - in respect of total accidents (per hundred values),2,Motorway,2016,3.33333
A,Annual,ITF5,Basilicata,KILLEDINDX,Killed in road accidents - in respect of total accidents (per hundred values),2,Motorway,2017,2.7027
A,Annual,ITF5,Basilicata,KILLEDINDX,Killed in road accidents - in respect of total accidents (per hundred values),2,Motorway,2018,3.92157
A,Annual,ITF5,Basilicata,KILLEDINDX,Killed in road accidents - in respect of total accidents (per hundred values),2,Motorway,2021,12
A,Annual,ITF5,Basilicata,KILLEDINDX,Killed in road accidents - in respect of total accidents (per hundred values),2,Motorway,2022,2.85714
A,Annual,ITF5,Basilicata,KILLEDINDX,Killed in road accidents - in respect of total accidents (per hundred values),2,Motorway,2024,2.38095
A,Annual,ITF5,Basilicata,KILLEDINDX,Killed in road accidents - in respect of total accidents (per hundred values),3,Other roads,2010,9.07127
A,Annual,ITF5,Basilicata,KILLEDINDX,Killed in road accidents - in respect of total accidents (per hundred values),3,Other roads,2011,7.53769
A,Annual,ITF5,Basilicata,KILLEDINDX,Killed in road accidents - in respect of total accidents (per hundred values),3,Other roads,2012,9.94318
A,Annual,ITF5,Basilicata,KILLEDINDX,Killed in road accidents - in respect of total accidents (per hundred values),3,Other roads,2013,4.96084
A,Annual,ITF5,Basilicata,KILLEDINDX,Killed in road accidents - in respect of total accidents (per hundred values),3,Other roads,2014,8.39506
A,Annual,ITF5,Basilicata,KILLEDINDX,Killed in road accidents - in respect of total accidents (per hundred values),3,Other roads,2015,8.48329
A,Annual,ITF5,Basilicata,KILLEDINDX,Killed in road accidents - in respect of total accidents (per hundred values),3,Other roads,2016,8.48806
A,Annual,ITF5,Basilicata,KILLEDINDX,Killed in road accidents - in respect of total accidents (per hundred values),3,Other roads,2017,7.71605
A,Annual,ITF5,Basilicata,KILLEDINDX,Killed in road accidents - in respect of total accidents (per hundred values),3,Other roads,2018,10.36269
A,Annual,ITF5,Basilicata,KILLEDINDX,Killed in road accidents - in respect of total accidents (per hundred values),3,Other roads,2019,6.87679
A,Annual,ITF5,Basilicata,KILLEDINDX,Killed in road accidents - in respect of total accidents (per hundred values),3,Other roads,2020,5.03876
A,Annual,ITF5,Basilicata,KILLEDINDX,Killed in road accidents - in respect of total accidents (per hundred values),3,Other roads,2021,6.89655
A,Annual,ITF5,Basilicata,KILLEDINDX,Killed in road accidents - in respect of total accidents (per hundred values),3,Other roads,2022,8.71795
A,Annual,ITF5,Basilicata,KILLEDINDX,Killed in road accidents - in respect of total accidents (per hundred values),3,Other roads,2023,4.59184
A,Annual,ITF5,Basilicata,KILLEDINDX,Killed in road accidents - in respect of total accidents (per hundred values),3,Other roads,2024,7.18085
A,Annual,ITF5,Basilicata,KILLEDINDX,Killed in road accidents - in respect of total accidents (per hundred values),9,Total,2010,4.18483
A,Annual,ITF5,Basilicata,KILLEDINDX,Killed in road accidents - in respect of total accidents (per hundred values),9,Total,2011,3.51044
A,Annual,ITF5,Basilicata,KILLEDINDX,Killed in road accidents - in respect of total accidents (per hundred values),9,Total,2012,5.37408
A,Annual,ITF5,Basilicata,KILLEDINDX,Killed in road accidents - in respect of total accidents (per hundred values),9,Total,2013,2.47748
A,Annual,ITF5,Basilicata,KILLEDINDX,Killed in road accidents - in respect of total accidents (per hundred values),9,Total,2014,4.38034
A,Annual,ITF5,Basilicata,KILLEDINDX,Killed in road accidents - in respect of total accidents (per hundred values),9,Total,2015,4.59402
A,Annual,ITF5,Basilicata,KILLEDINDX,Killed in road accidents - in respect of total accidents (per hundred values),9,Total,2016,4.44444
A,Annual,ITF5,Basilicata,KILLEDINDX,Killed in road accidents - in respect of total accidents (per hundred values),9,Total,2017,3.89151
A,Annual,ITF5,Basilicata,KILLEDINDX,Killed in road accidents - in respect of total accidents (per hundred values),9,Total,2018,4.59653
A,Annual,ITF5,Basilicata,KILLEDINDX,Killed in road accidents - in respect of total accidents (per hundred values),9,Total,2019,3.21152
A,Annual,ITF5,Basilicata,KILLEDINDX,Killed in road accidents - in respect of total accidents (per hundred values),9,Total,2020,2.65879
A,Annual,ITF5,Basilicata,KILLEDINDX,Killed in road accidents - in respect of total accidents (per hundred values),9,Total,2021,3.92157
A,Annual,ITF5,Basilicata,KILLEDINDX,Killed in road accidents - in respect of total accidents (per hundred values),9,Total,2022,5.03282
A,Annual,ITF5,Basilicata,KILLEDINDX,Killed in road accidents - in respect of total accidents (per hundred values),9,Total,2023,2.78926
A,Annual,ITF5,Basilicata,KILLEDINDX,Killed in road accidents - in respect of total accidents (per hundred values),9,Total,2024,3.3092
A,Annual,ITF6,Calabria,KILLEDINDX,Killed in road accidents - in respect of total accidents (per hundred values),1,Urban road,2010,2.14464
A,Annual,ITF6,Calabria,KILLEDINDX,Killed in road accidents - in respect of total accidents (per hundred values),1,Urban road,2011,1.38735
A,Annual,ITF6,Calabria,KILLEDINDX,Killed in road accidents - in respect of total accidents (per hundred values),1,Urban road,2012,2.42174
A,Annual,ITF6,Calabria,KILLEDINDX,Killed in road accidents - in respect of total accidents (per hundred values),1,Urban road,2013,2.44373
A,Annual,ITF6,Calabria,KILLEDINDX,Killed in road accidents - in respect of total accidents (per hundred values),1,Urban road,2014,2.15736
A,Annual,ITF6,Calabria,KILLEDINDX,Killed in road accidents - in respect of total accidents (per hundred values),1,Urban road,2015,1.90535
A,Annual,ITF6,Calabria,KILLEDINDX,Killed in road accidents - in respect of total accidents (per hundred values),1,Urban road,2016,2.32986
A,Annual,ITF6,Calabria,KILLEDINDX,Killed in road accidents - in respect of total accidents (per hundred values),1,Urban road,2017,2.14689
A,Annual,ITF6,Calabria,KILLEDINDX,Killed in road accidents - in respect of total accidents (per hundred values),1,Urban road,2018,2.28503
A,Annual,ITF6,Calabria,KILLEDINDX,Killed in road accidents - in respect of total accidents (per hundred values),1,Urban road,2019,1.77515
A,Annual,ITF6,Calabria,KILLEDINDX,Killed in road accidents - in respect of total accidents (per hundred values),1,Urban road,2020,2.02177
A,Annual,ITF6,Calabria,KILLEDINDX,Killed in road accidents - in respect of total accidents (per hundred values),1,Urban road,2021,2.04485
A,Annual,ITF6,Calabria,KILLEDINDX,Killed in road accidents - in respect of total accidents (per hundred values),1,Urban road,2022,1.16144
A,Annual,ITF6,Calabria,KILLEDINDX,Killed in road accidents - in respect of total accidents (per hundred values),1,Urban road,2023,2.1816
A,Annual,ITF6,Calabria,KILLEDINDX,Killed in road accidents - in respect of total accidents (per hundred values),1,Urban road,2024,1.86766
A,Annual,ITF6,Calabria,KILLEDINDX,Killed in road accidents - in respect of total accidents (per hundred values),2,Motorway,2010,4.08719
A,Annual,ITF6,Calabria,KILLEDINDX,Killed in road accidents - in respect of total accidents (per hundred values),2,Motorway,2011,3.83481
A,Annual,ITF6,Calabria,KILLEDINDX,Killed in road accidents - in respect of total accidents (per hundred values),2,Motorway,2012,4.31034
A,Annual,ITF6,Calabria,KILLEDINDX,Killed in road accidents - in respect of total accidents (per hundred values),2,Motorway,2013,3.64964
A,Annual,ITF6,Calabria,KILLEDINDX,Killed in road accidents - in respect of total accidents (per hundred values),2,Motorway,2014,4.97925
A,Annual,ITF6,Calabria,KILLEDINDX,Killed in road accidents - in respect of total accidents (per hundred values),2,Motorway,2015,3.1746
A,Annual,ITF6,Calabria,KILLEDINDX,Killed in road accidents - in respect of total accidents (per hundred values),2,Motorway,2016,4.51389
A,Annual,ITF6,Calabria,KILLEDINDX,Killed in road accidents - in respect of total accidents (per hundred values),2,Motorway,2017,3.96825
A,Annual,ITF6,Calabria,KILLEDINDX,Killed in road accidents - in respect of total accidents (per hundred values),2,Motorway,2018,2.46154
A,Annual,ITF6,Calabria,KILLEDINDX,Killed in road accidents - in respect of total accidents (per hundred values),2,Motorway,2019,3.62903
A,Annual,ITF6,Calabria,KILLEDINDX,Killed in road accidents - in respect of total accidents (per hundred values),2,Motorway,2020,2.75862
A,Annual,ITF6,Calabria,KILLEDINDX,Killed in road accidents - in respect of total accidents (per hundred values),2,Motorway,2021,2.31481
A,Annual,ITF6,Calabria,KILLEDINDX,Killed in road accidents - in respect of total accidents (per hundred values),2,Motorway,2022,2.8436
A,Annual,ITF6,Calabria,KILLEDINDX,Killed in road accidents - in respect of total accidents (per hundred values),2,Motorway,2023,4.22535
A,Annual,ITF6,Calabria,KILLEDINDX,Killed in road accidents - in respect of total accidents (per hundred values),2,Motorway,2024,2.7027
A,Annual,ITF6,Calabria,KILLEDINDX,Killed in road accidents - in respect of total accidents (per hundred values),3,Other roads,2010,7.95229
A,Annual,ITF6,Calabria,KILLEDINDX,Killed in road accidents - in respect of total accidents (per hundred values),3,Other roads,2011,7.78302
A,Annual,ITF6,Calabria,KILLEDINDX,Killed in road accidents - in respect of total accidents (per hundred values),3,Other roads,2012,8.50059
A,Annual,ITF6,Calabria,KILLEDINDX,Killed in road accidents - in respect of total accidents (per hundred values),3,Other roads,2013,5.29661
A,Annual,ITF6,Calabria,KILLEDINDX,Killed in road accidents - in respect of total accidents (per hundred values),3,Other roads,2014,6.53207
A,Annual,ITF6,Calabria,KILLEDINDX,Killed in road accidents - in respect of total accidents (per hundred values),3,Other roads,2015,6.44028
A,Annual,ITF6,Calabria,KILLEDINDX,Killed in road accidents - in respect of total accidents (per hundred values),3,Other roads,2016,7.08155
A,Annual,ITF6,Calabria,KILLEDINDX,Killed in road accidents - in respect of total accidents (per hundred values),3,Other roads,2017,5.85586
A,Annual,ITF6,Calabria,KILLEDINDX,Killed in road accidents - in respect of total accidents (per hundred values),3,Other roads,2018,8.60786
A,Annual,ITF6,Calabria,KILLEDINDX,Killed in road accidents - in respect of total accidents (per hundred values),3,Other roads,2019,7.80312
A,Annual,ITF6,Calabria,KILLEDINDX,Killed in road accidents - in respect of total accidents (per hundred values),3,Other roads,2020,4.78395
A,Annual,ITF6,Calabria,KILLEDINDX,Killed in road accidents - in respect of total accidents (per hundred values),3,Other roads,2021,5.73099
A,Annual,ITF6,Calabria,KILLEDINDX,Killed in road accidents - in respect of total accidents (per hundred values),3,Other roads,2022,5.25164
A,Annual,ITF6,Calabria,KILLEDINDX,Killed in road accidents - in respect of total accidents (per hundred values),3,Other roads,2023,6.76692
A,Annual,ITF6,Calabria,KILLEDINDX,Killed in road accidents - in respect of total accidents (per hundred values),3,Other roads,2024,5.54415
A,Annual,ITF6,Calabria,KILLEDINDX,Killed in road accidents - in respect of total accidents (per hundred values),9,Total,2010,4.08526
A,Annual,ITF6,Calabria,KILLEDINDX,Killed in road accidents - in respect of total accidents (per hundred values),9,Total,2011,3.47942
A,Annual,ITF6,Calabria,KILLEDINDX,Killed in road accidents - in respect of total accidents (per hundred values),9,Total,2012,4.43723
A,Annual,ITF6,Calabria,KILLEDINDX,Killed in road accidents - in respect of total accidents (per hundred values),9,Total,2013,3.53408
A,Annual,ITF6,Calabria,KILLEDINDX,Killed in road accidents - in respect of total accidents (per hundred values),9,Total,2014,3.79842
A,Annual,ITF6,Calabria,KILLEDINDX,Killed in road accidents - in respect of total accidents (per hundred values),9,Total,2015,3.43944
A,Annual,ITF6,Calabria,KILLEDINDX,Killed in road accidents - in respect of total accidents (per hundred values),9,Total,2016,4.10382
A,Annual,ITF6,Calabria,KILLEDINDX,Killed in road accidents - in respect of total accidents (per hundred values),9,Total,2017,3.43643
A,Annual,ITF6,Calabria,KILLEDINDX,Killed in road accidents - in respect of total accidents (per hundred values),9,Total,2018,4.33595
A,Annual,ITF6,Calabria,KILLEDINDX,Killed in road accidents - in respect of total accidents (per hundred values),9,Total,2019,3.75316
A,Annual,ITF6,Calabria,KILLEDINDX,Killed in road accidents - in respect of total accidents (per hundred values),9,Total,2020,2.9341
A,Annual,ITF6,Calabria,KILLEDINDX,Killed in road accidents - in respect of total accidents (per hundred values),9,Total,2021,3.28566
A,Annual,ITF6,Calabria,KILLEDINDX,Killed in road accidents - in respect of total accidents (per hundred values),9,Total,2022,2.59923
A,Annual,ITF6,Calabria,KILLEDINDX,Killed in road accidents - in respect of total accidents (per hundred values),9,Total,2023,3.83803
A,Annual,ITF6,Calabria,KILLEDINDX,Killed in road accidents - in respect of total accidents (per hundred values),9,Total,2024,3.0898
A,Annual,ITG1,Sicilia,KILLEDINDX,Killed in road accidents - in respect of total accidents (per hundred values),1,Urban road,2010,1.29506
A,Annual,ITG1,Sicilia,KILLEDINDX,Killed in road accidents - in respect of total accidents (per hundred values),1,Urban road,2011,1.22113
A,Annual,ITG1,Sicilia,KILLEDINDX,Killed in road accidents - in respect of total accidents (per hundred values),1,Urban road,2012,1.14141
A,Annual,ITG1,Sicilia,KILLEDINDX,Killed in road accidents - in respect of total accidents (per hundred values),1,Urban road,2013,1.09551
A,Annual,ITG1,Sicilia,KILLEDINDX,Killed in road accidents - in respect of total accidents (per hundred values),1,Urban road,2014,1.17167
A,Annual,ITG1,Sicilia,KILLEDINDX,Killed in road accidents - in respect of total accidents (per hundred values),1,Urban road,2015,1.12538
A,Annual,ITG1,Sicilia,KILLEDINDX,Killed in road accidents - in respect of total accidents (per hundred values),1,Urban road,2016,1.22034
A,Annual,ITG1,Sicilia,KILLEDINDX,Killed in road accidents - in respect of total accidents (per hundred values),1,Urban road,2017,1.2385
A,Annual,ITG1,Sicilia,KILLEDINDX,Killed in road accidents - in respect of total accidents (per hundred values),1,Urban road,2018,1.1211
A,Annual,ITG1,Sicilia,KILLEDINDX,Killed in road accidents - in respect of total accidents (per hundred values),1,Urban road,2019,1.30523
A,Annual,ITG1,Sicilia,KILLEDINDX,Killed in road accidents - in respect of total accidents (per hundred values),1,Urban road,2020,1.13636
A,Annual,ITG1,Sicilia,KILLEDINDX,Killed in road accidents - in respect of total accidents (per hundred values),1,Urban road,2021,1.39015
A,Annual,ITG1,Sicilia,KILLEDINDX,Killed in road accidents - in respect of total accidents (per hundred values),1,Urban road,2022,1.45468
A,Annual,ITG1,Sicilia,KILLEDINDX,Killed in road accidents - in respect of total accidents (per hundred values),1,Urban road,2023,1.40998
A,Annual,ITG1,Sicilia,KILLEDINDX,Killed in road accidents - in respect of total accidents (per hundred values),1,Urban road,2024,1.24519
A,Annual,ITG1,Sicilia,KILLEDINDX,Killed in road accidents - in respect of total accidents (per hundred values),2,Motorway,2010,2.54425
A,Annual,ITG1,Sicilia,KILLEDINDX,Killed in road accidents - in respect of total accidents (per hundred values),2,Motorway,2011,5.03834
A,Annual,ITG1,Sicilia,KILLEDINDX,Killed in road accidents - in respect of total accidents (per hundred values),2,Motorway,2012,2.1419
A,Annual,ITG1,Sicilia,KILLEDINDX,Killed in road accidents - in respect of total accidents (per hundred values),2,Motorway,2013,3.30688
A,Annual,ITG1,Sicilia,KILLEDINDX,Killed in road accidents - in respect of total accidents (per hundred values),2,Motorway,2014,4.74006
A,Annual,ITG1,Sicilia,KILLEDINDX,Killed in road accidents - in respect of total accidents (per hundred values),2,Motorway,2015,3.49544
A,Annual,ITG1,Sicilia,KILLEDINDX,Killed in road accidents - in respect of total accidents (per hundred values),2,Motorway,2016,2.6393
A,Annual,ITG1,Sicilia,KILLEDINDX,Killed in road accidents - in respect of total accidents (per hundred values),2,Motorway,2017,3.15068
A,Annual,ITG1,Sicilia,KILLEDINDX,Killed in road accidents - in respect of total accidents (per hundred values),2,Motorway,2018,1.68776
A,Annual,ITG1,Sicilia,KILLEDINDX,Killed in road accidents - in respect of total accidents (per hundred values),2,Motorway,2019,2.3224
A,Annual,ITG1,Sicilia,KILLEDINDX,Killed in road accidents - in respect of total accidents (per hundred values),2,Motorway,2020,3.39321
A,Annual,ITG1,Sicilia,KILLEDINDX,Killed in road accidents - in respect of total accidents (per hundred values),2,Motorway,2021,4.61538
A,Annual,ITG1,Sicilia,KILLEDINDX,Killed in road accidents - in respect of total accidents (per hundred values),2,Motorway,2022,3.25901
A,Annual,ITG1,Sicilia,KILLEDINDX,Killed in road accidents - in respect of total accidents (per hundred values),2,Motorway,2023,3.33333
A,Annual,ITG1,Sicilia,KILLEDINDX,Killed in road accidents - in respect of total accidents (per hundred values),2,Motorway,2024,4.29799
A,Annual,ITG1,Sicilia,KILLEDINDX,Killed in road accidents - in respect of total accidents (per hundred values),3,Other roads,2010,5.61622
A,Annual,ITG1,Sicilia,KILLEDINDX,Killed in road accidents - in respect of total accidents (per hundred values),3,Other roads,2011,5.31561
A,Annual,ITG1,Sicilia,KILLEDINDX,Killed in road accidents - in respect of total accidents (per hundred values),3,Other roads,2012,6.64137
A,Annual,ITG1,Sicilia,KILLEDINDX,Killed in road accidents - in respect of total accidents (per hundred values),3,Other roads,2013,7.56757
A,Annual,ITG1,Sicilia,KILLEDINDX,Killed in road accidents - in respect of total accidents (per hundred values),3,Other roads,2014,4.89709
A,Annual,ITG1,Sicilia,KILLEDINDX,Killed in road accidents - in respect of total accidents (per hundred values),3,Other roads,2015,7.31015
A,Annual,ITG1,Sicilia,KILLEDINDX,Killed in road accidents - in respect of total accidents (per hundred values),3,Other roads,2016,4.29967
A,Annual,ITG1,Sicilia,KILLEDINDX,Killed in road accidents - in respect of total accidents (per hundred values),3,Other roads,2017,4.98361
A,Annual,ITG1,Sicilia,KILLEDINDX,Killed in road accidents - in respect of total accidents (per hundred values),3,Other roads,2018,5.84527
A,Annual,ITG1,Sicilia,KILLEDINDX,Killed in road accidents - in respect of total accidents (per hundred values),3,Other roads,2019,5.18839
A,Annual,ITG1,Sicilia,KILLEDINDX,Killed in road accidents - in respect of total accidents (per hundred values),3,Other roads,2020,5.59816
A,Annual,ITG1,Sicilia,KILLEDINDX,Killed in road accidents - in respect of total accidents (per hundred values),3,Other roads,2021,5.47863
A,Annual,ITG1,Sicilia,KILLEDINDX,Killed in road accidents - in respect of total accidents (per hundred values),3,Other roads,2022,4.9505
A,Annual,ITG1,Sicilia,KILLEDINDX,Killed in road accidents - in respect of total accidents (per hundred values),3,Other roads,2023,5.44872
A,Annual,ITG1,Sicilia,KILLEDINDX,Killed in road accidents - in respect of total accidents (per hundred values),3,Other roads,2024,5.37924
A,Annual,ITG1,Sicilia,KILLEDINDX,Killed in road accidents - in respect of total accidents (per hundred values),9,Total,2010,1.95721
A,Annual,ITG1,Sicilia,KILLEDINDX,Killed in road accidents - in respect of total accidents (per hundred values),9,Total,2011,2.0402
A,Annual,ITG1,Sicilia,KILLEDINDX,Killed in road accidents - in respect of total accidents (per hundred values),9,Total,2012,1.94232
A,Annual,ITG1,Sicilia,KILLEDINDX,Killed in road accidents - in respect of total accidents (per hundred values),9,Total,2013,2.14835
A,Annual,ITG1,Sicilia,KILLEDINDX,Killed in road accidents - in respect of total accidents (per hundred values),9,Total,2014,1.83882
A,Annual,ITG1,Sicilia,KILLEDINDX,Killed in road accidents - in respect of total accidents (per hundred values),9,Total,2015,2.07106
A,Annual,ITG1,Sicilia,KILLEDINDX,Killed in road accidents - in respect of total accidents (per hundred values),9,Total,2016,1.73489
A,Annual,ITG1,Sicilia,KILLEDINDX,Killed in road accidents - in respect of total accidents (per hundred values),9,Total,2017,1.88133
A,Annual,ITG1,Sicilia,KILLEDINDX,Killed in road accidents - in respect of total accidents (per hundred values),9,Total,2018,1.9058
A,Annual,ITG1,Sicilia,KILLEDINDX,Killed in road accidents - in respect of total accidents (per hundred values),9,Total,2019,1.96225
A,Annual,ITG1,Sicilia,KILLEDINDX,Killed in road accidents - in respect of total accidents (per hundred values),9,Total,2020,1.99925
A,Annual,ITG1,Sicilia,KILLEDINDX,Killed in road accidents - in respect of total accidents (per hundred values),9,Total,2021,2.2629
A,Annual,ITG1,Sicilia,KILLEDINDX,Killed in road accidents - in respect of total accidents (per hundred values),9,Total,2022,2.16392
A,Annual,ITG1,Sicilia,KILLEDINDX,Killed in road accidents - in respect of total accidents (per hundred values),9,Total,2023,2.2253
A,Annual,ITG1,Sicilia,KILLEDINDX,Killed in road accidents - in respect of total accidents (per hundred values),9,Total,2024,2.10693
A,Annual,ITG2,Sardegna,KILLEDINDX,Killed in road accidents - in respect of total accidents (per hundred values),1,Urban road,2010,0.8947
A,Annual,ITG2,Sardegna,KILLEDINDX,Killed in road accidents - in respect of total accidents (per hundred values),1,Urban road,2011,1.28505
A,Annual,ITG2,Sardegna,KILLEDINDX,Killed in road accidents - in respect of total accidents (per hundred values),1,Urban road,2012,0.90988
A,Annual,ITG2,Sardegna,KILLEDINDX,Killed in road accidents - in respect of total accidents (per hundred values),1,Urban road,2013,1.78943
A,Annual,ITG2,Sardegna,KILLEDINDX,Killed in road accidents - in respect of total accidents (per hundred values),1,Urban road,2014,1.35593
A,Annual,ITG2,Sardegna,KILLEDINDX,Killed in road accidents - in respect of total accidents (per hundred values),1,Urban road,2015,1.33276
A,Annual,ITG2,Sardegna,KILLEDINDX,Killed in road accidents - in respect of total accidents (per hundred values),1,Urban road,2016,1.2016
A,Annual,ITG2,Sardegna,KILLEDINDX,Killed in road accidents - in respect of total accidents (per hundred values),1,Urban road,2017,1.27641
A,Annual,ITG2,Sardegna,KILLEDINDX,Killed in road accidents - in respect of total accidents (per hundred values),1,Urban road,2018,1.17316
A,Annual,ITG2,Sardegna,KILLEDINDX,Killed in road accidents - in respect of total accidents (per hundred values),1,Urban road,2019,1.05844
A,Annual,ITG2,Sardegna,KILLEDINDX,Killed in road accidents - in respect of total accidents (per hundred values),1,Urban road,2020,1.71731
A,Annual,ITG2,Sardegna,KILLEDINDX,Killed in road accidents - in respect of total accidents (per hundred values),1,Urban road,2021,1.66498
A,Annual,ITG2,Sardegna,KILLEDINDX,Killed in road accidents - in respect of total accidents (per hundred values),1,Urban road,2022,1.60705
A,Annual,ITG2,Sardegna,KILLEDINDX,Killed in road accidents - in respect of total accidents (per hundred values),1,Urban road,2023,1.58406
A,Annual,ITG2,Sardegna,KILLEDINDX,Killed in road accidents - in respect of total accidents (per hundred values),1,Urban road,2024,1.54639
A,Annual,ITG2,Sardegna,KILLEDINDX,Killed in road accidents - in respect of total accidents (per hundred values),2,Motorway,2010,0
A,Annual,ITG2,Sardegna,KILLEDINDX,Killed in road accidents - in respect of total accidents (per hundred values),3,Other roads,2010,6.15385
A,Annual,ITG2,Sardegna,KILLEDINDX,Killed in road accidents - in respect of total accidents (per hundred values),3,Other roads,2011,5.50534
A,Annual,ITG2,Sardegna,KILLEDINDX,Killed in road accidents - in respect of total accidents (per hundred values),3,Other roads,2012,6.35739
A,Annual,ITG2,Sardegna,KILLEDINDX,Killed in road accidents - in respect of total accidents (per hundred values),3,Other roads,2013,6.34417
A,Annual,ITG2,Sardegna,KILLEDINDX,Killed in road accidents - in respect of total accidents (per hundred values),3,Other roads,2014,5.83039
A,Annual,ITG2,Sardegna,KILLEDINDX,Killed in road accidents - in respect of total accidents (per hundred values),3,Other roads,2015,6.52353
A,Annual,ITG2,Sardegna,KILLEDINDX,Killed in road accidents - in respect of total accidents (per hundred values),3,Other roads,2016,6.26487
A,Annual,ITG2,Sardegna,KILLEDINDX,Killed in road accidents - in respect of total accidents (per hundred values),3,Other roads,2017,5.29055
A,Annual,ITG2,Sardegna,KILLEDINDX,Killed in road accidents - in respect of total accidents (per hundred values),3,Other roads,2018,6.01504
A,Annual,ITG2,Sardegna,KILLEDINDX,Killed in road accidents - in respect of total accidents (per hundred values),3,Other roads,2019,3.28767
A,Annual,ITG2,Sardegna,KILLEDINDX,Killed in road accidents - in respect of total accidents (per hundred values),3,Other roads,2020,7.15026
A,Annual,ITG2,Sardegna,KILLEDINDX,Killed in road accidents - in respect of total accidents (per hundred values),3,Other roads,2021,4.7619
A,Annual,ITG2,Sardegna,KILLEDINDX,Killed in road accidents - in respect of total accidents (per hundred values),3,Other roads,2022,4.98555
A,Annual,ITG2,Sardegna,KILLEDINDX,Killed in road accidents - in respect of total accidents (per hundred values),3,Other roads,2023,5.50907
A,Annual,ITG2,Sardegna,KILLEDINDX,Killed in road accidents - in respect of total accidents (per hundred values),3,Other roads,2024,5.52105
A,Annual,ITG2,Sardegna,KILLEDINDX,Killed in road accidents - in respect of total accidents (per hundred values),9,Total,2010,2.52021
A,Annual,ITG2,Sardegna,KILLEDINDX,Killed in road accidents - in respect of total accidents (per hundred values),9,Total,2011,2.64201
A,Annual,ITG2,Sardegna,KILLEDINDX,Killed in road accidents - in respect of total accidents (per hundred values),9,Total,2012,2.73618
A,Annual,ITG2,Sardegna,KILLEDINDX,Killed in road accidents - in respect of total accidents (per hundred values),9,Total,2013,3.35699
A,Annual,ITG2,Sardegna,KILLEDINDX,Killed in road accidents - in respect of total accidents (per hundred values),9,Total,2014,2.80641
A,Annual,ITG2,Sardegna,KILLEDINDX,Killed in road accidents - in respect of total accidents (per hundred values),9,Total,2015,3.10998
A,Annual,ITG2,Sardegna,KILLEDINDX,Killed in road accidents - in respect of total accidents (per hundred values),9,Total,2016,3.02166
A,Annual,ITG2,Sardegna,KILLEDINDX,Killed in road accidents - in respect of total accidents (per hundred values),9,Total,2017,2.62774
A,Annual,ITG2,Sardegna,KILLEDINDX,Killed in road accidents - in respect of total accidents (per hundred values),9,Total,2018,3.03381
A,Annual,ITG2,Sardegna,KILLEDINDX,Killed in road accidents - in respect of total accidents (per hundred values),9,Total,2019,1.95431
A,Annual,ITG2,Sardegna,KILLEDINDX,Killed in road accidents - in respect of total accidents (per hundred values),9,Total,2020,3.83219
A,Annual,ITG2,Sardegna,KILLEDINDX,Killed in road accidents - in respect of total accidents (per hundred values),9,Total,2021,2.84375
A,Annual,ITG2,Sardegna,KILLEDINDX,Killed in road accidents - in respect of total accidents (per hundred values),9,Total,2022,3.01841
A,Annual,ITG2,Sardegna,KILLEDINDX,Killed in road accidents - in respect of total accidents (per hundred values),9,Total,2023,3.24388
A,Annual,ITG2,Sardegna,KILLEDINDX,Killed in road accidents - in respect of total accidents (per hundred values),9,Total,2024,3.15378
