FREQ,Frequency,REF_AREA,Territory,DATA_TYPE,Indicator,ACCIDENT_LOCALIZATON,Localization of the accident,INTERSECTION,Intersection (DESC),TY_ROAD_ACCIDENT,Road accident type,Y_DEADLY_ACCIDENT,Deadly accident,HO_ROAD_ACCIDENT,Road accident hour,WEEK_DAY,Week day,MONTH,Month (DESC),TIME_PERIOD,Observation
A,Annual,ITC1,Piemonte,ROADACC,Road accidents with injuries,9,Total,9,Total,1,Accidents between vehicles,0,No,99,Total,9,Total,99,Total,2010,9473
A,Annual,ITC1,Piemonte,ROADACC,Road accidents with injuries,9,Total,9,Total,1,Accidents between vehicles,0,No,99,Total,9,Total,99,Total,2011,9376
A,Annual,ITC1,Piemonte,ROADACC,Road accidents with injuries,9,Total,9,Total,1,Accidents between vehicles,0,No,99,Total,9,Total,99,Total,2012,8542
A,Annual,ITC1,Piemonte,ROADACC,Road accidents with injuries,9,Total,9,Total,1,Accidents between vehicles,0,No,99,Total,9,Total,99,Total,2013,7710
A,Annual,ITC1,Piemonte,ROADACC,Road accidents with injuries,9,Total,9,Total,1,Accidents between vehicles,0,No,99,Total,9,Total,99,Total,2014,7804
A,Annual,ITC1,Piemonte,ROADACC,Road accidents with injuries,9,Total,9,Total,1,Accidents between vehicles,0,No,99,Total,9,Total,99,Total,2015,7650
A,Annual,ITC1,Piemonte,ROADACC,Road accidents with injuries,9,Total,9,Total,1,Accidents between vehicles,0,No,99,Total,9,Total,99,Total,2016,7495
A,Annual,ITC1,Piemonte,ROADACC,Road accidents with injuries,9,Total,9,Total,1,Accidents between vehicles,0,No,99,Total,9,Total,99,Total,2017,7588
A,Annual,ITC1,Piemonte,ROADACC,Road accidents with injuries,9,Total,9,Total,1,Accidents between vehicles,0,No,99,Total,9,Total,99,Total,2018,7483
A,Annual,ITC1,Piemonte,ROADACC,Road accidents with injuries,9,Total,9,Total,1,Accidents between vehicles,0,No,99,Total,9,Total,99,Total,2019,7331
A,Annual,ITC1,Piemonte,ROADACC,Road accidents with injuries,9,Total,9,Total,1,Accidents between vehicles,0,No,99,Total,9,Total,99,Total,2020,4827
A,Annual,ITC1,Piemonte,ROADACC,Road accidents with injuries,9,Total,9,Total,1,Accidents between vehicles,0,No,99,Total,9,Total,99,Total,2021,6718
A,Annual,ITC1,Piemonte,ROADACC,Road accidents with injuries,9,Total,9,Total,1,Accidents between vehicles,0,No,99,Total,9,Total,99,Total,2022,7097
A,Annual,ITC1,Piemonte,ROADACC,Road accidents with injuries,9,Total,9,Total,1,Accidents between vehicles,0,No,99,Total,9,Total,99,Total,2023,7002
A,Annual,ITC1,Piemonte,ROADACC,Road accidents with injuries,9,Total,9,Total,1,Accidents between vehicles,0,No,99,Total,9,Total,99,Total,2024,7363
A,Annual,ITC1,Piemonte,ROADACC,Road accidents with injuries,9,Total,9,Total,1,Accidents between vehicles,1,Yes,99,Total,9,Total,99,Total,2010,168
A,Annual,ITC1,Piemonte,ROADACC,Road accidents with injuries,9,Total,9,Total,1,Accidents between vehicles,1,Yes,99,Total,9,Total,99,Total,2011,144
A,Annual,ITC1,Piemonte,ROADACC,Road accidents with injuries,9,Total,9,Total,1,Accidents between vehicles,1,Yes,99,Total,9,Total,99,Total,2012,157
A,Annual,ITC1,Piemonte,ROADACC,Road accidents with injuries,9,Total,9,Total,1,Accidents between vehicles,1,Yes,99,Total,9,Total,99,Total,2013,124
A,Annual,ITC1,Piemonte,ROADACC,Road accidents with injuries,9,Total,9,Total,1,Accidents between vehicles,1,Yes,99,Total,9,Total,99,Total,2014,129
A,Annual,ITC1,Piemonte,ROADACC,Road accidents with injuries,9,Total,9,Total,1,Accidents between vehicles,1,Yes,99,Total,9,Total,99,Total,2015,131
A,Annual,ITC1,Piemonte,ROADACC,Road accidents with injuries,9,Total,9,Total,1,Accidents between vehicles,1,Yes,99,Total,9,Total,99,Total,2016,123
A,Annual,ITC1,Piemonte,ROADACC,Road accidents with injuries,9,Total,9,Total,1,Accidents between vehicles,1,Yes,99,Total,9,Total,99,Total,2017,134
A,Annual,ITC1,Piemonte,ROADACC,Road accidents with injuries,9,Total,9,Total,1,Accidents between vehicles,1,Yes,99,Total,9,Total,99,Total,2018,128
A,Annual,ITC1,Piemonte,ROADACC,Road accidents with injuries,9,Total,9,Total,1,Accidents between vehicles,1,Yes,99,Total,9,Total,99,Total,2019,110
A,Annual,ITC1,Piemonte,ROADACC,Road accidents with injuries,9,Total,9,Total,1,Accidents between vehicles,1,Yes,99,Total,9,Total,99,Total,2020,87
A,Annual,ITC1,Piemonte,ROADACC,Road accidents with injuries,9,Total,9,Total,1,Accidents between vehicles,1,Yes,99,Total,9,Total,99,Total,2021,97
A,Annual,ITC1,Piemonte,ROADACC,Road accidents with injuries,9,Total,9,Total,1,Accidents between vehicles,1,Yes,99,Total,9,Total,99,Total,2022,115
A,Annual,ITC1,Piemonte,ROADACC,Road accidents with injuries,9,Total,9,Total,1,Accidents between vehicles,1,Yes,99,Total,9,Total,99,Total,2023,81
A,Annual,ITC1,Piemonte,ROADACC,Road accidents with injuries,9,Total,9,Total,1,Accidents between vehicles,1,Yes,99,Total,9,Total,99,Total,2024,81
A,Annual,ITC1,Piemonte,ROADACC,Road accidents with injuries,9,Total,9,Total,1,Accidents between vehicles,9,Total,99,Total,9,Total,99,Total,2010,9641
A,Annual,ITC1,Piemonte,ROADACC,Road accidents with injuries,9,Total,9,Total,1,Accidents between vehicles,9,Total,99,Total,9,Total,99,Total,2011,9520
A,Annual,ITC1,Piemonte,ROADACC,Road accidents with injuries,9,Total,9,Total,1,Accidents between vehicles,9,Total,99,Total,9,Total,99,Total,2012,8699
A,Annual,ITC1,Piemonte,ROADACC,Road accidents with injuries,9,Total,9,Total,1,Accidents between vehicles,9,Total,99,Total,9,Total,99,Total,2013,7834
A,Annual,ITC1,Piemonte,ROADACC,Road accidents with injuries,9,Total,9,Total,1,Accidents between vehicles,9,Total,99,Total,9,Total,99,Total,2014,7933
A,Annual,ITC1,Piemonte,ROADACC,Road accidents with injuries,9,Total,9,Total,1,Accidents between vehicles,9,Total,99,Total,9,Total,99,Total,2015,7781
A,Annual,ITC1,Piemonte,ROADACC,Road accidents with injuries,9,Total,9,Total,1,Accidents between vehicles,9,Total,99,Total,9,Total,99,Total,2016,7618
A,Annual,ITC1,Piemonte,ROADACC,Road accidents with injuries,9,Total,9,Total,1,Accidents between vehicles,9,Total,99,Total,9,Total,99,Total,2017,7722
A,Annual,ITC1,Piemonte,ROADACC,Road accidents with injuries,9,Total,9,Total,1,Accidents between vehicles,9,Total,99,Total,9,Total,99,Total,2018,7611
A,Annual,ITC1,Piemonte,ROADACC,Road accidents with injuries,9,Total,9,Total,1,Accidents between vehicles,9,Total,99,Total,9,Total,99,Total,2019,7441
A,Annual,ITC1,Piemonte,ROADACC,Road accidents with injuries,9,Total,9,Total,1,Accidents between vehicles,9,Total,99,Total,9,Total,99,Total,2020,4914
A,Annual,ITC1,Piemonte,ROADACC,Road accidents with injuries,9,Total,9,Total,1,Accidents between vehicles,9,Total,99,Total,9,Total,99,Total,2021,6815
A,Annual,ITC1,Piemonte,ROADACC,Road accidents with injuries,9,Total,9,Total,1,Accidents between vehicles,9,Total,99,Total,9,Total,99,Total,2022,7212
A,Annual,ITC1,Piemonte,ROADACC,Road accidents with injuries,9,Total,9,Total,1,Accidents between vehicles,9,Total,99,Total,9,Total,99,Total,2023,7083
A,Annual,ITC1,Piemonte,ROADACC,Road accidents with injuries,9,Total,9,Total,1,Accidents between vehicles,9,Total,99,Total,9,Total,99,Total,2024,7444
A,Annual,ITC1,Piemonte,ROADACC,Road accidents with injuries,9,Total,9,Total,2,Vehicle-pedestrian accident,0,No,99,Total,9,Total,99,Total,2010,1507
A,Annual,ITC1,Piemonte,ROADACC,Road accidents with injuries,9,Total,9,Total,2,Vehicle-pedestrian accident,0,No,99,Total,9,Total,99,Total,2011,1466
A,Annual,ITC1,Piemonte,ROADACC,Road accidents with injuries,9,Total,9,Total,2,Vehicle-pedestrian accident,0,No,99,Total,9,Total,99,Total,2012,1414
A,Annual,ITC1,Piemonte,ROADACC,Road accidents with injuries,9,Total,9,Total,2,Vehicle-pedestrian accident,0,No,99,Total,9,Total,99,Total,2013,1416
A,Annual,ITC1,Piemonte,ROADACC,Road accidents with injuries,9,Total,9,Total,2,Vehicle-pedestrian accident,0,No,99,Total,9,Total,99,Total,2014,1554
A,Annual,ITC1,Piemonte,ROADACC,Road accidents with injuries,9,Total,9,Total,2,Vehicle-pedestrian accident,0,No,99,Total,9,Total,99,Total,2015,1407
A,Annual,ITC1,Piemonte,ROADACC,Road accidents with injuries,9,Total,9,Total,2,Vehicle-pedestrian accident,0,No,99,Total,9,Total,99,Total,2016,1424
A,Annual,ITC1,Piemonte,ROADACC,Road accidents with injuries,9,Total,9,Total,2,Vehicle-pedestrian accident,0,No,99,Total,9,Total,99,Total,2017,1378
A,Annual,ITC1,Piemonte,ROADACC,Road accidents with injuries,9,Total,9,Total,2,Vehicle-pedestrian accident,0,No,99,Total,9,Total,99,Total,2018,1383
A,Annual,ITC1,Piemonte,ROADACC,Road accidents with injuries,9,Total,9,Total,2,Vehicle-pedestrian accident,0,No,99,Total,9,Total,99,Total,2019,1464
A,Annual,ITC1,Piemonte,ROADACC,Road accidents with injuries,9,Total,9,Total,2,Vehicle-pedestrian accident,0,No,99,Total,9,Total,99,Total,2020,868
A,Annual,ITC1,Piemonte,ROADACC,Road accidents with injuries,9,Total,9,Total,2,Vehicle-pedestrian accident,0,No,99,Total,9,Total,99,Total,2021,1154
A,Annual,ITC1,Piemonte,ROADACC,Road accidents with injuries,9,Total,9,Total,2,Vehicle-pedestrian accident,0,No,99,Total,9,Total,99,Total,2022,1173
A,Annual,ITC1,Piemonte,ROADACC,Road accidents with injuries,9,Total,9,Total,2,Vehicle-pedestrian accident,0,No,99,Total,9,Total,99,Total,2023,1257
A,Annual,ITC1,Piemonte,ROADACC,Road accidents with injuries,9,Total,9,Total,2,Vehicle-pedestrian accident,0,No,99,Total,9,Total,99,Total,2024,1322
A,Annual,ITC1,Piemonte,ROADACC,Road accidents with injuries,9,Total,9,Total,2,Vehicle-pedestrian accident,1,Yes,99,Total,9,Total,99,Total,2010,49
A,Annual,ITC1,Piemonte,ROADACC,Road accidents with injuries,9,Total,9,Total,2,Vehicle-pedestrian accident,1,Yes,99,Total,9,Total,99,Total,2011,59
A,Annual,ITC1,Piemonte,ROADACC,Road accidents with injuries,9,Total,9,Total,2,Vehicle-pedestrian accident,1,Yes,99,Total,9,Total,99,Total,2012,40
A,Annual,ITC1,Piemonte,ROADACC,Road accidents with injuries,9,Total,9,Total,2,Vehicle-pedestrian accident,1,Yes,99,Total,9,Total,99,Total,2013,38
A,Annual,ITC1,Piemonte,ROADACC,Road accidents with injuries,9,Total,9,Total,2,Vehicle-pedestrian accident,1,Yes,99,Total,9,Total,99,Total,2014,51
A,Annual,ITC1,Piemonte,ROADACC,Road accidents with injuries,9,Total,9,Total,2,Vehicle-pedestrian accident,1,Yes,99,Total,9,Total,99,Total,2015,31
A,Annual,ITC1,Piemonte,ROADACC,Road accidents with injuries,9,Total,9,Total,2,Vehicle-pedestrian accident,1,Yes,99,Total,9,Total,99,Total,2016,44
A,Annual,ITC1,Piemonte,ROADACC,Road accidents with injuries,9,Total,9,Total,2,Vehicle-pedestrian accident,1,Yes,99,Total,9,Total,99,Total,2017,48
A,Annual,ITC1,Piemonte,ROADACC,Road accidents with injuries,9,Total,9,Total,2,Vehicle-pedestrian accident,1,Yes,99,Total,9,Total,99,Total,2018,46
A,Annual,ITC1,Piemonte,ROADACC,Road accidents with injuries,9,Total,9,Total,2,Vehicle-pedestrian accident,1,Yes,99,Total,9,Total,99,Total,2019,37
A,Annual,ITC1,Piemonte,ROADACC,Road accidents with injuries,9,Total,9,Total,2,Vehicle-pedestrian accident,1,Yes,99,Total,9,Total,99,Total,2020,28
A,Annual,ITC1,Piemonte,ROADACC,Road accidents with injuries,9,Total,9,Total,2,Vehicle-pedestrian accident,1,Yes,99,Total,9,Total,99,Total,2021,26
A,Annual,ITC1,Piemonte,ROADACC,Road accidents with injuries,9,Total,9,Total,2,Vehicle-pedestrian accident,1,Yes,99,Total,9,Total,99,Total,2022,38
A,Annual,ITC1,Piemonte,ROADACC,Road accidents with injuries,9,Total,9,Total,2,Vehicle-pedestrian accident,1,Yes,99,Total,9,Total,99,Total,2023,26
A,Annual,ITC1,Piemonte,ROADACC,Road accidents with injuries,9,Total,9,Total,2,Vehicle-pedestrian accident,1,Yes,99,Total,9,Total,99,Total,2024,29
A,Annual,ITC1,Piemonte,ROADACC,Road accidents with injuries,9,Total,9,Total,2,Vehicle-pedestrian accident,9,Total,99,Total,9,Total,99,Total,2010,1556
A,Annual,ITC1,Piemonte,ROADACC,Road accidents with injuries,9,Total,9,Total,2,Vehicle-pedestrian accident,9,Total,99,Total,9,Total,99,Total,2011,1525
A,Annual,ITC1,Piemonte,ROADACC,Road accidents with injuries,9,Total,9,Total,2,Vehicle-pedestrian accident,9,Total,99,Total,9,Total,99,Total,2012,1454
A,Annual,ITC1,Piemonte,ROADACC,Road accidents with injuries,9,Total,9,Total,2,Vehicle-pedestrian accident,9,Total,99,Total,9,Total,99,Total,2013,1454
A,Annual,ITC1,Piemonte,ROADACC,Road accidents with injuries,9,Total,9,Total,2,Vehicle-pedestrian accident,9,Total,99,Total,9,Total,99,Total,2014,1605
A,Annual,ITC1,Piemonte,ROADACC,Road accidents with injuries,9,Total,9,Total,2,Vehicle-pedestrian accident,9,Total,99,Total,9,Total,99,Total,2015,1438
A,Annual,ITC1,Piemonte,ROADACC,Road accidents with injuries,9,Total,9,Total,2,Vehicle-pedestrian accident,9,Total,99,Total,9,Total,99,Total,2016,1468
A,Annual,ITC1,Piemonte,ROADACC,Road accidents with injuries,9,Total,9,Total,2,Vehicle-pedestrian accident,9,Total,99,Total,9,Total,99,Total,2017,1426
A,Annual,ITC1,Piemonte,ROADACC,Road accidents with injuries,9,Total,9,Total,2,Vehicle-pedestrian accident,9,Total,99,Total,9,Total,99,Total,2018,1429
A,Annual,ITC1,Piemonte,ROADACC,Road accidents with injuries,9,Total,9,Total,2,Vehicle-pedestrian accident,9,Total,99,Total,9,Total,99,Total,2019,1501
A,Annual,ITC1,Piemonte,ROADACC,Road accidents with injuries,9,Total,9,Total,2,Vehicle-pedestrian accident,9,Total,99,Total,9,Total,99,Total,2020,896
A,Annual,ITC1,Piemonte,ROADACC,Road accidents with injuries,9,Total,9,Total,2,Vehicle-pedestrian accident,9,Total,99,Total,9,Total,99,Total,2021,1180
A,Annual,ITC1,Piemonte,ROADACC,Road accidents with injuries,9,Total,9,Total,2,Vehicle-pedestrian accident,9,Total,99,Total,9,Total,99,Total,2022,1211
A,Annual,ITC1,Piemonte,ROADACC,Road accidents with injuries,9,Total,9,Total,2,Vehicle-pedestrian accident,9,Total,99,Total,9,Total,99,Total,2023,1283
A,Annual,ITC1,Piemonte,ROADACC,Road accidents with injuries,9,Total,9,Total,2,Vehicle-pedestrian accident,9,Total,99,Total,9,Total,99,Total,2024,1351
A,Annual,ITC1,Piemonte,ROADACC,Road accidents with injuries,9,Total,9,Total,3,Accidents involving a single vehicle,0,No,99,Total,9,Total,99,Total,2010,2292
A,Annual,ITC1,Piemonte,ROADACC,Road accidents with injuries,9,Total,9,Total,3,Accidents involving a single vehicle,0,No,99,Total,9,Total,99,Total,2011,2111
A,Annual,ITC1,Piemonte,ROADACC,Road accidents with injuries,9,Total,9,Total,3,Accidents involving a single vehicle,0,No,99,Total,9,Total,99,Total,2012,1947
A,Annual,ITC1,Piemonte,ROADACC,Road accidents with injuries,9,Total,9,Total,3,Accidents involving a single vehicle,0,No,99,Total,9,Total,99,Total,2013,1890
A,Annual,ITC1,Piemonte,ROADACC,Road accidents with injuries,9,Total,9,Total,3,Accidents involving a single vehicle,0,No,99,Total,9,Total,99,Total,2014,1834
A,Annual,ITC1,Piemonte,ROADACC,Road accidents with injuries,9,Total,9,Total,3,Accidents involving a single vehicle,0,No,99,Total,9,Total,99,Total,2015,1851
A,Annual,ITC1,Piemonte,ROADACC,Road accidents with injuries,9,Total,9,Total,3,Accidents involving a single vehicle,0,No,99,Total,9,Total,99,Total,2016,1753
A,Annual,ITC1,Piemonte,ROADACC,Road accidents with injuries,9,Total,9,Total,3,Accidents involving a single vehicle,0,No,99,Total,9,Total,99,Total,2017,1598
A,Annual,ITC1,Piemonte,ROADACC,Road accidents with injuries,9,Total,9,Total,3,Accidents involving a single vehicle,0,No,99,Total,9,Total,99,Total,2018,1729
A,Annual,ITC1,Piemonte,ROADACC,Road accidents with injuries,9,Total,9,Total,3,Accidents involving a single vehicle,0,No,99,Total,9,Total,99,Total,2019,1631
A,Annual,ITC1,Piemonte,ROADACC,Road accidents with injuries,9,Total,9,Total,3,Accidents involving a single vehicle,0,No,99,Total,9,Total,99,Total,2020,1283
A,Annual,ITC1,Piemonte,ROADACC,Road accidents with injuries,9,Total,9,Total,3,Accidents involving a single vehicle,0,No,99,Total,9,Total,99,Total,2021,1704
A,Annual,ITC1,Piemonte,ROADACC,Road accidents with injuries,9,Total,9,Total,3,Accidents involving a single vehicle,0,No,99,Total,9,Total,99,Total,2022,1659
A,Annual,ITC1,Piemonte,ROADACC,Road accidents with injuries,9,Total,9,Total,3,Accidents involving a single vehicle,0,No,99,Total,9,Total,99,Total,2023,1601
A,Annual,ITC1,Piemonte,ROADACC,Road accidents with injuries,9,Total,9,Total,3,Accidents involving a single vehicle,0,No,99,Total,9,Total,99,Total,2024,1637
A,Annual,ITC1,Piemonte,ROADACC,Road accidents with injuries,9,Total,9,Total,3,Accidents involving a single vehicle,1,Yes,99,Total,9,Total,99,Total,2010,91
A,Annual,ITC1,Piemonte,ROADACC,Road accidents with injuries,9,Total,9,Total,3,Accidents involving a single vehicle,1,Yes,99,Total,9,Total,99,Total,2011,98
A,Annual,ITC1,Piemonte,ROADACC,Road accidents with injuries,9,Total,9,Total,3,Accidents involving a single vehicle,1,Yes,99,Total,9,Total,99,Total,2012,75
A,Annual,ITC1,Piemonte,ROADACC,Road accidents with injuries,9,Total,9,Total,3,Accidents involving a single vehicle,1,Yes,99,Total,9,Total,99,Total,2013,81
A,Annual,ITC1,Piemonte,ROADACC,Road accidents with injuries,9,Total,9,Total,3,Accidents involving a single vehicle,1,Yes,99,Total,9,Total,99,Total,2014,73
A,Annual,ITC1,Piemonte,ROADACC,Road accidents with injuries,9,Total,9,Total,3,Accidents involving a single vehicle,1,Yes,99,Total,9,Total,99,Total,2015,64
A,Annual,ITC1,Piemonte,ROADACC,Road accidents with injuries,9,Total,9,Total,3,Accidents involving a single vehicle,1,Yes,99,Total,9,Total,99,Total,2016,66
A,Annual,ITC1,Piemonte,ROADACC,Road accidents with injuries,9,Total,9,Total,3,Accidents involving a single vehicle,1,Yes,99,Total,9,Total,99,Total,2017,77
A,Annual,ITC1,Piemonte,ROADACC,Road accidents with injuries,9,Total,9,Total,3,Accidents involving a single vehicle,1,Yes,99,Total,9,Total,99,Total,2018,63
A,Annual,ITC1,Piemonte,ROADACC,Road accidents with injuries,9,Total,9,Total,3,Accidents involving a single vehicle,1,Yes,99,Total,9,Total,99,Total,2019,73
A,Annual,ITC1,Piemonte,ROADACC,Road accidents with injuries,9,Total,9,Total,3,Accidents involving a single vehicle,1,Yes,99,Total,9,Total,99,Total,2020,54
A,Annual,ITC1,Piemonte,ROADACC,Road accidents with injuries,9,Total,9,Total,3,Accidents involving a single vehicle,1,Yes,99,Total,9,Total,99,Total,2021,60
A,Annual,ITC1,Piemonte,ROADACC,Road accidents with injuries,9,Total,9,Total,3,Accidents involving a single vehicle,1,Yes,99,Total,9,Total,99,Total,2022,66
A,Annual,ITC1,Piemonte,ROADACC,Road accidents with injuries,9,Total,9,Total,3,Accidents involving a single vehicle,1,Yes,99,Total,9,Total,99,Total,2023,62
A,Annual,ITC1,Piemonte,ROADACC,Road accidents with injuries,9,Total,9,Total,3,Accidents involving a single vehicle,1,Yes,99,Total,9,Total,99,Total,2024,55
A,Annual,ITC1,Piemonte,ROADACC,Road accidents with injuries,9,Total,9,Total,3,Accidents involving a single vehicle,9,Total,99,Total,9,Total,99,Total,2010,2383
A,Annual,ITC1,Piemonte,ROADACC,Road accidents with injuries,9,Total,9,Total,3,Accidents involving a single vehicle,9,Total,99,Total,9,Total,99,Total,2011,2209
A,Annual,ITC1,Piemonte,ROADACC,Road accidents with injuries,9,Total,9,Total,3,Accidents involving a single vehicle,9,Total,99,Total,9,Total,99,Total,2012,2022
A,Annual,ITC1,Piemonte,ROADACC,Road accidents with injuries,9,Total,9,Total,3,Accidents involving a single vehicle,9,Total,99,Total,9,Total,99,Total,2013,1971
A,Annual,ITC1,Piemonte,ROADACC,Road accidents with injuries,9,Total,9,Total,3,Accidents involving a single vehicle,9,Total,99,Total,9,Total,99,Total,2014,1907
A,Annual,ITC1,Piemonte,ROADACC,Road accidents with injuries,9,Total,9,Total,3,Accidents involving a single vehicle,9,Total,99,Total,9,Total,99,Total,2015,1915
A,Annual,ITC1,Piemonte,ROADACC,Road accidents with injuries,9,Total,9,Total,3,Accidents involving a single vehicle,9,Total,99,Total,9,Total,99,Total,2016,1819
A,Annual,ITC1,Piemonte,ROADACC,Road accidents with injuries,9,Total,9,Total,3,Accidents involving a single vehicle,9,Total,99,Total,9,Total,99,Total,2017,1675
A,Annual,ITC1,Piemonte,ROADACC,Road accidents with injuries,9,Total,9,Total,3,Accidents involving a single vehicle,9,Total,99,Total,9,Total,99,Total,2018,1792
A,Annual,ITC1,Piemonte,ROADACC,Road accidents with injuries,9,Total,9,Total,3,Accidents involving a single vehicle,9,Total,99,Total,9,Total,99,Total,2019,1704
A,Annual,ITC1,Piemonte,ROADACC,Road accidents with injuries,9,Total,9,Total,3,Accidents involving a single vehicle,9,Total,99,Total,9,Total,99,Total,2020,1337
A,Annual,ITC1,Piemonte,ROADACC,Road accidents with injuries,9,Total,9,Total,3,Accidents involving a single vehicle,9,Total,99,Total,9,Total,99,Total,2021,1764
A,Annual,ITC1,Piemonte,ROADACC,Road accidents with injuries,9,Total,9,Total,3,Accidents involving a single vehicle,9,Total,99,Total,9,Total,99,Total,2022,1725
A,Annual,ITC1,Piemonte,ROADACC,Road accidents with injuries,9,Total,9,Total,3,Accidents involving a single vehicle,9,Total,99,Total,9,Total,99,Total,2023,1663
A,Annual,ITC1,Piemonte,ROADACC,Road accidents with injuries,9,Total,9,Total,3,Accidents involving a single vehicle,9,Total,99,Total,9,Total,99,Total,2024,1692
A,Annual,ITC1,Piemonte,ROADACC,Road accidents with injuries,9,Total,9,Total,9,Total,0,No,99,Total,9,Total,99,Total,2010,13272
A,Annual,ITC1,Piemonte,ROADACC,Road accidents with injuries,9,Total,9,Total,9,Total,0,No,99,Total,9,Total,99,Total,2011,12953
A,Annual,ITC1,Piemonte,ROADACC,Road accidents with injuries,9,Total,9,Total,9,Total,0,No,99,Total,9,Total,99,Total,2012,11903
A,Annual,ITC1,Piemonte,ROADACC,Road accidents with injuries,9,Total,9,Total,9,Total,0,No,99,Total,9,Total,99,Total,2013,11016
A,Annual,ITC1,Piemonte,ROADACC,Road accidents with injuries,9,Total,9,Total,9,Total,0,No,99,Total,9,Total,99,Total,2014,11192
A,Annual,ITC1,Piemonte,ROADACC,Road accidents with injuries,9,Total,9,Total,9,Total,0,No,99,Total,9,Total,99,Total,2015,10908
A,Annual,ITC1,Piemonte,ROADACC,Road accidents with injuries,9,Total,9,Total,9,Total,0,No,99,Total,9,Total,99,Total,2016,10672
A,Annual,ITC1,Piemonte,ROADACC,Road accidents with injuries,9,Total,9,Total,9,Total,0,No,99,Total,9,Total,99,Total,2017,10564
A,Annual,ITC1,Piemonte,ROADACC,Road accidents with injuries,9,Total,9,Total,9,Total,0,No,99,Total,9,Total,99,Total,2018,10595
A,Annual,ITC1,Piemonte,ROADACC,Road accidents with injuries,9,Total,9,Total,9,Total,0,No,99,Total,9,Total,99,Total,2019,10426
A,Annual,ITC1,Piemonte,ROADACC,Road accidents with injuries,9,Total,9,Total,9,Total,0,No,99,Total,9,Total,99,Total,2020,6978
A,Annual,ITC1,Piemonte,ROADACC,Road accidents with injuries,9,Total,9,Total,9,Total,0,No,99,Total,9,Total,99,Total,2021,9576
A,Annual,ITC1,Piemonte,ROADACC,Road accidents with injuries,9,Total,9,Total,9,Total,0,No,99,Total,9,Total,99,Total,2022,9929
A,Annual,ITC1,Piemonte,ROADACC,Road accidents with injuries,9,Total,9,Total,9,Total,0,No,99,Total,9,Total,99,Total,2023,9860
A,Annual,ITC1,Piemonte,ROADACC,Road accidents with injuries,9,Total,9,Total,9,Total,0,No,99,Total,9,Total,99,Total,2024,10322
A,Annual,ITC1,Piemonte,ROADACC,Road accidents with injuries,9,Total,9,Total,9,Total,1,Yes,99,Total,9,Total,99,Total,2010,308
A,Annual,ITC1,Piemonte,ROADACC,Road accidents with injuries,9,Total,9,Total,9,Total,1,Yes,99,Total,9,Total,99,Total,2011,301
A,Annual,ITC1,Piemonte,ROADACC,Road accidents with injuries,9,Total,9,Total,9,Total,1,Yes,99,Total,9,Total,99,Total,2012,272
A,Annual,ITC1,Piemonte,ROADACC,Road accidents with injuries,9,Total,9,Total,9,Total,1,Yes,99,Total,9,Total,99,Total,2013,243
A,Annual,ITC1,Piemonte,ROADACC,Road accidents with injuries,9,Total,9,Total,9,Total,1,Yes,99,Total,9,Total,99,Total,2014,253
A,Annual,ITC1,Piemonte,ROADACC,Road accidents with injuries,9,Total,9,Total,9,Total,1,Yes,99,Total,9,Total,99,Total,2015,226
A,Annual,ITC1,Piemonte,ROADACC,Road accidents with injuries,9,Total,9,Total,9,Total,1,Yes,99,Total,9,Total,99,Total,2016,233
A,Annual,ITC1,Piemonte,ROADACC,Road accidents with injuries,9,Total,9,Total,9,Total,1,Yes,99,Total,9,Total,99,Total,2017,259
A,Annual,ITC1,Piemonte,ROADACC,Road accidents with injuries,9,Total,9,Total,9,Total,1,Yes,99,Total,9,Total,99,Total,2018,237
A,Annual,ITC1,Piemonte,ROADACC,Road accidents with injuries,9,Total,9,Total,9,Total,1,Yes,99,Total,9,Total,99,Total,2019,220
A,Annual,ITC1,Piemonte,ROADACC,Road accidents with injuries,9,Total,9,Total,9,Total,1,Yes,99,Total,9,Total,99,Total,2020,169
A,Annual,ITC1,Piemonte,ROADACC,Road accidents with injuries,9,Total,9,Total,9,Total,1,Yes,99,Total,9,Total,99,Total,2021,183
A,Annual,ITC1,Piemonte,ROADACC,Road accidents with injuries,9,Total,9,Total,9,Total,1,Yes,99,Total,9,Total,99,Total,2022,219
A,Annual,ITC1,Piemonte,ROADACC,Road accidents with injuries,9,Total,9,Total,9,Total,1,Yes,99,Total,9,Total,99,Total,2023,169
A,Annual,ITC1,Piemonte,ROADACC,Road accidents with injuries,9,Total,9,Total,9,Total,1,Yes,99,Total,9,Total,99,Total,2024,165
A,Annual,ITC1,Piemonte,ROADACC,Road accidents with injuries,9,Total,9,Total,9,Total,9,Total,99,Total,9,Total,99,Total,2010,13580
A,Annual,ITC1,Piemonte,ROADACC,Road accidents with injuries,9,Total,9,Total,9,Total,9,Total,99,Total,9,Total,99,Total,2011,13254
A,Annual,ITC1,Piemonte,ROADACC,Road accidents with injuries,9,Total,9,Total,9,Total,9,Total,99,Total,9,Total,99,Total,2012,12175
A,Annual,ITC1,Piemonte,ROADACC,Road accidents with injuries,9,Total,9,Total,9,Total,9,Total,99,Total,9,Total,99,Total,2013,11259
A,Annual,ITC1,Piemonte,ROADACC,Road accidents with injuries,9,Total,9,Total,9,Total,9,Total,99,Total,9,Total,99,Total,2014,11445
A,Annual,ITC1,Piemonte,ROADACC,Road accidents with injuries,9,Total,9,Total,9,Total,9,Total,99,Total,9,Total,99,Total,2015,11134
A,Annual,ITC1,Piemonte,ROADACC,Road accidents with injuries,9,Total,9,Total,9,Total,9,Total,99,Total,9,Total,99,Total,2016,10905
A,Annual,ITC1,Piemonte,ROADACC,Road accidents with injuries,9,Total,9,Total,9,Total,9,Total,99,Total,9,Total,99,Total,2017,10823
A,Annual,ITC1,Piemonte,ROADACC,Road accidents with injuries,9,Total,9,Total,9,Total,9,Total,99,Total,9,Total,99,Total,2018,10832
A,Annual,ITC1,Piemonte,ROADACC,Road accidents with injuries,9,Total,9,Total,9,Total,9,Total,99,Total,9,Total,99,Total,2019,10646
A,Annual,ITC1,Piemonte,ROADACC,Road accidents with injuries,9,Total,9,Total,9,Total,9,Total,99,Total,9,Total,99,Total,2020,7147
A,Annual,ITC1,Piemonte,ROADACC,Road accidents with injuries,9,Total,9,Total,9,Total,9,Total,99,Total,9,Total,99,Total,2021,9759
A,Annual,ITC1,Piemonte,ROADACC,Road accidents with injuries,9,Total,9,Total,9,Total,9,Total,99,Total,9,Total,99,Total,2022,10148
A,Annual,ITC1,Piemonte,ROADACC,Road accidents with injuries,9,Total,9,Total,9,Total,9,Total,99,Total,9,Total,99,Total,2023,10029
A,Annual,ITC1,Piemonte,ROADACC,Road accidents with injuries,9,Total,9,Total,9,Total,9,Total,99,Total,9,Total,99,Total,2024,10487
A,Annual,ITC2,"'Valle d""'Aosta / Vallée d""'Aoste'",ROADACC,Road accidents with injuries,9,Total,9,Total,1,Accidents between vehicles,0,No,99,Total,9,Total,99,Total,2010,229
A,Annual,ITC2,"'Valle d""'Aosta / Vallée d""'Aoste'",ROADACC,Road accidents with injuries,9,Total,9,Total,1,Accidents between vehicles,0,No,99,Total,9,Total,99,Total,2011,205
A,Annual,ITC2,"'Valle d""'Aosta / Vallée d""'Aoste'",ROADACC,Road accidents with injuries,9,Total,9,Total,1,Accidents between vehicles,0,No,99,Total,9,Total,99,Total,2012,192
A,Annual,ITC2,"'Valle d""'Aosta / Vallée d""'Aoste'",ROADACC,Road accidents with injuries,9,Total,9,Total,1,Accidents between vehicles,0,No,99,Total,9,Total,99,Total,2013,199
A,Annual,ITC2,"'Valle d""'Aosta / Vallée d""'Aoste'",ROADACC,Road accidents with injuries,9,Total,9,Total,1,Accidents between vehicles,0,No,99,Total,9,Total,99,Total,2014,175
A,Annual,ITC2,"'Valle d""'Aosta / Vallée d""'Aoste'",ROADACC,Road accidents with injuries,9,Total,9,Total,1,Accidents between vehicles,0,No,99,Total,9,Total,99,Total,2015,172
A,Annual,ITC2,"'Valle d""'Aosta / Vallée d""'Aoste'",ROADACC,Road accidents with injuries,9,Total,9,Total,1,Accidents between vehicles,0,No,99,Total,9,Total,99,Total,2016,181
A,Annual,ITC2,"'Valle d""'Aosta / Vallée d""'Aoste'",ROADACC,Road accidents with injuries,9,Total,9,Total,1,Accidents between vehicles,0,No,99,Total,9,Total,99,Total,2017,161
A,Annual,ITC2,"'Valle d""'Aosta / Vallée d""'Aoste'",ROADACC,Road accidents with injuries,9,Total,9,Total,1,Accidents between vehicles,0,No,99,Total,9,Total,99,Total,2018,151
A,Annual,ITC2,"'Valle d""'Aosta / Vallée d""'Aoste'",ROADACC,Road accidents with injuries,9,Total,9,Total,1,Accidents between vehicles,0,No,99,Total,9,Total,99,Total,2019,202
A,Annual,ITC2,"'Valle d""'Aosta / Vallée d""'Aoste'",ROADACC,Road accidents with injuries,9,Total,9,Total,1,Accidents between vehicles,0,No,99,Total,9,Total,99,Total,2020,125
A,Annual,ITC2,"'Valle d""'Aosta / Vallée d""'Aoste'",ROADACC,Road accidents with injuries,9,Total,9,Total,1,Accidents between vehicles,0,No,99,Total,9,Total,99,Total,2021,157
A,Annual,ITC2,"'Valle d""'Aosta / Vallée d""'Aoste'",ROADACC,Road accidents with injuries,9,Total,9,Total,1,Accidents between vehicles,0,No,99,Total,9,Total,99,Total,2022,192
A,Annual,ITC2,"'Valle d""'Aosta / Vallée d""'Aoste'",ROADACC,Road accidents with injuries,9,Total,9,Total,1,Accidents between vehicles,0,No,99,Total,9,Total,99,Total,2023,183
A,Annual,ITC2,"'Valle d""'Aosta / Vallée d""'Aoste'",ROADACC,Road accidents with injuries,9,Total,9,Total,1,Accidents between vehicles,0,No,99,Total,9,Total,99,Total,2024,168
A,Annual,ITC2,"'Valle d""'Aosta / Vallée d""'Aoste'",ROADACC,Road accidents with injuries,9,Total,9,Total,1,Accidents between vehicles,1,Yes,99,Total,9,Total,99,Total,2010,5
A,Annual,ITC2,"'Valle d""'Aosta / Vallée d""'Aoste'",ROADACC,Road accidents with injuries,9,Total,9,Total,1,Accidents between vehicles,1,Yes,99,Total,9,Total,99,Total,2011,4
A,Annual,ITC2,"'Valle d""'Aosta / Vallée d""'Aoste'",ROADACC,Road accidents with injuries,9,Total,9,Total,1,Accidents between vehicles,1,Yes,99,Total,9,Total,99,Total,2012,4
A,Annual,ITC2,"'Valle d""'Aosta / Vallée d""'Aoste'",ROADACC,Road accidents with injuries,9,Total,9,Total,1,Accidents between vehicles,1,Yes,99,Total,9,Total,99,Total,2013,5
A,Annual,ITC2,"'Valle d""'Aosta / Vallée d""'Aoste'",ROADACC,Road accidents with injuries,9,Total,9,Total,1,Accidents between vehicles,1,Yes,99,Total,9,Total,99,Total,2014,9
A,Annual,ITC2,"'Valle d""'Aosta / Vallée d""'Aoste'",ROADACC,Road accidents with injuries,9,Total,9,Total,1,Accidents between vehicles,1,Yes,99,Total,9,Total,99,Total,2015,3
A,Annual,ITC2,"'Valle d""'Aosta / Vallée d""'Aoste'",ROADACC,Road accidents with injuries,9,Total,9,Total,1,Accidents between vehicles,1,Yes,99,Total,9,Total,99,Total,2016,1
A,Annual,ITC2,"'Valle d""'Aosta / Vallée d""'Aoste'",ROADACC,Road accidents with injuries,9,Total,9,Total,1,Accidents between vehicles,1,Yes,99,Total,9,Total,99,Total,2017,3
A,Annual,ITC2,"'Valle d""'Aosta / Vallée d""'Aoste'",ROADACC,Road accidents with injuries,9,Total,9,Total,1,Accidents between vehicles,1,Yes,99,Total,9,Total,99,Total,2018,6
A,Annual,ITC2,"'Valle d""'Aosta / Vallée d""'Aoste'",ROADACC,Road accidents with injuries,9,Total,9,Total,1,Accidents between vehicles,1,Yes,99,Total,9,Total,99,Total,2019,2
A,Annual,ITC2,"'Valle d""'Aosta / Vallée d""'Aoste'",ROADACC,Road accidents with injuries,9,Total,9,Total,1,Accidents between vehicles,1,Yes,99,Total,9,Total,99,Total,2022,5
A,Annual,ITC2,"'Valle d""'Aosta / Vallée d""'Aoste'",ROADACC,Road accidents with injuries,9,Total,9,Total,1,Accidents between vehicles,1,Yes,99,Total,9,Total,99,Total,2023,1
A,Annual,ITC2,"'Valle d""'Aosta / Vallée d""'Aoste'",ROADACC,Road accidents with injuries,9,Total,9,Total,1,Accidents between vehicles,1,Yes,99,Total,9,Total,99,Total,2024,3
A,Annual,ITC2,"'Valle d""'Aosta / Vallée d""'Aoste'",ROADACC,Road accidents with injuries,9,Total,9,Total,1,Accidents between vehicles,9,Total,99,Total,9,Total,99,Total,2010,234
A,Annual,ITC2,"'Valle d""'Aosta / Vallée d""'Aoste'",ROADACC,Road accidents with injuries,9,Total,9,Total,1,Accidents between vehicles,9,Total,99,Total,9,Total,99,Total,2011,209
A,Annual,ITC2,"'Valle d""'Aosta / Vallée d""'Aoste'",ROADACC,Road accidents with injuries,9,Total,9,Total,1,Accidents between vehicles,9,Total,99,Total,9,Total,99,Total,2012,196
A,Annual,ITC2,"'Valle d""'Aosta / Vallée d""'Aoste'",ROADACC,Road accidents with injuries,9,Total,9,Total,1,Accidents between vehicles,9,Total,99,Total,9,Total,99,Total,2013,204
A,Annual,ITC2,"'Valle d""'Aosta / Vallée d""'Aoste'",ROADACC,Road accidents with injuries,9,Total,9,Total,1,Accidents between vehicles,9,Total,99,Total,9,Total,99,Total,2014,184
A,Annual,ITC2,"'Valle d""'Aosta / Vallée d""'Aoste'",ROADACC,Road accidents with injuries,9,Total,9,Total,1,Accidents between vehicles,9,Total,99,Total,9,Total,99,Total,2015,175
A,Annual,ITC2,"'Valle d""'Aosta / Vallée d""'Aoste'",ROADACC,Road accidents with injuries,9,Total,9,Total,1,Accidents between vehicles,9,Total,99,Total,9,Total,99,Total,2016,182
A,Annual,ITC2,"'Valle d""'Aosta / Vallée d""'Aoste'",ROADACC,Road accidents with injuries,9,Total,9,Total,1,Accidents between vehicles,9,Total,99,Total,9,Total,99,Total,2017,164
A,Annual,ITC2,"'Valle d""'Aosta / Vallée d""'Aoste'",ROADACC,Road accidents with injuries,9,Total,9,Total,1,Accidents between vehicles,9,Total,99,Total,9,Total,99,Total,2018,157
A,Annual,ITC2,"'Valle d""'Aosta / Vallée d""'Aoste'",ROADACC,Road accidents with injuries,9,Total,9,Total,1,Accidents between vehicles,9,Total,99,Total,9,Total,99,Total,2019,204
A,Annual,ITC2,"'Valle d""'Aosta / Vallée d""'Aoste'",ROADACC,Road accidents with injuries,9,Total,9,Total,1,Accidents between vehicles,9,Total,99,Total,9,Total,99,Total,2020,125
A,Annual,ITC2,"'Valle d""'Aosta / Vallée d""'Aoste'",ROADACC,Road accidents with injuries,9,Total,9,Total,1,Accidents between vehicles,9,Total,99,Total,9,Total,99,Total,2021,157
A,Annual,ITC2,"'Valle d""'Aosta / Vallée d""'Aoste'",ROADACC,Road accidents with injuries,9,Total,9,Total,1,Accidents between vehicles,9,Total,99,Total,9,Total,99,Total,2022,197
A,Annual,ITC2,"'Valle d""'Aosta / Vallée d""'Aoste'",ROADACC,Road accidents with injuries,9,Total,9,Total,1,Accidents between vehicles,9,Total,99,Total,9,Total,99,Total,2023,184
A,Annual,ITC2,"'Valle d""'Aosta / Vallée d""'Aoste'",ROADACC,Road accidents with injuries,9,Total,9,Total,1,Accidents between vehicles,9,Total,99,Total,9,Total,99,Total,2024,171
A,Annual,ITC2,"'Valle d""'Aosta / Vallée d""'Aoste'",ROADACC,Road accidents with injuries,9,Total,9,Total,2,Vehicle-pedestrian accident,0,No,99,Total,9,Total,99,Total,2010,37
A,Annual,ITC2,"'Valle d""'Aosta / Vallée d""'Aoste'",ROADACC,Road accidents with injuries,9,Total,9,Total,2,Vehicle-pedestrian accident,0,No,99,Total,9,Total,99,Total,2011,34
A,Annual,ITC2,"'Valle d""'Aosta / Vallée d""'Aoste'",ROADACC,Road accidents with injuries,9,Total,9,Total,2,Vehicle-pedestrian accident,0,No,99,Total,9,Total,99,Total,2012,37
A,Annual,ITC2,"'Valle d""'Aosta / Vallée d""'Aoste'",ROADACC,Road accidents with injuries,9,Total,9,Total,2,Vehicle-pedestrian accident,0,No,99,Total,9,Total,99,Total,2013,52
A,Annual,ITC2,"'Valle d""'Aosta / Vallée d""'Aoste'",ROADACC,Road accidents with injuries,9,Total,9,Total,2,Vehicle-pedestrian accident,0,No,99,Total,9,Total,99,Total,2014,44
A,Annual,ITC2,"'Valle d""'Aosta / Vallée d""'Aoste'",ROADACC,Road accidents with injuries,9,Total,9,Total,2,Vehicle-pedestrian accident,0,No,99,Total,9,Total,99,Total,2015,40
A,Annual,ITC2,"'Valle d""'Aosta / Vallée d""'Aoste'",ROADACC,Road accidents with injuries,9,Total,9,Total,2,Vehicle-pedestrian accident,0,No,99,Total,9,Total,99,Total,2016,44
A,Annual,ITC2,"'Valle d""'Aosta / Vallée d""'Aoste'",ROADACC,Road accidents with injuries,9,Total,9,Total,2,Vehicle-pedestrian accident,0,No,99,Total,9,Total,99,Total,2017,38
A,Annual,ITC2,"'Valle d""'Aosta / Vallée d""'Aoste'",ROADACC,Road accidents with injuries,9,Total,9,Total,2,Vehicle-pedestrian accident,0,No,99,Total,9,Total,99,Total,2018,43
A,Annual,ITC2,"'Valle d""'Aosta / Vallée d""'Aoste'",ROADACC,Road accidents with injuries,9,Total,9,Total,2,Vehicle-pedestrian accident,0,No,99,Total,9,Total,99,Total,2019,42
A,Annual,ITC2,"'Valle d""'Aosta / Vallée d""'Aoste'",ROADACC,Road accidents with injuries,9,Total,9,Total,2,Vehicle-pedestrian accident,0,No,99,Total,9,Total,99,Total,2020,22
A,Annual,ITC2,"'Valle d""'Aosta / Vallée d""'Aoste'",ROADACC,Road accidents with injuries,9,Total,9,Total,2,Vehicle-pedestrian accident,0,No,99,Total,9,Total,99,Total,2021,26
A,Annual,ITC2,"'Valle d""'Aosta / Vallée d""'Aoste'",ROADACC,Road accidents with injuries,9,Total,9,Total,2,Vehicle-pedestrian accident,0,No,99,Total,9,Total,99,Total,2022,39
A,Annual,ITC2,"'Valle d""'Aosta / Vallée d""'Aoste'",ROADACC,Road accidents with injuries,9,Total,9,Total,2,Vehicle-pedestrian accident,0,No,99,Total,9,Total,99,Total,2023,37
A,Annual,ITC2,"'Valle d""'Aosta / Vallée d""'Aoste'",ROADACC,Road accidents with injuries,9,Total,9,Total,2,Vehicle-pedestrian accident,0,No,99,Total,9,Total,99,Total,2024,47
A,Annual,ITC2,"'Valle d""'Aosta / Vallée d""'Aoste'",ROADACC,Road accidents with injuries,9,Total,9,Total,2,Vehicle-pedestrian accident,1,Yes,99,Total,9,Total,99,Total,2010,1
A,Annual,ITC2,"'Valle d""'Aosta / Vallée d""'Aoste'",ROADACC,Road accidents with injuries,9,Total,9,Total,2,Vehicle-pedestrian accident,1,Yes,99,Total,9,Total,99,Total,2011,1
A,Annual,ITC2,"'Valle d""'Aosta / Vallée d""'Aoste'",ROADACC,Road accidents with injuries,9,Total,9,Total,2,Vehicle-pedestrian accident,1,Yes,99,Total,9,Total,99,Total,2014,1
A,Annual,ITC2,"'Valle d""'Aosta / Vallée d""'Aoste'",ROADACC,Road accidents with injuries,9,Total,9,Total,2,Vehicle-pedestrian accident,1,Yes,99,Total,9,Total,99,Total,2015,2
A,Annual,ITC2,"'Valle d""'Aosta / Vallée d""'Aoste'",ROADACC,Road accidents with injuries,9,Total,9,Total,2,Vehicle-pedestrian accident,1,Yes,99,Total,9,Total,99,Total,2016,1
A,Annual,ITC2,"'Valle d""'Aosta / Vallée d""'Aoste'",ROADACC,Road accidents with injuries,9,Total,9,Total,2,Vehicle-pedestrian accident,1,Yes,99,Total,9,Total,99,Total,2019,1
A,Annual,ITC2,"'Valle d""'Aosta / Vallée d""'Aoste'",ROADACC,Road accidents with injuries,9,Total,9,Total,2,Vehicle-pedestrian accident,1,Yes,99,Total,9,Total,99,Total,2023,1
A,Annual,ITC2,"'Valle d""'Aosta / Vallée d""'Aoste'",ROADACC,Road accidents with injuries,9,Total,9,Total,2,Vehicle-pedestrian accident,1,Yes,99,Total,9,Total,99,Total,2024,1
A,Annual,ITC2,"'Valle d""'Aosta / Vallée d""'Aoste'",ROADACC,Road accidents with injuries,9,Total,9,Total,2,Vehicle-pedestrian accident,9,Total,99,Total,9,Total,99,Total,2010,38
A,Annual,ITC2,"'Valle d""'Aosta / Vallée d""'Aoste'",ROADACC,Road accidents with injuries,9,Total,9,Total,2,Vehicle-pedestrian accident,9,Total,99,Total,9,Total,99,Total,2011,35
A,Annual,ITC2,"'Valle d""'Aosta / Vallée d""'Aoste'",ROADACC,Road accidents with injuries,9,Total,9,Total,2,Vehicle-pedestrian accident,9,Total,99,Total,9,Total,99,Total,2012,37
A,Annual,ITC2,"'Valle d""'Aosta / Vallée d""'Aoste'",ROADACC,Road accidents with injuries,9,Total,9,Total,2,Vehicle-pedestrian accident,9,Total,99,Total,9,Total,99,Total,2013,52
A,Annual,ITC2,"'Valle d""'Aosta / Vallée d""'Aoste'",ROADACC,Road accidents with injuries,9,Total,9,Total,2,Vehicle-pedestrian accident,9,Total,99,Total,9,Total,99,Total,2014,45
A,Annual,ITC2,"'Valle d""'Aosta / Vallée d""'Aoste'",ROADACC,Road accidents with injuries,9,Total,9,Total,2,Vehicle-pedestrian accident,9,Total,99,Total,9,Total,99,Total,2015,42
A,Annual,ITC2,"'Valle d""'Aosta / Vallée d""'Aoste'",ROADACC,Road accidents with injuries,9,Total,9,Total,2,Vehicle-pedestrian accident,9,Total,99,Total,9,Total,99,Total,2016,45
A,Annual,ITC2,"'Valle d""'Aosta / Vallée d""'Aoste'",ROADACC,Road accidents with injuries,9,Total,9,Total,2,Vehicle-pedestrian accident,9,Total,99,Total,9,Total,99,Total,2017,38
A,Annual,ITC2,"'Valle d""'Aosta / Vallée d""'Aoste'",ROADACC,Road accidents with injuries,9,Total,9,Total,2,Vehicle-pedestrian accident,9,Total,99,Total,9,Total,99,Total,2018,43
A,Annual,ITC2,"'Valle d""'Aosta / Vallée d""'Aoste'",ROADACC,Road accidents with injuries,9,Total,9,Total,2,Vehicle-pedestrian accident,9,Total,99,Total,9,Total,99,Total,2019,43
A,Annual,ITC2,"'Valle d""'Aosta / Vallée d""'Aoste'",ROADACC,Road accidents with injuries,9,Total,9,Total,2,Vehicle-pedestrian accident,9,Total,99,Total,9,Total,99,Total,2020,22
A,Annual,ITC2,"'Valle d""'Aosta / Vallée d""'Aoste'",ROADACC,Road accidents with injuries,9,Total,9,Total,2,Vehicle-pedestrian accident,9,Total,99,Total,9,Total,99,Total,2021,26
A,Annual,ITC2,"'Valle d""'Aosta / Vallée d""'Aoste'",ROADACC,Road accidents with injuries,9,Total,9,Total,2,Vehicle-pedestrian accident,9,Total,99,Total,9,Total,99,Total,2022,39
A,Annual,ITC2,"'Valle d""'Aosta / Vallée d""'Aoste'",ROADACC,Road accidents with injuries,9,Total,9,Total,2,Vehicle-pedestrian accident,9,Total,99,Total,9,Total,99,Total,2023,38
A,Annual,ITC2,"'Valle d""'Aosta / Vallée d""'Aoste'",ROADACC,Road accidents with injuries,9,Total,9,Total,2,Vehicle-pedestrian accident,9,Total,99,Total,9,Total,99,Total,2024,48
A,Annual,ITC2,"'Valle d""'Aosta / Vallée d""'Aoste'",ROADACC,Road accidents with injuries,9,Total,9,Total,3,Accidents involving a single vehicle,0,No,99,Total,9,Total,99,Total,2010,93
A,Annual,ITC2,"'Valle d""'Aosta / Vallée d""'Aoste'",ROADACC,Road accidents with injuries,9,Total,9,Total,3,Accidents involving a single vehicle,0,No,99,Total,9,Total,99,Total,2011,51
A,Annual,ITC2,"'Valle d""'Aosta / Vallée d""'Aoste'",ROADACC,Road accidents with injuries,9,Total,9,Total,3,Accidents involving a single vehicle,0,No,99,Total,9,Total,99,Total,2012,56
A,Annual,ITC2,"'Valle d""'Aosta / Vallée d""'Aoste'",ROADACC,Road accidents with injuries,9,Total,9,Total,3,Accidents involving a single vehicle,0,No,99,Total,9,Total,99,Total,2013,57
A,Annual,ITC2,"'Valle d""'Aosta / Vallée d""'Aoste'",ROADACC,Road accidents with injuries,9,Total,9,Total,3,Accidents involving a single vehicle,0,No,99,Total,9,Total,99,Total,2014,63
A,Annual,ITC2,"'Valle d""'Aosta / Vallée d""'Aoste'",ROADACC,Road accidents with injuries,9,Total,9,Total,3,Accidents involving a single vehicle,0,No,99,Total,9,Total,99,Total,2015,65
A,Annual,ITC2,"'Valle d""'Aosta / Vallée d""'Aoste'",ROADACC,Road accidents with injuries,9,Total,9,Total,3,Accidents involving a single vehicle,0,No,99,Total,9,Total,99,Total,2016,57
A,Annual,ITC2,"'Valle d""'Aosta / Vallée d""'Aoste'",ROADACC,Road accidents with injuries,9,Total,9,Total,3,Accidents involving a single vehicle,0,No,99,Total,9,Total,99,Total,2017,50
A,Annual,ITC2,"'Valle d""'Aosta / Vallée d""'Aoste'",ROADACC,Road accidents with injuries,9,Total,9,Total,3,Accidents involving a single vehicle,0,No,99,Total,9,Total,99,Total,2018,64
A,Annual,ITC2,"'Valle d""'Aosta / Vallée d""'Aoste'",ROADACC,Road accidents with injuries,9,Total,9,Total,3,Accidents involving a single vehicle,0,No,99,Total,9,Total,99,Total,2019,65
A,Annual,ITC2,"'Valle d""'Aosta / Vallée d""'Aoste'",ROADACC,Road accidents with injuries,9,Total,9,Total,3,Accidents involving a single vehicle,0,No,99,Total,9,Total,99,Total,2020,47
A,Annual,ITC2,"'Valle d""'Aosta / Vallée d""'Aoste'",ROADACC,Road accidents with injuries,9,Total,9,Total,3,Accidents involving a single vehicle,0,No,99,Total,9,Total,99,Total,2021,63
A,Annual,ITC2,"'Valle d""'Aosta / Vallée d""'Aoste'",ROADACC,Road accidents with injuries,9,Total,9,Total,3,Accidents involving a single vehicle,0,No,99,Total,9,Total,99,Total,2022,87
A,Annual,ITC2,"'Valle d""'Aosta / Vallée d""'Aoste'",ROADACC,Road accidents with injuries,9,Total,9,Total,3,Accidents involving a single vehicle,0,No,99,Total,9,Total,99,Total,2023,64
A,Annual,ITC2,"'Valle d""'Aosta / Vallée d""'Aoste'",ROADACC,Road accidents with injuries,9,Total,9,Total,3,Accidents involving a single vehicle,0,No,99,Total,9,Total,99,Total,2024,78
A,Annual,ITC2,"'Valle d""'Aosta / Vallée d""'Aoste'",ROADACC,Road accidents with injuries,9,Total,9,Total,3,Accidents involving a single vehicle,1,Yes,99,Total,9,Total,99,Total,2010,5
A,Annual,ITC2,"'Valle d""'Aosta / Vallée d""'Aoste'",ROADACC,Road accidents with injuries,9,Total,9,Total,3,Accidents involving a single vehicle,1,Yes,99,Total,9,Total,99,Total,2011,4
A,Annual,ITC2,"'Valle d""'Aosta / Vallée d""'Aoste'",ROADACC,Road accidents with injuries,9,Total,9,Total,3,Accidents involving a single vehicle,1,Yes,99,Total,9,Total,99,Total,2012,6
A,Annual,ITC2,"'Valle d""'Aosta / Vallée d""'Aoste'",ROADACC,Road accidents with injuries,9,Total,9,Total,3,Accidents involving a single vehicle,1,Yes,99,Total,9,Total,99,Total,2013,2
A,Annual,ITC2,"'Valle d""'Aosta / Vallée d""'Aoste'",ROADACC,Road accidents with injuries,9,Total,9,Total,3,Accidents involving a single vehicle,1,Yes,99,Total,9,Total,99,Total,2014,3
A,Annual,ITC2,"'Valle d""'Aosta / Vallée d""'Aoste'",ROADACC,Road accidents with injuries,9,Total,9,Total,3,Accidents involving a single vehicle,1,Yes,99,Total,9,Total,99,Total,2015,1
A,Annual,ITC2,"'Valle d""'Aosta / Vallée d""'Aoste'",ROADACC,Road accidents with injuries,9,Total,9,Total,3,Accidents involving a single vehicle,1,Yes,99,Total,9,Total,99,Total,2016,1
A,Annual,ITC2,"'Valle d""'Aosta / Vallée d""'Aoste'",ROADACC,Road accidents with injuries,9,Total,9,Total,3,Accidents involving a single vehicle,1,Yes,99,Total,9,Total,99,Total,2017,4
A,Annual,ITC2,"'Valle d""'Aosta / Vallée d""'Aoste'",ROADACC,Road accidents with injuries,9,Total,9,Total,3,Accidents involving a single vehicle,1,Yes,99,Total,9,Total,99,Total,2018,3
A,Annual,ITC2,"'Valle d""'Aosta / Vallée d""'Aoste'",ROADACC,Road accidents with injuries,9,Total,9,Total,3,Accidents involving a single vehicle,1,Yes,99,Total,9,Total,99,Total,2019,1
A,Annual,ITC2,"'Valle d""'Aosta / Vallée d""'Aoste'",ROADACC,Road accidents with injuries,9,Total,9,Total,3,Accidents involving a single vehicle,1,Yes,99,Total,9,Total,99,Total,2021,1
A,Annual,ITC2,"'Valle d""'Aosta / Vallée d""'Aoste'",ROADACC,Road accidents with injuries,9,Total,9,Total,3,Accidents involving a single vehicle,1,Yes,99,Total,9,Total,99,Total,2022,4
A,Annual,ITC2,"'Valle d""'Aosta / Vallée d""'Aoste'",ROADACC,Road accidents with injuries,9,Total,9,Total,3,Accidents involving a single vehicle,1,Yes,99,Total,9,Total,99,Total,2023,3
A,Annual,ITC2,"'Valle d""'Aosta / Vallée d""'Aoste'",ROADACC,Road accidents with injuries,9,Total,9,Total,3,Accidents involving a single vehicle,1,Yes,99,Total,9,Total,99,Total,2024,3
A,Annual,ITC2,"'Valle d""'Aosta / Vallée d""'Aoste'",ROADACC,Road accidents with injuries,9,Total,9,Total,3,Accidents involving a single vehicle,9,Total,99,Total,9,Total,99,Total,2010,98
A,Annual,ITC2,"'Valle d""'Aosta / Vallée d""'Aoste'",ROADACC,Road accidents with injuries,9,Total,9,Total,3,Accidents involving a single vehicle,9,Total,99,Total,9,Total,99,Total,2011,55
A,Annual,ITC2,"'Valle d""'Aosta / Vallée d""'Aoste'",ROADACC,Road accidents with injuries,9,Total,9,Total,3,Accidents involving a single vehicle,9,Total,99,Total,9,Total,99,Total,2012,62
A,Annual,ITC2,"'Valle d""'Aosta / Vallée d""'Aoste'",ROADACC,Road accidents with injuries,9,Total,9,Total,3,Accidents involving a single vehicle,9,Total,99,Total,9,Total,99,Total,2013,59
A,Annual,ITC2,"'Valle d""'Aosta / Vallée d""'Aoste'",ROADACC,Road accidents with injuries,9,Total,9,Total,3,Accidents involving a single vehicle,9,Total,99,Total,9,Total,99,Total,2014,66
A,Annual,ITC2,"'Valle d""'Aosta / Vallée d""'Aoste'",ROADACC,Road accidents with injuries,9,Total,9,Total,3,Accidents involving a single vehicle,9,Total,99,Total,9,Total,99,Total,2015,66
A,Annual,ITC2,"'Valle d""'Aosta / Vallée d""'Aoste'",ROADACC,Road accidents with injuries,9,Total,9,Total,3,Accidents involving a single vehicle,9,Total,99,Total,9,Total,99,Total,2016,58
A,Annual,ITC2,"'Valle d""'Aosta / Vallée d""'Aoste'",ROADACC,Road accidents with injuries,9,Total,9,Total,3,Accidents involving a single vehicle,9,Total,99,Total,9,Total,99,Total,2017,54
A,Annual,ITC2,"'Valle d""'Aosta / Vallée d""'Aoste'",ROADACC,Road accidents with injuries,9,Total,9,Total,3,Accidents involving a single vehicle,9,Total,99,Total,9,Total,99,Total,2018,67
A,Annual,ITC2,"'Valle d""'Aosta / Vallée d""'Aoste'",ROADACC,Road accidents with injuries,9,Total,9,Total,3,Accidents involving a single vehicle,9,Total,99,Total,9,Total,99,Total,2019,66
A,Annual,ITC2,"'Valle d""'Aosta / Vallée d""'Aoste'",ROADACC,Road accidents with injuries,9,Total,9,Total,3,Accidents involving a single vehicle,9,Total,99,Total,9,Total,99,Total,2020,47
A,Annual,ITC2,"'Valle d""'Aosta / Vallée d""'Aoste'",ROADACC,Road accidents with injuries,9,Total,9,Total,3,Accidents involving a single vehicle,9,Total,99,Total,9,Total,99,Total,2021,64
A,Annual,ITC2,"'Valle d""'Aosta / Vallée d""'Aoste'",ROADACC,Road accidents with injuries,9,Total,9,Total,3,Accidents involving a single vehicle,9,Total,99,Total,9,Total,99,Total,2022,91
A,Annual,ITC2,"'Valle d""'Aosta / Vallée d""'Aoste'",ROADACC,Road accidents with injuries,9,Total,9,Total,3,Accidents involving a single vehicle,9,Total,99,Total,9,Total,99,Total,2023,67
A,Annual,ITC2,"'Valle d""'Aosta / Vallée d""'Aoste'",ROADACC,Road accidents with injuries,9,Total,9,Total,3,Accidents involving a single vehicle,9,Total,99,Total,9,Total,99,Total,2024,81
A,Annual,ITC2,"'Valle d""'Aosta / Vallée d""'Aoste'",ROADACC,Road accidents with injuries,9,Total,9,Total,9,Total,0,No,99,Total,9,Total,99,Total,2010,359
A,Annual,ITC2,"'Valle d""'Aosta / Vallée d""'Aoste'",ROADACC,Road accidents with injuries,9,Total,9,Total,9,Total,0,No,99,Total,9,Total,99,Total,2011,290
A,Annual,ITC2,"'Valle d""'Aosta / Vallée d""'Aoste'",ROADACC,Road accidents with injuries,9,Total,9,Total,9,Total,0,No,99,Total,9,Total,99,Total,2012,285
A,Annual,ITC2,"'Valle d""'Aosta / Vallée d""'Aoste'",ROADACC,Road accidents with injuries,9,Total,9,Total,9,Total,0,No,99,Total,9,Total,99,Total,2013,308
A,Annual,ITC2,"'Valle d""'Aosta / Vallée d""'Aoste'",ROADACC,Road accidents with injuries,9,Total,9,Total,9,Total,0,No,99,Total,9,Total,99,Total,2014,282
A,Annual,ITC2,"'Valle d""'Aosta / Vallée d""'Aoste'",ROADACC,Road accidents with injuries,9,Total,9,Total,9,Total,0,No,99,Total,9,Total,99,Total,2015,277
A,Annual,ITC2,"'Valle d""'Aosta / Vallée d""'Aoste'",ROADACC,Road accidents with injuries,9,Total,9,Total,9,Total,0,No,99,Total,9,Total,99,Total,2016,282
A,Annual,ITC2,"'Valle d""'Aosta / Vallée d""'Aoste'",ROADACC,Road accidents with injuries,9,Total,9,Total,9,Total,0,No,99,Total,9,Total,99,Total,2017,249
A,Annual,ITC2,"'Valle d""'Aosta / Vallée d""'Aoste'",ROADACC,Road accidents with injuries,9,Total,9,Total,9,Total,0,No,99,Total,9,Total,99,Total,2018,258
A,Annual,ITC2,"'Valle d""'Aosta / Vallée d""'Aoste'",ROADACC,Road accidents with injuries,9,Total,9,Total,9,Total,0,No,99,Total,9,Total,99,Total,2019,309
A,Annual,ITC2,"'Valle d""'Aosta / Vallée d""'Aoste'",ROADACC,Road accidents with injuries,9,Total,9,Total,9,Total,0,No,99,Total,9,Total,99,Total,2020,194
A,Annual,ITC2,"'Valle d""'Aosta / Vallée d""'Aoste'",ROADACC,Road accidents with injuries,9,Total,9,Total,9,Total,0,No,99,Total,9,Total,99,Total,2021,246
A,Annual,ITC2,"'Valle d""'Aosta / Vallée d""'Aoste'",ROADACC,Road accidents with injuries,9,Total,9,Total,9,Total,0,No,99,Total,9,Total,99,Total,2022,318
A,Annual,ITC2,"'Valle d""'Aosta / Vallée d""'Aoste'",ROADACC,Road accidents with injuries,9,Total,9,Total,9,Total,0,No,99,Total,9,Total,99,Total,2023,284
A,Annual,ITC2,"'Valle d""'Aosta / Vallée d""'Aoste'",ROADACC,Road accidents with injuries,9,Total,9,Total,9,Total,0,No,99,Total,9,Total,99,Total,2024,293
A,Annual,ITC2,"'Valle d""'Aosta / Vallée d""'Aoste'",ROADACC,Road accidents with injuries,9,Total,9,Total,9,Total,1,Yes,99,Total,9,Total,99,Total,2010,11
A,Annual,ITC2,"'Valle d""'Aosta / Vallée d""'Aoste'",ROADACC,Road accidents with injuries,9,Total,9,Total,9,Total,1,Yes,99,Total,9,Total,99,Total,2011,9
A,Annual,ITC2,"'Valle d""'Aosta / Vallée d""'Aoste'",ROADACC,Road accidents with injuries,9,Total,9,Total,9,Total,1,Yes,99,Total,9,Total,99,Total,2012,10
A,Annual,ITC2,"'Valle d""'Aosta / Vallée d""'Aoste'",ROADACC,Road accidents with injuries,9,Total,9,Total,9,Total,1,Yes,99,Total,9,Total,99,Total,2013,7
A,Annual,ITC2,"'Valle d""'Aosta / Vallée d""'Aoste'",ROADACC,Road accidents with injuries,9,Total,9,Total,9,Total,1,Yes,99,Total,9,Total,99,Total,2014,13
A,Annual,ITC2,"'Valle d""'Aosta / Vallée d""'Aoste'",ROADACC,Road accidents with injuries,9,Total,9,Total,9,Total,1,Yes,99,Total,9,Total,99,Total,2015,6
A,Annual,ITC2,"'Valle d""'Aosta / Vallée d""'Aoste'",ROADACC,Road accidents with injuries,9,Total,9,Total,9,Total,1,Yes,99,Total,9,Total,99,Total,2016,3
A,Annual,ITC2,"'Valle d""'Aosta / Vallée d""'Aoste'",ROADACC,Road accidents with injuries,9,Total,9,Total,9,Total,1,Yes,99,Total,9,Total,99,Total,2017,7
A,Annual,ITC2,"'Valle d""'Aosta / Vallée d""'Aoste'",ROADACC,Road accidents with injuries,9,Total,9,Total,9,Total,1,Yes,99,Total,9,Total,99,Total,2018,9
A,Annual,ITC2,"'Valle d""'Aosta / Vallée d""'Aoste'",ROADACC,Road accidents with injuries,9,Total,9,Total,9,Total,1,Yes,99,Total,9,Total,99,Total,2019,4
A,Annual,ITC2,"'Valle d""'Aosta / Vallée d""'Aoste'",ROADACC,Road accidents with injuries,9,Total,9,Total,9,Total,1,Yes,99,Total,9,Total,99,Total,2021,1
A,Annual,ITC2,"'Valle d""'Aosta / Vallée d""'Aoste'",ROADACC,Road accidents with injuries,9,Total,9,Total,9,Total,1,Yes,99,Total,9,Total,99,Total,2022,9
A,Annual,ITC2,"'Valle d""'Aosta / Vallée d""'Aoste'",ROADACC,Road accidents with injuries,9,Total,9,Total,9,Total,1,Yes,99,Total,9,Total,99,Total,2023,5
A,Annual,ITC2,"'Valle d""'Aosta / Vallée d""'Aoste'",ROADACC,Road accidents with injuries,9,Total,9,Total,9,Total,1,Yes,99,Total,9,Total,99,Total,2024,7
A,Annual,ITC2,"'Valle d""'Aosta / Vallée d""'Aoste'",ROADACC,Road accidents with injuries,9,Total,9,Total,9,Total,9,Total,99,Total,9,Total,99,Total,2010,370
A,Annual,ITC2,"'Valle d""'Aosta / Vallée d""'Aoste'",ROADACC,Road accidents with injuries,9,Total,9,Total,9,Total,9,Total,99,Total,9,Total,99,Total,2011,299
A,Annual,ITC2,"'Valle d""'Aosta / Vallée d""'Aoste'",ROADACC,Road accidents with injuries,9,Total,9,Total,9,Total,9,Total,99,Total,9,Total,99,Total,2012,295
A,Annual,ITC2,"'Valle d""'Aosta / Vallée d""'Aoste'",ROADACC,Road accidents with injuries,9,Total,9,Total,9,Total,9,Total,99,Total,9,Total,99,Total,2013,315
A,Annual,ITC2,"'Valle d""'Aosta / Vallée d""'Aoste'",ROADACC,Road accidents with injuries,9,Total,9,Total,9,Total,9,Total,99,Total,9,Total,99,Total,2014,295
A,Annual,ITC2,"'Valle d""'Aosta / Vallée d""'Aoste'",ROADACC,Road accidents with injuries,9,Total,9,Total,9,Total,9,Total,99,Total,9,Total,99,Total,2015,283
A,Annual,ITC2,"'Valle d""'Aosta / Vallée d""'Aoste'",ROADACC,Road accidents with injuries,9,Total,9,Total,9,Total,9,Total,99,Total,9,Total,99,Total,2016,285
A,Annual,ITC2,"'Valle d""'Aosta / Vallée d""'Aoste'",ROADACC,Road accidents with injuries,9,Total,9,Total,9,Total,9,Total,99,Total,9,Total,99,Total,2017,256
A,Annual,ITC2,"'Valle d""'Aosta / Vallée d""'Aoste'",ROADACC,Road accidents with injuries,9,Total,9,Total,9,Total,9,Total,99,Total,9,Total,99,Total,2018,267
A,Annual,ITC2,"'Valle d""'Aosta / Vallée d""'Aoste'",ROADACC,Road accidents with injuries,9,Total,9,Total,9,Total,9,Total,99,Total,9,Total,99,Total,2019,313
A,Annual,ITC2,"'Valle d""'Aosta / Vallée d""'Aoste'",ROADACC,Road accidents with injuries,9,Total,9,Total,9,Total,9,Total,99,Total,9,Total,99,Total,2020,194
A,Annual,ITC2,"'Valle d""'Aosta / Vallée d""'Aoste'",ROADACC,Road accidents with injuries,9,Total,9,Total,9,Total,9,Total,99,Total,9,Total,99,Total,2021,247
A,Annual,ITC2,"'Valle d""'Aosta / Vallée d""'Aoste'",ROADACC,Road accidents with injuries,9,Total,9,Total,9,Total,9,Total,99,Total,9,Total,99,Total,2022,327
A,Annual,ITC2,"'Valle d""'Aosta / Vallée d""'Aoste'",ROADACC,Road accidents with injuries,9,Total,9,Total,9,Total,9,Total,99,Total,9,Total,99,Total,2023,289
A,Annual,ITC2,"'Valle d""'Aosta / Vallée d""'Aoste'",ROADACC,Road accidents with injuries,9,Total,9,Total,9,Total,9,Total,99,Total,9,Total,99,Total,2024,300
A,Annual,ITC3,Liguria,ROADACC,Road accidents with injuries,9,Total,9,Total,1,Accidents between vehicles,0,No,99,Total,9,Total,99,Total,2010,6307
A,Annual,ITC3,Liguria,ROADACC,Road accidents with injuries,9,Total,9,Total,1,Accidents between vehicles,0,No,99,Total,9,Total,99,Total,2011,6070
A,Annual,ITC3,Liguria,ROADACC,Road accidents with injuries,9,Total,9,Total,1,Accidents between vehicles,0,No,99,Total,9,Total,99,Total,2012,5692
A,Annual,ITC3,Liguria,ROADACC,Road accidents with injuries,9,Total,9,Total,1,Accidents between vehicles,0,No,99,Total,9,Total,99,Total,2013,5542
A,Annual,ITC3,Liguria,ROADACC,Road accidents with injuries,9,Total,9,Total,1,Accidents between vehicles,0,No,99,Total,9,Total,99,Total,2014,5279
A,Annual,ITC3,Liguria,ROADACC,Road accidents with injuries,9,Total,9,Total,1,Accidents between vehicles,0,No,99,Total,9,Total,99,Total,2015,5171
A,Annual,ITC3,Liguria,ROADACC,Road accidents with injuries,9,Total,9,Total,1,Accidents between vehicles,0,No,99,Total,9,Total,99,Total,2016,5185
A,Annual,ITC3,Liguria,ROADACC,Road accidents with injuries,9,Total,9,Total,1,Accidents between vehicles,0,No,99,Total,9,Total,99,Total,2017,5484
A,Annual,ITC3,Liguria,ROADACC,Road accidents with injuries,9,Total,9,Total,1,Accidents between vehicles,0,No,99,Total,9,Total,99,Total,2018,5140
A,Annual,ITC3,Liguria,ROADACC,Road accidents with injuries,9,Total,9,Total,1,Accidents between vehicles,0,No,99,Total,9,Total,99,Total,2019,5000
A,Annual,ITC3,Liguria,ROADACC,Road accidents with injuries,9,Total,9,Total,1,Accidents between vehicles,0,No,99,Total,9,Total,99,Total,2020,3459
A,Annual,ITC3,Liguria,ROADACC,Road accidents with injuries,9,Total,9,Total,1,Accidents between vehicles,0,No,99,Total,9,Total,99,Total,2021,4379
A,Annual,ITC3,Liguria,ROADACC,Road accidents with injuries,9,Total,9,Total,1,Accidents between vehicles,0,No,99,Total,9,Total,99,Total,2022,5058
A,Annual,ITC3,Liguria,ROADACC,Road accidents with injuries,9,Total,9,Total,1,Accidents between vehicles,0,No,99,Total,9,Total,99,Total,2023,4707
A,Annual,ITC3,Liguria,ROADACC,Road accidents with injuries,9,Total,9,Total,1,Accidents between vehicles,0,No,99,Total,9,Total,99,Total,2024,4948
A,Annual,ITC3,Liguria,ROADACC,Road accidents with injuries,9,Total,9,Total,1,Accidents between vehicles,1,Yes,99,Total,9,Total,99,Total,2010,43
A,Annual,ITC3,Liguria,ROADACC,Road accidents with injuries,9,Total,9,Total,1,Accidents between vehicles,1,Yes,99,Total,9,Total,99,Total,2011,34
A,Annual,ITC3,Liguria,ROADACC,Road accidents with injuries,9,Total,9,Total,1,Accidents between vehicles,1,Yes,99,Total,9,Total,99,Total,2012,30
A,Annual,ITC3,Liguria,ROADACC,Road accidents with injuries,9,Total,9,Total,1,Accidents between vehicles,1,Yes,99,Total,9,Total,99,Total,2013,32
A,Annual,ITC3,Liguria,ROADACC,Road accidents with injuries,9,Total,9,Total,1,Accidents between vehicles,1,Yes,99,Total,9,Total,99,Total,2014,21
A,Annual,ITC3,Liguria,ROADACC,Road accidents with injuries,9,Total,9,Total,1,Accidents between vehicles,1,Yes,99,Total,9,Total,99,Total,2015,30
A,Annual,ITC3,Liguria,ROADACC,Road accidents with injuries,9,Total,9,Total,1,Accidents between vehicles,1,Yes,99,Total,9,Total,99,Total,2016,32
A,Annual,ITC3,Liguria,ROADACC,Road accidents with injuries,9,Total,9,Total,1,Accidents between vehicles,1,Yes,99,Total,9,Total,99,Total,2017,34
A,Annual,ITC3,Liguria,ROADACC,Road accidents with injuries,9,Total,9,Total,1,Accidents between vehicles,1,Yes,99,Total,9,Total,99,Total,2018,36
A,Annual,ITC3,Liguria,ROADACC,Road accidents with injuries,9,Total,9,Total,1,Accidents between vehicles,1,Yes,99,Total,9,Total,99,Total,2019,31
A,Annual,ITC3,Liguria,ROADACC,Road accidents with injuries,9,Total,9,Total,1,Accidents between vehicles,1,Yes,99,Total,9,Total,99,Total,2020,25
A,Annual,ITC3,Liguria,ROADACC,Road accidents with injuries,9,Total,9,Total,1,Accidents between vehicles,1,Yes,99,Total,9,Total,99,Total,2021,29
A,Annual,ITC3,Liguria,ROADACC,Road accidents with injuries,9,Total,9,Total,1,Accidents between vehicles,1,Yes,99,Total,9,Total,99,Total,2022,28
A,Annual,ITC3,Liguria,ROADACC,Road accidents with injuries,9,Total,9,Total,1,Accidents between vehicles,1,Yes,99,Total,9,Total,99,Total,2023,25
A,Annual,ITC3,Liguria,ROADACC,Road accidents with injuries,9,Total,9,Total,1,Accidents between vehicles,1,Yes,99,Total,9,Total,99,Total,2024,22
A,Annual,ITC3,Liguria,ROADACC,Road accidents with injuries,9,Total,9,Total,1,Accidents between vehicles,9,Total,99,Total,9,Total,99,Total,2010,6350
A,Annual,ITC3,Liguria,ROADACC,Road accidents with injuries,9,Total,9,Total,1,Accidents between vehicles,9,Total,99,Total,9,Total,99,Total,2011,6104
A,Annual,ITC3,Liguria,ROADACC,Road accidents with injuries,9,Total,9,Total,1,Accidents between vehicles,9,Total,99,Total,9,Total,99,Total,2012,5722
A,Annual,ITC3,Liguria,ROADACC,Road accidents with injuries,9,Total,9,Total,1,Accidents between vehicles,9,Total,99,Total,9,Total,99,Total,2013,5574
A,Annual,ITC3,Liguria,ROADACC,Road accidents with injuries,9,Total,9,Total,1,Accidents between vehicles,9,Total,99,Total,9,Total,99,Total,2014,5300
A,Annual,ITC3,Liguria,ROADACC,Road accidents with injuries,9,Total,9,Total,1,Accidents between vehicles,9,Total,99,Total,9,Total,99,Total,2015,5201
A,Annual,ITC3,Liguria,ROADACC,Road accidents with injuries,9,Total,9,Total,1,Accidents between vehicles,9,Total,99,Total,9,Total,99,Total,2016,5217
A,Annual,ITC3,Liguria,ROADACC,Road accidents with injuries,9,Total,9,Total,1,Accidents between vehicles,9,Total,99,Total,9,Total,99,Total,2017,5518
A,Annual,ITC3,Liguria,ROADACC,Road accidents with injuries,9,Total,9,Total,1,Accidents between vehicles,9,Total,99,Total,9,Total,99,Total,2018,5176
A,Annual,ITC3,Liguria,ROADACC,Road accidents with injuries,9,Total,9,Total,1,Accidents between vehicles,9,Total,99,Total,9,Total,99,Total,2019,5031
A,Annual,ITC3,Liguria,ROADACC,Road accidents with injuries,9,Total,9,Total,1,Accidents between vehicles,9,Total,99,Total,9,Total,99,Total,2020,3484
A,Annual,ITC3,Liguria,ROADACC,Road accidents with injuries,9,Total,9,Total,1,Accidents between vehicles,9,Total,99,Total,9,Total,99,Total,2021,4408
A,Annual,ITC3,Liguria,ROADACC,Road accidents with injuries,9,Total,9,Total,1,Accidents between vehicles,9,Total,99,Total,9,Total,99,Total,2022,5086
A,Annual,ITC3,Liguria,ROADACC,Road accidents with injuries,9,Total,9,Total,1,Accidents between vehicles,9,Total,99,Total,9,Total,99,Total,2023,4732
A,Annual,ITC3,Liguria,ROADACC,Road accidents with injuries,9,Total,9,Total,1,Accidents between vehicles,9,Total,99,Total,9,Total,99,Total,2024,4970
A,Annual,ITC3,Liguria,ROADACC,Road accidents with injuries,9,Total,9,Total,2,Vehicle-pedestrian accident,0,No,99,Total,9,Total,99,Total,2010,1363
A,Annual,ITC3,Liguria,ROADACC,Road accidents with injuries,9,Total,9,Total,2,Vehicle-pedestrian accident,0,No,99,Total,9,Total,99,Total,2011,1234
A,Annual,ITC3,Liguria,ROADACC,Road accidents with injuries,9,Total,9,Total,2,Vehicle-pedestrian accident,0,No,99,Total,9,Total,99,Total,2012,1227
A,Annual,ITC3,Liguria,ROADACC,Road accidents with injuries,9,Total,9,Total,2,Vehicle-pedestrian accident,0,No,99,Total,9,Total,99,Total,2013,1247
A,Annual,ITC3,Liguria,ROADACC,Road accidents with injuries,9,Total,9,Total,2,Vehicle-pedestrian accident,0,No,99,Total,9,Total,99,Total,2014,1304
A,Annual,ITC3,Liguria,ROADACC,Road accidents with injuries,9,Total,9,Total,2,Vehicle-pedestrian accident,0,No,99,Total,9,Total,99,Total,2015,1244
A,Annual,ITC3,Liguria,ROADACC,Road accidents with injuries,9,Total,9,Total,2,Vehicle-pedestrian accident,0,No,99,Total,9,Total,99,Total,2016,1186
A,Annual,ITC3,Liguria,ROADACC,Road accidents with injuries,9,Total,9,Total,2,Vehicle-pedestrian accident,0,No,99,Total,9,Total,99,Total,2017,1196
A,Annual,ITC3,Liguria,ROADACC,Road accidents with injuries,9,Total,9,Total,2,Vehicle-pedestrian accident,0,No,99,Total,9,Total,99,Total,2018,1139
A,Annual,ITC3,Liguria,ROADACC,Road accidents with injuries,9,Total,9,Total,2,Vehicle-pedestrian accident,0,No,99,Total,9,Total,99,Total,2019,1164
A,Annual,ITC3,Liguria,ROADACC,Road accidents with injuries,9,Total,9,Total,2,Vehicle-pedestrian accident,0,No,99,Total,9,Total,99,Total,2020,822
A,Annual,ITC3,Liguria,ROADACC,Road accidents with injuries,9,Total,9,Total,2,Vehicle-pedestrian accident,0,No,99,Total,9,Total,99,Total,2021,979
A,Annual,ITC3,Liguria,ROADACC,Road accidents with injuries,9,Total,9,Total,2,Vehicle-pedestrian accident,0,No,99,Total,9,Total,99,Total,2022,1094
A,Annual,ITC3,Liguria,ROADACC,Road accidents with injuries,9,Total,9,Total,2,Vehicle-pedestrian accident,0,No,99,Total,9,Total,99,Total,2023,1063
A,Annual,ITC3,Liguria,ROADACC,Road accidents with injuries,9,Total,9,Total,2,Vehicle-pedestrian accident,0,No,99,Total,9,Total,99,Total,2024,1160
A,Annual,ITC3,Liguria,ROADACC,Road accidents with injuries,9,Total,9,Total,2,Vehicle-pedestrian accident,1,Yes,99,Total,9,Total,99,Total,2010,12
A,Annual,ITC3,Liguria,ROADACC,Road accidents with injuries,9,Total,9,Total,2,Vehicle-pedestrian accident,1,Yes,99,Total,9,Total,99,Total,2011,19
A,Annual,ITC3,Liguria,ROADACC,Road accidents with injuries,9,Total,9,Total,2,Vehicle-pedestrian accident,1,Yes,99,Total,9,Total,99,Total,2012,22
A,Annual,ITC3,Liguria,ROADACC,Road accidents with injuries,9,Total,9,Total,2,Vehicle-pedestrian accident,1,Yes,99,Total,9,Total,99,Total,2013,21
A,Annual,ITC3,Liguria,ROADACC,Road accidents with injuries,9,Total,9,Total,2,Vehicle-pedestrian accident,1,Yes,99,Total,9,Total,99,Total,2014,14
A,Annual,ITC3,Liguria,ROADACC,Road accidents with injuries,9,Total,9,Total,2,Vehicle-pedestrian accident,1,Yes,99,Total,9,Total,99,Total,2015,21
A,Annual,ITC3,Liguria,ROADACC,Road accidents with injuries,9,Total,9,Total,2,Vehicle-pedestrian accident,1,Yes,99,Total,9,Total,99,Total,2016,10
A,Annual,ITC3,Liguria,ROADACC,Road accidents with injuries,9,Total,9,Total,2,Vehicle-pedestrian accident,1,Yes,99,Total,9,Total,99,Total,2017,20
A,Annual,ITC3,Liguria,ROADACC,Road accidents with injuries,9,Total,9,Total,2,Vehicle-pedestrian accident,1,Yes,99,Total,9,Total,99,Total,2018,21
A,Annual,ITC3,Liguria,ROADACC,Road accidents with injuries,9,Total,9,Total,2,Vehicle-pedestrian accident,1,Yes,99,Total,9,Total,99,Total,2019,18
A,Annual,ITC3,Liguria,ROADACC,Road accidents with injuries,9,Total,9,Total,2,Vehicle-pedestrian accident,1,Yes,99,Total,9,Total,99,Total,2020,19
A,Annual,ITC3,Liguria,ROADACC,Road accidents with injuries,9,Total,9,Total,2,Vehicle-pedestrian accident,1,Yes,99,Total,9,Total,99,Total,2021,18
A,Annual,ITC3,Liguria,ROADACC,Road accidents with injuries,9,Total,9,Total,2,Vehicle-pedestrian accident,1,Yes,99,Total,9,Total,99,Total,2022,10
A,Annual,ITC3,Liguria,ROADACC,Road accidents with injuries,9,Total,9,Total,2,Vehicle-pedestrian accident,1,Yes,99,Total,9,Total,99,Total,2023,12
A,Annual,ITC3,Liguria,ROADACC,Road accidents with injuries,9,Total,9,Total,2,Vehicle-pedestrian accident,1,Yes,99,Total,9,Total,99,Total,2024,18
A,Annual,ITC3,Liguria,ROADACC,Road accidents with injuries,9,Total,9,Total,2,Vehicle-pedestrian accident,9,Total,99,Total,9,Total,99,Total,2010,1375
A,Annual,ITC3,Liguria,ROADACC,Road accidents with injuries,9,Total,9,Total,2,Vehicle-pedestrian accident,9,Total,99,Total,9,Total,99,Total,2011,1253
A,Annual,ITC3,Liguria,ROADACC,Road accidents with injuries,9,Total,9,Total,2,Vehicle-pedestrian accident,9,Total,99,Total,9,Total,99,Total,2012,1249
A,Annual,ITC3,Liguria,ROADACC,Road accidents with injuries,9,Total,9,Total,2,Vehicle-pedestrian accident,9,Total,99,Total,9,Total,99,Total,2013,1268
A,Annual,ITC3,Liguria,ROADACC,Road accidents with injuries,9,Total,9,Total,2,Vehicle-pedestrian accident,9,Total,99,Total,9,Total,99,Total,2014,1318
A,Annual,ITC3,Liguria,ROADACC,Road accidents with injuries,9,Total,9,Total,2,Vehicle-pedestrian accident,9,Total,99,Total,9,Total,99,Total,2015,1265
A,Annual,ITC3,Liguria,ROADACC,Road accidents with injuries,9,Total,9,Total,2,Vehicle-pedestrian accident,9,Total,99,Total,9,Total,99,Total,2016,1196
A,Annual,ITC3,Liguria,ROADACC,Road accidents with injuries,9,Total,9,Total,2,Vehicle-pedestrian accident,9,Total,99,Total,9,Total,99,Total,2017,1216
A,Annual,ITC3,Liguria,ROADACC,Road accidents with injuries,9,Total,9,Total,2,Vehicle-pedestrian accident,9,Total,99,Total,9,Total,99,Total,2018,1160
A,Annual,ITC3,Liguria,ROADACC,Road accidents with injuries,9,Total,9,Total,2,Vehicle-pedestrian accident,9,Total,99,Total,9,Total,99,Total,2019,1182
A,Annual,ITC3,Liguria,ROADACC,Road accidents with injuries,9,Total,9,Total,2,Vehicle-pedestrian accident,9,Total,99,Total,9,Total,99,Total,2020,841
A,Annual,ITC3,Liguria,ROADACC,Road accidents with injuries,9,Total,9,Total,2,Vehicle-pedestrian accident,9,Total,99,Total,9,Total,99,Total,2021,997
A,Annual,ITC3,Liguria,ROADACC,Road accidents with injuries,9,Total,9,Total,2,Vehicle-pedestrian accident,9,Total,99,Total,9,Total,99,Total,2022,1104
A,Annual,ITC3,Liguria,ROADACC,Road accidents with injuries,9,Total,9,Total,2,Vehicle-pedestrian accident,9,Total,99,Total,9,Total,99,Total,2023,1075
A,Annual,ITC3,Liguria,ROADACC,Road accidents with injuries,9,Total,9,Total,2,Vehicle-pedestrian accident,9,Total,99,Total,9,Total,99,Total,2024,1178
A,Annual,ITC3,Liguria,ROADACC,Road accidents with injuries,9,Total,9,Total,3,Accidents involving a single vehicle,0,No,99,Total,9,Total,99,Total,2010,1950
A,Annual,ITC3,Liguria,ROADACC,Road accidents with injuries,9,Total,9,Total,3,Accidents involving a single vehicle,0,No,99,Total,9,Total,99,Total,2011,1914
A,Annual,ITC3,Liguria,ROADACC,Road accidents with injuries,9,Total,9,Total,3,Accidents involving a single vehicle,0,No,99,Total,9,Total,99,Total,2012,1765
A,Annual,ITC3,Liguria,ROADACC,Road accidents with injuries,9,Total,9,Total,3,Accidents involving a single vehicle,0,No,99,Total,9,Total,99,Total,2013,1908
A,Annual,ITC3,Liguria,ROADACC,Road accidents with injuries,9,Total,9,Total,3,Accidents involving a single vehicle,0,No,99,Total,9,Total,99,Total,2014,1748
A,Annual,ITC3,Liguria,ROADACC,Road accidents with injuries,9,Total,9,Total,3,Accidents involving a single vehicle,0,No,99,Total,9,Total,99,Total,2015,1917
A,Annual,ITC3,Liguria,ROADACC,Road accidents with injuries,9,Total,9,Total,3,Accidents involving a single vehicle,0,No,99,Total,9,Total,99,Total,2016,1853
A,Annual,ITC3,Liguria,ROADACC,Road accidents with injuries,9,Total,9,Total,3,Accidents involving a single vehicle,0,No,99,Total,9,Total,99,Total,2017,1917
A,Annual,ITC3,Liguria,ROADACC,Road accidents with injuries,9,Total,9,Total,3,Accidents involving a single vehicle,0,No,99,Total,9,Total,99,Total,2018,1927
A,Annual,ITC3,Liguria,ROADACC,Road accidents with injuries,9,Total,9,Total,3,Accidents involving a single vehicle,0,No,99,Total,9,Total,99,Total,2019,1822
A,Annual,ITC3,Liguria,ROADACC,Road accidents with injuries,9,Total,9,Total,3,Accidents involving a single vehicle,0,No,99,Total,9,Total,99,Total,2020,1393
A,Annual,ITC3,Liguria,ROADACC,Road accidents with injuries,9,Total,9,Total,3,Accidents involving a single vehicle,0,No,99,Total,9,Total,99,Total,2021,1746
A,Annual,ITC3,Liguria,ROADACC,Road accidents with injuries,9,Total,9,Total,3,Accidents involving a single vehicle,0,No,99,Total,9,Total,99,Total,2022,1656
A,Annual,ITC3,Liguria,ROADACC,Road accidents with injuries,9,Total,9,Total,3,Accidents involving a single vehicle,0,No,99,Total,9,Total,99,Total,2023,1710
A,Annual,ITC3,Liguria,ROADACC,Road accidents with injuries,9,Total,9,Total,3,Accidents involving a single vehicle,0,No,99,Total,9,Total,99,Total,2024,1791
A,Annual,ITC3,Liguria,ROADACC,Road accidents with injuries,9,Total,9,Total,3,Accidents involving a single vehicle,1,Yes,99,Total,9,Total,99,Total,2010,27
A,Annual,ITC3,Liguria,ROADACC,Road accidents with injuries,9,Total,9,Total,3,Accidents involving a single vehicle,1,Yes,99,Total,9,Total,99,Total,2011,21
A,Annual,ITC3,Liguria,ROADACC,Road accidents with injuries,9,Total,9,Total,3,Accidents involving a single vehicle,1,Yes,99,Total,9,Total,99,Total,2012,33
A,Annual,ITC3,Liguria,ROADACC,Road accidents with injuries,9,Total,9,Total,3,Accidents involving a single vehicle,1,Yes,99,Total,9,Total,99,Total,2013,23
A,Annual,ITC3,Liguria,ROADACC,Road accidents with injuries,9,Total,9,Total,3,Accidents involving a single vehicle,1,Yes,99,Total,9,Total,99,Total,2014,21
A,Annual,ITC3,Liguria,ROADACC,Road accidents with injuries,9,Total,9,Total,3,Accidents involving a single vehicle,1,Yes,99,Total,9,Total,99,Total,2015,32
A,Annual,ITC3,Liguria,ROADACC,Road accidents with injuries,9,Total,9,Total,3,Accidents involving a single vehicle,1,Yes,99,Total,9,Total,99,Total,2016,16
A,Annual,ITC3,Liguria,ROADACC,Road accidents with injuries,9,Total,9,Total,3,Accidents involving a single vehicle,1,Yes,99,Total,9,Total,99,Total,2017,29
A,Annual,ITC3,Liguria,ROADACC,Road accidents with injuries,9,Total,9,Total,3,Accidents involving a single vehicle,1,Yes,99,Total,9,Total,99,Total,2018,23
A,Annual,ITC3,Liguria,ROADACC,Road accidents with injuries,9,Total,9,Total,3,Accidents involving a single vehicle,1,Yes,99,Total,9,Total,99,Total,2019,14
A,Annual,ITC3,Liguria,ROADACC,Road accidents with injuries,9,Total,9,Total,3,Accidents involving a single vehicle,1,Yes,99,Total,9,Total,99,Total,2020,13
A,Annual,ITC3,Liguria,ROADACC,Road accidents with injuries,9,Total,9,Total,3,Accidents involving a single vehicle,1,Yes,99,Total,9,Total,99,Total,2021,15
A,Annual,ITC3,Liguria,ROADACC,Road accidents with injuries,9,Total,9,Total,3,Accidents involving a single vehicle,1,Yes,99,Total,9,Total,99,Total,2022,17
A,Annual,ITC3,Liguria,ROADACC,Road accidents with injuries,9,Total,9,Total,3,Accidents involving a single vehicle,1,Yes,99,Total,9,Total,99,Total,2023,13
A,Annual,ITC3,Liguria,ROADACC,Road accidents with injuries,9,Total,9,Total,3,Accidents involving a single vehicle,1,Yes,99,Total,9,Total,99,Total,2024,21
A,Annual,ITC3,Liguria,ROADACC,Road accidents with injuries,9,Total,9,Total,3,Accidents involving a single vehicle,9,Total,99,Total,9,Total,99,Total,2010,1977
A,Annual,ITC3,Liguria,ROADACC,Road accidents with injuries,9,Total,9,Total,3,Accidents involving a single vehicle,9,Total,99,Total,9,Total,99,Total,2011,1935
A,Annual,ITC3,Liguria,ROADACC,Road accidents with injuries,9,Total,9,Total,3,Accidents involving a single vehicle,9,Total,99,Total,9,Total,99,Total,2012,1798
A,Annual,ITC3,Liguria,ROADACC,Road accidents with injuries,9,Total,9,Total,3,Accidents involving a single vehicle,9,Total,99,Total,9,Total,99,Total,2013,1931
A,Annual,ITC3,Liguria,ROADACC,Road accidents with injuries,9,Total,9,Total,3,Accidents involving a single vehicle,9,Total,99,Total,9,Total,99,Total,2014,1769
A,Annual,ITC3,Liguria,ROADACC,Road accidents with injuries,9,Total,9,Total,3,Accidents involving a single vehicle,9,Total,99,Total,9,Total,99,Total,2015,1949
A,Annual,ITC3,Liguria,ROADACC,Road accidents with injuries,9,Total,9,Total,3,Accidents involving a single vehicle,9,Total,99,Total,9,Total,99,Total,2016,1869
A,Annual,ITC3,Liguria,ROADACC,Road accidents with injuries,9,Total,9,Total,3,Accidents involving a single vehicle,9,Total,99,Total,9,Total,99,Total,2017,1946
A,Annual,ITC3,Liguria,ROADACC,Road accidents with injuries,9,Total,9,Total,3,Accidents involving a single vehicle,9,Total,99,Total,9,Total,99,Total,2018,1950
A,Annual,ITC3,Liguria,ROADACC,Road accidents with injuries,9,Total,9,Total,3,Accidents involving a single vehicle,9,Total,99,Total,9,Total,99,Total,2019,1836
A,Annual,ITC3,Liguria,ROADACC,Road accidents with injuries,9,Total,9,Total,3,Accidents involving a single vehicle,9,Total,99,Total,9,Total,99,Total,2020,1406
A,Annual,ITC3,Liguria,ROADACC,Road accidents with injuries,9,Total,9,Total,3,Accidents involving a single vehicle,9,Total,99,Total,9,Total,99,Total,2021,1761
A,Annual,ITC3,Liguria,ROADACC,Road accidents with injuries,9,Total,9,Total,3,Accidents involving a single vehicle,9,Total,99,Total,9,Total,99,Total,2022,1673
A,Annual,ITC3,Liguria,ROADACC,Road accidents with injuries,9,Total,9,Total,3,Accidents involving a single vehicle,9,Total,99,Total,9,Total,99,Total,2023,1723
A,Annual,ITC3,Liguria,ROADACC,Road accidents with injuries,9,Total,9,Total,3,Accidents involving a single vehicle,9,Total,99,Total,9,Total,99,Total,2024,1812
A,Annual,ITC3,Liguria,ROADACC,Road accidents with injuries,9,Total,9,Total,9,Total,0,No,99,Total,9,Total,99,Total,2010,9620
A,Annual,ITC3,Liguria,ROADACC,Road accidents with injuries,9,Total,9,Total,9,Total,0,No,99,Total,9,Total,99,Total,2011,9218
A,Annual,ITC3,Liguria,ROADACC,Road accidents with injuries,9,Total,9,Total,9,Total,0,No,99,Total,9,Total,99,Total,2012,8684
A,Annual,ITC3,Liguria,ROADACC,Road accidents with injuries,9,Total,9,Total,9,Total,0,No,99,Total,9,Total,99,Total,2013,8697
A,Annual,ITC3,Liguria,ROADACC,Road accidents with injuries,9,Total,9,Total,9,Total,0,No,99,Total,9,Total,99,Total,2014,8331
A,Annual,ITC3,Liguria,ROADACC,Road accidents with injuries,9,Total,9,Total,9,Total,0,No,99,Total,9,Total,99,Total,2015,8332
A,Annual,ITC3,Liguria,ROADACC,Road accidents with injuries,9,Total,9,Total,9,Total,0,No,99,Total,9,Total,99,Total,2016,8224
A,Annual,ITC3,Liguria,ROADACC,Road accidents with injuries,9,Total,9,Total,9,Total,0,No,99,Total,9,Total,99,Total,2017,8597
A,Annual,ITC3,Liguria,ROADACC,Road accidents with injuries,9,Total,9,Total,9,Total,0,No,99,Total,9,Total,99,Total,2018,8206
A,Annual,ITC3,Liguria,ROADACC,Road accidents with injuries,9,Total,9,Total,9,Total,0,No,99,Total,9,Total,99,Total,2019,7986
A,Annual,ITC3,Liguria,ROADACC,Road accidents with injuries,9,Total,9,Total,9,Total,0,No,99,Total,9,Total,99,Total,2020,5674
A,Annual,ITC3,Liguria,ROADACC,Road accidents with injuries,9,Total,9,Total,9,Total,0,No,99,Total,9,Total,99,Total,2021,7104
A,Annual,ITC3,Liguria,ROADACC,Road accidents with injuries,9,Total,9,Total,9,Total,0,No,99,Total,9,Total,99,Total,2022,7808
A,Annual,ITC3,Liguria,ROADACC,Road accidents with injuries,9,Total,9,Total,9,Total,0,No,99,Total,9,Total,99,Total,2023,7480
A,Annual,ITC3,Liguria,ROADACC,Road accidents with injuries,9,Total,9,Total,9,Total,0,No,99,Total,9,Total,99,Total,2024,7899
A,Annual,ITC3,Liguria,ROADACC,Road accidents with injuries,9,Total,9,Total,9,Total,1,Yes,99,Total,9,Total,99,Total,2010,82
A,Annual,ITC3,Liguria,ROADACC,Road accidents with injuries,9,Total,9,Total,9,Total,1,Yes,99,Total,9,Total,99,Total,2011,74
A,Annual,ITC3,Liguria,ROADACC,Road accidents with injuries,9,Total,9,Total,9,Total,1,Yes,99,Total,9,Total,99,Total,2012,85
A,Annual,ITC3,Liguria,ROADACC,Road accidents with injuries,9,Total,9,Total,9,Total,1,Yes,99,Total,9,Total,99,Total,2013,76
A,Annual,ITC3,Liguria,ROADACC,Road accidents with injuries,9,Total,9,Total,9,Total,1,Yes,99,Total,9,Total,99,Total,2014,56
A,Annual,ITC3,Liguria,ROADACC,Road accidents with injuries,9,Total,9,Total,9,Total,1,Yes,99,Total,9,Total,99,Total,2015,83
A,Annual,ITC3,Liguria,ROADACC,Road accidents with injuries,9,Total,9,Total,9,Total,1,Yes,99,Total,9,Total,99,Total,2016,58
A,Annual,ITC3,Liguria,ROADACC,Road accidents with injuries,9,Total,9,Total,9,Total,1,Yes,99,Total,9,Total,99,Total,2017,83
A,Annual,ITC3,Liguria,ROADACC,Road accidents with injuries,9,Total,9,Total,9,Total,1,Yes,99,Total,9,Total,99,Total,2018,80
A,Annual,ITC3,Liguria,ROADACC,Road accidents with injuries,9,Total,9,Total,9,Total,1,Yes,99,Total,9,Total,99,Total,2019,63
A,Annual,ITC3,Liguria,ROADACC,Road accidents with injuries,9,Total,9,Total,9,Total,1,Yes,99,Total,9,Total,99,Total,2020,57
A,Annual,ITC3,Liguria,ROADACC,Road accidents with injuries,9,Total,9,Total,9,Total,1,Yes,99,Total,9,Total,99,Total,2021,62
A,Annual,ITC3,Liguria,ROADACC,Road accidents with injuries,9,Total,9,Total,9,Total,1,Yes,99,Total,9,Total,99,Total,2022,55
A,Annual,ITC3,Liguria,ROADACC,Road accidents with injuries,9,Total,9,Total,9,Total,1,Yes,99,Total,9,Total,99,Total,2023,50
A,Annual,ITC3,Liguria,ROADACC,Road accidents with injuries,9,Total,9,Total,9,Total,1,Yes,99,Total,9,Total,99,Total,2024,61
A,Annual,ITC3,Liguria,ROADACC,Road accidents with injuries,9,Total,9,Total,9,Total,9,Total,99,Total,9,Total,99,Total,2010,9702
A,Annual,ITC3,Liguria,ROADACC,Road accidents with injuries,9,Total,9,Total,9,Total,9,Total,99,Total,9,Total,99,Total,2011,9292
A,Annual,ITC3,Liguria,ROADACC,Road accidents with injuries,9,Total,9,Total,9,Total,9,Total,99,Total,9,Total,99,Total,2012,8769
A,Annual,ITC3,Liguria,ROADACC,Road accidents with injuries,9,Total,9,Total,9,Total,9,Total,99,Total,9,Total,99,Total,2013,8773
A,Annual,ITC3,Liguria,ROADACC,Road accidents with injuries,9,Total,9,Total,9,Total,9,Total,99,Total,9,Total,99,Total,2014,8387
A,Annual,ITC3,Liguria,ROADACC,Road accidents with injuries,9,Total,9,Total,9,Total,9,Total,99,Total,9,Total,99,Total,2015,8415
A,Annual,ITC3,Liguria,ROADACC,Road accidents with injuries,9,Total,9,Total,9,Total,9,Total,99,Total,9,Total,99,Total,2016,8282
A,Annual,ITC3,Liguria,ROADACC,Road accidents with injuries,9,Total,9,Total,9,Total,9,Total,99,Total,9,Total,99,Total,2017,8680
A,Annual,ITC3,Liguria,ROADACC,Road accidents with injuries,9,Total,9,Total,9,Total,9,Total,99,Total,9,Total,99,Total,2018,8286
A,Annual,ITC3,Liguria,ROADACC,Road accidents with injuries,9,Total,9,Total,9,Total,9,Total,99,Total,9,Total,99,Total,2019,8049
A,Annual,ITC3,Liguria,ROADACC,Road accidents with injuries,9,Total,9,Total,9,Total,9,Total,99,Total,9,Total,99,Total,2020,5731
A,Annual,ITC3,Liguria,ROADACC,Road accidents with injuries,9,Total,9,Total,9,Total,9,Total,99,Total,9,Total,99,Total,2021,7166
A,Annual,ITC3,Liguria,ROADACC,Road accidents with injuries,9,Total,9,Total,9,Total,9,Total,99,Total,9,Total,99,Total,2022,7863
A,Annual,ITC3,Liguria,ROADACC,Road accidents with injuries,9,Total,9,Total,9,Total,9,Total,99,Total,9,Total,99,Total,2023,7530
A,Annual,ITC3,Liguria,ROADACC,Road accidents with injuries,9,Total,9,Total,9,Total,9,Total,99,Total,9,Total,99,Total,2024,7960
A,Annual,ITC4,Lombardia,ROADACC,Road accidents with injuries,9,Total,9,Total,1,Accidents between vehicles,0,No,99,Total,9,Total,99,Total,2010,28322
A,Annual,ITC4,Lombardia,ROADACC,Road accidents with injuries,9,Total,9,Total,1,Accidents between vehicles,0,No,99,Total,9,Total,99,Total,2011,27113
A,Annual,ITC4,Lombardia,ROADACC,Road accidents with injuries,9,Total,9,Total,1,Accidents between vehicles,0,No,99,Total,9,Total,99,Total,2012,25628
A,Annual,ITC4,Lombardia,ROADACC,Road accidents with injuries,9,Total,9,Total,1,Accidents between vehicles,0,No,99,Total,9,Total,99,Total,2013,24198
A,Annual,ITC4,Lombardia,ROADACC,Road accidents with injuries,9,Total,9,Total,1,Accidents between vehicles,0,No,99,Total,9,Total,99,Total,2014,23217
A,Annual,ITC4,Lombardia,ROADACC,Road accidents with injuries,9,Total,9,Total,1,Accidents between vehicles,0,No,99,Total,9,Total,99,Total,2015,23460
A,Annual,ITC4,Lombardia,ROADACC,Road accidents with injuries,9,Total,9,Total,1,Accidents between vehicles,0,No,99,Total,9,Total,99,Total,2016,23311
A,Annual,ITC4,Lombardia,ROADACC,Road accidents with injuries,9,Total,9,Total,1,Accidents between vehicles,0,No,99,Total,9,Total,99,Total,2017,23236
A,Annual,ITC4,Lombardia,ROADACC,Road accidents with injuries,9,Total,9,Total,1,Accidents between vehicles,0,No,99,Total,9,Total,99,Total,2018,23115
A,Annual,ITC4,Lombardia,ROADACC,Road accidents with injuries,9,Total,9,Total,1,Accidents between vehicles,0,No,99,Total,9,Total,99,Total,2019,22962
A,Annual,ITC4,Lombardia,ROADACC,Road accidents with injuries,9,Total,9,Total,1,Accidents between vehicles,0,No,99,Total,9,Total,99,Total,2020,13669
A,Annual,ITC4,Lombardia,ROADACC,Road accidents with injuries,9,Total,9,Total,1,Accidents between vehicles,0,No,99,Total,9,Total,99,Total,2021,17867
A,Annual,ITC4,Lombardia,ROADACC,Road accidents with injuries,9,Total,9,Total,1,Accidents between vehicles,0,No,99,Total,9,Total,99,Total,2022,20722
A,Annual,ITC4,Lombardia,ROADACC,Road accidents with injuries,9,Total,9,Total,1,Accidents between vehicles,0,No,99,Total,9,Total,99,Total,2023,20779
A,Annual,ITC4,Lombardia,ROADACC,Road accidents with injuries,9,Total,9,Total,1,Accidents between vehicles,0,No,99,Total,9,Total,99,Total,2024,21171
A,Annual,ITC4,Lombardia,ROADACC,Road accidents with injuries,9,Total,9,Total,1,Accidents between vehicles,1,Yes,99,Total,9,Total,99,Total,2010,291
A,Annual,ITC4,Lombardia,ROADACC,Road accidents with injuries,9,Total,9,Total,1,Accidents between vehicles,1,Yes,99,Total,9,Total,99,Total,2011,307
A,Annual,ITC4,Lombardia,ROADACC,Road accidents with injuries,9,Total,9,Total,1,Accidents between vehicles,1,Yes,99,Total,9,Total,99,Total,2012,319
A,Annual,ITC4,Lombardia,ROADACC,Road accidents with injuries,9,Total,9,Total,1,Accidents between vehicles,1,Yes,99,Total,9,Total,99,Total,2013,223
A,Annual,ITC4,Lombardia,ROADACC,Road accidents with injuries,9,Total,9,Total,1,Accidents between vehicles,1,Yes,99,Total,9,Total,99,Total,2014,235
A,Annual,ITC4,Lombardia,ROADACC,Road accidents with injuries,9,Total,9,Total,1,Accidents between vehicles,1,Yes,99,Total,9,Total,99,Total,2015,243
A,Annual,ITC4,Lombardia,ROADACC,Road accidents with injuries,9,Total,9,Total,1,Accidents between vehicles,1,Yes,99,Total,9,Total,99,Total,2016,224
A,Annual,ITC4,Lombardia,ROADACC,Road accidents with injuries,9,Total,9,Total,1,Accidents between vehicles,1,Yes,99,Total,9,Total,99,Total,2017,223
A,Annual,ITC4,Lombardia,ROADACC,Road accidents with injuries,9,Total,9,Total,1,Accidents between vehicles,1,Yes,99,Total,9,Total,99,Total,2018,243
A,Annual,ITC4,Lombardia,ROADACC,Road accidents with injuries,9,Total,9,Total,1,Accidents between vehicles,1,Yes,99,Total,9,Total,99,Total,2019,229
A,Annual,ITC4,Lombardia,ROADACC,Road accidents with injuries,9,Total,9,Total,1,Accidents between vehicles,1,Yes,99,Total,9,Total,99,Total,2020,155
A,Annual,ITC4,Lombardia,ROADACC,Road accidents with injuries,9,Total,9,Total,1,Accidents between vehicles,1,Yes,99,Total,9,Total,99,Total,2021,182
A,Annual,ITC4,Lombardia,ROADACC,Road accidents with injuries,9,Total,9,Total,1,Accidents between vehicles,1,Yes,99,Total,9,Total,99,Total,2022,207
A,Annual,ITC4,Lombardia,ROADACC,Road accidents with injuries,9,Total,9,Total,1,Accidents between vehicles,1,Yes,99,Total,9,Total,99,Total,2023,224
A,Annual,ITC4,Lombardia,ROADACC,Road accidents with injuries,9,Total,9,Total,1,Accidents between vehicles,1,Yes,99,Total,9,Total,99,Total,2024,214
A,Annual,ITC4,Lombardia,ROADACC,Road accidents with injuries,9,Total,9,Total,1,Accidents between vehicles,9,Total,99,Total,9,Total,99,Total,2010,28613
A,Annual,ITC4,Lombardia,ROADACC,Road accidents with injuries,9,Total,9,Total,1,Accidents between vehicles,9,Total,99,Total,9,Total,99,Total,2011,27420
A,Annual,ITC4,Lombardia,ROADACC,Road accidents with injuries,9,Total,9,Total,1,Accidents between vehicles,9,Total,99,Total,9,Total,99,Total,2012,25947
A,Annual,ITC4,Lombardia,ROADACC,Road accidents with injuries,9,Total,9,Total,1,Accidents between vehicles,9,Total,99,Total,9,Total,99,Total,2013,24421
A,Annual,ITC4,Lombardia,ROADACC,Road accidents with injuries,9,Total,9,Total,1,Accidents between vehicles,9,Total,99,Total,9,Total,99,Total,2014,23452
A,Annual,ITC4,Lombardia,ROADACC,Road accidents with injuries,9,Total,9,Total,1,Accidents between vehicles,9,Total,99,Total,9,Total,99,Total,2015,23703
A,Annual,ITC4,Lombardia,ROADACC,Road accidents with injuries,9,Total,9,Total,1,Accidents between vehicles,9,Total,99,Total,9,Total,99,Total,2016,23535
A,Annual,ITC4,Lombardia,ROADACC,Road accidents with injuries,9,Total,9,Total,1,Accidents between vehicles,9,Total,99,Total,9,Total,99,Total,2017,23459
A,Annual,ITC4,Lombardia,ROADACC,Road accidents with injuries,9,Total,9,Total,1,Accidents between vehicles,9,Total,99,Total,9,Total,99,Total,2018,23358
A,Annual,ITC4,Lombardia,ROADACC,Road accidents with injuries,9,Total,9,Total,1,Accidents between vehicles,9,Total,99,Total,9,Total,99,Total,2019,23191
A,Annual,ITC4,Lombardia,ROADACC,Road accidents with injuries,9,Total,9,Total,1,Accidents between vehicles,9,Total,99,Total,9,Total,99,Total,2020,13824
A,Annual,ITC4,Lombardia,ROADACC,Road accidents with injuries,9,Total,9,Total,1,Accidents between vehicles,9,Total,99,Total,9,Total,99,Total,2021,18049
A,Annual,ITC4,Lombardia,ROADACC,Road accidents with injuries,9,Total,9,Total,1,Accidents between vehicles,9,Total,99,Total,9,Total,99,Total,2022,20929
A,Annual,ITC4,Lombardia,ROADACC,Road accidents with injuries,9,Total,9,Total,1,Accidents between vehicles,9,Total,99,Total,9,Total,99,Total,2023,21003
A,Annual,ITC4,Lombardia,ROADACC,Road accidents with injuries,9,Total,9,Total,1,Accidents between vehicles,9,Total,99,Total,9,Total,99,Total,2024,21385
A,Annual,ITC4,Lombardia,ROADACC,Road accidents with injuries,9,Total,9,Total,2,Vehicle-pedestrian accident,0,No,99,Total,9,Total,99,Total,2010,3739
A,Annual,ITC4,Lombardia,ROADACC,Road accidents with injuries,9,Total,9,Total,2,Vehicle-pedestrian accident,0,No,99,Total,9,Total,99,Total,2011,3579
A,Annual,ITC4,Lombardia,ROADACC,Road accidents with injuries,9,Total,9,Total,2,Vehicle-pedestrian accident,0,No,99,Total,9,Total,99,Total,2012,3653
A,Annual,ITC4,Lombardia,ROADACC,Road accidents with injuries,9,Total,9,Total,2,Vehicle-pedestrian accident,0,No,99,Total,9,Total,99,Total,2013,3583
A,Annual,ITC4,Lombardia,ROADACC,Road accidents with injuries,9,Total,9,Total,2,Vehicle-pedestrian accident,0,No,99,Total,9,Total,99,Total,2014,3924
A,Annual,ITC4,Lombardia,ROADACC,Road accidents with injuries,9,Total,9,Total,2,Vehicle-pedestrian accident,0,No,99,Total,9,Total,99,Total,2015,3475
A,Annual,ITC4,Lombardia,ROADACC,Road accidents with injuries,9,Total,9,Total,2,Vehicle-pedestrian accident,0,No,99,Total,9,Total,99,Total,2016,3754
A,Annual,ITC4,Lombardia,ROADACC,Road accidents with injuries,9,Total,9,Total,2,Vehicle-pedestrian accident,0,No,99,Total,9,Total,99,Total,2017,3699
A,Annual,ITC4,Lombardia,ROADACC,Road accidents with injuries,9,Total,9,Total,2,Vehicle-pedestrian accident,0,No,99,Total,9,Total,99,Total,2018,3644
A,Annual,ITC4,Lombardia,ROADACC,Road accidents with injuries,9,Total,9,Total,2,Vehicle-pedestrian accident,0,No,99,Total,9,Total,99,Total,2019,3797
A,Annual,ITC4,Lombardia,ROADACC,Road accidents with injuries,9,Total,9,Total,2,Vehicle-pedestrian accident,0,No,99,Total,9,Total,99,Total,2020,1953
A,Annual,ITC4,Lombardia,ROADACC,Road accidents with injuries,9,Total,9,Total,2,Vehicle-pedestrian accident,0,No,99,Total,9,Total,99,Total,2021,2496
A,Annual,ITC4,Lombardia,ROADACC,Road accidents with injuries,9,Total,9,Total,2,Vehicle-pedestrian accident,0,No,99,Total,9,Total,99,Total,2022,3001
A,Annual,ITC4,Lombardia,ROADACC,Road accidents with injuries,9,Total,9,Total,2,Vehicle-pedestrian accident,0,No,99,Total,9,Total,99,Total,2023,3381
A,Annual,ITC4,Lombardia,ROADACC,Road accidents with injuries,9,Total,9,Total,2,Vehicle-pedestrian accident,0,No,99,Total,9,Total,99,Total,2024,3386
A,Annual,ITC4,Lombardia,ROADACC,Road accidents with injuries,9,Total,9,Total,2,Vehicle-pedestrian accident,1,Yes,99,Total,9,Total,99,Total,2010,91
A,Annual,ITC4,Lombardia,ROADACC,Road accidents with injuries,9,Total,9,Total,2,Vehicle-pedestrian accident,1,Yes,99,Total,9,Total,99,Total,2011,70
A,Annual,ITC4,Lombardia,ROADACC,Road accidents with injuries,9,Total,9,Total,2,Vehicle-pedestrian accident,1,Yes,99,Total,9,Total,99,Total,2012,68
A,Annual,ITC4,Lombardia,ROADACC,Road accidents with injuries,9,Total,9,Total,2,Vehicle-pedestrian accident,1,Yes,99,Total,9,Total,99,Total,2013,65
A,Annual,ITC4,Lombardia,ROADACC,Road accidents with injuries,9,Total,9,Total,2,Vehicle-pedestrian accident,1,Yes,99,Total,9,Total,99,Total,2014,85
A,Annual,ITC4,Lombardia,ROADACC,Road accidents with injuries,9,Total,9,Total,2,Vehicle-pedestrian accident,1,Yes,99,Total,9,Total,99,Total,2015,73
A,Annual,ITC4,Lombardia,ROADACC,Road accidents with injuries,9,Total,9,Total,2,Vehicle-pedestrian accident,1,Yes,99,Total,9,Total,99,Total,2016,85
A,Annual,ITC4,Lombardia,ROADACC,Road accidents with injuries,9,Total,9,Total,2,Vehicle-pedestrian accident,1,Yes,99,Total,9,Total,99,Total,2017,85
A,Annual,ITC4,Lombardia,ROADACC,Road accidents with injuries,9,Total,9,Total,2,Vehicle-pedestrian accident,1,Yes,99,Total,9,Total,99,Total,2018,90
A,Annual,ITC4,Lombardia,ROADACC,Road accidents with injuries,9,Total,9,Total,2,Vehicle-pedestrian accident,1,Yes,99,Total,9,Total,99,Total,2019,89
A,Annual,ITC4,Lombardia,ROADACC,Road accidents with injuries,9,Total,9,Total,2,Vehicle-pedestrian accident,1,Yes,99,Total,9,Total,99,Total,2020,45
A,Annual,ITC4,Lombardia,ROADACC,Road accidents with injuries,9,Total,9,Total,2,Vehicle-pedestrian accident,1,Yes,99,Total,9,Total,99,Total,2021,55
A,Annual,ITC4,Lombardia,ROADACC,Road accidents with injuries,9,Total,9,Total,2,Vehicle-pedestrian accident,1,Yes,99,Total,9,Total,99,Total,2022,62
A,Annual,ITC4,Lombardia,ROADACC,Road accidents with injuries,9,Total,9,Total,2,Vehicle-pedestrian accident,1,Yes,99,Total,9,Total,99,Total,2023,51
A,Annual,ITC4,Lombardia,ROADACC,Road accidents with injuries,9,Total,9,Total,2,Vehicle-pedestrian accident,1,Yes,99,Total,9,Total,99,Total,2024,73
A,Annual,ITC4,Lombardia,ROADACC,Road accidents with injuries,9,Total,9,Total,2,Vehicle-pedestrian accident,9,Total,99,Total,9,Total,99,Total,2010,3830
A,Annual,ITC4,Lombardia,ROADACC,Road accidents with injuries,9,Total,9,Total,2,Vehicle-pedestrian accident,9,Total,99,Total,9,Total,99,Total,2011,3649
A,Annual,ITC4,Lombardia,ROADACC,Road accidents with injuries,9,Total,9,Total,2,Vehicle-pedestrian accident,9,Total,99,Total,9,Total,99,Total,2012,3721
A,Annual,ITC4,Lombardia,ROADACC,Road accidents with injuries,9,Total,9,Total,2,Vehicle-pedestrian accident,9,Total,99,Total,9,Total,99,Total,2013,3648
A,Annual,ITC4,Lombardia,ROADACC,Road accidents with injuries,9,Total,9,Total,2,Vehicle-pedestrian accident,9,Total,99,Total,9,Total,99,Total,2014,4009
A,Annual,ITC4,Lombardia,ROADACC,Road accidents with injuries,9,Total,9,Total,2,Vehicle-pedestrian accident,9,Total,99,Total,9,Total,99,Total,2015,3548
A,Annual,ITC4,Lombardia,ROADACC,Road accidents with injuries,9,Total,9,Total,2,Vehicle-pedestrian accident,9,Total,99,Total,9,Total,99,Total,2016,3839
A,Annual,ITC4,Lombardia,ROADACC,Road accidents with injuries,9,Total,9,Total,2,Vehicle-pedestrian accident,9,Total,99,Total,9,Total,99,Total,2017,3784
A,Annual,ITC4,Lombardia,ROADACC,Road accidents with injuries,9,Total,9,Total,2,Vehicle-pedestrian accident,9,Total,99,Total,9,Total,99,Total,2018,3734
A,Annual,ITC4,Lombardia,ROADACC,Road accidents with injuries,9,Total,9,Total,2,Vehicle-pedestrian accident,9,Total,99,Total,9,Total,99,Total,2019,3886
A,Annual,ITC4,Lombardia,ROADACC,Road accidents with injuries,9,Total,9,Total,2,Vehicle-pedestrian accident,9,Total,99,Total,9,Total,99,Total,2020,1998
A,Annual,ITC4,Lombardia,ROADACC,Road accidents with injuries,9,Total,9,Total,2,Vehicle-pedestrian accident,9,Total,99,Total,9,Total,99,Total,2021,2551
A,Annual,ITC4,Lombardia,ROADACC,Road accidents with injuries,9,Total,9,Total,2,Vehicle-pedestrian accident,9,Total,99,Total,9,Total,99,Total,2022,3063
A,Annual,ITC4,Lombardia,ROADACC,Road accidents with injuries,9,Total,9,Total,2,Vehicle-pedestrian accident,9,Total,99,Total,9,Total,99,Total,2023,3432
A,Annual,ITC4,Lombardia,ROADACC,Road accidents with injuries,9,Total,9,Total,2,Vehicle-pedestrian accident,9,Total,99,Total,9,Total,99,Total,2024,3459
A,Annual,ITC4,Lombardia,ROADACC,Road accidents with injuries,9,Total,9,Total,3,Accidents involving a single vehicle,0,No,99,Total,9,Total,99,Total,2010,6721
A,Annual,ITC4,Lombardia,ROADACC,Road accidents with injuries,9,Total,9,Total,3,Accidents involving a single vehicle,0,No,99,Total,9,Total,99,Total,2011,5939
A,Annual,ITC4,Lombardia,ROADACC,Road accidents with injuries,9,Total,9,Total,3,Accidents involving a single vehicle,0,No,99,Total,9,Total,99,Total,2012,5807
A,Annual,ITC4,Lombardia,ROADACC,Road accidents with injuries,9,Total,9,Total,3,Accidents involving a single vehicle,0,No,99,Total,9,Total,99,Total,2013,5797
A,Annual,ITC4,Lombardia,ROADACC,Road accidents with injuries,9,Total,9,Total,3,Accidents involving a single vehicle,0,No,99,Total,9,Total,99,Total,2014,5607
A,Annual,ITC4,Lombardia,ROADACC,Road accidents with injuries,9,Total,9,Total,3,Accidents involving a single vehicle,0,No,99,Total,9,Total,99,Total,2015,5386
A,Annual,ITC4,Lombardia,ROADACC,Road accidents with injuries,9,Total,9,Total,3,Accidents involving a single vehicle,0,No,99,Total,9,Total,99,Total,2016,5313
A,Annual,ITC4,Lombardia,ROADACC,Road accidents with injuries,9,Total,9,Total,3,Accidents involving a single vehicle,0,No,99,Total,9,Total,99,Total,2017,5213
A,Annual,ITC4,Lombardia,ROADACC,Road accidents with injuries,9,Total,9,Total,3,Accidents involving a single vehicle,0,No,99,Total,9,Total,99,Total,2018,5343
A,Annual,ITC4,Lombardia,ROADACC,Road accidents with injuries,9,Total,9,Total,3,Accidents involving a single vehicle,0,No,99,Total,9,Total,99,Total,2019,5382
A,Annual,ITC4,Lombardia,ROADACC,Road accidents with injuries,9,Total,9,Total,3,Accidents involving a single vehicle,0,No,99,Total,9,Total,99,Total,2020,4041
A,Annual,ITC4,Lombardia,ROADACC,Road accidents with injuries,9,Total,9,Total,3,Accidents involving a single vehicle,0,No,99,Total,9,Total,99,Total,2021,5125
A,Annual,ITC4,Lombardia,ROADACC,Road accidents with injuries,9,Total,9,Total,3,Accidents involving a single vehicle,0,No,99,Total,9,Total,99,Total,2022,4686
A,Annual,ITC4,Lombardia,ROADACC,Road accidents with injuries,9,Total,9,Total,3,Accidents involving a single vehicle,0,No,99,Total,9,Total,99,Total,2023,4666
A,Annual,ITC4,Lombardia,ROADACC,Road accidents with injuries,9,Total,9,Total,3,Accidents involving a single vehicle,0,No,99,Total,9,Total,99,Total,2024,5141
A,Annual,ITC4,Lombardia,ROADACC,Road accidents with injuries,9,Total,9,Total,3,Accidents involving a single vehicle,1,Yes,99,Total,9,Total,99,Total,2010,158
A,Annual,ITC4,Lombardia,ROADACC,Road accidents with injuries,9,Total,9,Total,3,Accidents involving a single vehicle,1,Yes,99,Total,9,Total,99,Total,2011,122
A,Annual,ITC4,Lombardia,ROADACC,Road accidents with injuries,9,Total,9,Total,3,Accidents involving a single vehicle,1,Yes,99,Total,9,Total,99,Total,2012,137
A,Annual,ITC4,Lombardia,ROADACC,Road accidents with injuries,9,Total,9,Total,3,Accidents involving a single vehicle,1,Yes,99,Total,9,Total,99,Total,2013,131
A,Annual,ITC4,Lombardia,ROADACC,Road accidents with injuries,9,Total,9,Total,3,Accidents involving a single vehicle,1,Yes,99,Total,9,Total,99,Total,2014,108
A,Annual,ITC4,Lombardia,ROADACC,Road accidents with injuries,9,Total,9,Total,3,Accidents involving a single vehicle,1,Yes,99,Total,9,Total,99,Total,2015,137
A,Annual,ITC4,Lombardia,ROADACC,Road accidents with injuries,9,Total,9,Total,3,Accidents involving a single vehicle,1,Yes,99,Total,9,Total,99,Total,2016,98
A,Annual,ITC4,Lombardia,ROADACC,Road accidents with injuries,9,Total,9,Total,3,Accidents involving a single vehicle,1,Yes,99,Total,9,Total,99,Total,2017,96
A,Annual,ITC4,Lombardia,ROADACC,Road accidents with injuries,9,Total,9,Total,3,Accidents involving a single vehicle,1,Yes,99,Total,9,Total,99,Total,2018,118
A,Annual,ITC4,Lombardia,ROADACC,Road accidents with injuries,9,Total,9,Total,3,Accidents involving a single vehicle,1,Yes,99,Total,9,Total,99,Total,2019,101
A,Annual,ITC4,Lombardia,ROADACC,Road accidents with injuries,9,Total,9,Total,3,Accidents involving a single vehicle,1,Yes,99,Total,9,Total,99,Total,2020,101
A,Annual,ITC4,Lombardia,ROADACC,Road accidents with injuries,9,Total,9,Total,3,Accidents involving a single vehicle,1,Yes,99,Total,9,Total,99,Total,2021,113
A,Annual,ITC4,Lombardia,ROADACC,Road accidents with injuries,9,Total,9,Total,3,Accidents involving a single vehicle,1,Yes,99,Total,9,Total,99,Total,2022,108
A,Annual,ITC4,Lombardia,ROADACC,Road accidents with injuries,9,Total,9,Total,3,Accidents involving a single vehicle,1,Yes,99,Total,9,Total,99,Total,2023,89
A,Annual,ITC4,Lombardia,ROADACC,Road accidents with injuries,9,Total,9,Total,3,Accidents involving a single vehicle,1,Yes,99,Total,9,Total,99,Total,2024,83
A,Annual,ITC4,Lombardia,ROADACC,Road accidents with injuries,9,Total,9,Total,3,Accidents involving a single vehicle,9,Total,99,Total,9,Total,99,Total,2010,6879
A,Annual,ITC4,Lombardia,ROADACC,Road accidents with injuries,9,Total,9,Total,3,Accidents involving a single vehicle,9,Total,99,Total,9,Total,99,Total,2011,6061
A,Annual,ITC4,Lombardia,ROADACC,Road accidents with injuries,9,Total,9,Total,3,Accidents involving a single vehicle,9,Total,99,Total,9,Total,99,Total,2012,5944
A,Annual,ITC4,Lombardia,ROADACC,Road accidents with injuries,9,Total,9,Total,3,Accidents involving a single vehicle,9,Total,99,Total,9,Total,99,Total,2013,5928
A,Annual,ITC4,Lombardia,ROADACC,Road accidents with injuries,9,Total,9,Total,3,Accidents involving a single vehicle,9,Total,99,Total,9,Total,99,Total,2014,5715
A,Annual,ITC4,Lombardia,ROADACC,Road accidents with injuries,9,Total,9,Total,3,Accidents involving a single vehicle,9,Total,99,Total,9,Total,99,Total,2015,5523
A,Annual,ITC4,Lombardia,ROADACC,Road accidents with injuries,9,Total,9,Total,3,Accidents involving a single vehicle,9,Total,99,Total,9,Total,99,Total,2016,5411
A,Annual,ITC4,Lombardia,ROADACC,Road accidents with injuries,9,Total,9,Total,3,Accidents involving a single vehicle,9,Total,99,Total,9,Total,99,Total,2017,5309
A,Annual,ITC4,Lombardia,ROADACC,Road accidents with injuries,9,Total,9,Total,3,Accidents involving a single vehicle,9,Total,99,Total,9,Total,99,Total,2018,5461
A,Annual,ITC4,Lombardia,ROADACC,Road accidents with injuries,9,Total,9,Total,3,Accidents involving a single vehicle,9,Total,99,Total,9,Total,99,Total,2019,5483
A,Annual,ITC4,Lombardia,ROADACC,Road accidents with injuries,9,Total,9,Total,3,Accidents involving a single vehicle,9,Total,99,Total,9,Total,99,Total,2020,4142
A,Annual,ITC4,Lombardia,ROADACC,Road accidents with injuries,9,Total,9,Total,3,Accidents involving a single vehicle,9,Total,99,Total,9,Total,99,Total,2021,5238
A,Annual,ITC4,Lombardia,ROADACC,Road accidents with injuries,9,Total,9,Total,3,Accidents involving a single vehicle,9,Total,99,Total,9,Total,99,Total,2022,4794
A,Annual,ITC4,Lombardia,ROADACC,Road accidents with injuries,9,Total,9,Total,3,Accidents involving a single vehicle,9,Total,99,Total,9,Total,99,Total,2023,4755
A,Annual,ITC4,Lombardia,ROADACC,Road accidents with injuries,9,Total,9,Total,3,Accidents involving a single vehicle,9,Total,99,Total,9,Total,99,Total,2024,5224
A,Annual,ITC4,Lombardia,ROADACC,Road accidents with injuries,9,Total,9,Total,9,Total,0,No,99,Total,9,Total,99,Total,2010,38782
A,Annual,ITC4,Lombardia,ROADACC,Road accidents with injuries,9,Total,9,Total,9,Total,0,No,99,Total,9,Total,99,Total,2011,36631
A,Annual,ITC4,Lombardia,ROADACC,Road accidents with injuries,9,Total,9,Total,9,Total,0,No,99,Total,9,Total,99,Total,2012,35088
A,Annual,ITC4,Lombardia,ROADACC,Road accidents with injuries,9,Total,9,Total,9,Total,0,No,99,Total,9,Total,99,Total,2013,33578
A,Annual,ITC4,Lombardia,ROADACC,Road accidents with injuries,9,Total,9,Total,9,Total,0,No,99,Total,9,Total,99,Total,2014,32748
A,Annual,ITC4,Lombardia,ROADACC,Road accidents with injuries,9,Total,9,Total,9,Total,0,No,99,Total,9,Total,99,Total,2015,32321
A,Annual,ITC4,Lombardia,ROADACC,Road accidents with injuries,9,Total,9,Total,9,Total,0,No,99,Total,9,Total,99,Total,2016,32378
A,Annual,ITC4,Lombardia,ROADACC,Road accidents with injuries,9,Total,9,Total,9,Total,0,No,99,Total,9,Total,99,Total,2017,32148
A,Annual,ITC4,Lombardia,ROADACC,Road accidents with injuries,9,Total,9,Total,9,Total,0,No,99,Total,9,Total,99,Total,2018,32102
A,Annual,ITC4,Lombardia,ROADACC,Road accidents with injuries,9,Total,9,Total,9,Total,0,No,99,Total,9,Total,99,Total,2019,32141
A,Annual,ITC4,Lombardia,ROADACC,Road accidents with injuries,9,Total,9,Total,9,Total,0,No,99,Total,9,Total,99,Total,2020,19663
A,Annual,ITC4,Lombardia,ROADACC,Road accidents with injuries,9,Total,9,Total,9,Total,0,No,99,Total,9,Total,99,Total,2021,25488
A,Annual,ITC4,Lombardia,ROADACC,Road accidents with injuries,9,Total,9,Total,9,Total,0,No,99,Total,9,Total,99,Total,2022,28409
A,Annual,ITC4,Lombardia,ROADACC,Road accidents with injuries,9,Total,9,Total,9,Total,0,No,99,Total,9,Total,99,Total,2023,28826
A,Annual,ITC4,Lombardia,ROADACC,Road accidents with injuries,9,Total,9,Total,9,Total,0,No,99,Total,9,Total,99,Total,2024,29698
A,Annual,ITC4,Lombardia,ROADACC,Road accidents with injuries,9,Total,9,Total,9,Total,1,Yes,99,Total,9,Total,99,Total,2010,540
A,Annual,ITC4,Lombardia,ROADACC,Road accidents with injuries,9,Total,9,Total,9,Total,1,Yes,99,Total,9,Total,99,Total,2011,499
A,Annual,ITC4,Lombardia,ROADACC,Road accidents with injuries,9,Total,9,Total,9,Total,1,Yes,99,Total,9,Total,99,Total,2012,524
A,Annual,ITC4,Lombardia,ROADACC,Road accidents with injuries,9,Total,9,Total,9,Total,1,Yes,99,Total,9,Total,99,Total,2013,419
A,Annual,ITC4,Lombardia,ROADACC,Road accidents with injuries,9,Total,9,Total,9,Total,1,Yes,99,Total,9,Total,99,Total,2014,428
A,Annual,ITC4,Lombardia,ROADACC,Road accidents with injuries,9,Total,9,Total,9,Total,1,Yes,99,Total,9,Total,99,Total,2015,453
A,Annual,ITC4,Lombardia,ROADACC,Road accidents with injuries,9,Total,9,Total,9,Total,1,Yes,99,Total,9,Total,99,Total,2016,407
A,Annual,ITC4,Lombardia,ROADACC,Road accidents with injuries,9,Total,9,Total,9,Total,1,Yes,99,Total,9,Total,99,Total,2017,404
A,Annual,ITC4,Lombardia,ROADACC,Road accidents with injuries,9,Total,9,Total,9,Total,1,Yes,99,Total,9,Total,99,Total,2018,451
A,Annual,ITC4,Lombardia,ROADACC,Road accidents with injuries,9,Total,9,Total,9,Total,1,Yes,99,Total,9,Total,99,Total,2019,419
A,Annual,ITC4,Lombardia,ROADACC,Road accidents with injuries,9,Total,9,Total,9,Total,1,Yes,99,Total,9,Total,99,Total,2020,301
A,Annual,ITC4,Lombardia,ROADACC,Road accidents with injuries,9,Total,9,Total,9,Total,1,Yes,99,Total,9,Total,99,Total,2021,350
A,Annual,ITC4,Lombardia,ROADACC,Road accidents with injuries,9,Total,9,Total,9,Total,1,Yes,99,Total,9,Total,99,Total,2022,377
A,Annual,ITC4,Lombardia,ROADACC,Road accidents with injuries,9,Total,9,Total,9,Total,1,Yes,99,Total,9,Total,99,Total,2023,364
A,Annual,ITC4,Lombardia,ROADACC,Road accidents with injuries,9,Total,9,Total,9,Total,1,Yes,99,Total,9,Total,99,Total,2024,370
A,Annual,ITC4,Lombardia,ROADACC,Road accidents with injuries,9,Total,9,Total,9,Total,9,Total,99,Total,9,Total,99,Total,2010,39322
A,Annual,ITC4,Lombardia,ROADACC,Road accidents with injuries,9,Total,9,Total,9,Total,9,Total,99,Total,9,Total,99,Total,2011,37130
A,Annual,ITC4,Lombardia,ROADACC,Road accidents with injuries,9,Total,9,Total,9,Total,9,Total,99,Total,9,Total,99,Total,2012,35612
A,Annual,ITC4,Lombardia,ROADACC,Road accidents with injuries,9,Total,9,Total,9,Total,9,Total,99,Total,9,Total,99,Total,2013,33997
A,Annual,ITC4,Lombardia,ROADACC,Road accidents with injuries,9,Total,9,Total,9,Total,9,Total,99,Total,9,Total,99,Total,2014,33176
A,Annual,ITC4,Lombardia,ROADACC,Road accidents with injuries,9,Total,9,Total,9,Total,9,Total,99,Total,9,Total,99,Total,2015,32774
A,Annual,ITC4,Lombardia,ROADACC,Road accidents with injuries,9,Total,9,Total,9,Total,9,Total,99,Total,9,Total,99,Total,2016,32785
A,Annual,ITC4,Lombardia,ROADACC,Road accidents with injuries,9,Total,9,Total,9,Total,9,Total,99,Total,9,Total,99,Total,2017,32552
A,Annual,ITC4,Lombardia,ROADACC,Road accidents with injuries,9,Total,9,Total,9,Total,9,Total,99,Total,9,Total,99,Total,2018,32553
A,Annual,ITC4,Lombardia,ROADACC,Road accidents with injuries,9,Total,9,Total,9,Total,9,Total,99,Total,9,Total,99,Total,2019,32560
A,Annual,ITC4,Lombardia,ROADACC,Road accidents with injuries,9,Total,9,Total,9,Total,9,Total,99,Total,9,Total,99,Total,2020,19964
A,Annual,ITC4,Lombardia,ROADACC,Road accidents with injuries,9,Total,9,Total,9,Total,9,Total,99,Total,9,Total,99,Total,2021,25838
A,Annual,ITC4,Lombardia,ROADACC,Road accidents with injuries,9,Total,9,Total,9,Total,9,Total,99,Total,9,Total,99,Total,2022,28786
A,Annual,ITC4,Lombardia,ROADACC,Road accidents with injuries,9,Total,9,Total,9,Total,9,Total,99,Total,9,Total,99,Total,2023,29190
A,Annual,ITC4,Lombardia,ROADACC,Road accidents with injuries,9,Total,9,Total,9,Total,9,Total,99,Total,9,Total,99,Total,2024,30068
A,Annual,ITDA,Trentino Alto Adige / Südtirol,ROADACC,Road accidents with injuries,9,Total,9,Total,1,Accidents between vehicles,0,No,99,Total,9,Total,99,Total,2010,1877
A,Annual,ITDA,Trentino Alto Adige / Südtirol,ROADACC,Road accidents with injuries,9,Total,9,Total,1,Accidents between vehicles,0,No,99,Total,9,Total,99,Total,2011,2124
A,Annual,ITDA,Trentino Alto Adige / Südtirol,ROADACC,Road accidents with injuries,9,Total,9,Total,1,Accidents between vehicles,0,No,99,Total,9,Total,99,Total,2012,2222
A,Annual,ITDA,Trentino Alto Adige / Südtirol,ROADACC,Road accidents with injuries,9,Total,9,Total,1,Accidents between vehicles,0,No,99,Total,9,Total,99,Total,2013,2111
A,Annual,ITDA,Trentino Alto Adige / Südtirol,ROADACC,Road accidents with injuries,9,Total,9,Total,1,Accidents between vehicles,0,No,99,Total,9,Total,99,Total,2014,1993
A,Annual,ITDA,Trentino Alto Adige / Südtirol,ROADACC,Road accidents with injuries,9,Total,9,Total,1,Accidents between vehicles,0,No,99,Total,9,Total,99,Total,2015,2042
A,Annual,ITDA,Trentino Alto Adige / Südtirol,ROADACC,Road accidents with injuries,9,Total,9,Total,1,Accidents between vehicles,0,No,99,Total,9,Total,99,Total,2016,2123
A,Annual,ITDA,Trentino Alto Adige / Südtirol,ROADACC,Road accidents with injuries,9,Total,9,Total,1,Accidents between vehicles,0,No,99,Total,9,Total,99,Total,2017,1971
A,Annual,ITDA,Trentino Alto Adige / Südtirol,ROADACC,Road accidents with injuries,9,Total,9,Total,1,Accidents between vehicles,0,No,99,Total,9,Total,99,Total,2018,2093
A,Annual,ITDA,Trentino Alto Adige / Südtirol,ROADACC,Road accidents with injuries,9,Total,9,Total,1,Accidents between vehicles,0,No,99,Total,9,Total,99,Total,2019,2061
A,Annual,ITDA,Trentino Alto Adige / Südtirol,ROADACC,Road accidents with injuries,9,Total,9,Total,1,Accidents between vehicles,0,No,99,Total,9,Total,99,Total,2020,1358
A,Annual,ITDA,Trentino Alto Adige / Südtirol,ROADACC,Road accidents with injuries,9,Total,9,Total,1,Accidents between vehicles,0,No,99,Total,9,Total,99,Total,2021,1752
A,Annual,ITDA,Trentino Alto Adige / Südtirol,ROADACC,Road accidents with injuries,9,Total,9,Total,1,Accidents between vehicles,0,No,99,Total,9,Total,99,Total,2022,2154
A,Annual,ITDA,Trentino Alto Adige / Südtirol,ROADACC,Road accidents with injuries,9,Total,9,Total,1,Accidents between vehicles,0,No,99,Total,9,Total,99,Total,2023,2030
A,Annual,ITDA,Trentino Alto Adige / Südtirol,ROADACC,Road accidents with injuries,9,Total,9,Total,1,Accidents between vehicles,0,No,99,Total,9,Total,99,Total,2024,2033
A,Annual,ITDA,Trentino Alto Adige / Südtirol,ROADACC,Road accidents with injuries,9,Total,9,Total,1,Accidents between vehicles,1,Yes,99,Total,9,Total,99,Total,2010,32
A,Annual,ITDA,Trentino Alto Adige / Südtirol,ROADACC,Road accidents with injuries,9,Total,9,Total,1,Accidents between vehicles,1,Yes,99,Total,9,Total,99,Total,2011,28
A,Annual,ITDA,Trentino Alto Adige / Südtirol,ROADACC,Road accidents with injuries,9,Total,9,Total,1,Accidents between vehicles,1,Yes,99,Total,9,Total,99,Total,2012,32
A,Annual,ITDA,Trentino Alto Adige / Südtirol,ROADACC,Road accidents with injuries,9,Total,9,Total,1,Accidents between vehicles,1,Yes,99,Total,9,Total,99,Total,2013,29
A,Annual,ITDA,Trentino Alto Adige / Südtirol,ROADACC,Road accidents with injuries,9,Total,9,Total,1,Accidents between vehicles,1,Yes,99,Total,9,Total,99,Total,2014,33
A,Annual,ITDA,Trentino Alto Adige / Südtirol,ROADACC,Road accidents with injuries,9,Total,9,Total,1,Accidents between vehicles,1,Yes,99,Total,9,Total,99,Total,2015,36
A,Annual,ITDA,Trentino Alto Adige / Südtirol,ROADACC,Road accidents with injuries,9,Total,9,Total,1,Accidents between vehicles,1,Yes,99,Total,9,Total,99,Total,2016,38
A,Annual,ITDA,Trentino Alto Adige / Südtirol,ROADACC,Road accidents with injuries,9,Total,9,Total,1,Accidents between vehicles,1,Yes,99,Total,9,Total,99,Total,2017,34
A,Annual,ITDA,Trentino Alto Adige / Südtirol,ROADACC,Road accidents with injuries,9,Total,9,Total,1,Accidents between vehicles,1,Yes,99,Total,9,Total,99,Total,2018,37
A,Annual,ITDA,Trentino Alto Adige / Südtirol,ROADACC,Road accidents with injuries,9,Total,9,Total,1,Accidents between vehicles,1,Yes,99,Total,9,Total,99,Total,2019,38
A,Annual,ITDA,Trentino Alto Adige / Südtirol,ROADACC,Road accidents with injuries,9,Total,9,Total,1,Accidents between vehicles,1,Yes,99,Total,9,Total,99,Total,2020,28
A,Annual,ITDA,Trentino Alto Adige / Südtirol,ROADACC,Road accidents with injuries,9,Total,9,Total,1,Accidents between vehicles,1,Yes,99,Total,9,Total,99,Total,2021,28
A,Annual,ITDA,Trentino Alto Adige / Südtirol,ROADACC,Road accidents with injuries,9,Total,9,Total,1,Accidents between vehicles,1,Yes,99,Total,9,Total,99,Total,2022,34
A,Annual,ITDA,Trentino Alto Adige / Südtirol,ROADACC,Road accidents with injuries,9,Total,9,Total,1,Accidents between vehicles,1,Yes,99,Total,9,Total,99,Total,2023,34
A,Annual,ITDA,Trentino Alto Adige / Südtirol,ROADACC,Road accidents with injuries,9,Total,9,Total,1,Accidents between vehicles,1,Yes,99,Total,9,Total,99,Total,2024,32
A,Annual,ITDA,Trentino Alto Adige / Südtirol,ROADACC,Road accidents with injuries,9,Total,9,Total,1,Accidents between vehicles,9,Total,99,Total,9,Total,99,Total,2010,1909
A,Annual,ITDA,Trentino Alto Adige / Südtirol,ROADACC,Road accidents with injuries,9,Total,9,Total,1,Accidents between vehicles,9,Total,99,Total,9,Total,99,Total,2011,2152
A,Annual,ITDA,Trentino Alto Adige / Südtirol,ROADACC,Road accidents with injuries,9,Total,9,Total,1,Accidents between vehicles,9,Total,99,Total,9,Total,99,Total,2012,2254
A,Annual,ITDA,Trentino Alto Adige / Südtirol,ROADACC,Road accidents with injuries,9,Total,9,Total,1,Accidents between vehicles,9,Total,99,Total,9,Total,99,Total,2013,2140
A,Annual,ITDA,Trentino Alto Adige / Südtirol,ROADACC,Road accidents with injuries,9,Total,9,Total,1,Accidents between vehicles,9,Total,99,Total,9,Total,99,Total,2014,2026
A,Annual,ITDA,Trentino Alto Adige / Südtirol,ROADACC,Road accidents with injuries,9,Total,9,Total,1,Accidents between vehicles,9,Total,99,Total,9,Total,99,Total,2015,2078
A,Annual,ITDA,Trentino Alto Adige / Südtirol,ROADACC,Road accidents with injuries,9,Total,9,Total,1,Accidents between vehicles,9,Total,99,Total,9,Total,99,Total,2016,2161
A,Annual,ITDA,Trentino Alto Adige / Südtirol,ROADACC,Road accidents with injuries,9,Total,9,Total,1,Accidents between vehicles,9,Total,99,Total,9,Total,99,Total,2017,2005
A,Annual,ITDA,Trentino Alto Adige / Südtirol,ROADACC,Road accidents with injuries,9,Total,9,Total,1,Accidents between vehicles,9,Total,99,Total,9,Total,99,Total,2018,2130
A,Annual,ITDA,Trentino Alto Adige / Südtirol,ROADACC,Road accidents with injuries,9,Total,9,Total,1,Accidents between vehicles,9,Total,99,Total,9,Total,99,Total,2019,2099
A,Annual,ITDA,Trentino Alto Adige / Südtirol,ROADACC,Road accidents with injuries,9,Total,9,Total,1,Accidents between vehicles,9,Total,99,Total,9,Total,99,Total,2020,1386
A,Annual,ITDA,Trentino Alto Adige / Südtirol,ROADACC,Road accidents with injuries,9,Total,9,Total,1,Accidents between vehicles,9,Total,99,Total,9,Total,99,Total,2021,1780
A,Annual,ITDA,Trentino Alto Adige / Südtirol,ROADACC,Road accidents with injuries,9,Total,9,Total,1,Accidents between vehicles,9,Total,99,Total,9,Total,99,Total,2022,2188
A,Annual,ITDA,Trentino Alto Adige / Südtirol,ROADACC,Road accidents with injuries,9,Total,9,Total,1,Accidents between vehicles,9,Total,99,Total,9,Total,99,Total,2023,2064
A,Annual,ITDA,Trentino Alto Adige / Südtirol,ROADACC,Road accidents with injuries,9,Total,9,Total,1,Accidents between vehicles,9,Total,99,Total,9,Total,99,Total,2024,2065
A,Annual,ITDA,Trentino Alto Adige / Südtirol,ROADACC,Road accidents with injuries,9,Total,9,Total,2,Vehicle-pedestrian accident,0,No,99,Total,9,Total,99,Total,2010,243
A,Annual,ITDA,Trentino Alto Adige / Südtirol,ROADACC,Road accidents with injuries,9,Total,9,Total,2,Vehicle-pedestrian accident,0,No,99,Total,9,Total,99,Total,2011,336
A,Annual,ITDA,Trentino Alto Adige / Südtirol,ROADACC,Road accidents with injuries,9,Total,9,Total,2,Vehicle-pedestrian accident,0,No,99,Total,9,Total,99,Total,2012,345
A,Annual,ITDA,Trentino Alto Adige / Südtirol,ROADACC,Road accidents with injuries,9,Total,9,Total,2,Vehicle-pedestrian accident,0,No,99,Total,9,Total,99,Total,2013,363
A,Annual,ITDA,Trentino Alto Adige / Südtirol,ROADACC,Road accidents with injuries,9,Total,9,Total,2,Vehicle-pedestrian accident,0,No,99,Total,9,Total,99,Total,2014,365
A,Annual,ITDA,Trentino Alto Adige / Südtirol,ROADACC,Road accidents with injuries,9,Total,9,Total,2,Vehicle-pedestrian accident,0,No,99,Total,9,Total,99,Total,2015,344
A,Annual,ITDA,Trentino Alto Adige / Südtirol,ROADACC,Road accidents with injuries,9,Total,9,Total,2,Vehicle-pedestrian accident,0,No,99,Total,9,Total,99,Total,2016,341
A,Annual,ITDA,Trentino Alto Adige / Südtirol,ROADACC,Road accidents with injuries,9,Total,9,Total,2,Vehicle-pedestrian accident,0,No,99,Total,9,Total,99,Total,2017,352
A,Annual,ITDA,Trentino Alto Adige / Südtirol,ROADACC,Road accidents with injuries,9,Total,9,Total,2,Vehicle-pedestrian accident,0,No,99,Total,9,Total,99,Total,2018,328
A,Annual,ITDA,Trentino Alto Adige / Südtirol,ROADACC,Road accidents with injuries,9,Total,9,Total,2,Vehicle-pedestrian accident,0,No,99,Total,9,Total,99,Total,2019,348
A,Annual,ITDA,Trentino Alto Adige / Südtirol,ROADACC,Road accidents with injuries,9,Total,9,Total,2,Vehicle-pedestrian accident,0,No,99,Total,9,Total,99,Total,2020,210
A,Annual,ITDA,Trentino Alto Adige / Südtirol,ROADACC,Road accidents with injuries,9,Total,9,Total,2,Vehicle-pedestrian accident,0,No,99,Total,9,Total,99,Total,2021,243
A,Annual,ITDA,Trentino Alto Adige / Südtirol,ROADACC,Road accidents with injuries,9,Total,9,Total,2,Vehicle-pedestrian accident,0,No,99,Total,9,Total,99,Total,2022,290
A,Annual,ITDA,Trentino Alto Adige / Südtirol,ROADACC,Road accidents with injuries,9,Total,9,Total,2,Vehicle-pedestrian accident,0,No,99,Total,9,Total,99,Total,2023,294
A,Annual,ITDA,Trentino Alto Adige / Südtirol,ROADACC,Road accidents with injuries,9,Total,9,Total,2,Vehicle-pedestrian accident,0,No,99,Total,9,Total,99,Total,2024,285
A,Annual,ITDA,Trentino Alto Adige / Südtirol,ROADACC,Road accidents with injuries,9,Total,9,Total,2,Vehicle-pedestrian accident,1,Yes,99,Total,9,Total,99,Total,2010,9
A,Annual,ITDA,Trentino Alto Adige / Südtirol,ROADACC,Road accidents with injuries,9,Total,9,Total,2,Vehicle-pedestrian accident,1,Yes,99,Total,9,Total,99,Total,2011,8
A,Annual,ITDA,Trentino Alto Adige / Südtirol,ROADACC,Road accidents with injuries,9,Total,9,Total,2,Vehicle-pedestrian accident,1,Yes,99,Total,9,Total,99,Total,2012,11
A,Annual,ITDA,Trentino Alto Adige / Südtirol,ROADACC,Road accidents with injuries,9,Total,9,Total,2,Vehicle-pedestrian accident,1,Yes,99,Total,9,Total,99,Total,2013,7
A,Annual,ITDA,Trentino Alto Adige / Südtirol,ROADACC,Road accidents with injuries,9,Total,9,Total,2,Vehicle-pedestrian accident,1,Yes,99,Total,9,Total,99,Total,2014,7
A,Annual,ITDA,Trentino Alto Adige / Südtirol,ROADACC,Road accidents with injuries,9,Total,9,Total,2,Vehicle-pedestrian accident,1,Yes,99,Total,9,Total,99,Total,2015,10
A,Annual,ITDA,Trentino Alto Adige / Südtirol,ROADACC,Road accidents with injuries,9,Total,9,Total,2,Vehicle-pedestrian accident,1,Yes,99,Total,9,Total,99,Total,2016,10
A,Annual,ITDA,Trentino Alto Adige / Südtirol,ROADACC,Road accidents with injuries,9,Total,9,Total,2,Vehicle-pedestrian accident,1,Yes,99,Total,9,Total,99,Total,2017,8
A,Annual,ITDA,Trentino Alto Adige / Südtirol,ROADACC,Road accidents with injuries,9,Total,9,Total,2,Vehicle-pedestrian accident,1,Yes,99,Total,9,Total,99,Total,2018,6
A,Annual,ITDA,Trentino Alto Adige / Südtirol,ROADACC,Road accidents with injuries,9,Total,9,Total,2,Vehicle-pedestrian accident,1,Yes,99,Total,9,Total,99,Total,2019,7
A,Annual,ITDA,Trentino Alto Adige / Südtirol,ROADACC,Road accidents with injuries,9,Total,9,Total,2,Vehicle-pedestrian accident,1,Yes,99,Total,9,Total,99,Total,2020,2
A,Annual,ITDA,Trentino Alto Adige / Südtirol,ROADACC,Road accidents with injuries,9,Total,9,Total,2,Vehicle-pedestrian accident,1,Yes,99,Total,9,Total,99,Total,2021,7
A,Annual,ITDA,Trentino Alto Adige / Südtirol,ROADACC,Road accidents with injuries,9,Total,9,Total,2,Vehicle-pedestrian accident,1,Yes,99,Total,9,Total,99,Total,2022,8
A,Annual,ITDA,Trentino Alto Adige / Südtirol,ROADACC,Road accidents with injuries,9,Total,9,Total,2,Vehicle-pedestrian accident,1,Yes,99,Total,9,Total,99,Total,2023,9
A,Annual,ITDA,Trentino Alto Adige / Südtirol,ROADACC,Road accidents with injuries,9,Total,9,Total,2,Vehicle-pedestrian accident,1,Yes,99,Total,9,Total,99,Total,2024,7
A,Annual,ITDA,Trentino Alto Adige / Südtirol,ROADACC,Road accidents with injuries,9,Total,9,Total,2,Vehicle-pedestrian accident,9,Total,99,Total,9,Total,99,Total,2010,252
A,Annual,ITDA,Trentino Alto Adige / Südtirol,ROADACC,Road accidents with injuries,9,Total,9,Total,2,Vehicle-pedestrian accident,9,Total,99,Total,9,Total,99,Total,2011,344
A,Annual,ITDA,Trentino Alto Adige / Südtirol,ROADACC,Road accidents with injuries,9,Total,9,Total,2,Vehicle-pedestrian accident,9,Total,99,Total,9,Total,99,Total,2012,356
A,Annual,ITDA,Trentino Alto Adige / Südtirol,ROADACC,Road accidents with injuries,9,Total,9,Total,2,Vehicle-pedestrian accident,9,Total,99,Total,9,Total,99,Total,2013,370
A,Annual,ITDA,Trentino Alto Adige / Südtirol,ROADACC,Road accidents with injuries,9,Total,9,Total,2,Vehicle-pedestrian accident,9,Total,99,Total,9,Total,99,Total,2014,372
A,Annual,ITDA,Trentino Alto Adige / Südtirol,ROADACC,Road accidents with injuries,9,Total,9,Total,2,Vehicle-pedestrian accident,9,Total,99,Total,9,Total,99,Total,2015,354
A,Annual,ITDA,Trentino Alto Adige / Südtirol,ROADACC,Road accidents with injuries,9,Total,9,Total,2,Vehicle-pedestrian accident,9,Total,99,Total,9,Total,99,Total,2016,351
A,Annual,ITDA,Trentino Alto Adige / Südtirol,ROADACC,Road accidents with injuries,9,Total,9,Total,2,Vehicle-pedestrian accident,9,Total,99,Total,9,Total,99,Total,2017,360
A,Annual,ITDA,Trentino Alto Adige / Südtirol,ROADACC,Road accidents with injuries,9,Total,9,Total,2,Vehicle-pedestrian accident,9,Total,99,Total,9,Total,99,Total,2018,334
A,Annual,ITDA,Trentino Alto Adige / Südtirol,ROADACC,Road accidents with injuries,9,Total,9,Total,2,Vehicle-pedestrian accident,9,Total,99,Total,9,Total,99,Total,2019,355
A,Annual,ITDA,Trentino Alto Adige / Südtirol,ROADACC,Road accidents with injuries,9,Total,9,Total,2,Vehicle-pedestrian accident,9,Total,99,Total,9,Total,99,Total,2020,212
A,Annual,ITDA,Trentino Alto Adige / Südtirol,ROADACC,Road accidents with injuries,9,Total,9,Total,2,Vehicle-pedestrian accident,9,Total,99,Total,9,Total,99,Total,2021,250
A,Annual,ITDA,Trentino Alto Adige / Südtirol,ROADACC,Road accidents with injuries,9,Total,9,Total,2,Vehicle-pedestrian accident,9,Total,99,Total,9,Total,99,Total,2022,298
A,Annual,ITDA,Trentino Alto Adige / Südtirol,ROADACC,Road accidents with injuries,9,Total,9,Total,2,Vehicle-pedestrian accident,9,Total,99,Total,9,Total,99,Total,2023,303
A,Annual,ITDA,Trentino Alto Adige / Südtirol,ROADACC,Road accidents with injuries,9,Total,9,Total,2,Vehicle-pedestrian accident,9,Total,99,Total,9,Total,99,Total,2024,292
A,Annual,ITDA,Trentino Alto Adige / Südtirol,ROADACC,Road accidents with injuries,9,Total,9,Total,3,Accidents involving a single vehicle,0,No,99,Total,9,Total,99,Total,2010,445
A,Annual,ITDA,Trentino Alto Adige / Südtirol,ROADACC,Road accidents with injuries,9,Total,9,Total,3,Accidents involving a single vehicle,0,No,99,Total,9,Total,99,Total,2011,476
A,Annual,ITDA,Trentino Alto Adige / Südtirol,ROADACC,Road accidents with injuries,9,Total,9,Total,3,Accidents involving a single vehicle,0,No,99,Total,9,Total,99,Total,2012,629
A,Annual,ITDA,Trentino Alto Adige / Südtirol,ROADACC,Road accidents with injuries,9,Total,9,Total,3,Accidents involving a single vehicle,0,No,99,Total,9,Total,99,Total,2013,640
A,Annual,ITDA,Trentino Alto Adige / Südtirol,ROADACC,Road accidents with injuries,9,Total,9,Total,3,Accidents involving a single vehicle,0,No,99,Total,9,Total,99,Total,2014,586
A,Annual,ITDA,Trentino Alto Adige / Südtirol,ROADACC,Road accidents with injuries,9,Total,9,Total,3,Accidents involving a single vehicle,0,No,99,Total,9,Total,99,Total,2015,597
A,Annual,ITDA,Trentino Alto Adige / Südtirol,ROADACC,Road accidents with injuries,9,Total,9,Total,3,Accidents involving a single vehicle,0,No,99,Total,9,Total,99,Total,2016,575
A,Annual,ITDA,Trentino Alto Adige / Südtirol,ROADACC,Road accidents with injuries,9,Total,9,Total,3,Accidents involving a single vehicle,0,No,99,Total,9,Total,99,Total,2017,632
A,Annual,ITDA,Trentino Alto Adige / Südtirol,ROADACC,Road accidents with injuries,9,Total,9,Total,3,Accidents involving a single vehicle,0,No,99,Total,9,Total,99,Total,2018,617
A,Annual,ITDA,Trentino Alto Adige / Südtirol,ROADACC,Road accidents with injuries,9,Total,9,Total,3,Accidents involving a single vehicle,0,No,99,Total,9,Total,99,Total,2019,592
A,Annual,ITDA,Trentino Alto Adige / Südtirol,ROADACC,Road accidents with injuries,9,Total,9,Total,3,Accidents involving a single vehicle,0,No,99,Total,9,Total,99,Total,2020,502
A,Annual,ITDA,Trentino Alto Adige / Südtirol,ROADACC,Road accidents with injuries,9,Total,9,Total,3,Accidents involving a single vehicle,0,No,99,Total,9,Total,99,Total,2021,574
A,Annual,ITDA,Trentino Alto Adige / Südtirol,ROADACC,Road accidents with injuries,9,Total,9,Total,3,Accidents involving a single vehicle,0,No,99,Total,9,Total,99,Total,2022,615
A,Annual,ITDA,Trentino Alto Adige / Südtirol,ROADACC,Road accidents with injuries,9,Total,9,Total,3,Accidents involving a single vehicle,0,No,99,Total,9,Total,99,Total,2023,663
A,Annual,ITDA,Trentino Alto Adige / Südtirol,ROADACC,Road accidents with injuries,9,Total,9,Total,3,Accidents involving a single vehicle,0,No,99,Total,9,Total,99,Total,2024,638
A,Annual,ITDA,Trentino Alto Adige / Südtirol,ROADACC,Road accidents with injuries,9,Total,9,Total,3,Accidents involving a single vehicle,1,Yes,99,Total,9,Total,99,Total,2010,14
A,Annual,ITDA,Trentino Alto Adige / Südtirol,ROADACC,Road accidents with injuries,9,Total,9,Total,3,Accidents involving a single vehicle,1,Yes,99,Total,9,Total,99,Total,2011,19
A,Annual,ITDA,Trentino Alto Adige / Südtirol,ROADACC,Road accidents with injuries,9,Total,9,Total,3,Accidents involving a single vehicle,1,Yes,99,Total,9,Total,99,Total,2012,25
A,Annual,ITDA,Trentino Alto Adige / Südtirol,ROADACC,Road accidents with injuries,9,Total,9,Total,3,Accidents involving a single vehicle,1,Yes,99,Total,9,Total,99,Total,2013,19
A,Annual,ITDA,Trentino Alto Adige / Südtirol,ROADACC,Road accidents with injuries,9,Total,9,Total,3,Accidents involving a single vehicle,1,Yes,99,Total,9,Total,99,Total,2014,18
A,Annual,ITDA,Trentino Alto Adige / Südtirol,ROADACC,Road accidents with injuries,9,Total,9,Total,3,Accidents involving a single vehicle,1,Yes,99,Total,9,Total,99,Total,2015,23
A,Annual,ITDA,Trentino Alto Adige / Südtirol,ROADACC,Road accidents with injuries,9,Total,9,Total,3,Accidents involving a single vehicle,1,Yes,99,Total,9,Total,99,Total,2016,18
A,Annual,ITDA,Trentino Alto Adige / Südtirol,ROADACC,Road accidents with injuries,9,Total,9,Total,3,Accidents involving a single vehicle,1,Yes,99,Total,9,Total,99,Total,2017,14
A,Annual,ITDA,Trentino Alto Adige / Südtirol,ROADACC,Road accidents with injuries,9,Total,9,Total,3,Accidents involving a single vehicle,1,Yes,99,Total,9,Total,99,Total,2018,18
A,Annual,ITDA,Trentino Alto Adige / Südtirol,ROADACC,Road accidents with injuries,9,Total,9,Total,3,Accidents involving a single vehicle,1,Yes,99,Total,9,Total,99,Total,2019,23
A,Annual,ITDA,Trentino Alto Adige / Südtirol,ROADACC,Road accidents with injuries,9,Total,9,Total,3,Accidents involving a single vehicle,1,Yes,99,Total,9,Total,99,Total,2020,19
A,Annual,ITDA,Trentino Alto Adige / Südtirol,ROADACC,Road accidents with injuries,9,Total,9,Total,3,Accidents involving a single vehicle,1,Yes,99,Total,9,Total,99,Total,2021,13
A,Annual,ITDA,Trentino Alto Adige / Südtirol,ROADACC,Road accidents with injuries,9,Total,9,Total,3,Accidents involving a single vehicle,1,Yes,99,Total,9,Total,99,Total,2022,20
A,Annual,ITDA,Trentino Alto Adige / Südtirol,ROADACC,Road accidents with injuries,9,Total,9,Total,3,Accidents involving a single vehicle,1,Yes,99,Total,9,Total,99,Total,2023,25
A,Annual,ITDA,Trentino Alto Adige / Südtirol,ROADACC,Road accidents with injuries,9,Total,9,Total,3,Accidents involving a single vehicle,1,Yes,99,Total,9,Total,99,Total,2024,31
A,Annual,ITDA,Trentino Alto Adige / Südtirol,ROADACC,Road accidents with injuries,9,Total,9,Total,3,Accidents involving a single vehicle,9,Total,99,Total,9,Total,99,Total,2010,459
A,Annual,ITDA,Trentino Alto Adige / Südtirol,ROADACC,Road accidents with injuries,9,Total,9,Total,3,Accidents involving a single vehicle,9,Total,99,Total,9,Total,99,Total,2011,495
A,Annual,ITDA,Trentino Alto Adige / Südtirol,ROADACC,Road accidents with injuries,9,Total,9,Total,3,Accidents involving a single vehicle,9,Total,99,Total,9,Total,99,Total,2012,654
A,Annual,ITDA,Trentino Alto Adige / Südtirol,ROADACC,Road accidents with injuries,9,Total,9,Total,3,Accidents involving a single vehicle,9,Total,99,Total,9,Total,99,Total,2013,659
A,Annual,ITDA,Trentino Alto Adige / Südtirol,ROADACC,Road accidents with injuries,9,Total,9,Total,3,Accidents involving a single vehicle,9,Total,99,Total,9,Total,99,Total,2014,604
A,Annual,ITDA,Trentino Alto Adige / Südtirol,ROADACC,Road accidents with injuries,9,Total,9,Total,3,Accidents involving a single vehicle,9,Total,99,Total,9,Total,99,Total,2015,620
A,Annual,ITDA,Trentino Alto Adige / Südtirol,ROADACC,Road accidents with injuries,9,Total,9,Total,3,Accidents involving a single vehicle,9,Total,99,Total,9,Total,99,Total,2016,593
A,Annual,ITDA,Trentino Alto Adige / Südtirol,ROADACC,Road accidents with injuries,9,Total,9,Total,3,Accidents involving a single vehicle,9,Total,99,Total,9,Total,99,Total,2017,646
A,Annual,ITDA,Trentino Alto Adige / Südtirol,ROADACC,Road accidents with injuries,9,Total,9,Total,3,Accidents involving a single vehicle,9,Total,99,Total,9,Total,99,Total,2018,635
A,Annual,ITDA,Trentino Alto Adige / Südtirol,ROADACC,Road accidents with injuries,9,Total,9,Total,3,Accidents involving a single vehicle,9,Total,99,Total,9,Total,99,Total,2019,615
A,Annual,ITDA,Trentino Alto Adige / Südtirol,ROADACC,Road accidents with injuries,9,Total,9,Total,3,Accidents involving a single vehicle,9,Total,99,Total,9,Total,99,Total,2020,521
A,Annual,ITDA,Trentino Alto Adige / Südtirol,ROADACC,Road accidents with injuries,9,Total,9,Total,3,Accidents involving a single vehicle,9,Total,99,Total,9,Total,99,Total,2021,587
A,Annual,ITDA,Trentino Alto Adige / Südtirol,ROADACC,Road accidents with injuries,9,Total,9,Total,3,Accidents involving a single vehicle,9,Total,99,Total,9,Total,99,Total,2022,635
A,Annual,ITDA,Trentino Alto Adige / Südtirol,ROADACC,Road accidents with injuries,9,Total,9,Total,3,Accidents involving a single vehicle,9,Total,99,Total,9,Total,99,Total,2023,688
A,Annual,ITDA,Trentino Alto Adige / Südtirol,ROADACC,Road accidents with injuries,9,Total,9,Total,3,Accidents involving a single vehicle,9,Total,99,Total,9,Total,99,Total,2024,669
A,Annual,ITDA,Trentino Alto Adige / Südtirol,ROADACC,Road accidents with injuries,9,Total,9,Total,9,Total,0,No,99,Total,9,Total,99,Total,2010,2565
A,Annual,ITDA,Trentino Alto Adige / Südtirol,ROADACC,Road accidents with injuries,9,Total,9,Total,9,Total,0,No,99,Total,9,Total,99,Total,2011,2936
A,Annual,ITDA,Trentino Alto Adige / Südtirol,ROADACC,Road accidents with injuries,9,Total,9,Total,9,Total,0,No,99,Total,9,Total,99,Total,2012,3196
A,Annual,ITDA,Trentino Alto Adige / Südtirol,ROADACC,Road accidents with injuries,9,Total,9,Total,9,Total,0,No,99,Total,9,Total,99,Total,2013,3114
A,Annual,ITDA,Trentino Alto Adige / Südtirol,ROADACC,Road accidents with injuries,9,Total,9,Total,9,Total,0,No,99,Total,9,Total,99,Total,2014,2944
A,Annual,ITDA,Trentino Alto Adige / Südtirol,ROADACC,Road accidents with injuries,9,Total,9,Total,9,Total,0,No,99,Total,9,Total,99,Total,2015,2983
A,Annual,ITDA,Trentino Alto Adige / Südtirol,ROADACC,Road accidents with injuries,9,Total,9,Total,9,Total,0,No,99,Total,9,Total,99,Total,2016,3039
A,Annual,ITDA,Trentino Alto Adige / Südtirol,ROADACC,Road accidents with injuries,9,Total,9,Total,9,Total,0,No,99,Total,9,Total,99,Total,2017,2955
A,Annual,ITDA,Trentino Alto Adige / Südtirol,ROADACC,Road accidents with injuries,9,Total,9,Total,9,Total,0,No,99,Total,9,Total,99,Total,2018,3038
A,Annual,ITDA,Trentino Alto Adige / Südtirol,ROADACC,Road accidents with injuries,9,Total,9,Total,9,Total,0,No,99,Total,9,Total,99,Total,2019,3001
A,Annual,ITDA,Trentino Alto Adige / Südtirol,ROADACC,Road accidents with injuries,9,Total,9,Total,9,Total,0,No,99,Total,9,Total,99,Total,2020,2070
A,Annual,ITDA,Trentino Alto Adige / Südtirol,ROADACC,Road accidents with injuries,9,Total,9,Total,9,Total,0,No,99,Total,9,Total,99,Total,2021,2569
A,Annual,ITDA,Trentino Alto Adige / Südtirol,ROADACC,Road accidents with injuries,9,Total,9,Total,9,Total,0,No,99,Total,9,Total,99,Total,2022,3059
A,Annual,ITDA,Trentino Alto Adige / Südtirol,ROADACC,Road accidents with injuries,9,Total,9,Total,9,Total,0,No,99,Total,9,Total,99,Total,2023,2987
A,Annual,ITDA,Trentino Alto Adige / Südtirol,ROADACC,Road accidents with injuries,9,Total,9,Total,9,Total,0,No,99,Total,9,Total,99,Total,2024,2956
A,Annual,ITDA,Trentino Alto Adige / Südtirol,ROADACC,Road accidents with injuries,9,Total,9,Total,9,Total,1,Yes,99,Total,9,Total,99,Total,2010,55
A,Annual,ITDA,Trentino Alto Adige / Südtirol,ROADACC,Road accidents with injuries,9,Total,9,Total,9,Total,1,Yes,99,Total,9,Total,99,Total,2011,55
A,Annual,ITDA,Trentino Alto Adige / Südtirol,ROADACC,Road accidents with injuries,9,Total,9,Total,9,Total,1,Yes,99,Total,9,Total,99,Total,2012,68
A,Annual,ITDA,Trentino Alto Adige / Südtirol,ROADACC,Road accidents with injuries,9,Total,9,Total,9,Total,1,Yes,99,Total,9,Total,99,Total,2013,55
A,Annual,ITDA,Trentino Alto Adige / Südtirol,ROADACC,Road accidents with injuries,9,Total,9,Total,9,Total,1,Yes,99,Total,9,Total,99,Total,2014,58
A,Annual,ITDA,Trentino Alto Adige / Südtirol,ROADACC,Road accidents with injuries,9,Total,9,Total,9,Total,1,Yes,99,Total,9,Total,99,Total,2015,69
A,Annual,ITDA,Trentino Alto Adige / Südtirol,ROADACC,Road accidents with injuries,9,Total,9,Total,9,Total,1,Yes,99,Total,9,Total,99,Total,2016,66
A,Annual,ITDA,Trentino Alto Adige / Südtirol,ROADACC,Road accidents with injuries,9,Total,9,Total,9,Total,1,Yes,99,Total,9,Total,99,Total,2017,56
A,Annual,ITDA,Trentino Alto Adige / Südtirol,ROADACC,Road accidents with injuries,9,Total,9,Total,9,Total,1,Yes,99,Total,9,Total,99,Total,2018,61
A,Annual,ITDA,Trentino Alto Adige / Südtirol,ROADACC,Road accidents with injuries,9,Total,9,Total,9,Total,1,Yes,99,Total,9,Total,99,Total,2019,68
A,Annual,ITDA,Trentino Alto Adige / Südtirol,ROADACC,Road accidents with injuries,9,Total,9,Total,9,Total,1,Yes,99,Total,9,Total,99,Total,2020,49
A,Annual,ITDA,Trentino Alto Adige / Südtirol,ROADACC,Road accidents with injuries,9,Total,9,Total,9,Total,1,Yes,99,Total,9,Total,99,Total,2021,48
A,Annual,ITDA,Trentino Alto Adige / Südtirol,ROADACC,Road accidents with injuries,9,Total,9,Total,9,Total,1,Yes,99,Total,9,Total,99,Total,2022,62
A,Annual,ITDA,Trentino Alto Adige / Südtirol,ROADACC,Road accidents with injuries,9,Total,9,Total,9,Total,1,Yes,99,Total,9,Total,99,Total,2023,68
A,Annual,ITDA,Trentino Alto Adige / Südtirol,ROADACC,Road accidents with injuries,9,Total,9,Total,9,Total,1,Yes,99,Total,9,Total,99,Total,2024,70
A,Annual,ITDA,Trentino Alto Adige / Südtirol,ROADACC,Road accidents with injuries,9,Total,9,Total,9,Total,9,Total,99,Total,9,Total,99,Total,2010,2620
A,Annual,ITDA,Trentino Alto Adige / Südtirol,ROADACC,Road accidents with injuries,9,Total,9,Total,9,Total,9,Total,99,Total,9,Total,99,Total,2011,2991
A,Annual,ITDA,Trentino Alto Adige / Südtirol,ROADACC,Road accidents with injuries,9,Total,9,Total,9,Total,9,Total,99,Total,9,Total,99,Total,2012,3264
A,Annual,ITDA,Trentino Alto Adige / Südtirol,ROADACC,Road accidents with injuries,9,Total,9,Total,9,Total,9,Total,99,Total,9,Total,99,Total,2013,3169
A,Annual,ITDA,Trentino Alto Adige / Südtirol,ROADACC,Road accidents with injuries,9,Total,9,Total,9,Total,9,Total,99,Total,9,Total,99,Total,2014,3002
A,Annual,ITDA,Trentino Alto Adige / Südtirol,ROADACC,Road accidents with injuries,9,Total,9,Total,9,Total,9,Total,99,Total,9,Total,99,Total,2015,3052
A,Annual,ITDA,Trentino Alto Adige / Südtirol,ROADACC,Road accidents with injuries,9,Total,9,Total,9,Total,9,Total,99,Total,9,Total,99,Total,2016,3105
A,Annual,ITDA,Trentino Alto Adige / Südtirol,ROADACC,Road accidents with injuries,9,Total,9,Total,9,Total,9,Total,99,Total,9,Total,99,Total,2017,3011
A,Annual,ITDA,Trentino Alto Adige / Südtirol,ROADACC,Road accidents with injuries,9,Total,9,Total,9,Total,9,Total,99,Total,9,Total,99,Total,2018,3099
A,Annual,ITDA,Trentino Alto Adige / Südtirol,ROADACC,Road accidents with injuries,9,Total,9,Total,9,Total,9,Total,99,Total,9,Total,99,Total,2019,3069
A,Annual,ITDA,Trentino Alto Adige / Südtirol,ROADACC,Road accidents with injuries,9,Total,9,Total,9,Total,9,Total,99,Total,9,Total,99,Total,2020,2119
A,Annual,ITDA,Trentino Alto Adige / Südtirol,ROADACC,Road accidents with injuries,9,Total,9,Total,9,Total,9,Total,99,Total,9,Total,99,Total,2021,2617
A,Annual,ITDA,Trentino Alto Adige / Südtirol,ROADACC,Road accidents with injuries,9,Total,9,Total,9,Total,9,Total,99,Total,9,Total,99,Total,2022,3121
A,Annual,ITDA,Trentino Alto Adige / Südtirol,ROADACC,Road accidents with injuries,9,Total,9,Total,9,Total,9,Total,99,Total,9,Total,99,Total,2023,3055
A,Annual,ITDA,Trentino Alto Adige / Südtirol,ROADACC,Road accidents with injuries,9,Total,9,Total,9,Total,9,Total,99,Total,9,Total,99,Total,2024,3026
A,Annual,ITD1,Provincia Autonoma Bolzano / Bozen,ROADACC,Road accidents with injuries,9,Total,9,Total,1,Accidents between vehicles,0,No,99,Total,9,Total,99,Total,2010,803
A,Annual,ITD1,Provincia Autonoma Bolzano / Bozen,ROADACC,Road accidents with injuries,9,Total,9,Total,1,Accidents between vehicles,0,No,99,Total,9,Total,99,Total,2011,1059
A,Annual,ITD1,Provincia Autonoma Bolzano / Bozen,ROADACC,Road accidents with injuries,9,Total,9,Total,1,Accidents between vehicles,0,No,99,Total,9,Total,99,Total,2012,1235
A,Annual,ITD1,Provincia Autonoma Bolzano / Bozen,ROADACC,Road accidents with injuries,9,Total,9,Total,1,Accidents between vehicles,0,No,99,Total,9,Total,99,Total,2013,1128
A,Annual,ITD1,Provincia Autonoma Bolzano / Bozen,ROADACC,Road accidents with injuries,9,Total,9,Total,1,Accidents between vehicles,0,No,99,Total,9,Total,99,Total,2014,1066
A,Annual,ITD1,Provincia Autonoma Bolzano / Bozen,ROADACC,Road accidents with injuries,9,Total,9,Total,1,Accidents between vehicles,0,No,99,Total,9,Total,99,Total,2015,1071
A,Annual,ITD1,Provincia Autonoma Bolzano / Bozen,ROADACC,Road accidents with injuries,9,Total,9,Total,1,Accidents between vehicles,0,No,99,Total,9,Total,99,Total,2016,1175
A,Annual,ITD1,Provincia Autonoma Bolzano / Bozen,ROADACC,Road accidents with injuries,9,Total,9,Total,1,Accidents between vehicles,0,No,99,Total,9,Total,99,Total,2017,1078
A,Annual,ITD1,Provincia Autonoma Bolzano / Bozen,ROADACC,Road accidents with injuries,9,Total,9,Total,1,Accidents between vehicles,0,No,99,Total,9,Total,99,Total,2018,1157
A,Annual,ITD1,Provincia Autonoma Bolzano / Bozen,ROADACC,Road accidents with injuries,9,Total,9,Total,1,Accidents between vehicles,0,No,99,Total,9,Total,99,Total,2019,1159
A,Annual,ITD1,Provincia Autonoma Bolzano / Bozen,ROADACC,Road accidents with injuries,9,Total,9,Total,1,Accidents between vehicles,0,No,99,Total,9,Total,99,Total,2020,806
A,Annual,ITD1,Provincia Autonoma Bolzano / Bozen,ROADACC,Road accidents with injuries,9,Total,9,Total,1,Accidents between vehicles,0,No,99,Total,9,Total,99,Total,2021,1004
A,Annual,ITD1,Provincia Autonoma Bolzano / Bozen,ROADACC,Road accidents with injuries,9,Total,9,Total,1,Accidents between vehicles,0,No,99,Total,9,Total,99,Total,2022,1259
A,Annual,ITD1,Provincia Autonoma Bolzano / Bozen,ROADACC,Road accidents with injuries,9,Total,9,Total,1,Accidents between vehicles,0,No,99,Total,9,Total,99,Total,2023,1186
A,Annual,ITD1,Provincia Autonoma Bolzano / Bozen,ROADACC,Road accidents with injuries,9,Total,9,Total,1,Accidents between vehicles,0,No,99,Total,9,Total,99,Total,2024,1201
A,Annual,ITD1,Provincia Autonoma Bolzano / Bozen,ROADACC,Road accidents with injuries,9,Total,9,Total,1,Accidents between vehicles,1,Yes,99,Total,9,Total,99,Total,2010,19
A,Annual,ITD1,Provincia Autonoma Bolzano / Bozen,ROADACC,Road accidents with injuries,9,Total,9,Total,1,Accidents between vehicles,1,Yes,99,Total,9,Total,99,Total,2011,14
A,Annual,ITD1,Provincia Autonoma Bolzano / Bozen,ROADACC,Road accidents with injuries,9,Total,9,Total,1,Accidents between vehicles,1,Yes,99,Total,9,Total,99,Total,2012,18
A,Annual,ITD1,Provincia Autonoma Bolzano / Bozen,ROADACC,Road accidents with injuries,9,Total,9,Total,1,Accidents between vehicles,1,Yes,99,Total,9,Total,99,Total,2013,16
A,Annual,ITD1,Provincia Autonoma Bolzano / Bozen,ROADACC,Road accidents with injuries,9,Total,9,Total,1,Accidents between vehicles,1,Yes,99,Total,9,Total,99,Total,2014,17
A,Annual,ITD1,Provincia Autonoma Bolzano / Bozen,ROADACC,Road accidents with injuries,9,Total,9,Total,1,Accidents between vehicles,1,Yes,99,Total,9,Total,99,Total,2015,15
A,Annual,ITD1,Provincia Autonoma Bolzano / Bozen,ROADACC,Road accidents with injuries,9,Total,9,Total,1,Accidents between vehicles,1,Yes,99,Total,9,Total,99,Total,2016,20
A,Annual,ITD1,Provincia Autonoma Bolzano / Bozen,ROADACC,Road accidents with injuries,9,Total,9,Total,1,Accidents between vehicles,1,Yes,99,Total,9,Total,99,Total,2017,20
A,Annual,ITD1,Provincia Autonoma Bolzano / Bozen,ROADACC,Road accidents with injuries,9,Total,9,Total,1,Accidents between vehicles,1,Yes,99,Total,9,Total,99,Total,2018,19
A,Annual,ITD1,Provincia Autonoma Bolzano / Bozen,ROADACC,Road accidents with injuries,9,Total,9,Total,1,Accidents between vehicles,1,Yes,99,Total,9,Total,99,Total,2019,27
A,Annual,ITD1,Provincia Autonoma Bolzano / Bozen,ROADACC,Road accidents with injuries,9,Total,9,Total,1,Accidents between vehicles,1,Yes,99,Total,9,Total,99,Total,2020,12
A,Annual,ITD1,Provincia Autonoma Bolzano / Bozen,ROADACC,Road accidents with injuries,9,Total,9,Total,1,Accidents between vehicles,1,Yes,99,Total,9,Total,99,Total,2021,16
A,Annual,ITD1,Provincia Autonoma Bolzano / Bozen,ROADACC,Road accidents with injuries,9,Total,9,Total,1,Accidents between vehicles,1,Yes,99,Total,9,Total,99,Total,2022,17
A,Annual,ITD1,Provincia Autonoma Bolzano / Bozen,ROADACC,Road accidents with injuries,9,Total,9,Total,1,Accidents between vehicles,1,Yes,99,Total,9,Total,99,Total,2023,19
A,Annual,ITD1,Provincia Autonoma Bolzano / Bozen,ROADACC,Road accidents with injuries,9,Total,9,Total,1,Accidents between vehicles,1,Yes,99,Total,9,Total,99,Total,2024,15
A,Annual,ITD1,Provincia Autonoma Bolzano / Bozen,ROADACC,Road accidents with injuries,9,Total,9,Total,1,Accidents between vehicles,9,Total,99,Total,9,Total,99,Total,2010,822
A,Annual,ITD1,Provincia Autonoma Bolzano / Bozen,ROADACC,Road accidents with injuries,9,Total,9,Total,1,Accidents between vehicles,9,Total,99,Total,9,Total,99,Total,2011,1073
A,Annual,ITD1,Provincia Autonoma Bolzano / Bozen,ROADACC,Road accidents with injuries,9,Total,9,Total,1,Accidents between vehicles,9,Total,99,Total,9,Total,99,Total,2012,1253
A,Annual,ITD1,Provincia Autonoma Bolzano / Bozen,ROADACC,Road accidents with injuries,9,Total,9,Total,1,Accidents between vehicles,9,Total,99,Total,9,Total,99,Total,2013,1144
A,Annual,ITD1,Provincia Autonoma Bolzano / Bozen,ROADACC,Road accidents with injuries,9,Total,9,Total,1,Accidents between vehicles,9,Total,99,Total,9,Total,99,Total,2014,1083
A,Annual,ITD1,Provincia Autonoma Bolzano / Bozen,ROADACC,Road accidents with injuries,9,Total,9,Total,1,Accidents between vehicles,9,Total,99,Total,9,Total,99,Total,2015,1086
A,Annual,ITD1,Provincia Autonoma Bolzano / Bozen,ROADACC,Road accidents with injuries,9,Total,9,Total,1,Accidents between vehicles,9,Total,99,Total,9,Total,99,Total,2016,1195
A,Annual,ITD1,Provincia Autonoma Bolzano / Bozen,ROADACC,Road accidents with injuries,9,Total,9,Total,1,Accidents between vehicles,9,Total,99,Total,9,Total,99,Total,2017,1098
A,Annual,ITD1,Provincia Autonoma Bolzano / Bozen,ROADACC,Road accidents with injuries,9,Total,9,Total,1,Accidents between vehicles,9,Total,99,Total,9,Total,99,Total,2018,1176
A,Annual,ITD1,Provincia Autonoma Bolzano / Bozen,ROADACC,Road accidents with injuries,9,Total,9,Total,1,Accidents between vehicles,9,Total,99,Total,9,Total,99,Total,2019,1186
A,Annual,ITD1,Provincia Autonoma Bolzano / Bozen,ROADACC,Road accidents with injuries,9,Total,9,Total,1,Accidents between vehicles,9,Total,99,Total,9,Total,99,Total,2020,818
A,Annual,ITD1,Provincia Autonoma Bolzano / Bozen,ROADACC,Road accidents with injuries,9,Total,9,Total,1,Accidents between vehicles,9,Total,99,Total,9,Total,99,Total,2021,1020
A,Annual,ITD1,Provincia Autonoma Bolzano / Bozen,ROADACC,Road accidents with injuries,9,Total,9,Total,1,Accidents between vehicles,9,Total,99,Total,9,Total,99,Total,2022,1276
A,Annual,ITD1,Provincia Autonoma Bolzano / Bozen,ROADACC,Road accidents with injuries,9,Total,9,Total,1,Accidents between vehicles,9,Total,99,Total,9,Total,99,Total,2023,1205
A,Annual,ITD1,Provincia Autonoma Bolzano / Bozen,ROADACC,Road accidents with injuries,9,Total,9,Total,1,Accidents between vehicles,9,Total,99,Total,9,Total,99,Total,2024,1216
A,Annual,ITD1,Provincia Autonoma Bolzano / Bozen,ROADACC,Road accidents with injuries,9,Total,9,Total,2,Vehicle-pedestrian accident,0,No,99,Total,9,Total,99,Total,2010,113
A,Annual,ITD1,Provincia Autonoma Bolzano / Bozen,ROADACC,Road accidents with injuries,9,Total,9,Total,2,Vehicle-pedestrian accident,0,No,99,Total,9,Total,99,Total,2011,176
A,Annual,ITD1,Provincia Autonoma Bolzano / Bozen,ROADACC,Road accidents with injuries,9,Total,9,Total,2,Vehicle-pedestrian accident,0,No,99,Total,9,Total,99,Total,2012,186
A,Annual,ITD1,Provincia Autonoma Bolzano / Bozen,ROADACC,Road accidents with injuries,9,Total,9,Total,2,Vehicle-pedestrian accident,0,No,99,Total,9,Total,99,Total,2013,218
A,Annual,ITD1,Provincia Autonoma Bolzano / Bozen,ROADACC,Road accidents with injuries,9,Total,9,Total,2,Vehicle-pedestrian accident,0,No,99,Total,9,Total,99,Total,2014,198
A,Annual,ITD1,Provincia Autonoma Bolzano / Bozen,ROADACC,Road accidents with injuries,9,Total,9,Total,2,Vehicle-pedestrian accident,0,No,99,Total,9,Total,99,Total,2015,219
A,Annual,ITD1,Provincia Autonoma Bolzano / Bozen,ROADACC,Road accidents with injuries,9,Total,9,Total,2,Vehicle-pedestrian accident,0,No,99,Total,9,Total,99,Total,2016,206
A,Annual,ITD1,Provincia Autonoma Bolzano / Bozen,ROADACC,Road accidents with injuries,9,Total,9,Total,2,Vehicle-pedestrian accident,0,No,99,Total,9,Total,99,Total,2017,227
A,Annual,ITD1,Provincia Autonoma Bolzano / Bozen,ROADACC,Road accidents with injuries,9,Total,9,Total,2,Vehicle-pedestrian accident,0,No,99,Total,9,Total,99,Total,2018,192
A,Annual,ITD1,Provincia Autonoma Bolzano / Bozen,ROADACC,Road accidents with injuries,9,Total,9,Total,2,Vehicle-pedestrian accident,0,No,99,Total,9,Total,99,Total,2019,192
A,Annual,ITD1,Provincia Autonoma Bolzano / Bozen,ROADACC,Road accidents with injuries,9,Total,9,Total,2,Vehicle-pedestrian accident,0,No,99,Total,9,Total,99,Total,2020,126
A,Annual,ITD1,Provincia Autonoma Bolzano / Bozen,ROADACC,Road accidents with injuries,9,Total,9,Total,2,Vehicle-pedestrian accident,0,No,99,Total,9,Total,99,Total,2021,134
A,Annual,ITD1,Provincia Autonoma Bolzano / Bozen,ROADACC,Road accidents with injuries,9,Total,9,Total,2,Vehicle-pedestrian accident,0,No,99,Total,9,Total,99,Total,2022,159
A,Annual,ITD1,Provincia Autonoma Bolzano / Bozen,ROADACC,Road accidents with injuries,9,Total,9,Total,2,Vehicle-pedestrian accident,0,No,99,Total,9,Total,99,Total,2023,162
A,Annual,ITD1,Provincia Autonoma Bolzano / Bozen,ROADACC,Road accidents with injuries,9,Total,9,Total,2,Vehicle-pedestrian accident,0,No,99,Total,9,Total,99,Total,2024,155
A,Annual,ITD1,Provincia Autonoma Bolzano / Bozen,ROADACC,Road accidents with injuries,9,Total,9,Total,2,Vehicle-pedestrian accident,1,Yes,99,Total,9,Total,99,Total,2010,4
A,Annual,ITD1,Provincia Autonoma Bolzano / Bozen,ROADACC,Road accidents with injuries,9,Total,9,Total,2,Vehicle-pedestrian accident,1,Yes,99,Total,9,Total,99,Total,2011,6
A,Annual,ITD1,Provincia Autonoma Bolzano / Bozen,ROADACC,Road accidents with injuries,9,Total,9,Total,2,Vehicle-pedestrian accident,1,Yes,99,Total,9,Total,99,Total,2012,4
A,Annual,ITD1,Provincia Autonoma Bolzano / Bozen,ROADACC,Road accidents with injuries,9,Total,9,Total,2,Vehicle-pedestrian accident,1,Yes,99,Total,9,Total,99,Total,2013,6
A,Annual,ITD1,Provincia Autonoma Bolzano / Bozen,ROADACC,Road accidents with injuries,9,Total,9,Total,2,Vehicle-pedestrian accident,1,Yes,99,Total,9,Total,99,Total,2014,4
A,Annual,ITD1,Provincia Autonoma Bolzano / Bozen,ROADACC,Road accidents with injuries,9,Total,9,Total,2,Vehicle-pedestrian accident,1,Yes,99,Total,9,Total,99,Total,2015,4
A,Annual,ITD1,Provincia Autonoma Bolzano / Bozen,ROADACC,Road accidents with injuries,9,Total,9,Total,2,Vehicle-pedestrian accident,1,Yes,99,Total,9,Total,99,Total,2016,7
A,Annual,ITD1,Provincia Autonoma Bolzano / Bozen,ROADACC,Road accidents with injuries,9,Total,9,Total,2,Vehicle-pedestrian accident,1,Yes,99,Total,9,Total,99,Total,2017,7
A,Annual,ITD1,Provincia Autonoma Bolzano / Bozen,ROADACC,Road accidents with injuries,9,Total,9,Total,2,Vehicle-pedestrian accident,1,Yes,99,Total,9,Total,99,Total,2018,5
A,Annual,ITD1,Provincia Autonoma Bolzano / Bozen,ROADACC,Road accidents with injuries,9,Total,9,Total,2,Vehicle-pedestrian accident,1,Yes,99,Total,9,Total,99,Total,2019,4
A,Annual,ITD1,Provincia Autonoma Bolzano / Bozen,ROADACC,Road accidents with injuries,9,Total,9,Total,2,Vehicle-pedestrian accident,1,Yes,99,Total,9,Total,99,Total,2020,2
A,Annual,ITD1,Provincia Autonoma Bolzano / Bozen,ROADACC,Road accidents with injuries,9,Total,9,Total,2,Vehicle-pedestrian accident,1,Yes,99,Total,9,Total,99,Total,2021,4
A,Annual,ITD1,Provincia Autonoma Bolzano / Bozen,ROADACC,Road accidents with injuries,9,Total,9,Total,2,Vehicle-pedestrian accident,1,Yes,99,Total,9,Total,99,Total,2022,6
A,Annual,ITD1,Provincia Autonoma Bolzano / Bozen,ROADACC,Road accidents with injuries,9,Total,9,Total,2,Vehicle-pedestrian accident,1,Yes,99,Total,9,Total,99,Total,2023,6
A,Annual,ITD1,Provincia Autonoma Bolzano / Bozen,ROADACC,Road accidents with injuries,9,Total,9,Total,2,Vehicle-pedestrian accident,1,Yes,99,Total,9,Total,99,Total,2024,1
A,Annual,ITD1,Provincia Autonoma Bolzano / Bozen,ROADACC,Road accidents with injuries,9,Total,9,Total,2,Vehicle-pedestrian accident,9,Total,99,Total,9,Total,99,Total,2010,117
A,Annual,ITD1,Provincia Autonoma Bolzano / Bozen,ROADACC,Road accidents with injuries,9,Total,9,Total,2,Vehicle-pedestrian accident,9,Total,99,Total,9,Total,99,Total,2011,182
A,Annual,ITD1,Provincia Autonoma Bolzano / Bozen,ROADACC,Road accidents with injuries,9,Total,9,Total,2,Vehicle-pedestrian accident,9,Total,99,Total,9,Total,99,Total,2012,190
A,Annual,ITD1,Provincia Autonoma Bolzano / Bozen,ROADACC,Road accidents with injuries,9,Total,9,Total,2,Vehicle-pedestrian accident,9,Total,99,Total,9,Total,99,Total,2013,224
A,Annual,ITD1,Provincia Autonoma Bolzano / Bozen,ROADACC,Road accidents with injuries,9,Total,9,Total,2,Vehicle-pedestrian accident,9,Total,99,Total,9,Total,99,Total,2014,202
A,Annual,ITD1,Provincia Autonoma Bolzano / Bozen,ROADACC,Road accidents with injuries,9,Total,9,Total,2,Vehicle-pedestrian accident,9,Total,99,Total,9,Total,99,Total,2015,223
A,Annual,ITD1,Provincia Autonoma Bolzano / Bozen,ROADACC,Road accidents with injuries,9,Total,9,Total,2,Vehicle-pedestrian accident,9,Total,99,Total,9,Total,99,Total,2016,213
A,Annual,ITD1,Provincia Autonoma Bolzano / Bozen,ROADACC,Road accidents with injuries,9,Total,9,Total,2,Vehicle-pedestrian accident,9,Total,99,Total,9,Total,99,Total,2017,234
A,Annual,ITD1,Provincia Autonoma Bolzano / Bozen,ROADACC,Road accidents with injuries,9,Total,9,Total,2,Vehicle-pedestrian accident,9,Total,99,Total,9,Total,99,Total,2018,197
A,Annual,ITD1,Provincia Autonoma Bolzano / Bozen,ROADACC,Road accidents with injuries,9,Total,9,Total,2,Vehicle-pedestrian accident,9,Total,99,Total,9,Total,99,Total,2019,196
A,Annual,ITD1,Provincia Autonoma Bolzano / Bozen,ROADACC,Road accidents with injuries,9,Total,9,Total,2,Vehicle-pedestrian accident,9,Total,99,Total,9,Total,99,Total,2020,128
A,Annual,ITD1,Provincia Autonoma Bolzano / Bozen,ROADACC,Road accidents with injuries,9,Total,9,Total,2,Vehicle-pedestrian accident,9,Total,99,Total,9,Total,99,Total,2021,138
A,Annual,ITD1,Provincia Autonoma Bolzano / Bozen,ROADACC,Road accidents with injuries,9,Total,9,Total,2,Vehicle-pedestrian accident,9,Total,99,Total,9,Total,99,Total,2022,165
A,Annual,ITD1,Provincia Autonoma Bolzano / Bozen,ROADACC,Road accidents with injuries,9,Total,9,Total,2,Vehicle-pedestrian accident,9,Total,99,Total,9,Total,99,Total,2023,168
A,Annual,ITD1,Provincia Autonoma Bolzano / Bozen,ROADACC,Road accidents with injuries,9,Total,9,Total,2,Vehicle-pedestrian accident,9,Total,99,Total,9,Total,99,Total,2024,156
A,Annual,ITD1,Provincia Autonoma Bolzano / Bozen,ROADACC,Road accidents with injuries,9,Total,9,Total,3,Accidents involving a single vehicle,0,No,99,Total,9,Total,99,Total,2010,179
A,Annual,ITD1,Provincia Autonoma Bolzano / Bozen,ROADACC,Road accidents with injuries,9,Total,9,Total,3,Accidents involving a single vehicle,0,No,99,Total,9,Total,99,Total,2011,210
A,Annual,ITD1,Provincia Autonoma Bolzano / Bozen,ROADACC,Road accidents with injuries,9,Total,9,Total,3,Accidents involving a single vehicle,0,No,99,Total,9,Total,99,Total,2012,311
A,Annual,ITD1,Provincia Autonoma Bolzano / Bozen,ROADACC,Road accidents with injuries,9,Total,9,Total,3,Accidents involving a single vehicle,0,No,99,Total,9,Total,99,Total,2013,314
A,Annual,ITD1,Provincia Autonoma Bolzano / Bozen,ROADACC,Road accidents with injuries,9,Total,9,Total,3,Accidents involving a single vehicle,0,No,99,Total,9,Total,99,Total,2014,293
A,Annual,ITD1,Provincia Autonoma Bolzano / Bozen,ROADACC,Road accidents with injuries,9,Total,9,Total,3,Accidents involving a single vehicle,0,No,99,Total,9,Total,99,Total,2015,320
A,Annual,ITD1,Provincia Autonoma Bolzano / Bozen,ROADACC,Road accidents with injuries,9,Total,9,Total,3,Accidents involving a single vehicle,0,No,99,Total,9,Total,99,Total,2016,327
A,Annual,ITD1,Provincia Autonoma Bolzano / Bozen,ROADACC,Road accidents with injuries,9,Total,9,Total,3,Accidents involving a single vehicle,0,No,99,Total,9,Total,99,Total,2017,320
A,Annual,ITD1,Provincia Autonoma Bolzano / Bozen,ROADACC,Road accidents with injuries,9,Total,9,Total,3,Accidents involving a single vehicle,0,No,99,Total,9,Total,99,Total,2018,325
A,Annual,ITD1,Provincia Autonoma Bolzano / Bozen,ROADACC,Road accidents with injuries,9,Total,9,Total,3,Accidents involving a single vehicle,0,No,99,Total,9,Total,99,Total,2019,299
A,Annual,ITD1,Provincia Autonoma Bolzano / Bozen,ROADACC,Road accidents with injuries,9,Total,9,Total,3,Accidents involving a single vehicle,0,No,99,Total,9,Total,99,Total,2020,283
A,Annual,ITD1,Provincia Autonoma Bolzano / Bozen,ROADACC,Road accidents with injuries,9,Total,9,Total,3,Accidents involving a single vehicle,0,No,99,Total,9,Total,99,Total,2021,330
A,Annual,ITD1,Provincia Autonoma Bolzano / Bozen,ROADACC,Road accidents with injuries,9,Total,9,Total,3,Accidents involving a single vehicle,0,No,99,Total,9,Total,99,Total,2022,326
A,Annual,ITD1,Provincia Autonoma Bolzano / Bozen,ROADACC,Road accidents with injuries,9,Total,9,Total,3,Accidents involving a single vehicle,0,No,99,Total,9,Total,99,Total,2023,384
A,Annual,ITD1,Provincia Autonoma Bolzano / Bozen,ROADACC,Road accidents with injuries,9,Total,9,Total,3,Accidents involving a single vehicle,0,No,99,Total,9,Total,99,Total,2024,330
A,Annual,ITD1,Provincia Autonoma Bolzano / Bozen,ROADACC,Road accidents with injuries,9,Total,9,Total,3,Accidents involving a single vehicle,1,Yes,99,Total,9,Total,99,Total,2010,6
A,Annual,ITD1,Provincia Autonoma Bolzano / Bozen,ROADACC,Road accidents with injuries,9,Total,9,Total,3,Accidents involving a single vehicle,1,Yes,99,Total,9,Total,99,Total,2011,12
A,Annual,ITD1,Provincia Autonoma Bolzano / Bozen,ROADACC,Road accidents with injuries,9,Total,9,Total,3,Accidents involving a single vehicle,1,Yes,99,Total,9,Total,99,Total,2012,13
A,Annual,ITD1,Provincia Autonoma Bolzano / Bozen,ROADACC,Road accidents with injuries,9,Total,9,Total,3,Accidents involving a single vehicle,1,Yes,99,Total,9,Total,99,Total,2013,8
A,Annual,ITD1,Provincia Autonoma Bolzano / Bozen,ROADACC,Road accidents with injuries,9,Total,9,Total,3,Accidents involving a single vehicle,1,Yes,99,Total,9,Total,99,Total,2014,9
A,Annual,ITD1,Provincia Autonoma Bolzano / Bozen,ROADACC,Road accidents with injuries,9,Total,9,Total,3,Accidents involving a single vehicle,1,Yes,99,Total,9,Total,99,Total,2015,15
A,Annual,ITD1,Provincia Autonoma Bolzano / Bozen,ROADACC,Road accidents with injuries,9,Total,9,Total,3,Accidents involving a single vehicle,1,Yes,99,Total,9,Total,99,Total,2016,9
A,Annual,ITD1,Provincia Autonoma Bolzano / Bozen,ROADACC,Road accidents with injuries,9,Total,9,Total,3,Accidents involving a single vehicle,1,Yes,99,Total,9,Total,99,Total,2017,3
A,Annual,ITD1,Provincia Autonoma Bolzano / Bozen,ROADACC,Road accidents with injuries,9,Total,9,Total,3,Accidents involving a single vehicle,1,Yes,99,Total,9,Total,99,Total,2018,8
A,Annual,ITD1,Provincia Autonoma Bolzano / Bozen,ROADACC,Road accidents with injuries,9,Total,9,Total,3,Accidents involving a single vehicle,1,Yes,99,Total,9,Total,99,Total,2019,13
A,Annual,ITD1,Provincia Autonoma Bolzano / Bozen,ROADACC,Road accidents with injuries,9,Total,9,Total,3,Accidents involving a single vehicle,1,Yes,99,Total,9,Total,99,Total,2020,10
A,Annual,ITD1,Provincia Autonoma Bolzano / Bozen,ROADACC,Road accidents with injuries,9,Total,9,Total,3,Accidents involving a single vehicle,1,Yes,99,Total,9,Total,99,Total,2021,4
A,Annual,ITD1,Provincia Autonoma Bolzano / Bozen,ROADACC,Road accidents with injuries,9,Total,9,Total,3,Accidents involving a single vehicle,1,Yes,99,Total,9,Total,99,Total,2022,8
A,Annual,ITD1,Provincia Autonoma Bolzano / Bozen,ROADACC,Road accidents with injuries,9,Total,9,Total,3,Accidents involving a single vehicle,1,Yes,99,Total,9,Total,99,Total,2023,9
A,Annual,ITD1,Provincia Autonoma Bolzano / Bozen,ROADACC,Road accidents with injuries,9,Total,9,Total,3,Accidents involving a single vehicle,1,Yes,99,Total,9,Total,99,Total,2024,16
A,Annual,ITD1,Provincia Autonoma Bolzano / Bozen,ROADACC,Road accidents with injuries,9,Total,9,Total,3,Accidents involving a single vehicle,9,Total,99,Total,9,Total,99,Total,2010,185
A,Annual,ITD1,Provincia Autonoma Bolzano / Bozen,ROADACC,Road accidents with injuries,9,Total,9,Total,3,Accidents involving a single vehicle,9,Total,99,Total,9,Total,99,Total,2011,222
A,Annual,ITD1,Provincia Autonoma Bolzano / Bozen,ROADACC,Road accidents with injuries,9,Total,9,Total,3,Accidents involving a single vehicle,9,Total,99,Total,9,Total,99,Total,2012,324
A,Annual,ITD1,Provincia Autonoma Bolzano / Bozen,ROADACC,Road accidents with injuries,9,Total,9,Total,3,Accidents involving a single vehicle,9,Total,99,Total,9,Total,99,Total,2013,322
A,Annual,ITD1,Provincia Autonoma Bolzano / Bozen,ROADACC,Road accidents with injuries,9,Total,9,Total,3,Accidents involving a single vehicle,9,Total,99,Total,9,Total,99,Total,2014,302
A,Annual,ITD1,Provincia Autonoma Bolzano / Bozen,ROADACC,Road accidents with injuries,9,Total,9,Total,3,Accidents involving a single vehicle,9,Total,99,Total,9,Total,99,Total,2015,335
A,Annual,ITD1,Provincia Autonoma Bolzano / Bozen,ROADACC,Road accidents with injuries,9,Total,9,Total,3,Accidents involving a single vehicle,9,Total,99,Total,9,Total,99,Total,2016,336
A,Annual,ITD1,Provincia Autonoma Bolzano / Bozen,ROADACC,Road accidents with injuries,9,Total,9,Total,3,Accidents involving a single vehicle,9,Total,99,Total,9,Total,99,Total,2017,323
A,Annual,ITD1,Provincia Autonoma Bolzano / Bozen,ROADACC,Road accidents with injuries,9,Total,9,Total,3,Accidents involving a single vehicle,9,Total,99,Total,9,Total,99,Total,2018,333
A,Annual,ITD1,Provincia Autonoma Bolzano / Bozen,ROADACC,Road accidents with injuries,9,Total,9,Total,3,Accidents involving a single vehicle,9,Total,99,Total,9,Total,99,Total,2019,312
A,Annual,ITD1,Provincia Autonoma Bolzano / Bozen,ROADACC,Road accidents with injuries,9,Total,9,Total,3,Accidents involving a single vehicle,9,Total,99,Total,9,Total,99,Total,2020,293
A,Annual,ITD1,Provincia Autonoma Bolzano / Bozen,ROADACC,Road accidents with injuries,9,Total,9,Total,3,Accidents involving a single vehicle,9,Total,99,Total,9,Total,99,Total,2021,334
A,Annual,ITD1,Provincia Autonoma Bolzano / Bozen,ROADACC,Road accidents with injuries,9,Total,9,Total,3,Accidents involving a single vehicle,9,Total,99,Total,9,Total,99,Total,2022,334
A,Annual,ITD1,Provincia Autonoma Bolzano / Bozen,ROADACC,Road accidents with injuries,9,Total,9,Total,3,Accidents involving a single vehicle,9,Total,99,Total,9,Total,99,Total,2023,393
A,Annual,ITD1,Provincia Autonoma Bolzano / Bozen,ROADACC,Road accidents with injuries,9,Total,9,Total,3,Accidents involving a single vehicle,9,Total,99,Total,9,Total,99,Total,2024,346
A,Annual,ITD1,Provincia Autonoma Bolzano / Bozen,ROADACC,Road accidents with injuries,9,Total,9,Total,9,Total,0,No,99,Total,9,Total,99,Total,2010,1095
A,Annual,ITD1,Provincia Autonoma Bolzano / Bozen,ROADACC,Road accidents with injuries,9,Total,9,Total,9,Total,0,No,99,Total,9,Total,99,Total,2011,1445
A,Annual,ITD1,Provincia Autonoma Bolzano / Bozen,ROADACC,Road accidents with injuries,9,Total,9,Total,9,Total,0,No,99,Total,9,Total,99,Total,2012,1732
A,Annual,ITD1,Provincia Autonoma Bolzano / Bozen,ROADACC,Road accidents with injuries,9,Total,9,Total,9,Total,0,No,99,Total,9,Total,99,Total,2013,1660
A,Annual,ITD1,Provincia Autonoma Bolzano / Bozen,ROADACC,Road accidents with injuries,9,Total,9,Total,9,Total,0,No,99,Total,9,Total,99,Total,2014,1557
A,Annual,ITD1,Provincia Autonoma Bolzano / Bozen,ROADACC,Road accidents with injuries,9,Total,9,Total,9,Total,0,No,99,Total,9,Total,99,Total,2015,1610
A,Annual,ITD1,Provincia Autonoma Bolzano / Bozen,ROADACC,Road accidents with injuries,9,Total,9,Total,9,Total,0,No,99,Total,9,Total,99,Total,2016,1708
A,Annual,ITD1,Provincia Autonoma Bolzano / Bozen,ROADACC,Road accidents with injuries,9,Total,9,Total,9,Total,0,No,99,Total,9,Total,99,Total,2017,1625
A,Annual,ITD1,Provincia Autonoma Bolzano / Bozen,ROADACC,Road accidents with injuries,9,Total,9,Total,9,Total,0,No,99,Total,9,Total,99,Total,2018,1674
A,Annual,ITD1,Provincia Autonoma Bolzano / Bozen,ROADACC,Road accidents with injuries,9,Total,9,Total,9,Total,0,No,99,Total,9,Total,99,Total,2019,1650
A,Annual,ITD1,Provincia Autonoma Bolzano / Bozen,ROADACC,Road accidents with injuries,9,Total,9,Total,9,Total,0,No,99,Total,9,Total,99,Total,2020,1215
A,Annual,ITD1,Provincia Autonoma Bolzano / Bozen,ROADACC,Road accidents with injuries,9,Total,9,Total,9,Total,0,No,99,Total,9,Total,99,Total,2021,1468
A,Annual,ITD1,Provincia Autonoma Bolzano / Bozen,ROADACC,Road accidents with injuries,9,Total,9,Total,9,Total,0,No,99,Total,9,Total,99,Total,2022,1744
A,Annual,ITD1,Provincia Autonoma Bolzano / Bozen,ROADACC,Road accidents with injuries,9,Total,9,Total,9,Total,0,No,99,Total,9,Total,99,Total,2023,1732
A,Annual,ITD1,Provincia Autonoma Bolzano / Bozen,ROADACC,Road accidents with injuries,9,Total,9,Total,9,Total,0,No,99,Total,9,Total,99,Total,2024,1686
A,Annual,ITD1,Provincia Autonoma Bolzano / Bozen,ROADACC,Road accidents with injuries,9,Total,9,Total,9,Total,1,Yes,99,Total,9,Total,99,Total,2010,29
A,Annual,ITD1,Provincia Autonoma Bolzano / Bozen,ROADACC,Road accidents with injuries,9,Total,9,Total,9,Total,1,Yes,99,Total,9,Total,99,Total,2011,32
A,Annual,ITD1,Provincia Autonoma Bolzano / Bozen,ROADACC,Road accidents with injuries,9,Total,9,Total,9,Total,1,Yes,99,Total,9,Total,99,Total,2012,35
A,Annual,ITD1,Provincia Autonoma Bolzano / Bozen,ROADACC,Road accidents with injuries,9,Total,9,Total,9,Total,1,Yes,99,Total,9,Total,99,Total,2013,30
A,Annual,ITD1,Provincia Autonoma Bolzano / Bozen,ROADACC,Road accidents with injuries,9,Total,9,Total,9,Total,1,Yes,99,Total,9,Total,99,Total,2014,30
A,Annual,ITD1,Provincia Autonoma Bolzano / Bozen,ROADACC,Road accidents with injuries,9,Total,9,Total,9,Total,1,Yes,99,Total,9,Total,99,Total,2015,34
A,Annual,ITD1,Provincia Autonoma Bolzano / Bozen,ROADACC,Road accidents with injuries,9,Total,9,Total,9,Total,1,Yes,99,Total,9,Total,99,Total,2016,36
A,Annual,ITD1,Provincia Autonoma Bolzano / Bozen,ROADACC,Road accidents with injuries,9,Total,9,Total,9,Total,1,Yes,99,Total,9,Total,99,Total,2017,30
A,Annual,ITD1,Provincia Autonoma Bolzano / Bozen,ROADACC,Road accidents with injuries,9,Total,9,Total,9,Total,1,Yes,99,Total,9,Total,99,Total,2018,32
A,Annual,ITD1,Provincia Autonoma Bolzano / Bozen,ROADACC,Road accidents with injuries,9,Total,9,Total,9,Total,1,Yes,99,Total,9,Total,99,Total,2019,44
A,Annual,ITD1,Provincia Autonoma Bolzano / Bozen,ROADACC,Road accidents with injuries,9,Total,9,Total,9,Total,1,Yes,99,Total,9,Total,99,Total,2020,24
A,Annual,ITD1,Provincia Autonoma Bolzano / Bozen,ROADACC,Road accidents with injuries,9,Total,9,Total,9,Total,1,Yes,99,Total,9,Total,99,Total,2021,24
A,Annual,ITD1,Provincia Autonoma Bolzano / Bozen,ROADACC,Road accidents with injuries,9,Total,9,Total,9,Total,1,Yes,99,Total,9,Total,99,Total,2022,31
A,Annual,ITD1,Provincia Autonoma Bolzano / Bozen,ROADACC,Road accidents with injuries,9,Total,9,Total,9,Total,1,Yes,99,Total,9,Total,99,Total,2023,34
A,Annual,ITD1,Provincia Autonoma Bolzano / Bozen,ROADACC,Road accidents with injuries,9,Total,9,Total,9,Total,1,Yes,99,Total,9,Total,99,Total,2024,32
A,Annual,ITD1,Provincia Autonoma Bolzano / Bozen,ROADACC,Road accidents with injuries,9,Total,9,Total,9,Total,9,Total,99,Total,9,Total,99,Total,2010,1124
A,Annual,ITD1,Provincia Autonoma Bolzano / Bozen,ROADACC,Road accidents with injuries,9,Total,9,Total,9,Total,9,Total,99,Total,9,Total,99,Total,2011,1477
A,Annual,ITD1,Provincia Autonoma Bolzano / Bozen,ROADACC,Road accidents with injuries,9,Total,9,Total,9,Total,9,Total,99,Total,9,Total,99,Total,2012,1767
A,Annual,ITD1,Provincia Autonoma Bolzano / Bozen,ROADACC,Road accidents with injuries,9,Total,9,Total,9,Total,9,Total,99,Total,9,Total,99,Total,2013,1690
A,Annual,ITD1,Provincia Autonoma Bolzano / Bozen,ROADACC,Road accidents with injuries,9,Total,9,Total,9,Total,9,Total,99,Total,9,Total,99,Total,2014,1587
A,Annual,ITD1,Provincia Autonoma Bolzano / Bozen,ROADACC,Road accidents with injuries,9,Total,9,Total,9,Total,9,Total,99,Total,9,Total,99,Total,2015,1644
A,Annual,ITD1,Provincia Autonoma Bolzano / Bozen,ROADACC,Road accidents with injuries,9,Total,9,Total,9,Total,9,Total,99,Total,9,Total,99,Total,2016,1744
A,Annual,ITD1,Provincia Autonoma Bolzano / Bozen,ROADACC,Road accidents with injuries,9,Total,9,Total,9,Total,9,Total,99,Total,9,Total,99,Total,2017,1655
A,Annual,ITD1,Provincia Autonoma Bolzano / Bozen,ROADACC,Road accidents with injuries,9,Total,9,Total,9,Total,9,Total,99,Total,9,Total,99,Total,2018,1706
A,Annual,ITD1,Provincia Autonoma Bolzano / Bozen,ROADACC,Road accidents with injuries,9,Total,9,Total,9,Total,9,Total,99,Total,9,Total,99,Total,2019,1694
A,Annual,ITD1,Provincia Autonoma Bolzano / Bozen,ROADACC,Road accidents with injuries,9,Total,9,Total,9,Total,9,Total,99,Total,9,Total,99,Total,2020,1239
A,Annual,ITD1,Provincia Autonoma Bolzano / Bozen,ROADACC,Road accidents with injuries,9,Total,9,Total,9,Total,9,Total,99,Total,9,Total,99,Total,2021,1492
A,Annual,ITD1,Provincia Autonoma Bolzano / Bozen,ROADACC,Road accidents with injuries,9,Total,9,Total,9,Total,9,Total,99,Total,9,Total,99,Total,2022,1775
A,Annual,ITD1,Provincia Autonoma Bolzano / Bozen,ROADACC,Road accidents with injuries,9,Total,9,Total,9,Total,9,Total,99,Total,9,Total,99,Total,2023,1766
A,Annual,ITD1,Provincia Autonoma Bolzano / Bozen,ROADACC,Road accidents with injuries,9,Total,9,Total,9,Total,9,Total,99,Total,9,Total,99,Total,2024,1718
A,Annual,ITD2,Provincia Autonoma Trento,ROADACC,Road accidents with injuries,9,Total,9,Total,1,Accidents between vehicles,0,No,99,Total,9,Total,99,Total,2010,1074
A,Annual,ITD2,Provincia Autonoma Trento,ROADACC,Road accidents with injuries,9,Total,9,Total,1,Accidents between vehicles,0,No,99,Total,9,Total,99,Total,2011,1065
A,Annual,ITD2,Provincia Autonoma Trento,ROADACC,Road accidents with injuries,9,Total,9,Total,1,Accidents between vehicles,0,No,99,Total,9,Total,99,Total,2012,987
A,Annual,ITD2,Provincia Autonoma Trento,ROADACC,Road accidents with injuries,9,Total,9,Total,1,Accidents between vehicles,0,No,99,Total,9,Total,99,Total,2013,983
A,Annual,ITD2,Provincia Autonoma Trento,ROADACC,Road accidents with injuries,9,Total,9,Total,1,Accidents between vehicles,0,No,99,Total,9,Total,99,Total,2014,927
A,Annual,ITD2,Provincia Autonoma Trento,ROADACC,Road accidents with injuries,9,Total,9,Total,1,Accidents between vehicles,0,No,99,Total,9,Total,99,Total,2015,971
A,Annual,ITD2,Provincia Autonoma Trento,ROADACC,Road accidents with injuries,9,Total,9,Total,1,Accidents between vehicles,0,No,99,Total,9,Total,99,Total,2016,948
A,Annual,ITD2,Provincia Autonoma Trento,ROADACC,Road accidents with injuries,9,Total,9,Total,1,Accidents between vehicles,0,No,99,Total,9,Total,99,Total,2017,893
A,Annual,ITD2,Provincia Autonoma Trento,ROADACC,Road accidents with injuries,9,Total,9,Total,1,Accidents between vehicles,0,No,99,Total,9,Total,99,Total,2018,936
A,Annual,ITD2,Provincia Autonoma Trento,ROADACC,Road accidents with injuries,9,Total,9,Total,1,Accidents between vehicles,0,No,99,Total,9,Total,99,Total,2019,902
A,Annual,ITD2,Provincia Autonoma Trento,ROADACC,Road accidents with injuries,9,Total,9,Total,1,Accidents between vehicles,0,No,99,Total,9,Total,99,Total,2020,552
A,Annual,ITD2,Provincia Autonoma Trento,ROADACC,Road accidents with injuries,9,Total,9,Total,1,Accidents between vehicles,0,No,99,Total,9,Total,99,Total,2021,748
A,Annual,ITD2,Provincia Autonoma Trento,ROADACC,Road accidents with injuries,9,Total,9,Total,1,Accidents between vehicles,0,No,99,Total,9,Total,99,Total,2022,895
A,Annual,ITD2,Provincia Autonoma Trento,ROADACC,Road accidents with injuries,9,Total,9,Total,1,Accidents between vehicles,0,No,99,Total,9,Total,99,Total,2023,844
A,Annual,ITD2,Provincia Autonoma Trento,ROADACC,Road accidents with injuries,9,Total,9,Total,1,Accidents between vehicles,0,No,99,Total,9,Total,99,Total,2024,832
A,Annual,ITD2,Provincia Autonoma Trento,ROADACC,Road accidents with injuries,9,Total,9,Total,1,Accidents between vehicles,1,Yes,99,Total,9,Total,99,Total,2010,13
A,Annual,ITD2,Provincia Autonoma Trento,ROADACC,Road accidents with injuries,9,Total,9,Total,1,Accidents between vehicles,1,Yes,99,Total,9,Total,99,Total,2011,14
A,Annual,ITD2,Provincia Autonoma Trento,ROADACC,Road accidents with injuries,9,Total,9,Total,1,Accidents between vehicles,1,Yes,99,Total,9,Total,99,Total,2012,14
A,Annual,ITD2,Provincia Autonoma Trento,ROADACC,Road accidents with injuries,9,Total,9,Total,1,Accidents between vehicles,1,Yes,99,Total,9,Total,99,Total,2013,13
A,Annual,ITD2,Provincia Autonoma Trento,ROADACC,Road accidents with injuries,9,Total,9,Total,1,Accidents between vehicles,1,Yes,99,Total,9,Total,99,Total,2014,16
A,Annual,ITD2,Provincia Autonoma Trento,ROADACC,Road accidents with injuries,9,Total,9,Total,1,Accidents between vehicles,1,Yes,99,Total,9,Total,99,Total,2015,21
A,Annual,ITD2,Provincia Autonoma Trento,ROADACC,Road accidents with injuries,9,Total,9,Total,1,Accidents between vehicles,1,Yes,99,Total,9,Total,99,Total,2016,18
A,Annual,ITD2,Provincia Autonoma Trento,ROADACC,Road accidents with injuries,9,Total,9,Total,1,Accidents between vehicles,1,Yes,99,Total,9,Total,99,Total,2017,14
A,Annual,ITD2,Provincia Autonoma Trento,ROADACC,Road accidents with injuries,9,Total,9,Total,1,Accidents between vehicles,1,Yes,99,Total,9,Total,99,Total,2018,18
A,Annual,ITD2,Provincia Autonoma Trento,ROADACC,Road accidents with injuries,9,Total,9,Total,1,Accidents between vehicles,1,Yes,99,Total,9,Total,99,Total,2019,11
A,Annual,ITD2,Provincia Autonoma Trento,ROADACC,Road accidents with injuries,9,Total,9,Total,1,Accidents between vehicles,1,Yes,99,Total,9,Total,99,Total,2020,16
A,Annual,ITD2,Provincia Autonoma Trento,ROADACC,Road accidents with injuries,9,Total,9,Total,1,Accidents between vehicles,1,Yes,99,Total,9,Total,99,Total,2021,12
A,Annual,ITD2,Provincia Autonoma Trento,ROADACC,Road accidents with injuries,9,Total,9,Total,1,Accidents between vehicles,1,Yes,99,Total,9,Total,99,Total,2022,17
A,Annual,ITD2,Provincia Autonoma Trento,ROADACC,Road accidents with injuries,9,Total,9,Total,1,Accidents between vehicles,1,Yes,99,Total,9,Total,99,Total,2023,15
A,Annual,ITD2,Provincia Autonoma Trento,ROADACC,Road accidents with injuries,9,Total,9,Total,1,Accidents between vehicles,1,Yes,99,Total,9,Total,99,Total,2024,17
A,Annual,ITD2,Provincia Autonoma Trento,ROADACC,Road accidents with injuries,9,Total,9,Total,1,Accidents between vehicles,9,Total,99,Total,9,Total,99,Total,2010,1087
A,Annual,ITD2,Provincia Autonoma Trento,ROADACC,Road accidents with injuries,9,Total,9,Total,1,Accidents between vehicles,9,Total,99,Total,9,Total,99,Total,2011,1079
A,Annual,ITD2,Provincia Autonoma Trento,ROADACC,Road accidents with injuries,9,Total,9,Total,1,Accidents between vehicles,9,Total,99,Total,9,Total,99,Total,2012,1001
A,Annual,ITD2,Provincia Autonoma Trento,ROADACC,Road accidents with injuries,9,Total,9,Total,1,Accidents between vehicles,9,Total,99,Total,9,Total,99,Total,2013,996
A,Annual,ITD2,Provincia Autonoma Trento,ROADACC,Road accidents with injuries,9,Total,9,Total,1,Accidents between vehicles,9,Total,99,Total,9,Total,99,Total,2014,943
A,Annual,ITD2,Provincia Autonoma Trento,ROADACC,Road accidents with injuries,9,Total,9,Total,1,Accidents between vehicles,9,Total,99,Total,9,Total,99,Total,2015,992
A,Annual,ITD2,Provincia Autonoma Trento,ROADACC,Road accidents with injuries,9,Total,9,Total,1,Accidents between vehicles,9,Total,99,Total,9,Total,99,Total,2016,966
A,Annual,ITD2,Provincia Autonoma Trento,ROADACC,Road accidents with injuries,9,Total,9,Total,1,Accidents between vehicles,9,Total,99,Total,9,Total,99,Total,2017,907
A,Annual,ITD2,Provincia Autonoma Trento,ROADACC,Road accidents with injuries,9,Total,9,Total,1,Accidents between vehicles,9,Total,99,Total,9,Total,99,Total,2018,954
A,Annual,ITD2,Provincia Autonoma Trento,ROADACC,Road accidents with injuries,9,Total,9,Total,1,Accidents between vehicles,9,Total,99,Total,9,Total,99,Total,2019,913
A,Annual,ITD2,Provincia Autonoma Trento,ROADACC,Road accidents with injuries,9,Total,9,Total,1,Accidents between vehicles,9,Total,99,Total,9,Total,99,Total,2020,568
A,Annual,ITD2,Provincia Autonoma Trento,ROADACC,Road accidents with injuries,9,Total,9,Total,1,Accidents between vehicles,9,Total,99,Total,9,Total,99,Total,2021,760
A,Annual,ITD2,Provincia Autonoma Trento,ROADACC,Road accidents with injuries,9,Total,9,Total,1,Accidents between vehicles,9,Total,99,Total,9,Total,99,Total,2022,912
A,Annual,ITD2,Provincia Autonoma Trento,ROADACC,Road accidents with injuries,9,Total,9,Total,1,Accidents between vehicles,9,Total,99,Total,9,Total,99,Total,2023,859
A,Annual,ITD2,Provincia Autonoma Trento,ROADACC,Road accidents with injuries,9,Total,9,Total,1,Accidents between vehicles,9,Total,99,Total,9,Total,99,Total,2024,849
A,Annual,ITD2,Provincia Autonoma Trento,ROADACC,Road accidents with injuries,9,Total,9,Total,2,Vehicle-pedestrian accident,0,No,99,Total,9,Total,99,Total,2010,130
A,Annual,ITD2,Provincia Autonoma Trento,ROADACC,Road accidents with injuries,9,Total,9,Total,2,Vehicle-pedestrian accident,0,No,99,Total,9,Total,99,Total,2011,160
A,Annual,ITD2,Provincia Autonoma Trento,ROADACC,Road accidents with injuries,9,Total,9,Total,2,Vehicle-pedestrian accident,0,No,99,Total,9,Total,99,Total,2012,159
A,Annual,ITD2,Provincia Autonoma Trento,ROADACC,Road accidents with injuries,9,Total,9,Total,2,Vehicle-pedestrian accident,0,No,99,Total,9,Total,99,Total,2013,145
A,Annual,ITD2,Provincia Autonoma Trento,ROADACC,Road accidents with injuries,9,Total,9,Total,2,Vehicle-pedestrian accident,0,No,99,Total,9,Total,99,Total,2014,167
A,Annual,ITD2,Provincia Autonoma Trento,ROADACC,Road accidents with injuries,9,Total,9,Total,2,Vehicle-pedestrian accident,0,No,99,Total,9,Total,99,Total,2015,125
A,Annual,ITD2,Provincia Autonoma Trento,ROADACC,Road accidents with injuries,9,Total,9,Total,2,Vehicle-pedestrian accident,0,No,99,Total,9,Total,99,Total,2016,135
A,Annual,ITD2,Provincia Autonoma Trento,ROADACC,Road accidents with injuries,9,Total,9,Total,2,Vehicle-pedestrian accident,0,No,99,Total,9,Total,99,Total,2017,125
A,Annual,ITD2,Provincia Autonoma Trento,ROADACC,Road accidents with injuries,9,Total,9,Total,2,Vehicle-pedestrian accident,0,No,99,Total,9,Total,99,Total,2018,136
A,Annual,ITD2,Provincia Autonoma Trento,ROADACC,Road accidents with injuries,9,Total,9,Total,2,Vehicle-pedestrian accident,0,No,99,Total,9,Total,99,Total,2019,156
A,Annual,ITD2,Provincia Autonoma Trento,ROADACC,Road accidents with injuries,9,Total,9,Total,2,Vehicle-pedestrian accident,0,No,99,Total,9,Total,99,Total,2020,84
A,Annual,ITD2,Provincia Autonoma Trento,ROADACC,Road accidents with injuries,9,Total,9,Total,2,Vehicle-pedestrian accident,0,No,99,Total,9,Total,99,Total,2021,109
A,Annual,ITD2,Provincia Autonoma Trento,ROADACC,Road accidents with injuries,9,Total,9,Total,2,Vehicle-pedestrian accident,0,No,99,Total,9,Total,99,Total,2022,131
A,Annual,ITD2,Provincia Autonoma Trento,ROADACC,Road accidents with injuries,9,Total,9,Total,2,Vehicle-pedestrian accident,0,No,99,Total,9,Total,99,Total,2023,132
A,Annual,ITD2,Provincia Autonoma Trento,ROADACC,Road accidents with injuries,9,Total,9,Total,2,Vehicle-pedestrian accident,0,No,99,Total,9,Total,99,Total,2024,130
A,Annual,ITD2,Provincia Autonoma Trento,ROADACC,Road accidents with injuries,9,Total,9,Total,2,Vehicle-pedestrian accident,1,Yes,99,Total,9,Total,99,Total,2010,5
A,Annual,ITD2,Provincia Autonoma Trento,ROADACC,Road accidents with injuries,9,Total,9,Total,2,Vehicle-pedestrian accident,1,Yes,99,Total,9,Total,99,Total,2011,2
A,Annual,ITD2,Provincia Autonoma Trento,ROADACC,Road accidents with injuries,9,Total,9,Total,2,Vehicle-pedestrian accident,1,Yes,99,Total,9,Total,99,Total,2012,7
A,Annual,ITD2,Provincia Autonoma Trento,ROADACC,Road accidents with injuries,9,Total,9,Total,2,Vehicle-pedestrian accident,1,Yes,99,Total,9,Total,99,Total,2013,1
A,Annual,ITD2,Provincia Autonoma Trento,ROADACC,Road accidents with injuries,9,Total,9,Total,2,Vehicle-pedestrian accident,1,Yes,99,Total,9,Total,99,Total,2014,3
A,Annual,ITD2,Provincia Autonoma Trento,ROADACC,Road accidents with injuries,9,Total,9,Total,2,Vehicle-pedestrian accident,1,Yes,99,Total,9,Total,99,Total,2015,6
A,Annual,ITD2,Provincia Autonoma Trento,ROADACC,Road accidents with injuries,9,Total,9,Total,2,Vehicle-pedestrian accident,1,Yes,99,Total,9,Total,99,Total,2016,3
A,Annual,ITD2,Provincia Autonoma Trento,ROADACC,Road accidents with injuries,9,Total,9,Total,2,Vehicle-pedestrian accident,1,Yes,99,Total,9,Total,99,Total,2017,1
A,Annual,ITD2,Provincia Autonoma Trento,ROADACC,Road accidents with injuries,9,Total,9,Total,2,Vehicle-pedestrian accident,1,Yes,99,Total,9,Total,99,Total,2018,1
A,Annual,ITD2,Provincia Autonoma Trento,ROADACC,Road accidents with injuries,9,Total,9,Total,2,Vehicle-pedestrian accident,1,Yes,99,Total,9,Total,99,Total,2019,3
A,Annual,ITD2,Provincia Autonoma Trento,ROADACC,Road accidents with injuries,9,Total,9,Total,2,Vehicle-pedestrian accident,1,Yes,99,Total,9,Total,99,Total,2021,3
A,Annual,ITD2,Provincia Autonoma Trento,ROADACC,Road accidents with injuries,9,Total,9,Total,2,Vehicle-pedestrian accident,1,Yes,99,Total,9,Total,99,Total,2022,2
A,Annual,ITD2,Provincia Autonoma Trento,ROADACC,Road accidents with injuries,9,Total,9,Total,2,Vehicle-pedestrian accident,1,Yes,99,Total,9,Total,99,Total,2023,3
A,Annual,ITD2,Provincia Autonoma Trento,ROADACC,Road accidents with injuries,9,Total,9,Total,2,Vehicle-pedestrian accident,1,Yes,99,Total,9,Total,99,Total,2024,6
A,Annual,ITD2,Provincia Autonoma Trento,ROADACC,Road accidents with injuries,9,Total,9,Total,2,Vehicle-pedestrian accident,9,Total,99,Total,9,Total,99,Total,2010,135
A,Annual,ITD2,Provincia Autonoma Trento,ROADACC,Road accidents with injuries,9,Total,9,Total,2,Vehicle-pedestrian accident,9,Total,99,Total,9,Total,99,Total,2011,162
A,Annual,ITD2,Provincia Autonoma Trento,ROADACC,Road accidents with injuries,9,Total,9,Total,2,Vehicle-pedestrian accident,9,Total,99,Total,9,Total,99,Total,2012,166
A,Annual,ITD2,Provincia Autonoma Trento,ROADACC,Road accidents with injuries,9,Total,9,Total,2,Vehicle-pedestrian accident,9,Total,99,Total,9,Total,99,Total,2013,146
A,Annual,ITD2,Provincia Autonoma Trento,ROADACC,Road accidents with injuries,9,Total,9,Total,2,Vehicle-pedestrian accident,9,Total,99,Total,9,Total,99,Total,2014,170
A,Annual,ITD2,Provincia Autonoma Trento,ROADACC,Road accidents with injuries,9,Total,9,Total,2,Vehicle-pedestrian accident,9,Total,99,Total,9,Total,99,Total,2015,131
A,Annual,ITD2,Provincia Autonoma Trento,ROADACC,Road accidents with injuries,9,Total,9,Total,2,Vehicle-pedestrian accident,9,Total,99,Total,9,Total,99,Total,2016,138
A,Annual,ITD2,Provincia Autonoma Trento,ROADACC,Road accidents with injuries,9,Total,9,Total,2,Vehicle-pedestrian accident,9,Total,99,Total,9,Total,99,Total,2017,126
A,Annual,ITD2,Provincia Autonoma Trento,ROADACC,Road accidents with injuries,9,Total,9,Total,2,Vehicle-pedestrian accident,9,Total,99,Total,9,Total,99,Total,2018,137
A,Annual,ITD2,Provincia Autonoma Trento,ROADACC,Road accidents with injuries,9,Total,9,Total,2,Vehicle-pedestrian accident,9,Total,99,Total,9,Total,99,Total,2019,159
A,Annual,ITD2,Provincia Autonoma Trento,ROADACC,Road accidents with injuries,9,Total,9,Total,2,Vehicle-pedestrian accident,9,Total,99,Total,9,Total,99,Total,2020,84
A,Annual,ITD2,Provincia Autonoma Trento,ROADACC,Road accidents with injuries,9,Total,9,Total,2,Vehicle-pedestrian accident,9,Total,99,Total,9,Total,99,Total,2021,112
A,Annual,ITD2,Provincia Autonoma Trento,ROADACC,Road accidents with injuries,9,Total,9,Total,2,Vehicle-pedestrian accident,9,Total,99,Total,9,Total,99,Total,2022,133
A,Annual,ITD2,Provincia Autonoma Trento,ROADACC,Road accidents with injuries,9,Total,9,Total,2,Vehicle-pedestrian accident,9,Total,99,Total,9,Total,99,Total,2023,135
A,Annual,ITD2,Provincia Autonoma Trento,ROADACC,Road accidents with injuries,9,Total,9,Total,2,Vehicle-pedestrian accident,9,Total,99,Total,9,Total,99,Total,2024,136
A,Annual,ITD2,Provincia Autonoma Trento,ROADACC,Road accidents with injuries,9,Total,9,Total,3,Accidents involving a single vehicle,0,No,99,Total,9,Total,99,Total,2010,266
A,Annual,ITD2,Provincia Autonoma Trento,ROADACC,Road accidents with injuries,9,Total,9,Total,3,Accidents involving a single vehicle,0,No,99,Total,9,Total,99,Total,2011,266
A,Annual,ITD2,Provincia Autonoma Trento,ROADACC,Road accidents with injuries,9,Total,9,Total,3,Accidents involving a single vehicle,0,No,99,Total,9,Total,99,Total,2012,318
A,Annual,ITD2,Provincia Autonoma Trento,ROADACC,Road accidents with injuries,9,Total,9,Total,3,Accidents involving a single vehicle,0,No,99,Total,9,Total,99,Total,2013,326
A,Annual,ITD2,Provincia Autonoma Trento,ROADACC,Road accidents with injuries,9,Total,9,Total,3,Accidents involving a single vehicle,0,No,99,Total,9,Total,99,Total,2014,293
A,Annual,ITD2,Provincia Autonoma Trento,ROADACC,Road accidents with injuries,9,Total,9,Total,3,Accidents involving a single vehicle,0,No,99,Total,9,Total,99,Total,2015,277
A,Annual,ITD2,Provincia Autonoma Trento,ROADACC,Road accidents with injuries,9,Total,9,Total,3,Accidents involving a single vehicle,0,No,99,Total,9,Total,99,Total,2016,248
A,Annual,ITD2,Provincia Autonoma Trento,ROADACC,Road accidents with injuries,9,Total,9,Total,3,Accidents involving a single vehicle,0,No,99,Total,9,Total,99,Total,2017,312
A,Annual,ITD2,Provincia Autonoma Trento,ROADACC,Road accidents with injuries,9,Total,9,Total,3,Accidents involving a single vehicle,0,No,99,Total,9,Total,99,Total,2018,292
A,Annual,ITD2,Provincia Autonoma Trento,ROADACC,Road accidents with injuries,9,Total,9,Total,3,Accidents involving a single vehicle,0,No,99,Total,9,Total,99,Total,2019,293
A,Annual,ITD2,Provincia Autonoma Trento,ROADACC,Road accidents with injuries,9,Total,9,Total,3,Accidents involving a single vehicle,0,No,99,Total,9,Total,99,Total,2020,219
A,Annual,ITD2,Provincia Autonoma Trento,ROADACC,Road accidents with injuries,9,Total,9,Total,3,Accidents involving a single vehicle,0,No,99,Total,9,Total,99,Total,2021,244
A,Annual,ITD2,Provincia Autonoma Trento,ROADACC,Road accidents with injuries,9,Total,9,Total,3,Accidents involving a single vehicle,0,No,99,Total,9,Total,99,Total,2022,289
A,Annual,ITD2,Provincia Autonoma Trento,ROADACC,Road accidents with injuries,9,Total,9,Total,3,Accidents involving a single vehicle,0,No,99,Total,9,Total,99,Total,2023,279
A,Annual,ITD2,Provincia Autonoma Trento,ROADACC,Road accidents with injuries,9,Total,9,Total,3,Accidents involving a single vehicle,0,No,99,Total,9,Total,99,Total,2024,308
A,Annual,ITD2,Provincia Autonoma Trento,ROADACC,Road accidents with injuries,9,Total,9,Total,3,Accidents involving a single vehicle,1,Yes,99,Total,9,Total,99,Total,2010,8
A,Annual,ITD2,Provincia Autonoma Trento,ROADACC,Road accidents with injuries,9,Total,9,Total,3,Accidents involving a single vehicle,1,Yes,99,Total,9,Total,99,Total,2011,7
A,Annual,ITD2,Provincia Autonoma Trento,ROADACC,Road accidents with injuries,9,Total,9,Total,3,Accidents involving a single vehicle,1,Yes,99,Total,9,Total,99,Total,2012,12
A,Annual,ITD2,Provincia Autonoma Trento,ROADACC,Road accidents with injuries,9,Total,9,Total,3,Accidents involving a single vehicle,1,Yes,99,Total,9,Total,99,Total,2013,11
A,Annual,ITD2,Provincia Autonoma Trento,ROADACC,Road accidents with injuries,9,Total,9,Total,3,Accidents involving a single vehicle,1,Yes,99,Total,9,Total,99,Total,2014,9
A,Annual,ITD2,Provincia Autonoma Trento,ROADACC,Road accidents with injuries,9,Total,9,Total,3,Accidents involving a single vehicle,1,Yes,99,Total,9,Total,99,Total,2015,8
A,Annual,ITD2,Provincia Autonoma Trento,ROADACC,Road accidents with injuries,9,Total,9,Total,3,Accidents involving a single vehicle,1,Yes,99,Total,9,Total,99,Total,2016,9
A,Annual,ITD2,Provincia Autonoma Trento,ROADACC,Road accidents with injuries,9,Total,9,Total,3,Accidents involving a single vehicle,1,Yes,99,Total,9,Total,99,Total,2017,11
A,Annual,ITD2,Provincia Autonoma Trento,ROADACC,Road accidents with injuries,9,Total,9,Total,3,Accidents involving a single vehicle,1,Yes,99,Total,9,Total,99,Total,2018,10
A,Annual,ITD2,Provincia Autonoma Trento,ROADACC,Road accidents with injuries,9,Total,9,Total,3,Accidents involving a single vehicle,1,Yes,99,Total,9,Total,99,Total,2019,10
A,Annual,ITD2,Provincia Autonoma Trento,ROADACC,Road accidents with injuries,9,Total,9,Total,3,Accidents involving a single vehicle,1,Yes,99,Total,9,Total,99,Total,2020,9
A,Annual,ITD2,Provincia Autonoma Trento,ROADACC,Road accidents with injuries,9,Total,9,Total,3,Accidents involving a single vehicle,1,Yes,99,Total,9,Total,99,Total,2021,9
A,Annual,ITD2,Provincia Autonoma Trento,ROADACC,Road accidents with injuries,9,Total,9,Total,3,Accidents involving a single vehicle,1,Yes,99,Total,9,Total,99,Total,2022,12
A,Annual,ITD2,Provincia Autonoma Trento,ROADACC,Road accidents with injuries,9,Total,9,Total,3,Accidents involving a single vehicle,1,Yes,99,Total,9,Total,99,Total,2023,16
A,Annual,ITD2,Provincia Autonoma Trento,ROADACC,Road accidents with injuries,9,Total,9,Total,3,Accidents involving a single vehicle,1,Yes,99,Total,9,Total,99,Total,2024,15
A,Annual,ITD2,Provincia Autonoma Trento,ROADACC,Road accidents with injuries,9,Total,9,Total,3,Accidents involving a single vehicle,9,Total,99,Total,9,Total,99,Total,2010,274
A,Annual,ITD2,Provincia Autonoma Trento,ROADACC,Road accidents with injuries,9,Total,9,Total,3,Accidents involving a single vehicle,9,Total,99,Total,9,Total,99,Total,2011,273
A,Annual,ITD2,Provincia Autonoma Trento,ROADACC,Road accidents with injuries,9,Total,9,Total,3,Accidents involving a single vehicle,9,Total,99,Total,9,Total,99,Total,2012,330
A,Annual,ITD2,Provincia Autonoma Trento,ROADACC,Road accidents with injuries,9,Total,9,Total,3,Accidents involving a single vehicle,9,Total,99,Total,9,Total,99,Total,2013,337
A,Annual,ITD2,Provincia Autonoma Trento,ROADACC,Road accidents with injuries,9,Total,9,Total,3,Accidents involving a single vehicle,9,Total,99,Total,9,Total,99,Total,2014,302
A,Annual,ITD2,Provincia Autonoma Trento,ROADACC,Road accidents with injuries,9,Total,9,Total,3,Accidents involving a single vehicle,9,Total,99,Total,9,Total,99,Total,2015,285
A,Annual,ITD2,Provincia Autonoma Trento,ROADACC,Road accidents with injuries,9,Total,9,Total,3,Accidents involving a single vehicle,9,Total,99,Total,9,Total,99,Total,2016,257
A,Annual,ITD2,Provincia Autonoma Trento,ROADACC,Road accidents with injuries,9,Total,9,Total,3,Accidents involving a single vehicle,9,Total,99,Total,9,Total,99,Total,2017,323
A,Annual,ITD2,Provincia Autonoma Trento,ROADACC,Road accidents with injuries,9,Total,9,Total,3,Accidents involving a single vehicle,9,Total,99,Total,9,Total,99,Total,2018,302
A,Annual,ITD2,Provincia Autonoma Trento,ROADACC,Road accidents with injuries,9,Total,9,Total,3,Accidents involving a single vehicle,9,Total,99,Total,9,Total,99,Total,2019,303
A,Annual,ITD2,Provincia Autonoma Trento,ROADACC,Road accidents with injuries,9,Total,9,Total,3,Accidents involving a single vehicle,9,Total,99,Total,9,Total,99,Total,2020,228
A,Annual,ITD2,Provincia Autonoma Trento,ROADACC,Road accidents with injuries,9,Total,9,Total,3,Accidents involving a single vehicle,9,Total,99,Total,9,Total,99,Total,2021,253
A,Annual,ITD2,Provincia Autonoma Trento,ROADACC,Road accidents with injuries,9,Total,9,Total,3,Accidents involving a single vehicle,9,Total,99,Total,9,Total,99,Total,2022,301
A,Annual,ITD2,Provincia Autonoma Trento,ROADACC,Road accidents with injuries,9,Total,9,Total,3,Accidents involving a single vehicle,9,Total,99,Total,9,Total,99,Total,2023,295
A,Annual,ITD2,Provincia Autonoma Trento,ROADACC,Road accidents with injuries,9,Total,9,Total,3,Accidents involving a single vehicle,9,Total,99,Total,9,Total,99,Total,2024,323
A,Annual,ITD2,Provincia Autonoma Trento,ROADACC,Road accidents with injuries,9,Total,9,Total,9,Total,0,No,99,Total,9,Total,99,Total,2010,1470
A,Annual,ITD2,Provincia Autonoma Trento,ROADACC,Road accidents with injuries,9,Total,9,Total,9,Total,0,No,99,Total,9,Total,99,Total,2011,1491
A,Annual,ITD2,Provincia Autonoma Trento,ROADACC,Road accidents with injuries,9,Total,9,Total,9,Total,0,No,99,Total,9,Total,99,Total,2012,1464
A,Annual,ITD2,Provincia Autonoma Trento,ROADACC,Road accidents with injuries,9,Total,9,Total,9,Total,0,No,99,Total,9,Total,99,Total,2013,1454
A,Annual,ITD2,Provincia Autonoma Trento,ROADACC,Road accidents with injuries,9,Total,9,Total,9,Total,0,No,99,Total,9,Total,99,Total,2014,1387
A,Annual,ITD2,Provincia Autonoma Trento,ROADACC,Road accidents with injuries,9,Total,9,Total,9,Total,0,No,99,Total,9,Total,99,Total,2015,1373
A,Annual,ITD2,Provincia Autonoma Trento,ROADACC,Road accidents with injuries,9,Total,9,Total,9,Total,0,No,99,Total,9,Total,99,Total,2016,1331
A,Annual,ITD2,Provincia Autonoma Trento,ROADACC,Road accidents with injuries,9,Total,9,Total,9,Total,0,No,99,Total,9,Total,99,Total,2017,1330
A,Annual,ITD2,Provincia Autonoma Trento,ROADACC,Road accidents with injuries,9,Total,9,Total,9,Total,0,No,99,Total,9,Total,99,Total,2018,1364
A,Annual,ITD2,Provincia Autonoma Trento,ROADACC,Road accidents with injuries,9,Total,9,Total,9,Total,0,No,99,Total,9,Total,99,Total,2019,1351
A,Annual,ITD2,Provincia Autonoma Trento,ROADACC,Road accidents with injuries,9,Total,9,Total,9,Total,0,No,99,Total,9,Total,99,Total,2020,855
A,Annual,ITD2,Provincia Autonoma Trento,ROADACC,Road accidents with injuries,9,Total,9,Total,9,Total,0,No,99,Total,9,Total,99,Total,2021,1101
A,Annual,ITD2,Provincia Autonoma Trento,ROADACC,Road accidents with injuries,9,Total,9,Total,9,Total,0,No,99,Total,9,Total,99,Total,2022,1315
A,Annual,ITD2,Provincia Autonoma Trento,ROADACC,Road accidents with injuries,9,Total,9,Total,9,Total,0,No,99,Total,9,Total,99,Total,2023,1255
A,Annual,ITD2,Provincia Autonoma Trento,ROADACC,Road accidents with injuries,9,Total,9,Total,9,Total,0,No,99,Total,9,Total,99,Total,2024,1270
A,Annual,ITD2,Provincia Autonoma Trento,ROADACC,Road accidents with injuries,9,Total,9,Total,9,Total,1,Yes,99,Total,9,Total,99,Total,2010,26
A,Annual,ITD2,Provincia Autonoma Trento,ROADACC,Road accidents with injuries,9,Total,9,Total,9,Total,1,Yes,99,Total,9,Total,99,Total,2011,23
A,Annual,ITD2,Provincia Autonoma Trento,ROADACC,Road accidents with injuries,9,Total,9,Total,9,Total,1,Yes,99,Total,9,Total,99,Total,2012,33
A,Annual,ITD2,Provincia Autonoma Trento,ROADACC,Road accidents with injuries,9,Total,9,Total,9,Total,1,Yes,99,Total,9,Total,99,Total,2013,25
A,Annual,ITD2,Provincia Autonoma Trento,ROADACC,Road accidents with injuries,9,Total,9,Total,9,Total,1,Yes,99,Total,9,Total,99,Total,2014,28
A,Annual,ITD2,Provincia Autonoma Trento,ROADACC,Road accidents with injuries,9,Total,9,Total,9,Total,1,Yes,99,Total,9,Total,99,Total,2015,35
A,Annual,ITD2,Provincia Autonoma Trento,ROADACC,Road accidents with injuries,9,Total,9,Total,9,Total,1,Yes,99,Total,9,Total,99,Total,2016,30
A,Annual,ITD2,Provincia Autonoma Trento,ROADACC,Road accidents with injuries,9,Total,9,Total,9,Total,1,Yes,99,Total,9,Total,99,Total,2017,26
A,Annual,ITD2,Provincia Autonoma Trento,ROADACC,Road accidents with injuries,9,Total,9,Total,9,Total,1,Yes,99,Total,9,Total,99,Total,2018,29
A,Annual,ITD2,Provincia Autonoma Trento,ROADACC,Road accidents with injuries,9,Total,9,Total,9,Total,1,Yes,99,Total,9,Total,99,Total,2019,24
A,Annual,ITD2,Provincia Autonoma Trento,ROADACC,Road accidents with injuries,9,Total,9,Total,9,Total,1,Yes,99,Total,9,Total,99,Total,2020,25
A,Annual,ITD2,Provincia Autonoma Trento,ROADACC,Road accidents with injuries,9,Total,9,Total,9,Total,1,Yes,99,Total,9,Total,99,Total,2021,24
A,Annual,ITD2,Provincia Autonoma Trento,ROADACC,Road accidents with injuries,9,Total,9,Total,9,Total,1,Yes,99,Total,9,Total,99,Total,2022,31
A,Annual,ITD2,Provincia Autonoma Trento,ROADACC,Road accidents with injuries,9,Total,9,Total,9,Total,1,Yes,99,Total,9,Total,99,Total,2023,34
A,Annual,ITD2,Provincia Autonoma Trento,ROADACC,Road accidents with injuries,9,Total,9,Total,9,Total,1,Yes,99,Total,9,Total,99,Total,2024,38
A,Annual,ITD2,Provincia Autonoma Trento,ROADACC,Road accidents with injuries,9,Total,9,Total,9,Total,9,Total,99,Total,9,Total,99,Total,2010,1496
A,Annual,ITD2,Provincia Autonoma Trento,ROADACC,Road accidents with injuries,9,Total,9,Total,9,Total,9,Total,99,Total,9,Total,99,Total,2011,1514
A,Annual,ITD2,Provincia Autonoma Trento,ROADACC,Road accidents with injuries,9,Total,9,Total,9,Total,9,Total,99,Total,9,Total,99,Total,2012,1497
A,Annual,ITD2,Provincia Autonoma Trento,ROADACC,Road accidents with injuries,9,Total,9,Total,9,Total,9,Total,99,Total,9,Total,99,Total,2013,1479
A,Annual,ITD2,Provincia Autonoma Trento,ROADACC,Road accidents with injuries,9,Total,9,Total,9,Total,9,Total,99,Total,9,Total,99,Total,2014,1415
A,Annual,ITD2,Provincia Autonoma Trento,ROADACC,Road accidents with injuries,9,Total,9,Total,9,Total,9,Total,99,Total,9,Total,99,Total,2015,1408
A,Annual,ITD2,Provincia Autonoma Trento,ROADACC,Road accidents with injuries,9,Total,9,Total,9,Total,9,Total,99,Total,9,Total,99,Total,2016,1361
A,Annual,ITD2,Provincia Autonoma Trento,ROADACC,Road accidents with injuries,9,Total,9,Total,9,Total,9,Total,99,Total,9,Total,99,Total,2017,1356
A,Annual,ITD2,Provincia Autonoma Trento,ROADACC,Road accidents with injuries,9,Total,9,Total,9,Total,9,Total,99,Total,9,Total,99,Total,2018,1393
A,Annual,ITD2,Provincia Autonoma Trento,ROADACC,Road accidents with injuries,9,Total,9,Total,9,Total,9,Total,99,Total,9,Total,99,Total,2019,1375
A,Annual,ITD2,Provincia Autonoma Trento,ROADACC,Road accidents with injuries,9,Total,9,Total,9,Total,9,Total,99,Total,9,Total,99,Total,2020,880
A,Annual,ITD2,Provincia Autonoma Trento,ROADACC,Road accidents with injuries,9,Total,9,Total,9,Total,9,Total,99,Total,9,Total,99,Total,2021,1125
A,Annual,ITD2,Provincia Autonoma Trento,ROADACC,Road accidents with injuries,9,Total,9,Total,9,Total,9,Total,99,Total,9,Total,99,Total,2022,1346
A,Annual,ITD2,Provincia Autonoma Trento,ROADACC,Road accidents with injuries,9,Total,9,Total,9,Total,9,Total,99,Total,9,Total,99,Total,2023,1289
A,Annual,ITD2,Provincia Autonoma Trento,ROADACC,Road accidents with injuries,9,Total,9,Total,9,Total,9,Total,99,Total,9,Total,99,Total,2024,1308
A,Annual,ITD3,Veneto,ROADACC,Road accidents with injuries,9,Total,9,Total,1,Accidents between vehicles,0,No,99,Total,9,Total,99,Total,2010,11723
A,Annual,ITD3,Veneto,ROADACC,Road accidents with injuries,9,Total,9,Total,1,Accidents between vehicles,0,No,99,Total,9,Total,99,Total,2011,11736
A,Annual,ITD3,Veneto,ROADACC,Road accidents with injuries,9,Total,9,Total,1,Accidents between vehicles,0,No,99,Total,9,Total,99,Total,2012,10744
A,Annual,ITD3,Veneto,ROADACC,Road accidents with injuries,9,Total,9,Total,1,Accidents between vehicles,0,No,99,Total,9,Total,99,Total,2013,10118
A,Annual,ITD3,Veneto,ROADACC,Road accidents with injuries,9,Total,9,Total,1,Accidents between vehicles,0,No,99,Total,9,Total,99,Total,2014,10270
A,Annual,ITD3,Veneto,ROADACC,Road accidents with injuries,9,Total,9,Total,1,Accidents between vehicles,0,No,99,Total,9,Total,99,Total,2015,10146
A,Annual,ITD3,Veneto,ROADACC,Road accidents with injuries,9,Total,9,Total,1,Accidents between vehicles,0,No,99,Total,9,Total,99,Total,2016,10275
A,Annual,ITD3,Veneto,ROADACC,Road accidents with injuries,9,Total,9,Total,1,Accidents between vehicles,0,No,99,Total,9,Total,99,Total,2017,10124
A,Annual,ITD3,Veneto,ROADACC,Road accidents with injuries,9,Total,9,Total,1,Accidents between vehicles,0,No,99,Total,9,Total,99,Total,2018,10288
A,Annual,ITD3,Veneto,ROADACC,Road accidents with injuries,9,Total,9,Total,1,Accidents between vehicles,0,No,99,Total,9,Total,99,Total,2019,9965
A,Annual,ITD3,Veneto,ROADACC,Road accidents with injuries,9,Total,9,Total,1,Accidents between vehicles,0,No,99,Total,9,Total,99,Total,2020,7000
A,Annual,ITD3,Veneto,ROADACC,Road accidents with injuries,9,Total,9,Total,1,Accidents between vehicles,0,No,99,Total,9,Total,99,Total,2021,8994
A,Annual,ITD3,Veneto,ROADACC,Road accidents with injuries,9,Total,9,Total,1,Accidents between vehicles,0,No,99,Total,9,Total,99,Total,2022,9503
A,Annual,ITD3,Veneto,ROADACC,Road accidents with injuries,9,Total,9,Total,1,Accidents between vehicles,0,No,99,Total,9,Total,99,Total,2023,9128
A,Annual,ITD3,Veneto,ROADACC,Road accidents with injuries,9,Total,9,Total,1,Accidents between vehicles,0,No,99,Total,9,Total,99,Total,2024,9227
A,Annual,ITD3,Veneto,ROADACC,Road accidents with injuries,9,Total,9,Total,1,Accidents between vehicles,1,Yes,99,Total,9,Total,99,Total,2010,214
A,Annual,ITD3,Veneto,ROADACC,Road accidents with injuries,9,Total,9,Total,1,Accidents between vehicles,1,Yes,99,Total,9,Total,99,Total,2011,182
A,Annual,ITD3,Veneto,ROADACC,Road accidents with injuries,9,Total,9,Total,1,Accidents between vehicles,1,Yes,99,Total,9,Total,99,Total,2012,198
A,Annual,ITD3,Veneto,ROADACC,Road accidents with injuries,9,Total,9,Total,1,Accidents between vehicles,1,Yes,99,Total,9,Total,99,Total,2013,141
A,Annual,ITD3,Veneto,ROADACC,Road accidents with injuries,9,Total,9,Total,1,Accidents between vehicles,1,Yes,99,Total,9,Total,99,Total,2014,179
A,Annual,ITD3,Veneto,ROADACC,Road accidents with injuries,9,Total,9,Total,1,Accidents between vehicles,1,Yes,99,Total,9,Total,99,Total,2015,174
A,Annual,ITD3,Veneto,ROADACC,Road accidents with injuries,9,Total,9,Total,1,Accidents between vehicles,1,Yes,99,Total,9,Total,99,Total,2016,190
A,Annual,ITD3,Veneto,ROADACC,Road accidents with injuries,9,Total,9,Total,1,Accidents between vehicles,1,Yes,99,Total,9,Total,99,Total,2017,141
A,Annual,ITD3,Veneto,ROADACC,Road accidents with injuries,9,Total,9,Total,1,Accidents between vehicles,1,Yes,99,Total,9,Total,99,Total,2018,175
A,Annual,ITD3,Veneto,ROADACC,Road accidents with injuries,9,Total,9,Total,1,Accidents between vehicles,1,Yes,99,Total,9,Total,99,Total,2019,192
A,Annual,ITD3,Veneto,ROADACC,Road accidents with injuries,9,Total,9,Total,1,Accidents between vehicles,1,Yes,99,Total,9,Total,99,Total,2020,102
A,Annual,ITD3,Veneto,ROADACC,Road accidents with injuries,9,Total,9,Total,1,Accidents between vehicles,1,Yes,99,Total,9,Total,99,Total,2021,154
A,Annual,ITD3,Veneto,ROADACC,Road accidents with injuries,9,Total,9,Total,1,Accidents between vehicles,1,Yes,99,Total,9,Total,99,Total,2022,165
A,Annual,ITD3,Veneto,ROADACC,Road accidents with injuries,9,Total,9,Total,1,Accidents between vehicles,1,Yes,99,Total,9,Total,99,Total,2023,137
A,Annual,ITD3,Veneto,ROADACC,Road accidents with injuries,9,Total,9,Total,1,Accidents between vehicles,1,Yes,99,Total,9,Total,99,Total,2024,144
A,Annual,ITD3,Veneto,ROADACC,Road accidents with injuries,9,Total,9,Total,1,Accidents between vehicles,9,Total,99,Total,9,Total,99,Total,2010,11937
A,Annual,ITD3,Veneto,ROADACC,Road accidents with injuries,9,Total,9,Total,1,Accidents between vehicles,9,Total,99,Total,9,Total,99,Total,2011,11918
A,Annual,ITD3,Veneto,ROADACC,Road accidents with injuries,9,Total,9,Total,1,Accidents between vehicles,9,Total,99,Total,9,Total,99,Total,2012,10942
A,Annual,ITD3,Veneto,ROADACC,Road accidents with injuries,9,Total,9,Total,1,Accidents between vehicles,9,Total,99,Total,9,Total,99,Total,2013,10259
A,Annual,ITD3,Veneto,ROADACC,Road accidents with injuries,9,Total,9,Total,1,Accidents between vehicles,9,Total,99,Total,9,Total,99,Total,2014,10449
A,Annual,ITD3,Veneto,ROADACC,Road accidents with injuries,9,Total,9,Total,1,Accidents between vehicles,9,Total,99,Total,9,Total,99,Total,2015,10320
A,Annual,ITD3,Veneto,ROADACC,Road accidents with injuries,9,Total,9,Total,1,Accidents between vehicles,9,Total,99,Total,9,Total,99,Total,2016,10465
A,Annual,ITD3,Veneto,ROADACC,Road accidents with injuries,9,Total,9,Total,1,Accidents between vehicles,9,Total,99,Total,9,Total,99,Total,2017,10265
A,Annual,ITD3,Veneto,ROADACC,Road accidents with injuries,9,Total,9,Total,1,Accidents between vehicles,9,Total,99,Total,9,Total,99,Total,2018,10463
A,Annual,ITD3,Veneto,ROADACC,Road accidents with injuries,9,Total,9,Total,1,Accidents between vehicles,9,Total,99,Total,9,Total,99,Total,2019,10157
A,Annual,ITD3,Veneto,ROADACC,Road accidents with injuries,9,Total,9,Total,1,Accidents between vehicles,9,Total,99,Total,9,Total,99,Total,2020,7102
A,Annual,ITD3,Veneto,ROADACC,Road accidents with injuries,9,Total,9,Total,1,Accidents between vehicles,9,Total,99,Total,9,Total,99,Total,2021,9148
A,Annual,ITD3,Veneto,ROADACC,Road accidents with injuries,9,Total,9,Total,1,Accidents between vehicles,9,Total,99,Total,9,Total,99,Total,2022,9668
A,Annual,ITD3,Veneto,ROADACC,Road accidents with injuries,9,Total,9,Total,1,Accidents between vehicles,9,Total,99,Total,9,Total,99,Total,2023,9265
A,Annual,ITD3,Veneto,ROADACC,Road accidents with injuries,9,Total,9,Total,1,Accidents between vehicles,9,Total,99,Total,9,Total,99,Total,2024,9371
A,Annual,ITD3,Veneto,ROADACC,Road accidents with injuries,9,Total,9,Total,2,Vehicle-pedestrian accident,0,No,99,Total,9,Total,99,Total,2010,1042
A,Annual,ITD3,Veneto,ROADACC,Road accidents with injuries,9,Total,9,Total,2,Vehicle-pedestrian accident,0,No,99,Total,9,Total,99,Total,2011,1056
A,Annual,ITD3,Veneto,ROADACC,Road accidents with injuries,9,Total,9,Total,2,Vehicle-pedestrian accident,0,No,99,Total,9,Total,99,Total,2012,976
A,Annual,ITD3,Veneto,ROADACC,Road accidents with injuries,9,Total,9,Total,2,Vehicle-pedestrian accident,0,No,99,Total,9,Total,99,Total,2013,1112
A,Annual,ITD3,Veneto,ROADACC,Road accidents with injuries,9,Total,9,Total,2,Vehicle-pedestrian accident,0,No,99,Total,9,Total,99,Total,2014,1179
A,Annual,ITD3,Veneto,ROADACC,Road accidents with injuries,9,Total,9,Total,2,Vehicle-pedestrian accident,0,No,99,Total,9,Total,99,Total,2015,1075
A,Annual,ITD3,Veneto,ROADACC,Road accidents with injuries,9,Total,9,Total,2,Vehicle-pedestrian accident,0,No,99,Total,9,Total,99,Total,2016,1115
A,Annual,ITD3,Veneto,ROADACC,Road accidents with injuries,9,Total,9,Total,2,Vehicle-pedestrian accident,0,No,99,Total,9,Total,99,Total,2017,1067
A,Annual,ITD3,Veneto,ROADACC,Road accidents with injuries,9,Total,9,Total,2,Vehicle-pedestrian accident,0,No,99,Total,9,Total,99,Total,2018,1114
A,Annual,ITD3,Veneto,ROADACC,Road accidents with injuries,9,Total,9,Total,2,Vehicle-pedestrian accident,0,No,99,Total,9,Total,99,Total,2019,1187
A,Annual,ITD3,Veneto,ROADACC,Road accidents with injuries,9,Total,9,Total,2,Vehicle-pedestrian accident,0,No,99,Total,9,Total,99,Total,2020,754
A,Annual,ITD3,Veneto,ROADACC,Road accidents with injuries,9,Total,9,Total,2,Vehicle-pedestrian accident,0,No,99,Total,9,Total,99,Total,2021,893
A,Annual,ITD3,Veneto,ROADACC,Road accidents with injuries,9,Total,9,Total,2,Vehicle-pedestrian accident,0,No,99,Total,9,Total,99,Total,2022,1086
A,Annual,ITD3,Veneto,ROADACC,Road accidents with injuries,9,Total,9,Total,2,Vehicle-pedestrian accident,0,No,99,Total,9,Total,99,Total,2023,1061
A,Annual,ITD3,Veneto,ROADACC,Road accidents with injuries,9,Total,9,Total,2,Vehicle-pedestrian accident,0,No,99,Total,9,Total,99,Total,2024,1055
A,Annual,ITD3,Veneto,ROADACC,Road accidents with injuries,9,Total,9,Total,2,Vehicle-pedestrian accident,1,Yes,99,Total,9,Total,99,Total,2010,40
A,Annual,ITD3,Veneto,ROADACC,Road accidents with injuries,9,Total,9,Total,2,Vehicle-pedestrian accident,1,Yes,99,Total,9,Total,99,Total,2011,48
A,Annual,ITD3,Veneto,ROADACC,Road accidents with injuries,9,Total,9,Total,2,Vehicle-pedestrian accident,1,Yes,99,Total,9,Total,99,Total,2012,38
A,Annual,ITD3,Veneto,ROADACC,Road accidents with injuries,9,Total,9,Total,2,Vehicle-pedestrian accident,1,Yes,99,Total,9,Total,99,Total,2013,40
A,Annual,ITD3,Veneto,ROADACC,Road accidents with injuries,9,Total,9,Total,2,Vehicle-pedestrian accident,1,Yes,99,Total,9,Total,99,Total,2014,38
A,Annual,ITD3,Veneto,ROADACC,Road accidents with injuries,9,Total,9,Total,2,Vehicle-pedestrian accident,1,Yes,99,Total,9,Total,99,Total,2015,35
A,Annual,ITD3,Veneto,ROADACC,Road accidents with injuries,9,Total,9,Total,2,Vehicle-pedestrian accident,1,Yes,99,Total,9,Total,99,Total,2016,41
A,Annual,ITD3,Veneto,ROADACC,Road accidents with injuries,9,Total,9,Total,2,Vehicle-pedestrian accident,1,Yes,99,Total,9,Total,99,Total,2017,36
A,Annual,ITD3,Veneto,ROADACC,Road accidents with injuries,9,Total,9,Total,2,Vehicle-pedestrian accident,1,Yes,99,Total,9,Total,99,Total,2018,36
A,Annual,ITD3,Veneto,ROADACC,Road accidents with injuries,9,Total,9,Total,2,Vehicle-pedestrian accident,1,Yes,99,Total,9,Total,99,Total,2019,35
A,Annual,ITD3,Veneto,ROADACC,Road accidents with injuries,9,Total,9,Total,2,Vehicle-pedestrian accident,1,Yes,99,Total,9,Total,99,Total,2020,27
A,Annual,ITD3,Veneto,ROADACC,Road accidents with injuries,9,Total,9,Total,2,Vehicle-pedestrian accident,1,Yes,99,Total,9,Total,99,Total,2021,39
A,Annual,ITD3,Veneto,ROADACC,Road accidents with injuries,9,Total,9,Total,2,Vehicle-pedestrian accident,1,Yes,99,Total,9,Total,99,Total,2022,40
A,Annual,ITD3,Veneto,ROADACC,Road accidents with injuries,9,Total,9,Total,2,Vehicle-pedestrian accident,1,Yes,99,Total,9,Total,99,Total,2023,37
A,Annual,ITD3,Veneto,ROADACC,Road accidents with injuries,9,Total,9,Total,2,Vehicle-pedestrian accident,1,Yes,99,Total,9,Total,99,Total,2024,30
A,Annual,ITD3,Veneto,ROADACC,Road accidents with injuries,9,Total,9,Total,2,Vehicle-pedestrian accident,9,Total,99,Total,9,Total,99,Total,2010,1082
A,Annual,ITD3,Veneto,ROADACC,Road accidents with injuries,9,Total,9,Total,2,Vehicle-pedestrian accident,9,Total,99,Total,9,Total,99,Total,2011,1104
A,Annual,ITD3,Veneto,ROADACC,Road accidents with injuries,9,Total,9,Total,2,Vehicle-pedestrian accident,9,Total,99,Total,9,Total,99,Total,2012,1014
A,Annual,ITD3,Veneto,ROADACC,Road accidents with injuries,9,Total,9,Total,2,Vehicle-pedestrian accident,9,Total,99,Total,9,Total,99,Total,2013,1152
A,Annual,ITD3,Veneto,ROADACC,Road accidents with injuries,9,Total,9,Total,2,Vehicle-pedestrian accident,9,Total,99,Total,9,Total,99,Total,2014,1217
A,Annual,ITD3,Veneto,ROADACC,Road accidents with injuries,9,Total,9,Total,2,Vehicle-pedestrian accident,9,Total,99,Total,9,Total,99,Total,2015,1110
A,Annual,ITD3,Veneto,ROADACC,Road accidents with injuries,9,Total,9,Total,2,Vehicle-pedestrian accident,9,Total,99,Total,9,Total,99,Total,2016,1156
A,Annual,ITD3,Veneto,ROADACC,Road accidents with injuries,9,Total,9,Total,2,Vehicle-pedestrian accident,9,Total,99,Total,9,Total,99,Total,2017,1103
A,Annual,ITD3,Veneto,ROADACC,Road accidents with injuries,9,Total,9,Total,2,Vehicle-pedestrian accident,9,Total,99,Total,9,Total,99,Total,2018,1150
A,Annual,ITD3,Veneto,ROADACC,Road accidents with injuries,9,Total,9,Total,2,Vehicle-pedestrian accident,9,Total,99,Total,9,Total,99,Total,2019,1222
A,Annual,ITD3,Veneto,ROADACC,Road accidents with injuries,9,Total,9,Total,2,Vehicle-pedestrian accident,9,Total,99,Total,9,Total,99,Total,2020,781
A,Annual,ITD3,Veneto,ROADACC,Road accidents with injuries,9,Total,9,Total,2,Vehicle-pedestrian accident,9,Total,99,Total,9,Total,99,Total,2021,932
A,Annual,ITD3,Veneto,ROADACC,Road accidents with injuries,9,Total,9,Total,2,Vehicle-pedestrian accident,9,Total,99,Total,9,Total,99,Total,2022,1126
A,Annual,ITD3,Veneto,ROADACC,Road accidents with injuries,9,Total,9,Total,2,Vehicle-pedestrian accident,9,Total,99,Total,9,Total,99,Total,2023,1098
A,Annual,ITD3,Veneto,ROADACC,Road accidents with injuries,9,Total,9,Total,2,Vehicle-pedestrian accident,9,Total,99,Total,9,Total,99,Total,2024,1085
A,Annual,ITD3,Veneto,ROADACC,Road accidents with injuries,9,Total,9,Total,3,Accidents involving a single vehicle,0,No,99,Total,9,Total,99,Total,2010,2517
A,Annual,ITD3,Veneto,ROADACC,Road accidents with injuries,9,Total,9,Total,3,Accidents involving a single vehicle,0,No,99,Total,9,Total,99,Total,2011,2420
A,Annual,ITD3,Veneto,ROADACC,Road accidents with injuries,9,Total,9,Total,3,Accidents involving a single vehicle,0,No,99,Total,9,Total,99,Total,2012,2301
A,Annual,ITD3,Veneto,ROADACC,Road accidents with injuries,9,Total,9,Total,3,Accidents involving a single vehicle,0,No,99,Total,9,Total,99,Total,2013,2278
A,Annual,ITD3,Veneto,ROADACC,Road accidents with injuries,9,Total,9,Total,3,Accidents involving a single vehicle,0,No,99,Total,9,Total,99,Total,2014,2203
A,Annual,ITD3,Veneto,ROADACC,Road accidents with injuries,9,Total,9,Total,3,Accidents involving a single vehicle,0,No,99,Total,9,Total,99,Total,2015,2343
A,Annual,ITD3,Veneto,ROADACC,Road accidents with injuries,9,Total,9,Total,3,Accidents involving a single vehicle,0,No,99,Total,9,Total,99,Total,2016,2313
A,Annual,ITD3,Veneto,ROADACC,Road accidents with injuries,9,Total,9,Total,3,Accidents involving a single vehicle,0,No,99,Total,9,Total,99,Total,2017,2379
A,Annual,ITD3,Veneto,ROADACC,Road accidents with injuries,9,Total,9,Total,3,Accidents involving a single vehicle,0,No,99,Total,9,Total,99,Total,2018,2404
A,Annual,ITD3,Veneto,ROADACC,Road accidents with injuries,9,Total,9,Total,3,Accidents involving a single vehicle,0,No,99,Total,9,Total,99,Total,2019,2387
A,Annual,ITD3,Veneto,ROADACC,Road accidents with injuries,9,Total,9,Total,3,Accidents involving a single vehicle,0,No,99,Total,9,Total,99,Total,2020,1862
A,Annual,ITD3,Veneto,ROADACC,Road accidents with injuries,9,Total,9,Total,3,Accidents involving a single vehicle,0,No,99,Total,9,Total,99,Total,2021,2240
A,Annual,ITD3,Veneto,ROADACC,Road accidents with injuries,9,Total,9,Total,3,Accidents involving a single vehicle,0,No,99,Total,9,Total,99,Total,2022,2332
A,Annual,ITD3,Veneto,ROADACC,Road accidents with injuries,9,Total,9,Total,3,Accidents involving a single vehicle,0,No,99,Total,9,Total,99,Total,2023,2314
A,Annual,ITD3,Veneto,ROADACC,Road accidents with injuries,9,Total,9,Total,3,Accidents involving a single vehicle,0,No,99,Total,9,Total,99,Total,2024,2327
A,Annual,ITD3,Veneto,ROADACC,Road accidents with injuries,9,Total,9,Total,3,Accidents involving a single vehicle,1,Yes,99,Total,9,Total,99,Total,2010,115
A,Annual,ITD3,Veneto,ROADACC,Road accidents with injuries,9,Total,9,Total,3,Accidents involving a single vehicle,1,Yes,99,Total,9,Total,99,Total,2011,122
A,Annual,ITD3,Veneto,ROADACC,Road accidents with injuries,9,Total,9,Total,3,Accidents involving a single vehicle,1,Yes,99,Total,9,Total,99,Total,2012,108
A,Annual,ITD3,Veneto,ROADACC,Road accidents with injuries,9,Total,9,Total,3,Accidents involving a single vehicle,1,Yes,99,Total,9,Total,99,Total,2013,105
A,Annual,ITD3,Veneto,ROADACC,Road accidents with injuries,9,Total,9,Total,3,Accidents involving a single vehicle,1,Yes,99,Total,9,Total,99,Total,2014,89
A,Annual,ITD3,Veneto,ROADACC,Road accidents with injuries,9,Total,9,Total,3,Accidents involving a single vehicle,1,Yes,99,Total,9,Total,99,Total,2015,94
A,Annual,ITD3,Veneto,ROADACC,Road accidents with injuries,9,Total,9,Total,3,Accidents involving a single vehicle,1,Yes,99,Total,9,Total,99,Total,2016,100
A,Annual,ITD3,Veneto,ROADACC,Road accidents with injuries,9,Total,9,Total,3,Accidents involving a single vehicle,1,Yes,99,Total,9,Total,99,Total,2017,97
A,Annual,ITD3,Veneto,ROADACC,Road accidents with injuries,9,Total,9,Total,3,Accidents involving a single vehicle,1,Yes,99,Total,9,Total,99,Total,2018,89
A,Annual,ITD3,Veneto,ROADACC,Road accidents with injuries,9,Total,9,Total,3,Accidents involving a single vehicle,1,Yes,99,Total,9,Total,99,Total,2019,91
A,Annual,ITD3,Veneto,ROADACC,Road accidents with injuries,9,Total,9,Total,3,Accidents involving a single vehicle,1,Yes,99,Total,9,Total,99,Total,2020,94
A,Annual,ITD3,Veneto,ROADACC,Road accidents with injuries,9,Total,9,Total,3,Accidents involving a single vehicle,1,Yes,99,Total,9,Total,99,Total,2021,83
A,Annual,ITD3,Veneto,ROADACC,Road accidents with injuries,9,Total,9,Total,3,Accidents involving a single vehicle,1,Yes,99,Total,9,Total,99,Total,2022,94
A,Annual,ITD3,Veneto,ROADACC,Road accidents with injuries,9,Total,9,Total,3,Accidents involving a single vehicle,1,Yes,99,Total,9,Total,99,Total,2023,97
A,Annual,ITD3,Veneto,ROADACC,Road accidents with injuries,9,Total,9,Total,3,Accidents involving a single vehicle,1,Yes,99,Total,9,Total,99,Total,2024,81
A,Annual,ITD3,Veneto,ROADACC,Road accidents with injuries,9,Total,9,Total,3,Accidents involving a single vehicle,9,Total,99,Total,9,Total,99,Total,2010,2632
A,Annual,ITD3,Veneto,ROADACC,Road accidents with injuries,9,Total,9,Total,3,Accidents involving a single vehicle,9,Total,99,Total,9,Total,99,Total,2011,2542
A,Annual,ITD3,Veneto,ROADACC,Road accidents with injuries,9,Total,9,Total,3,Accidents involving a single vehicle,9,Total,99,Total,9,Total,99,Total,2012,2409
A,Annual,ITD3,Veneto,ROADACC,Road accidents with injuries,9,Total,9,Total,3,Accidents involving a single vehicle,9,Total,99,Total,9,Total,99,Total,2013,2383
A,Annual,ITD3,Veneto,ROADACC,Road accidents with injuries,9,Total,9,Total,3,Accidents involving a single vehicle,9,Total,99,Total,9,Total,99,Total,2014,2292
A,Annual,ITD3,Veneto,ROADACC,Road accidents with injuries,9,Total,9,Total,3,Accidents involving a single vehicle,9,Total,99,Total,9,Total,99,Total,2015,2437
A,Annual,ITD3,Veneto,ROADACC,Road accidents with injuries,9,Total,9,Total,3,Accidents involving a single vehicle,9,Total,99,Total,9,Total,99,Total,2016,2413
A,Annual,ITD3,Veneto,ROADACC,Road accidents with injuries,9,Total,9,Total,3,Accidents involving a single vehicle,9,Total,99,Total,9,Total,99,Total,2017,2476
A,Annual,ITD3,Veneto,ROADACC,Road accidents with injuries,9,Total,9,Total,3,Accidents involving a single vehicle,9,Total,99,Total,9,Total,99,Total,2018,2493
A,Annual,ITD3,Veneto,ROADACC,Road accidents with injuries,9,Total,9,Total,3,Accidents involving a single vehicle,9,Total,99,Total,9,Total,99,Total,2019,2478
A,Annual,ITD3,Veneto,ROADACC,Road accidents with injuries,9,Total,9,Total,3,Accidents involving a single vehicle,9,Total,99,Total,9,Total,99,Total,2020,1956
A,Annual,ITD3,Veneto,ROADACC,Road accidents with injuries,9,Total,9,Total,3,Accidents involving a single vehicle,9,Total,99,Total,9,Total,99,Total,2021,2323
A,Annual,ITD3,Veneto,ROADACC,Road accidents with injuries,9,Total,9,Total,3,Accidents involving a single vehicle,9,Total,99,Total,9,Total,99,Total,2022,2426
A,Annual,ITD3,Veneto,ROADACC,Road accidents with injuries,9,Total,9,Total,3,Accidents involving a single vehicle,9,Total,99,Total,9,Total,99,Total,2023,2411
A,Annual,ITD3,Veneto,ROADACC,Road accidents with injuries,9,Total,9,Total,3,Accidents involving a single vehicle,9,Total,99,Total,9,Total,99,Total,2024,2408
A,Annual,ITD3,Veneto,ROADACC,Road accidents with injuries,9,Total,9,Total,9,Total,0,No,99,Total,9,Total,99,Total,2010,15282
A,Annual,ITD3,Veneto,ROADACC,Road accidents with injuries,9,Total,9,Total,9,Total,0,No,99,Total,9,Total,99,Total,2011,15212
A,Annual,ITD3,Veneto,ROADACC,Road accidents with injuries,9,Total,9,Total,9,Total,0,No,99,Total,9,Total,99,Total,2012,14021
A,Annual,ITD3,Veneto,ROADACC,Road accidents with injuries,9,Total,9,Total,9,Total,0,No,99,Total,9,Total,99,Total,2013,13508
A,Annual,ITD3,Veneto,ROADACC,Road accidents with injuries,9,Total,9,Total,9,Total,0,No,99,Total,9,Total,99,Total,2014,13652
A,Annual,ITD3,Veneto,ROADACC,Road accidents with injuries,9,Total,9,Total,9,Total,0,No,99,Total,9,Total,99,Total,2015,13564
A,Annual,ITD3,Veneto,ROADACC,Road accidents with injuries,9,Total,9,Total,9,Total,0,No,99,Total,9,Total,99,Total,2016,13703
A,Annual,ITD3,Veneto,ROADACC,Road accidents with injuries,9,Total,9,Total,9,Total,0,No,99,Total,9,Total,99,Total,2017,13570
A,Annual,ITD3,Veneto,ROADACC,Road accidents with injuries,9,Total,9,Total,9,Total,0,No,99,Total,9,Total,99,Total,2018,13806
A,Annual,ITD3,Veneto,ROADACC,Road accidents with injuries,9,Total,9,Total,9,Total,0,No,99,Total,9,Total,99,Total,2019,13539
A,Annual,ITD3,Veneto,ROADACC,Road accidents with injuries,9,Total,9,Total,9,Total,0,No,99,Total,9,Total,99,Total,2020,9616
A,Annual,ITD3,Veneto,ROADACC,Road accidents with injuries,9,Total,9,Total,9,Total,0,No,99,Total,9,Total,99,Total,2021,12127
A,Annual,ITD3,Veneto,ROADACC,Road accidents with injuries,9,Total,9,Total,9,Total,0,No,99,Total,9,Total,99,Total,2022,12921
A,Annual,ITD3,Veneto,ROADACC,Road accidents with injuries,9,Total,9,Total,9,Total,0,No,99,Total,9,Total,99,Total,2023,12503
A,Annual,ITD3,Veneto,ROADACC,Road accidents with injuries,9,Total,9,Total,9,Total,0,No,99,Total,9,Total,99,Total,2024,12609
A,Annual,ITD3,Veneto,ROADACC,Road accidents with injuries,9,Total,9,Total,9,Total,1,Yes,99,Total,9,Total,99,Total,2010,369
A,Annual,ITD3,Veneto,ROADACC,Road accidents with injuries,9,Total,9,Total,9,Total,1,Yes,99,Total,9,Total,99,Total,2011,352
A,Annual,ITD3,Veneto,ROADACC,Road accidents with injuries,9,Total,9,Total,9,Total,1,Yes,99,Total,9,Total,99,Total,2012,344
A,Annual,ITD3,Veneto,ROADACC,Road accidents with injuries,9,Total,9,Total,9,Total,1,Yes,99,Total,9,Total,99,Total,2013,286
A,Annual,ITD3,Veneto,ROADACC,Road accidents with injuries,9,Total,9,Total,9,Total,1,Yes,99,Total,9,Total,99,Total,2014,306
A,Annual,ITD3,Veneto,ROADACC,Road accidents with injuries,9,Total,9,Total,9,Total,1,Yes,99,Total,9,Total,99,Total,2015,303
A,Annual,ITD3,Veneto,ROADACC,Road accidents with injuries,9,Total,9,Total,9,Total,1,Yes,99,Total,9,Total,99,Total,2016,331
A,Annual,ITD3,Veneto,ROADACC,Road accidents with injuries,9,Total,9,Total,9,Total,1,Yes,99,Total,9,Total,99,Total,2017,274
A,Annual,ITD3,Veneto,ROADACC,Road accidents with injuries,9,Total,9,Total,9,Total,1,Yes,99,Total,9,Total,99,Total,2018,300
A,Annual,ITD3,Veneto,ROADACC,Road accidents with injuries,9,Total,9,Total,9,Total,1,Yes,99,Total,9,Total,99,Total,2019,318
A,Annual,ITD3,Veneto,ROADACC,Road accidents with injuries,9,Total,9,Total,9,Total,1,Yes,99,Total,9,Total,99,Total,2020,223
A,Annual,ITD3,Veneto,ROADACC,Road accidents with injuries,9,Total,9,Total,9,Total,1,Yes,99,Total,9,Total,99,Total,2021,276
A,Annual,ITD3,Veneto,ROADACC,Road accidents with injuries,9,Total,9,Total,9,Total,1,Yes,99,Total,9,Total,99,Total,2022,299
A,Annual,ITD3,Veneto,ROADACC,Road accidents with injuries,9,Total,9,Total,9,Total,1,Yes,99,Total,9,Total,99,Total,2023,271
A,Annual,ITD3,Veneto,ROADACC,Road accidents with injuries,9,Total,9,Total,9,Total,1,Yes,99,Total,9,Total,99,Total,2024,255
A,Annual,ITD3,Veneto,ROADACC,Road accidents with injuries,9,Total,9,Total,9,Total,9,Total,99,Total,9,Total,99,Total,2010,15651
A,Annual,ITD3,Veneto,ROADACC,Road accidents with injuries,9,Total,9,Total,9,Total,9,Total,99,Total,9,Total,99,Total,2011,15564
A,Annual,ITD3,Veneto,ROADACC,Road accidents with injuries,9,Total,9,Total,9,Total,9,Total,99,Total,9,Total,99,Total,2012,14365
A,Annual,ITD3,Veneto,ROADACC,Road accidents with injuries,9,Total,9,Total,9,Total,9,Total,99,Total,9,Total,99,Total,2013,13794
A,Annual,ITD3,Veneto,ROADACC,Road accidents with injuries,9,Total,9,Total,9,Total,9,Total,99,Total,9,Total,99,Total,2014,13958
A,Annual,ITD3,Veneto,ROADACC,Road accidents with injuries,9,Total,9,Total,9,Total,9,Total,99,Total,9,Total,99,Total,2015,13867
A,Annual,ITD3,Veneto,ROADACC,Road accidents with injuries,9,Total,9,Total,9,Total,9,Total,99,Total,9,Total,99,Total,2016,14034
A,Annual,ITD3,Veneto,ROADACC,Road accidents with injuries,9,Total,9,Total,9,Total,9,Total,99,Total,9,Total,99,Total,2017,13844
A,Annual,ITD3,Veneto,ROADACC,Road accidents with injuries,9,Total,9,Total,9,Total,9,Total,99,Total,9,Total,99,Total,2018,14106
A,Annual,ITD3,Veneto,ROADACC,Road accidents with injuries,9,Total,9,Total,9,Total,9,Total,99,Total,9,Total,99,Total,2019,13857
A,Annual,ITD3,Veneto,ROADACC,Road accidents with injuries,9,Total,9,Total,9,Total,9,Total,99,Total,9,Total,99,Total,2020,9839
A,Annual,ITD3,Veneto,ROADACC,Road accidents with injuries,9,Total,9,Total,9,Total,9,Total,99,Total,9,Total,99,Total,2021,12403
A,Annual,ITD3,Veneto,ROADACC,Road accidents with injuries,9,Total,9,Total,9,Total,9,Total,99,Total,9,Total,99,Total,2022,13220
A,Annual,ITD3,Veneto,ROADACC,Road accidents with injuries,9,Total,9,Total,9,Total,9,Total,99,Total,9,Total,99,Total,2023,12774
A,Annual,ITD3,Veneto,ROADACC,Road accidents with injuries,9,Total,9,Total,9,Total,9,Total,99,Total,9,Total,99,Total,2024,12864
A,Annual,ITD4,Friuli-Venezia Giulia,ROADACC,Road accidents with injuries,9,Total,9,Total,1,Accidents between vehicles,0,No,99,Total,9,Total,99,Total,2010,2735
A,Annual,ITD4,Friuli-Venezia Giulia,ROADACC,Road accidents with injuries,9,Total,9,Total,1,Accidents between vehicles,0,No,99,Total,9,Total,99,Total,2011,2532
A,Annual,ITD4,Friuli-Venezia Giulia,ROADACC,Road accidents with injuries,9,Total,9,Total,1,Accidents between vehicles,0,No,99,Total,9,Total,99,Total,2012,2381
A,Annual,ITD4,Friuli-Venezia Giulia,ROADACC,Road accidents with injuries,9,Total,9,Total,1,Accidents between vehicles,0,No,99,Total,9,Total,99,Total,2013,2244
A,Annual,ITD4,Friuli-Venezia Giulia,ROADACC,Road accidents with injuries,9,Total,9,Total,1,Accidents between vehicles,0,No,99,Total,9,Total,99,Total,2014,2217
A,Annual,ITD4,Friuli-Venezia Giulia,ROADACC,Road accidents with injuries,9,Total,9,Total,1,Accidents between vehicles,0,No,99,Total,9,Total,99,Total,2015,2415
A,Annual,ITD4,Friuli-Venezia Giulia,ROADACC,Road accidents with injuries,9,Total,9,Total,1,Accidents between vehicles,0,No,99,Total,9,Total,99,Total,2016,2318
A,Annual,ITD4,Friuli-Venezia Giulia,ROADACC,Road accidents with injuries,9,Total,9,Total,1,Accidents between vehicles,0,No,99,Total,9,Total,99,Total,2017,2333
A,Annual,ITD4,Friuli-Venezia Giulia,ROADACC,Road accidents with injuries,9,Total,9,Total,1,Accidents between vehicles,0,No,99,Total,9,Total,99,Total,2018,2224
A,Annual,ITD4,Friuli-Venezia Giulia,ROADACC,Road accidents with injuries,9,Total,9,Total,1,Accidents between vehicles,0,No,99,Total,9,Total,99,Total,2019,2200
A,Annual,ITD4,Friuli-Venezia Giulia,ROADACC,Road accidents with injuries,9,Total,9,Total,1,Accidents between vehicles,0,No,99,Total,9,Total,99,Total,2020,1518
A,Annual,ITD4,Friuli-Venezia Giulia,ROADACC,Road accidents with injuries,9,Total,9,Total,1,Accidents between vehicles,0,No,99,Total,9,Total,99,Total,2021,1961
A,Annual,ITD4,Friuli-Venezia Giulia,ROADACC,Road accidents with injuries,9,Total,9,Total,1,Accidents between vehicles,0,No,99,Total,9,Total,99,Total,2022,2170
A,Annual,ITD4,Friuli-Venezia Giulia,ROADACC,Road accidents with injuries,9,Total,9,Total,1,Accidents between vehicles,0,No,99,Total,9,Total,99,Total,2023,2109
A,Annual,ITD4,Friuli-Venezia Giulia,ROADACC,Road accidents with injuries,9,Total,9,Total,1,Accidents between vehicles,0,No,99,Total,9,Total,99,Total,2024,2142
A,Annual,ITD4,Friuli-Venezia Giulia,ROADACC,Road accidents with injuries,9,Total,9,Total,1,Accidents between vehicles,1,Yes,99,Total,9,Total,99,Total,2010,62
A,Annual,ITD4,Friuli-Venezia Giulia,ROADACC,Road accidents with injuries,9,Total,9,Total,1,Accidents between vehicles,1,Yes,99,Total,9,Total,99,Total,2011,36
A,Annual,ITD4,Friuli-Venezia Giulia,ROADACC,Road accidents with injuries,9,Total,9,Total,1,Accidents between vehicles,1,Yes,99,Total,9,Total,99,Total,2012,40
A,Annual,ITD4,Friuli-Venezia Giulia,ROADACC,Road accidents with injuries,9,Total,9,Total,1,Accidents between vehicles,1,Yes,99,Total,9,Total,99,Total,2013,38
A,Annual,ITD4,Friuli-Venezia Giulia,ROADACC,Road accidents with injuries,9,Total,9,Total,1,Accidents between vehicles,1,Yes,99,Total,9,Total,99,Total,2014,50
A,Annual,ITD4,Friuli-Venezia Giulia,ROADACC,Road accidents with injuries,9,Total,9,Total,1,Accidents between vehicles,1,Yes,99,Total,9,Total,99,Total,2015,36
A,Annual,ITD4,Friuli-Venezia Giulia,ROADACC,Road accidents with injuries,9,Total,9,Total,1,Accidents between vehicles,1,Yes,99,Total,9,Total,99,Total,2016,34
A,Annual,ITD4,Friuli-Venezia Giulia,ROADACC,Road accidents with injuries,9,Total,9,Total,1,Accidents between vehicles,1,Yes,99,Total,9,Total,99,Total,2017,34
A,Annual,ITD4,Friuli-Venezia Giulia,ROADACC,Road accidents with injuries,9,Total,9,Total,1,Accidents between vehicles,1,Yes,99,Total,9,Total,99,Total,2018,40
A,Annual,ITD4,Friuli-Venezia Giulia,ROADACC,Road accidents with injuries,9,Total,9,Total,1,Accidents between vehicles,1,Yes,99,Total,9,Total,99,Total,2019,31
A,Annual,ITD4,Friuli-Venezia Giulia,ROADACC,Road accidents with injuries,9,Total,9,Total,1,Accidents between vehicles,1,Yes,99,Total,9,Total,99,Total,2020,26
A,Annual,ITD4,Friuli-Venezia Giulia,ROADACC,Road accidents with injuries,9,Total,9,Total,1,Accidents between vehicles,1,Yes,99,Total,9,Total,99,Total,2021,39
A,Annual,ITD4,Friuli-Venezia Giulia,ROADACC,Road accidents with injuries,9,Total,9,Total,1,Accidents between vehicles,1,Yes,99,Total,9,Total,99,Total,2022,43
A,Annual,ITD4,Friuli-Venezia Giulia,ROADACC,Road accidents with injuries,9,Total,9,Total,1,Accidents between vehicles,1,Yes,99,Total,9,Total,99,Total,2023,27
A,Annual,ITD4,Friuli-Venezia Giulia,ROADACC,Road accidents with injuries,9,Total,9,Total,1,Accidents between vehicles,1,Yes,99,Total,9,Total,99,Total,2024,40
A,Annual,ITD4,Friuli-Venezia Giulia,ROADACC,Road accidents with injuries,9,Total,9,Total,1,Accidents between vehicles,9,Total,99,Total,9,Total,99,Total,2010,2797
A,Annual,ITD4,Friuli-Venezia Giulia,ROADACC,Road accidents with injuries,9,Total,9,Total,1,Accidents between vehicles,9,Total,99,Total,9,Total,99,Total,2011,2568
A,Annual,ITD4,Friuli-Venezia Giulia,ROADACC,Road accidents with injuries,9,Total,9,Total,1,Accidents between vehicles,9,Total,99,Total,9,Total,99,Total,2012,2421
A,Annual,ITD4,Friuli-Venezia Giulia,ROADACC,Road accidents with injuries,9,Total,9,Total,1,Accidents between vehicles,9,Total,99,Total,9,Total,99,Total,2013,2282
A,Annual,ITD4,Friuli-Venezia Giulia,ROADACC,Road accidents with injuries,9,Total,9,Total,1,Accidents between vehicles,9,Total,99,Total,9,Total,99,Total,2014,2267
A,Annual,ITD4,Friuli-Venezia Giulia,ROADACC,Road accidents with injuries,9,Total,9,Total,1,Accidents between vehicles,9,Total,99,Total,9,Total,99,Total,2015,2451
A,Annual,ITD4,Friuli-Venezia Giulia,ROADACC,Road accidents with injuries,9,Total,9,Total,1,Accidents between vehicles,9,Total,99,Total,9,Total,99,Total,2016,2352
A,Annual,ITD4,Friuli-Venezia Giulia,ROADACC,Road accidents with injuries,9,Total,9,Total,1,Accidents between vehicles,9,Total,99,Total,9,Total,99,Total,2017,2367
A,Annual,ITD4,Friuli-Venezia Giulia,ROADACC,Road accidents with injuries,9,Total,9,Total,1,Accidents between vehicles,9,Total,99,Total,9,Total,99,Total,2018,2264
A,Annual,ITD4,Friuli-Venezia Giulia,ROADACC,Road accidents with injuries,9,Total,9,Total,1,Accidents between vehicles,9,Total,99,Total,9,Total,99,Total,2019,2231
A,Annual,ITD4,Friuli-Venezia Giulia,ROADACC,Road accidents with injuries,9,Total,9,Total,1,Accidents between vehicles,9,Total,99,Total,9,Total,99,Total,2020,1544
A,Annual,ITD4,Friuli-Venezia Giulia,ROADACC,Road accidents with injuries,9,Total,9,Total,1,Accidents between vehicles,9,Total,99,Total,9,Total,99,Total,2021,2000
A,Annual,ITD4,Friuli-Venezia Giulia,ROADACC,Road accidents with injuries,9,Total,9,Total,1,Accidents between vehicles,9,Total,99,Total,9,Total,99,Total,2022,2213
A,Annual,ITD4,Friuli-Venezia Giulia,ROADACC,Road accidents with injuries,9,Total,9,Total,1,Accidents between vehicles,9,Total,99,Total,9,Total,99,Total,2023,2136
A,Annual,ITD4,Friuli-Venezia Giulia,ROADACC,Road accidents with injuries,9,Total,9,Total,1,Accidents between vehicles,9,Total,99,Total,9,Total,99,Total,2024,2182
A,Annual,ITD4,Friuli-Venezia Giulia,ROADACC,Road accidents with injuries,9,Total,9,Total,2,Vehicle-pedestrian accident,0,No,99,Total,9,Total,99,Total,2010,359
A,Annual,ITD4,Friuli-Venezia Giulia,ROADACC,Road accidents with injuries,9,Total,9,Total,2,Vehicle-pedestrian accident,0,No,99,Total,9,Total,99,Total,2011,338
A,Annual,ITD4,Friuli-Venezia Giulia,ROADACC,Road accidents with injuries,9,Total,9,Total,2,Vehicle-pedestrian accident,0,No,99,Total,9,Total,99,Total,2012,382
A,Annual,ITD4,Friuli-Venezia Giulia,ROADACC,Road accidents with injuries,9,Total,9,Total,2,Vehicle-pedestrian accident,0,No,99,Total,9,Total,99,Total,2013,343
A,Annual,ITD4,Friuli-Venezia Giulia,ROADACC,Road accidents with injuries,9,Total,9,Total,2,Vehicle-pedestrian accident,0,No,99,Total,9,Total,99,Total,2014,359
A,Annual,ITD4,Friuli-Venezia Giulia,ROADACC,Road accidents with injuries,9,Total,9,Total,2,Vehicle-pedestrian accident,0,No,99,Total,9,Total,99,Total,2015,369
A,Annual,ITD4,Friuli-Venezia Giulia,ROADACC,Road accidents with injuries,9,Total,9,Total,2,Vehicle-pedestrian accident,0,No,99,Total,9,Total,99,Total,2016,368
A,Annual,ITD4,Friuli-Venezia Giulia,ROADACC,Road accidents with injuries,9,Total,9,Total,2,Vehicle-pedestrian accident,0,No,99,Total,9,Total,99,Total,2017,379
A,Annual,ITD4,Friuli-Venezia Giulia,ROADACC,Road accidents with injuries,9,Total,9,Total,2,Vehicle-pedestrian accident,0,No,99,Total,9,Total,99,Total,2018,359
A,Annual,ITD4,Friuli-Venezia Giulia,ROADACC,Road accidents with injuries,9,Total,9,Total,2,Vehicle-pedestrian accident,0,No,99,Total,9,Total,99,Total,2019,368
A,Annual,ITD4,Friuli-Venezia Giulia,ROADACC,Road accidents with injuries,9,Total,9,Total,2,Vehicle-pedestrian accident,0,No,99,Total,9,Total,99,Total,2020,231
A,Annual,ITD4,Friuli-Venezia Giulia,ROADACC,Road accidents with injuries,9,Total,9,Total,2,Vehicle-pedestrian accident,0,No,99,Total,9,Total,99,Total,2021,277
A,Annual,ITD4,Friuli-Venezia Giulia,ROADACC,Road accidents with injuries,9,Total,9,Total,2,Vehicle-pedestrian accident,0,No,99,Total,9,Total,99,Total,2022,349
A,Annual,ITD4,Friuli-Venezia Giulia,ROADACC,Road accidents with injuries,9,Total,9,Total,2,Vehicle-pedestrian accident,0,No,99,Total,9,Total,99,Total,2023,320
A,Annual,ITD4,Friuli-Venezia Giulia,ROADACC,Road accidents with injuries,9,Total,9,Total,2,Vehicle-pedestrian accident,0,No,99,Total,9,Total,99,Total,2024,312
A,Annual,ITD4,Friuli-Venezia Giulia,ROADACC,Road accidents with injuries,9,Total,9,Total,2,Vehicle-pedestrian accident,1,Yes,99,Total,9,Total,99,Total,2010,8
A,Annual,ITD4,Friuli-Venezia Giulia,ROADACC,Road accidents with injuries,9,Total,9,Total,2,Vehicle-pedestrian accident,1,Yes,99,Total,9,Total,99,Total,2011,11
A,Annual,ITD4,Friuli-Venezia Giulia,ROADACC,Road accidents with injuries,9,Total,9,Total,2,Vehicle-pedestrian accident,1,Yes,99,Total,9,Total,99,Total,2012,8
A,Annual,ITD4,Friuli-Venezia Giulia,ROADACC,Road accidents with injuries,9,Total,9,Total,2,Vehicle-pedestrian accident,1,Yes,99,Total,9,Total,99,Total,2013,18
A,Annual,ITD4,Friuli-Venezia Giulia,ROADACC,Road accidents with injuries,9,Total,9,Total,2,Vehicle-pedestrian accident,1,Yes,99,Total,9,Total,99,Total,2014,13
A,Annual,ITD4,Friuli-Venezia Giulia,ROADACC,Road accidents with injuries,9,Total,9,Total,2,Vehicle-pedestrian accident,1,Yes,99,Total,9,Total,99,Total,2015,9
A,Annual,ITD4,Friuli-Venezia Giulia,ROADACC,Road accidents with injuries,9,Total,9,Total,2,Vehicle-pedestrian accident,1,Yes,99,Total,9,Total,99,Total,2016,12
A,Annual,ITD4,Friuli-Venezia Giulia,ROADACC,Road accidents with injuries,9,Total,9,Total,2,Vehicle-pedestrian accident,1,Yes,99,Total,9,Total,99,Total,2017,7
A,Annual,ITD4,Friuli-Venezia Giulia,ROADACC,Road accidents with injuries,9,Total,9,Total,2,Vehicle-pedestrian accident,1,Yes,99,Total,9,Total,99,Total,2018,9
A,Annual,ITD4,Friuli-Venezia Giulia,ROADACC,Road accidents with injuries,9,Total,9,Total,2,Vehicle-pedestrian accident,1,Yes,99,Total,9,Total,99,Total,2019,10
A,Annual,ITD4,Friuli-Venezia Giulia,ROADACC,Road accidents with injuries,9,Total,9,Total,2,Vehicle-pedestrian accident,1,Yes,99,Total,9,Total,99,Total,2020,7
A,Annual,ITD4,Friuli-Venezia Giulia,ROADACC,Road accidents with injuries,9,Total,9,Total,2,Vehicle-pedestrian accident,1,Yes,99,Total,9,Total,99,Total,2021,8
A,Annual,ITD4,Friuli-Venezia Giulia,ROADACC,Road accidents with injuries,9,Total,9,Total,2,Vehicle-pedestrian accident,1,Yes,99,Total,9,Total,99,Total,2022,5
A,Annual,ITD4,Friuli-Venezia Giulia,ROADACC,Road accidents with injuries,9,Total,9,Total,2,Vehicle-pedestrian accident,1,Yes,99,Total,9,Total,99,Total,2023,8
A,Annual,ITD4,Friuli-Venezia Giulia,ROADACC,Road accidents with injuries,9,Total,9,Total,2,Vehicle-pedestrian accident,1,Yes,99,Total,9,Total,99,Total,2024,4
A,Annual,ITD4,Friuli-Venezia Giulia,ROADACC,Road accidents with injuries,9,Total,9,Total,2,Vehicle-pedestrian accident,9,Total,99,Total,9,Total,99,Total,2010,367
A,Annual,ITD4,Friuli-Venezia Giulia,ROADACC,Road accidents with injuries,9,Total,9,Total,2,Vehicle-pedestrian accident,9,Total,99,Total,9,Total,99,Total,2011,349
A,Annual,ITD4,Friuli-Venezia Giulia,ROADACC,Road accidents with injuries,9,Total,9,Total,2,Vehicle-pedestrian accident,9,Total,99,Total,9,Total,99,Total,2012,390
A,Annual,ITD4,Friuli-Venezia Giulia,ROADACC,Road accidents with injuries,9,Total,9,Total,2,Vehicle-pedestrian accident,9,Total,99,Total,9,Total,99,Total,2013,361
A,Annual,ITD4,Friuli-Venezia Giulia,ROADACC,Road accidents with injuries,9,Total,9,Total,2,Vehicle-pedestrian accident,9,Total,99,Total,9,Total,99,Total,2014,372
A,Annual,ITD4,Friuli-Venezia Giulia,ROADACC,Road accidents with injuries,9,Total,9,Total,2,Vehicle-pedestrian accident,9,Total,99,Total,9,Total,99,Total,2015,378
A,Annual,ITD4,Friuli-Venezia Giulia,ROADACC,Road accidents with injuries,9,Total,9,Total,2,Vehicle-pedestrian accident,9,Total,99,Total,9,Total,99,Total,2016,380
A,Annual,ITD4,Friuli-Venezia Giulia,ROADACC,Road accidents with injuries,9,Total,9,Total,2,Vehicle-pedestrian accident,9,Total,99,Total,9,Total,99,Total,2017,386
A,Annual,ITD4,Friuli-Venezia Giulia,ROADACC,Road accidents with injuries,9,Total,9,Total,2,Vehicle-pedestrian accident,9,Total,99,Total,9,Total,99,Total,2018,368
A,Annual,ITD4,Friuli-Venezia Giulia,ROADACC,Road accidents with injuries,9,Total,9,Total,2,Vehicle-pedestrian accident,9,Total,99,Total,9,Total,99,Total,2019,378
A,Annual,ITD4,Friuli-Venezia Giulia,ROADACC,Road accidents with injuries,9,Total,9,Total,2,Vehicle-pedestrian accident,9,Total,99,Total,9,Total,99,Total,2020,238
A,Annual,ITD4,Friuli-Venezia Giulia,ROADACC,Road accidents with injuries,9,Total,9,Total,2,Vehicle-pedestrian accident,9,Total,99,Total,9,Total,99,Total,2021,285
A,Annual,ITD4,Friuli-Venezia Giulia,ROADACC,Road accidents with injuries,9,Total,9,Total,2,Vehicle-pedestrian accident,9,Total,99,Total,9,Total,99,Total,2022,354
A,Annual,ITD4,Friuli-Venezia Giulia,ROADACC,Road accidents with injuries,9,Total,9,Total,2,Vehicle-pedestrian accident,9,Total,99,Total,9,Total,99,Total,2023,328
A,Annual,ITD4,Friuli-Venezia Giulia,ROADACC,Road accidents with injuries,9,Total,9,Total,2,Vehicle-pedestrian accident,9,Total,99,Total,9,Total,99,Total,2024,316
A,Annual,ITD4,Friuli-Venezia Giulia,ROADACC,Road accidents with injuries,9,Total,9,Total,3,Accidents involving a single vehicle,0,No,99,Total,9,Total,99,Total,2010,742
A,Annual,ITD4,Friuli-Venezia Giulia,ROADACC,Road accidents with injuries,9,Total,9,Total,3,Accidents involving a single vehicle,0,No,99,Total,9,Total,99,Total,2011,656
A,Annual,ITD4,Friuli-Venezia Giulia,ROADACC,Road accidents with injuries,9,Total,9,Total,3,Accidents involving a single vehicle,0,No,99,Total,9,Total,99,Total,2012,700
A,Annual,ITD4,Friuli-Venezia Giulia,ROADACC,Road accidents with injuries,9,Total,9,Total,3,Accidents involving a single vehicle,0,No,99,Total,9,Total,99,Total,2013,637
A,Annual,ITD4,Friuli-Venezia Giulia,ROADACC,Road accidents with injuries,9,Total,9,Total,3,Accidents involving a single vehicle,0,No,99,Total,9,Total,99,Total,2014,646
A,Annual,ITD4,Friuli-Venezia Giulia,ROADACC,Road accidents with injuries,9,Total,9,Total,3,Accidents involving a single vehicle,0,No,99,Total,9,Total,99,Total,2015,687
A,Annual,ITD4,Friuli-Venezia Giulia,ROADACC,Road accidents with injuries,9,Total,9,Total,3,Accidents involving a single vehicle,0,No,99,Total,9,Total,99,Total,2016,704
A,Annual,ITD4,Friuli-Venezia Giulia,ROADACC,Road accidents with injuries,9,Total,9,Total,3,Accidents involving a single vehicle,0,No,99,Total,9,Total,99,Total,2017,690
A,Annual,ITD4,Friuli-Venezia Giulia,ROADACC,Road accidents with injuries,9,Total,9,Total,3,Accidents involving a single vehicle,0,No,99,Total,9,Total,99,Total,2018,692
A,Annual,ITD4,Friuli-Venezia Giulia,ROADACC,Road accidents with injuries,9,Total,9,Total,3,Accidents involving a single vehicle,0,No,99,Total,9,Total,99,Total,2019,685
A,Annual,ITD4,Friuli-Venezia Giulia,ROADACC,Road accidents with injuries,9,Total,9,Total,3,Accidents involving a single vehicle,0,No,99,Total,9,Total,99,Total,2020,548
A,Annual,ITD4,Friuli-Venezia Giulia,ROADACC,Road accidents with injuries,9,Total,9,Total,3,Accidents involving a single vehicle,0,No,99,Total,9,Total,99,Total,2021,655
A,Annual,ITD4,Friuli-Venezia Giulia,ROADACC,Road accidents with injuries,9,Total,9,Total,3,Accidents involving a single vehicle,0,No,99,Total,9,Total,99,Total,2022,681
A,Annual,ITD4,Friuli-Venezia Giulia,ROADACC,Road accidents with injuries,9,Total,9,Total,3,Accidents involving a single vehicle,0,No,99,Total,9,Total,99,Total,2023,702
A,Annual,ITD4,Friuli-Venezia Giulia,ROADACC,Road accidents with injuries,9,Total,9,Total,3,Accidents involving a single vehicle,0,No,99,Total,9,Total,99,Total,2024,707
A,Annual,ITD4,Friuli-Venezia Giulia,ROADACC,Road accidents with injuries,9,Total,9,Total,3,Accidents involving a single vehicle,1,Yes,99,Total,9,Total,99,Total,2010,27
A,Annual,ITD4,Friuli-Venezia Giulia,ROADACC,Road accidents with injuries,9,Total,9,Total,3,Accidents involving a single vehicle,1,Yes,99,Total,9,Total,99,Total,2011,31
A,Annual,ITD4,Friuli-Venezia Giulia,ROADACC,Road accidents with injuries,9,Total,9,Total,3,Accidents involving a single vehicle,1,Yes,99,Total,9,Total,99,Total,2012,29
A,Annual,ITD4,Friuli-Venezia Giulia,ROADACC,Road accidents with injuries,9,Total,9,Total,3,Accidents involving a single vehicle,1,Yes,99,Total,9,Total,99,Total,2013,24
A,Annual,ITD4,Friuli-Venezia Giulia,ROADACC,Road accidents with injuries,9,Total,9,Total,3,Accidents involving a single vehicle,1,Yes,99,Total,9,Total,99,Total,2014,31
A,Annual,ITD4,Friuli-Venezia Giulia,ROADACC,Road accidents with injuries,9,Total,9,Total,3,Accidents involving a single vehicle,1,Yes,99,Total,9,Total,99,Total,2015,22
A,Annual,ITD4,Friuli-Venezia Giulia,ROADACC,Road accidents with injuries,9,Total,9,Total,3,Accidents involving a single vehicle,1,Yes,99,Total,9,Total,99,Total,2016,19
A,Annual,ITD4,Friuli-Venezia Giulia,ROADACC,Road accidents with injuries,9,Total,9,Total,3,Accidents involving a single vehicle,1,Yes,99,Total,9,Total,99,Total,2017,25
A,Annual,ITD4,Friuli-Venezia Giulia,ROADACC,Road accidents with injuries,9,Total,9,Total,3,Accidents involving a single vehicle,1,Yes,99,Total,9,Total,99,Total,2018,27
A,Annual,ITD4,Friuli-Venezia Giulia,ROADACC,Road accidents with injuries,9,Total,9,Total,3,Accidents involving a single vehicle,1,Yes,99,Total,9,Total,99,Total,2019,27
A,Annual,ITD4,Friuli-Venezia Giulia,ROADACC,Road accidents with injuries,9,Total,9,Total,3,Accidents involving a single vehicle,1,Yes,99,Total,9,Total,99,Total,2020,14
A,Annual,ITD4,Friuli-Venezia Giulia,ROADACC,Road accidents with injuries,9,Total,9,Total,3,Accidents involving a single vehicle,1,Yes,99,Total,9,Total,99,Total,2021,30
A,Annual,ITD4,Friuli-Venezia Giulia,ROADACC,Road accidents with injuries,9,Total,9,Total,3,Accidents involving a single vehicle,1,Yes,99,Total,9,Total,99,Total,2022,17
A,Annual,ITD4,Friuli-Venezia Giulia,ROADACC,Road accidents with injuries,9,Total,9,Total,3,Accidents involving a single vehicle,1,Yes,99,Total,9,Total,99,Total,2023,21
A,Annual,ITD4,Friuli-Venezia Giulia,ROADACC,Road accidents with injuries,9,Total,9,Total,3,Accidents involving a single vehicle,1,Yes,99,Total,9,Total,99,Total,2024,23
A,Annual,ITD4,Friuli-Venezia Giulia,ROADACC,Road accidents with injuries,9,Total,9,Total,3,Accidents involving a single vehicle,9,Total,99,Total,9,Total,99,Total,2010,769
A,Annual,ITD4,Friuli-Venezia Giulia,ROADACC,Road accidents with injuries,9,Total,9,Total,3,Accidents involving a single vehicle,9,Total,99,Total,9,Total,99,Total,2011,687
A,Annual,ITD4,Friuli-Venezia Giulia,ROADACC,Road accidents with injuries,9,Total,9,Total,3,Accidents involving a single vehicle,9,Total,99,Total,9,Total,99,Total,2012,729
A,Annual,ITD4,Friuli-Venezia Giulia,ROADACC,Road accidents with injuries,9,Total,9,Total,3,Accidents involving a single vehicle,9,Total,99,Total,9,Total,99,Total,2013,661
A,Annual,ITD4,Friuli-Venezia Giulia,ROADACC,Road accidents with injuries,9,Total,9,Total,3,Accidents involving a single vehicle,9,Total,99,Total,9,Total,99,Total,2014,677
A,Annual,ITD4,Friuli-Venezia Giulia,ROADACC,Road accidents with injuries,9,Total,9,Total,3,Accidents involving a single vehicle,9,Total,99,Total,9,Total,99,Total,2015,709
A,Annual,ITD4,Friuli-Venezia Giulia,ROADACC,Road accidents with injuries,9,Total,9,Total,3,Accidents involving a single vehicle,9,Total,99,Total,9,Total,99,Total,2016,723
A,Annual,ITD4,Friuli-Venezia Giulia,ROADACC,Road accidents with injuries,9,Total,9,Total,3,Accidents involving a single vehicle,9,Total,99,Total,9,Total,99,Total,2017,715
A,Annual,ITD4,Friuli-Venezia Giulia,ROADACC,Road accidents with injuries,9,Total,9,Total,3,Accidents involving a single vehicle,9,Total,99,Total,9,Total,99,Total,2018,719
A,Annual,ITD4,Friuli-Venezia Giulia,ROADACC,Road accidents with injuries,9,Total,9,Total,3,Accidents involving a single vehicle,9,Total,99,Total,9,Total,99,Total,2019,712
A,Annual,ITD4,Friuli-Venezia Giulia,ROADACC,Road accidents with injuries,9,Total,9,Total,3,Accidents involving a single vehicle,9,Total,99,Total,9,Total,99,Total,2020,562
A,Annual,ITD4,Friuli-Venezia Giulia,ROADACC,Road accidents with injuries,9,Total,9,Total,3,Accidents involving a single vehicle,9,Total,99,Total,9,Total,99,Total,2021,685
A,Annual,ITD4,Friuli-Venezia Giulia,ROADACC,Road accidents with injuries,9,Total,9,Total,3,Accidents involving a single vehicle,9,Total,99,Total,9,Total,99,Total,2022,698
A,Annual,ITD4,Friuli-Venezia Giulia,ROADACC,Road accidents with injuries,9,Total,9,Total,3,Accidents involving a single vehicle,9,Total,99,Total,9,Total,99,Total,2023,723
A,Annual,ITD4,Friuli-Venezia Giulia,ROADACC,Road accidents with injuries,9,Total,9,Total,3,Accidents involving a single vehicle,9,Total,99,Total,9,Total,99,Total,2024,730
A,Annual,ITD4,Friuli-Venezia Giulia,ROADACC,Road accidents with injuries,9,Total,9,Total,9,Total,0,No,99,Total,9,Total,99,Total,2010,3836
A,Annual,ITD4,Friuli-Venezia Giulia,ROADACC,Road accidents with injuries,9,Total,9,Total,9,Total,0,No,99,Total,9,Total,99,Total,2011,3526
A,Annual,ITD4,Friuli-Venezia Giulia,ROADACC,Road accidents with injuries,9,Total,9,Total,9,Total,0,No,99,Total,9,Total,99,Total,2012,3463
A,Annual,ITD4,Friuli-Venezia Giulia,ROADACC,Road accidents with injuries,9,Total,9,Total,9,Total,0,No,99,Total,9,Total,99,Total,2013,3224
A,Annual,ITD4,Friuli-Venezia Giulia,ROADACC,Road accidents with injuries,9,Total,9,Total,9,Total,0,No,99,Total,9,Total,99,Total,2014,3222
A,Annual,ITD4,Friuli-Venezia Giulia,ROADACC,Road accidents with injuries,9,Total,9,Total,9,Total,0,No,99,Total,9,Total,99,Total,2015,3471
A,Annual,ITD4,Friuli-Venezia Giulia,ROADACC,Road accidents with injuries,9,Total,9,Total,9,Total,0,No,99,Total,9,Total,99,Total,2016,3390
A,Annual,ITD4,Friuli-Venezia Giulia,ROADACC,Road accidents with injuries,9,Total,9,Total,9,Total,0,No,99,Total,9,Total,99,Total,2017,3402
A,Annual,ITD4,Friuli-Venezia Giulia,ROADACC,Road accidents with injuries,9,Total,9,Total,9,Total,0,No,99,Total,9,Total,99,Total,2018,3275
A,Annual,ITD4,Friuli-Venezia Giulia,ROADACC,Road accidents with injuries,9,Total,9,Total,9,Total,0,No,99,Total,9,Total,99,Total,2019,3253
A,Annual,ITD4,Friuli-Venezia Giulia,ROADACC,Road accidents with injuries,9,Total,9,Total,9,Total,0,No,99,Total,9,Total,99,Total,2020,2297
A,Annual,ITD4,Friuli-Venezia Giulia,ROADACC,Road accidents with injuries,9,Total,9,Total,9,Total,0,No,99,Total,9,Total,99,Total,2021,2893
A,Annual,ITD4,Friuli-Venezia Giulia,ROADACC,Road accidents with injuries,9,Total,9,Total,9,Total,0,No,99,Total,9,Total,99,Total,2022,3200
A,Annual,ITD4,Friuli-Venezia Giulia,ROADACC,Road accidents with injuries,9,Total,9,Total,9,Total,0,No,99,Total,9,Total,99,Total,2023,3131
A,Annual,ITD4,Friuli-Venezia Giulia,ROADACC,Road accidents with injuries,9,Total,9,Total,9,Total,0,No,99,Total,9,Total,99,Total,2024,3161
A,Annual,ITD4,Friuli-Venezia Giulia,ROADACC,Road accidents with injuries,9,Total,9,Total,9,Total,1,Yes,99,Total,9,Total,99,Total,2010,97
A,Annual,ITD4,Friuli-Venezia Giulia,ROADACC,Road accidents with injuries,9,Total,9,Total,9,Total,1,Yes,99,Total,9,Total,99,Total,2011,78
A,Annual,ITD4,Friuli-Venezia Giulia,ROADACC,Road accidents with injuries,9,Total,9,Total,9,Total,1,Yes,99,Total,9,Total,99,Total,2012,77
A,Annual,ITD4,Friuli-Venezia Giulia,ROADACC,Road accidents with injuries,9,Total,9,Total,9,Total,1,Yes,99,Total,9,Total,99,Total,2013,80
A,Annual,ITD4,Friuli-Venezia Giulia,ROADACC,Road accidents with injuries,9,Total,9,Total,9,Total,1,Yes,99,Total,9,Total,99,Total,2014,94
A,Annual,ITD4,Friuli-Venezia Giulia,ROADACC,Road accidents with injuries,9,Total,9,Total,9,Total,1,Yes,99,Total,9,Total,99,Total,2015,67
A,Annual,ITD4,Friuli-Venezia Giulia,ROADACC,Road accidents with injuries,9,Total,9,Total,9,Total,1,Yes,99,Total,9,Total,99,Total,2016,65
A,Annual,ITD4,Friuli-Venezia Giulia,ROADACC,Road accidents with injuries,9,Total,9,Total,9,Total,1,Yes,99,Total,9,Total,99,Total,2017,66
A,Annual,ITD4,Friuli-Venezia Giulia,ROADACC,Road accidents with injuries,9,Total,9,Total,9,Total,1,Yes,99,Total,9,Total,99,Total,2018,76
A,Annual,ITD4,Friuli-Venezia Giulia,ROADACC,Road accidents with injuries,9,Total,9,Total,9,Total,1,Yes,99,Total,9,Total,99,Total,2019,68
A,Annual,ITD4,Friuli-Venezia Giulia,ROADACC,Road accidents with injuries,9,Total,9,Total,9,Total,1,Yes,99,Total,9,Total,99,Total,2020,47
A,Annual,ITD4,Friuli-Venezia Giulia,ROADACC,Road accidents with injuries,9,Total,9,Total,9,Total,1,Yes,99,Total,9,Total,99,Total,2021,77
A,Annual,ITD4,Friuli-Venezia Giulia,ROADACC,Road accidents with injuries,9,Total,9,Total,9,Total,1,Yes,99,Total,9,Total,99,Total,2022,65
A,Annual,ITD4,Friuli-Venezia Giulia,ROADACC,Road accidents with injuries,9,Total,9,Total,9,Total,1,Yes,99,Total,9,Total,99,Total,2023,56
A,Annual,ITD4,Friuli-Venezia Giulia,ROADACC,Road accidents with injuries,9,Total,9,Total,9,Total,1,Yes,99,Total,9,Total,99,Total,2024,67
A,Annual,ITD4,Friuli-Venezia Giulia,ROADACC,Road accidents with injuries,9,Total,9,Total,9,Total,9,Total,99,Total,9,Total,99,Total,2010,3933
A,Annual,ITD4,Friuli-Venezia Giulia,ROADACC,Road accidents with injuries,9,Total,9,Total,9,Total,9,Total,99,Total,9,Total,99,Total,2011,3604
A,Annual,ITD4,Friuli-Venezia Giulia,ROADACC,Road accidents with injuries,9,Total,9,Total,9,Total,9,Total,99,Total,9,Total,99,Total,2012,3540
A,Annual,ITD4,Friuli-Venezia Giulia,ROADACC,Road accidents with injuries,9,Total,9,Total,9,Total,9,Total,99,Total,9,Total,99,Total,2013,3304
A,Annual,ITD4,Friuli-Venezia Giulia,ROADACC,Road accidents with injuries,9,Total,9,Total,9,Total,9,Total,99,Total,9,Total,99,Total,2014,3316
A,Annual,ITD4,Friuli-Venezia Giulia,ROADACC,Road accidents with injuries,9,Total,9,Total,9,Total,9,Total,99,Total,9,Total,99,Total,2015,3538
A,Annual,ITD4,Friuli-Venezia Giulia,ROADACC,Road accidents with injuries,9,Total,9,Total,9,Total,9,Total,99,Total,9,Total,99,Total,2016,3455
A,Annual,ITD4,Friuli-Venezia Giulia,ROADACC,Road accidents with injuries,9,Total,9,Total,9,Total,9,Total,99,Total,9,Total,99,Total,2017,3468
A,Annual,ITD4,Friuli-Venezia Giulia,ROADACC,Road accidents with injuries,9,Total,9,Total,9,Total,9,Total,99,Total,9,Total,99,Total,2018,3351
A,Annual,ITD4,Friuli-Venezia Giulia,ROADACC,Road accidents with injuries,9,Total,9,Total,9,Total,9,Total,99,Total,9,Total,99,Total,2019,3321
A,Annual,ITD4,Friuli-Venezia Giulia,ROADACC,Road accidents with injuries,9,Total,9,Total,9,Total,9,Total,99,Total,9,Total,99,Total,2020,2344
A,Annual,ITD4,Friuli-Venezia Giulia,ROADACC,Road accidents with injuries,9,Total,9,Total,9,Total,9,Total,99,Total,9,Total,99,Total,2021,2970
A,Annual,ITD4,Friuli-Venezia Giulia,ROADACC,Road accidents with injuries,9,Total,9,Total,9,Total,9,Total,99,Total,9,Total,99,Total,2022,3265
A,Annual,ITD4,Friuli-Venezia Giulia,ROADACC,Road accidents with injuries,9,Total,9,Total,9,Total,9,Total,99,Total,9,Total,99,Total,2023,3187
A,Annual,ITD4,Friuli-Venezia Giulia,ROADACC,Road accidents with injuries,9,Total,9,Total,9,Total,9,Total,99,Total,9,Total,99,Total,2024,3228
A,Annual,ITD5,Emilia-Romagna,ROADACC,Road accidents with injuries,9,Total,9,Total,1,Accidents between vehicles,0,No,99,Total,9,Total,99,Total,2010,15243
A,Annual,ITD5,Emilia-Romagna,ROADACC,Road accidents with injuries,9,Total,9,Total,1,Accidents between vehicles,0,No,99,Total,9,Total,99,Total,2011,15488
A,Annual,ITD5,Emilia-Romagna,ROADACC,Road accidents with injuries,9,Total,9,Total,1,Accidents between vehicles,0,No,99,Total,9,Total,99,Total,2012,13637
A,Annual,ITD5,Emilia-Romagna,ROADACC,Road accidents with injuries,9,Total,9,Total,1,Accidents between vehicles,0,No,99,Total,9,Total,99,Total,2013,13377
A,Annual,ITD5,Emilia-Romagna,ROADACC,Road accidents with injuries,9,Total,9,Total,1,Accidents between vehicles,0,No,99,Total,9,Total,99,Total,2014,12926
A,Annual,ITD5,Emilia-Romagna,ROADACC,Road accidents with injuries,9,Total,9,Total,1,Accidents between vehicles,0,No,99,Total,9,Total,99,Total,2015,12772
A,Annual,ITD5,Emilia-Romagna,ROADACC,Road accidents with injuries,9,Total,9,Total,1,Accidents between vehicles,0,No,99,Total,9,Total,99,Total,2016,12692
A,Annual,ITD5,Emilia-Romagna,ROADACC,Road accidents with injuries,9,Total,9,Total,1,Accidents between vehicles,0,No,99,Total,9,Total,99,Total,2017,12665
A,Annual,ITD5,Emilia-Romagna,ROADACC,Road accidents with injuries,9,Total,9,Total,1,Accidents between vehicles,0,No,99,Total,9,Total,99,Total,2018,11893
A,Annual,ITD5,Emilia-Romagna,ROADACC,Road accidents with injuries,9,Total,9,Total,1,Accidents between vehicles,0,No,99,Total,9,Total,99,Total,2019,11874
A,Annual,ITD5,Emilia-Romagna,ROADACC,Road accidents with injuries,9,Total,9,Total,1,Accidents between vehicles,0,No,99,Total,9,Total,99,Total,2020,8070
A,Annual,ITD5,Emilia-Romagna,ROADACC,Road accidents with injuries,9,Total,9,Total,1,Accidents between vehicles,0,No,99,Total,9,Total,99,Total,2021,10570
A,Annual,ITD5,Emilia-Romagna,ROADACC,Road accidents with injuries,9,Total,9,Total,1,Accidents between vehicles,0,No,99,Total,9,Total,99,Total,2022,11486
A,Annual,ITD5,Emilia-Romagna,ROADACC,Road accidents with injuries,9,Total,9,Total,1,Accidents between vehicles,0,No,99,Total,9,Total,99,Total,2023,11741
A,Annual,ITD5,Emilia-Romagna,ROADACC,Road accidents with injuries,9,Total,9,Total,1,Accidents between vehicles,0,No,99,Total,9,Total,99,Total,2024,11660
A,Annual,ITD5,Emilia-Romagna,ROADACC,Road accidents with injuries,9,Total,9,Total,1,Accidents between vehicles,1,Yes,99,Total,9,Total,99,Total,2010,223
A,Annual,ITD5,Emilia-Romagna,ROADACC,Road accidents with injuries,9,Total,9,Total,1,Accidents between vehicles,1,Yes,99,Total,9,Total,99,Total,2011,233
A,Annual,ITD5,Emilia-Romagna,ROADACC,Road accidents with injuries,9,Total,9,Total,1,Accidents between vehicles,1,Yes,99,Total,9,Total,99,Total,2012,206
A,Annual,ITD5,Emilia-Romagna,ROADACC,Road accidents with injuries,9,Total,9,Total,1,Accidents between vehicles,1,Yes,99,Total,9,Total,99,Total,2013,163
A,Annual,ITD5,Emilia-Romagna,ROADACC,Road accidents with injuries,9,Total,9,Total,1,Accidents between vehicles,1,Yes,99,Total,9,Total,99,Total,2014,180
A,Annual,ITD5,Emilia-Romagna,ROADACC,Road accidents with injuries,9,Total,9,Total,1,Accidents between vehicles,1,Yes,99,Total,9,Total,99,Total,2015,175
A,Annual,ITD5,Emilia-Romagna,ROADACC,Road accidents with injuries,9,Total,9,Total,1,Accidents between vehicles,1,Yes,99,Total,9,Total,99,Total,2016,157
A,Annual,ITD5,Emilia-Romagna,ROADACC,Road accidents with injuries,9,Total,9,Total,1,Accidents between vehicles,1,Yes,99,Total,9,Total,99,Total,2017,204
A,Annual,ITD5,Emilia-Romagna,ROADACC,Road accidents with injuries,9,Total,9,Total,1,Accidents between vehicles,1,Yes,99,Total,9,Total,99,Total,2018,162
A,Annual,ITD5,Emilia-Romagna,ROADACC,Road accidents with injuries,9,Total,9,Total,1,Accidents between vehicles,1,Yes,99,Total,9,Total,99,Total,2019,190
A,Annual,ITD5,Emilia-Romagna,ROADACC,Road accidents with injuries,9,Total,9,Total,1,Accidents between vehicles,1,Yes,99,Total,9,Total,99,Total,2020,111
A,Annual,ITD5,Emilia-Romagna,ROADACC,Road accidents with injuries,9,Total,9,Total,1,Accidents between vehicles,1,Yes,99,Total,9,Total,99,Total,2021,149
A,Annual,ITD5,Emilia-Romagna,ROADACC,Road accidents with injuries,9,Total,9,Total,1,Accidents between vehicles,1,Yes,99,Total,9,Total,99,Total,2022,163
A,Annual,ITD5,Emilia-Romagna,ROADACC,Road accidents with injuries,9,Total,9,Total,1,Accidents between vehicles,1,Yes,99,Total,9,Total,99,Total,2023,131
A,Annual,ITD5,Emilia-Romagna,ROADACC,Road accidents with injuries,9,Total,9,Total,1,Accidents between vehicles,1,Yes,99,Total,9,Total,99,Total,2024,130
A,Annual,ITD5,Emilia-Romagna,ROADACC,Road accidents with injuries,9,Total,9,Total,1,Accidents between vehicles,9,Total,99,Total,9,Total,99,Total,2010,15466
A,Annual,ITD5,Emilia-Romagna,ROADACC,Road accidents with injuries,9,Total,9,Total,1,Accidents between vehicles,9,Total,99,Total,9,Total,99,Total,2011,15721
A,Annual,ITD5,Emilia-Romagna,ROADACC,Road accidents with injuries,9,Total,9,Total,1,Accidents between vehicles,9,Total,99,Total,9,Total,99,Total,2012,13843
A,Annual,ITD5,Emilia-Romagna,ROADACC,Road accidents with injuries,9,Total,9,Total,1,Accidents between vehicles,9,Total,99,Total,9,Total,99,Total,2013,13540
A,Annual,ITD5,Emilia-Romagna,ROADACC,Road accidents with injuries,9,Total,9,Total,1,Accidents between vehicles,9,Total,99,Total,9,Total,99,Total,2014,13106
A,Annual,ITD5,Emilia-Romagna,ROADACC,Road accidents with injuries,9,Total,9,Total,1,Accidents between vehicles,9,Total,99,Total,9,Total,99,Total,2015,12947
A,Annual,ITD5,Emilia-Romagna,ROADACC,Road accidents with injuries,9,Total,9,Total,1,Accidents between vehicles,9,Total,99,Total,9,Total,99,Total,2016,12849
A,Annual,ITD5,Emilia-Romagna,ROADACC,Road accidents with injuries,9,Total,9,Total,1,Accidents between vehicles,9,Total,99,Total,9,Total,99,Total,2017,12869
A,Annual,ITD5,Emilia-Romagna,ROADACC,Road accidents with injuries,9,Total,9,Total,1,Accidents between vehicles,9,Total,99,Total,9,Total,99,Total,2018,12055
A,Annual,ITD5,Emilia-Romagna,ROADACC,Road accidents with injuries,9,Total,9,Total,1,Accidents between vehicles,9,Total,99,Total,9,Total,99,Total,2019,12064
A,Annual,ITD5,Emilia-Romagna,ROADACC,Road accidents with injuries,9,Total,9,Total,1,Accidents between vehicles,9,Total,99,Total,9,Total,99,Total,2020,8181
A,Annual,ITD5,Emilia-Romagna,ROADACC,Road accidents with injuries,9,Total,9,Total,1,Accidents between vehicles,9,Total,99,Total,9,Total,99,Total,2021,10719
A,Annual,ITD5,Emilia-Romagna,ROADACC,Road accidents with injuries,9,Total,9,Total,1,Accidents between vehicles,9,Total,99,Total,9,Total,99,Total,2022,11649
A,Annual,ITD5,Emilia-Romagna,ROADACC,Road accidents with injuries,9,Total,9,Total,1,Accidents between vehicles,9,Total,99,Total,9,Total,99,Total,2023,11872
A,Annual,ITD5,Emilia-Romagna,ROADACC,Road accidents with injuries,9,Total,9,Total,1,Accidents between vehicles,9,Total,99,Total,9,Total,99,Total,2024,11790
A,Annual,ITD5,Emilia-Romagna,ROADACC,Road accidents with injuries,9,Total,9,Total,2,Vehicle-pedestrian accident,0,No,99,Total,9,Total,99,Total,2010,1509
A,Annual,ITD5,Emilia-Romagna,ROADACC,Road accidents with injuries,9,Total,9,Total,2,Vehicle-pedestrian accident,0,No,99,Total,9,Total,99,Total,2011,1463
A,Annual,ITD5,Emilia-Romagna,ROADACC,Road accidents with injuries,9,Total,9,Total,2,Vehicle-pedestrian accident,0,No,99,Total,9,Total,99,Total,2012,1505
A,Annual,ITD5,Emilia-Romagna,ROADACC,Road accidents with injuries,9,Total,9,Total,2,Vehicle-pedestrian accident,0,No,99,Total,9,Total,99,Total,2013,1497
A,Annual,ITD5,Emilia-Romagna,ROADACC,Road accidents with injuries,9,Total,9,Total,2,Vehicle-pedestrian accident,0,No,99,Total,9,Total,99,Total,2014,1560
A,Annual,ITD5,Emilia-Romagna,ROADACC,Road accidents with injuries,9,Total,9,Total,2,Vehicle-pedestrian accident,0,No,99,Total,9,Total,99,Total,2015,1462
A,Annual,ITD5,Emilia-Romagna,ROADACC,Road accidents with injuries,9,Total,9,Total,2,Vehicle-pedestrian accident,0,No,99,Total,9,Total,99,Total,2016,1485
A,Annual,ITD5,Emilia-Romagna,ROADACC,Road accidents with injuries,9,Total,9,Total,2,Vehicle-pedestrian accident,0,No,99,Total,9,Total,99,Total,2017,1564
A,Annual,ITD5,Emilia-Romagna,ROADACC,Road accidents with injuries,9,Total,9,Total,2,Vehicle-pedestrian accident,0,No,99,Total,9,Total,99,Total,2018,1584
A,Annual,ITD5,Emilia-Romagna,ROADACC,Road accidents with injuries,9,Total,9,Total,2,Vehicle-pedestrian accident,0,No,99,Total,9,Total,99,Total,2019,1563
A,Annual,ITD5,Emilia-Romagna,ROADACC,Road accidents with injuries,9,Total,9,Total,2,Vehicle-pedestrian accident,0,No,99,Total,9,Total,99,Total,2020,1004
A,Annual,ITD5,Emilia-Romagna,ROADACC,Road accidents with injuries,9,Total,9,Total,2,Vehicle-pedestrian accident,0,No,99,Total,9,Total,99,Total,2021,1274
A,Annual,ITD5,Emilia-Romagna,ROADACC,Road accidents with injuries,9,Total,9,Total,2,Vehicle-pedestrian accident,0,No,99,Total,9,Total,99,Total,2022,1522
A,Annual,ITD5,Emilia-Romagna,ROADACC,Road accidents with injuries,9,Total,9,Total,2,Vehicle-pedestrian accident,0,No,99,Total,9,Total,99,Total,2023,1525
A,Annual,ITD5,Emilia-Romagna,ROADACC,Road accidents with injuries,9,Total,9,Total,2,Vehicle-pedestrian accident,0,No,99,Total,9,Total,99,Total,2024,1582
A,Annual,ITD5,Emilia-Romagna,ROADACC,Road accidents with injuries,9,Total,9,Total,2,Vehicle-pedestrian accident,1,Yes,99,Total,9,Total,99,Total,2010,59
A,Annual,ITD5,Emilia-Romagna,ROADACC,Road accidents with injuries,9,Total,9,Total,2,Vehicle-pedestrian accident,1,Yes,99,Total,9,Total,99,Total,2011,45
A,Annual,ITD5,Emilia-Romagna,ROADACC,Road accidents with injuries,9,Total,9,Total,2,Vehicle-pedestrian accident,1,Yes,99,Total,9,Total,99,Total,2012,54
A,Annual,ITD5,Emilia-Romagna,ROADACC,Road accidents with injuries,9,Total,9,Total,2,Vehicle-pedestrian accident,1,Yes,99,Total,9,Total,99,Total,2013,52
A,Annual,ITD5,Emilia-Romagna,ROADACC,Road accidents with injuries,9,Total,9,Total,2,Vehicle-pedestrian accident,1,Yes,99,Total,9,Total,99,Total,2014,60
A,Annual,ITD5,Emilia-Romagna,ROADACC,Road accidents with injuries,9,Total,9,Total,2,Vehicle-pedestrian accident,1,Yes,99,Total,9,Total,99,Total,2015,47
A,Annual,ITD5,Emilia-Romagna,ROADACC,Road accidents with injuries,9,Total,9,Total,2,Vehicle-pedestrian accident,1,Yes,99,Total,9,Total,99,Total,2016,53
A,Annual,ITD5,Emilia-Romagna,ROADACC,Road accidents with injuries,9,Total,9,Total,2,Vehicle-pedestrian accident,1,Yes,99,Total,9,Total,99,Total,2017,67
A,Annual,ITD5,Emilia-Romagna,ROADACC,Road accidents with injuries,9,Total,9,Total,2,Vehicle-pedestrian accident,1,Yes,99,Total,9,Total,99,Total,2018,48
A,Annual,ITD5,Emilia-Romagna,ROADACC,Road accidents with injuries,9,Total,9,Total,2,Vehicle-pedestrian accident,1,Yes,99,Total,9,Total,99,Total,2019,54
A,Annual,ITD5,Emilia-Romagna,ROADACC,Road accidents with injuries,9,Total,9,Total,2,Vehicle-pedestrian accident,1,Yes,99,Total,9,Total,99,Total,2020,31
A,Annual,ITD5,Emilia-Romagna,ROADACC,Road accidents with injuries,9,Total,9,Total,2,Vehicle-pedestrian accident,1,Yes,99,Total,9,Total,99,Total,2021,39
A,Annual,ITD5,Emilia-Romagna,ROADACC,Road accidents with injuries,9,Total,9,Total,2,Vehicle-pedestrian accident,1,Yes,99,Total,9,Total,99,Total,2022,30
A,Annual,ITD5,Emilia-Romagna,ROADACC,Road accidents with injuries,9,Total,9,Total,2,Vehicle-pedestrian accident,1,Yes,99,Total,9,Total,99,Total,2023,41
A,Annual,ITD5,Emilia-Romagna,ROADACC,Road accidents with injuries,9,Total,9,Total,2,Vehicle-pedestrian accident,1,Yes,99,Total,9,Total,99,Total,2024,35
A,Annual,ITD5,Emilia-Romagna,ROADACC,Road accidents with injuries,9,Total,9,Total,2,Vehicle-pedestrian accident,9,Total,99,Total,9,Total,99,Total,2010,1568
A,Annual,ITD5,Emilia-Romagna,ROADACC,Road accidents with injuries,9,Total,9,Total,2,Vehicle-pedestrian accident,9,Total,99,Total,9,Total,99,Total,2011,1508
A,Annual,ITD5,Emilia-Romagna,ROADACC,Road accidents with injuries,9,Total,9,Total,2,Vehicle-pedestrian accident,9,Total,99,Total,9,Total,99,Total,2012,1559
A,Annual,ITD5,Emilia-Romagna,ROADACC,Road accidents with injuries,9,Total,9,Total,2,Vehicle-pedestrian accident,9,Total,99,Total,9,Total,99,Total,2013,1549
A,Annual,ITD5,Emilia-Romagna,ROADACC,Road accidents with injuries,9,Total,9,Total,2,Vehicle-pedestrian accident,9,Total,99,Total,9,Total,99,Total,2014,1620
A,Annual,ITD5,Emilia-Romagna,ROADACC,Road accidents with injuries,9,Total,9,Total,2,Vehicle-pedestrian accident,9,Total,99,Total,9,Total,99,Total,2015,1509
A,Annual,ITD5,Emilia-Romagna,ROADACC,Road accidents with injuries,9,Total,9,Total,2,Vehicle-pedestrian accident,9,Total,99,Total,9,Total,99,Total,2016,1538
A,Annual,ITD5,Emilia-Romagna,ROADACC,Road accidents with injuries,9,Total,9,Total,2,Vehicle-pedestrian accident,9,Total,99,Total,9,Total,99,Total,2017,1631
A,Annual,ITD5,Emilia-Romagna,ROADACC,Road accidents with injuries,9,Total,9,Total,2,Vehicle-pedestrian accident,9,Total,99,Total,9,Total,99,Total,2018,1632
A,Annual,ITD5,Emilia-Romagna,ROADACC,Road accidents with injuries,9,Total,9,Total,2,Vehicle-pedestrian accident,9,Total,99,Total,9,Total,99,Total,2019,1617
A,Annual,ITD5,Emilia-Romagna,ROADACC,Road accidents with injuries,9,Total,9,Total,2,Vehicle-pedestrian accident,9,Total,99,Total,9,Total,99,Total,2020,1035
A,Annual,ITD5,Emilia-Romagna,ROADACC,Road accidents with injuries,9,Total,9,Total,2,Vehicle-pedestrian accident,9,Total,99,Total,9,Total,99,Total,2021,1313
A,Annual,ITD5,Emilia-Romagna,ROADACC,Road accidents with injuries,9,Total,9,Total,2,Vehicle-pedestrian accident,9,Total,99,Total,9,Total,99,Total,2022,1552
A,Annual,ITD5,Emilia-Romagna,ROADACC,Road accidents with injuries,9,Total,9,Total,2,Vehicle-pedestrian accident,9,Total,99,Total,9,Total,99,Total,2023,1566
A,Annual,ITD5,Emilia-Romagna,ROADACC,Road accidents with injuries,9,Total,9,Total,2,Vehicle-pedestrian accident,9,Total,99,Total,9,Total,99,Total,2024,1617
A,Annual,ITD5,Emilia-Romagna,ROADACC,Road accidents with injuries,9,Total,9,Total,3,Accidents involving a single vehicle,0,No,99,Total,9,Total,99,Total,2010,3018
A,Annual,ITD5,Emilia-Romagna,ROADACC,Road accidents with injuries,9,Total,9,Total,3,Accidents involving a single vehicle,0,No,99,Total,9,Total,99,Total,2011,3082
A,Annual,ITD5,Emilia-Romagna,ROADACC,Road accidents with injuries,9,Total,9,Total,3,Accidents involving a single vehicle,0,No,99,Total,9,Total,99,Total,2012,2817
A,Annual,ITD5,Emilia-Romagna,ROADACC,Road accidents with injuries,9,Total,9,Total,3,Accidents involving a single vehicle,0,No,99,Total,9,Total,99,Total,2013,2932
A,Annual,ITD5,Emilia-Romagna,ROADACC,Road accidents with injuries,9,Total,9,Total,3,Accidents involving a single vehicle,0,No,99,Total,9,Total,99,Total,2014,2656
A,Annual,ITD5,Emilia-Romagna,ROADACC,Road accidents with injuries,9,Total,9,Total,3,Accidents involving a single vehicle,0,No,99,Total,9,Total,99,Total,2015,2836
A,Annual,ITD5,Emilia-Romagna,ROADACC,Road accidents with injuries,9,Total,9,Total,3,Accidents involving a single vehicle,0,No,99,Total,9,Total,99,Total,2016,2933
A,Annual,ITD5,Emilia-Romagna,ROADACC,Road accidents with injuries,9,Total,9,Total,3,Accidents involving a single vehicle,0,No,99,Total,9,Total,99,Total,2017,2772
A,Annual,ITD5,Emilia-Romagna,ROADACC,Road accidents with injuries,9,Total,9,Total,3,Accidents involving a single vehicle,0,No,99,Total,9,Total,99,Total,2018,2815
A,Annual,ITD5,Emilia-Romagna,ROADACC,Road accidents with injuries,9,Total,9,Total,3,Accidents involving a single vehicle,0,No,99,Total,9,Total,99,Total,2019,3003
A,Annual,ITD5,Emilia-Romagna,ROADACC,Road accidents with injuries,9,Total,9,Total,3,Accidents involving a single vehicle,0,No,99,Total,9,Total,99,Total,2020,2401
A,Annual,ITD5,Emilia-Romagna,ROADACC,Road accidents with injuries,9,Total,9,Total,3,Accidents involving a single vehicle,0,No,99,Total,9,Total,99,Total,2021,3125
A,Annual,ITD5,Emilia-Romagna,ROADACC,Road accidents with injuries,9,Total,9,Total,3,Accidents involving a single vehicle,0,No,99,Total,9,Total,99,Total,2022,3374
A,Annual,ITD5,Emilia-Romagna,ROADACC,Road accidents with injuries,9,Total,9,Total,3,Accidents involving a single vehicle,0,No,99,Total,9,Total,99,Total,2023,3273
A,Annual,ITD5,Emilia-Romagna,ROADACC,Road accidents with injuries,9,Total,9,Total,3,Accidents involving a single vehicle,0,No,99,Total,9,Total,99,Total,2024,3254
A,Annual,ITD5,Emilia-Romagna,ROADACC,Road accidents with injuries,9,Total,9,Total,3,Accidents involving a single vehicle,1,Yes,99,Total,9,Total,99,Total,2010,101
A,Annual,ITD5,Emilia-Romagna,ROADACC,Road accidents with injuries,9,Total,9,Total,3,Accidents involving a single vehicle,1,Yes,99,Total,9,Total,99,Total,2011,104
A,Annual,ITD5,Emilia-Romagna,ROADACC,Road accidents with injuries,9,Total,9,Total,3,Accidents involving a single vehicle,1,Yes,99,Total,9,Total,99,Total,2012,102
A,Annual,ITD5,Emilia-Romagna,ROADACC,Road accidents with injuries,9,Total,9,Total,3,Accidents involving a single vehicle,1,Yes,99,Total,9,Total,99,Total,2013,115
A,Annual,ITD5,Emilia-Romagna,ROADACC,Road accidents with injuries,9,Total,9,Total,3,Accidents involving a single vehicle,1,Yes,99,Total,9,Total,99,Total,2014,73
A,Annual,ITD5,Emilia-Romagna,ROADACC,Road accidents with injuries,9,Total,9,Total,3,Accidents involving a single vehicle,1,Yes,99,Total,9,Total,99,Total,2015,93
A,Annual,ITD5,Emilia-Romagna,ROADACC,Road accidents with injuries,9,Total,9,Total,3,Accidents involving a single vehicle,1,Yes,99,Total,9,Total,99,Total,2016,86
A,Annual,ITD5,Emilia-Romagna,ROADACC,Road accidents with injuries,9,Total,9,Total,3,Accidents involving a single vehicle,1,Yes,99,Total,9,Total,99,Total,2017,90
A,Annual,ITD5,Emilia-Romagna,ROADACC,Road accidents with injuries,9,Total,9,Total,3,Accidents involving a single vehicle,1,Yes,99,Total,9,Total,99,Total,2018,95
A,Annual,ITD5,Emilia-Romagna,ROADACC,Road accidents with injuries,9,Total,9,Total,3,Accidents involving a single vehicle,1,Yes,99,Total,9,Total,99,Total,2019,83
A,Annual,ITD5,Emilia-Romagna,ROADACC,Road accidents with injuries,9,Total,9,Total,3,Accidents involving a single vehicle,1,Yes,99,Total,9,Total,99,Total,2020,75
A,Annual,ITD5,Emilia-Romagna,ROADACC,Road accidents with injuries,9,Total,9,Total,3,Accidents involving a single vehicle,1,Yes,99,Total,9,Total,99,Total,2021,74
A,Annual,ITD5,Emilia-Romagna,ROADACC,Road accidents with injuries,9,Total,9,Total,3,Accidents involving a single vehicle,1,Yes,99,Total,9,Total,99,Total,2022,104
A,Annual,ITD5,Emilia-Romagna,ROADACC,Road accidents with injuries,9,Total,9,Total,3,Accidents involving a single vehicle,1,Yes,99,Total,9,Total,99,Total,2023,98
A,Annual,ITD5,Emilia-Romagna,ROADACC,Road accidents with injuries,9,Total,9,Total,3,Accidents involving a single vehicle,1,Yes,99,Total,9,Total,99,Total,2024,97
A,Annual,ITD5,Emilia-Romagna,ROADACC,Road accidents with injuries,9,Total,9,Total,3,Accidents involving a single vehicle,9,Total,99,Total,9,Total,99,Total,2010,3119
A,Annual,ITD5,Emilia-Romagna,ROADACC,Road accidents with injuries,9,Total,9,Total,3,Accidents involving a single vehicle,9,Total,99,Total,9,Total,99,Total,2011,3186
A,Annual,ITD5,Emilia-Romagna,ROADACC,Road accidents with injuries,9,Total,9,Total,3,Accidents involving a single vehicle,9,Total,99,Total,9,Total,99,Total,2012,2919
A,Annual,ITD5,Emilia-Romagna,ROADACC,Road accidents with injuries,9,Total,9,Total,3,Accidents involving a single vehicle,9,Total,99,Total,9,Total,99,Total,2013,3047
A,Annual,ITD5,Emilia-Romagna,ROADACC,Road accidents with injuries,9,Total,9,Total,3,Accidents involving a single vehicle,9,Total,99,Total,9,Total,99,Total,2014,2729
A,Annual,ITD5,Emilia-Romagna,ROADACC,Road accidents with injuries,9,Total,9,Total,3,Accidents involving a single vehicle,9,Total,99,Total,9,Total,99,Total,2015,2929
A,Annual,ITD5,Emilia-Romagna,ROADACC,Road accidents with injuries,9,Total,9,Total,3,Accidents involving a single vehicle,9,Total,99,Total,9,Total,99,Total,2016,3019
A,Annual,ITD5,Emilia-Romagna,ROADACC,Road accidents with injuries,9,Total,9,Total,3,Accidents involving a single vehicle,9,Total,99,Total,9,Total,99,Total,2017,2862
A,Annual,ITD5,Emilia-Romagna,ROADACC,Road accidents with injuries,9,Total,9,Total,3,Accidents involving a single vehicle,9,Total,99,Total,9,Total,99,Total,2018,2910
A,Annual,ITD5,Emilia-Romagna,ROADACC,Road accidents with injuries,9,Total,9,Total,3,Accidents involving a single vehicle,9,Total,99,Total,9,Total,99,Total,2019,3086
A,Annual,ITD5,Emilia-Romagna,ROADACC,Road accidents with injuries,9,Total,9,Total,3,Accidents involving a single vehicle,9,Total,99,Total,9,Total,99,Total,2020,2476
A,Annual,ITD5,Emilia-Romagna,ROADACC,Road accidents with injuries,9,Total,9,Total,3,Accidents involving a single vehicle,9,Total,99,Total,9,Total,99,Total,2021,3199
A,Annual,ITD5,Emilia-Romagna,ROADACC,Road accidents with injuries,9,Total,9,Total,3,Accidents involving a single vehicle,9,Total,99,Total,9,Total,99,Total,2022,3478
A,Annual,ITD5,Emilia-Romagna,ROADACC,Road accidents with injuries,9,Total,9,Total,3,Accidents involving a single vehicle,9,Total,99,Total,9,Total,99,Total,2023,3371
A,Annual,ITD5,Emilia-Romagna,ROADACC,Road accidents with injuries,9,Total,9,Total,3,Accidents involving a single vehicle,9,Total,99,Total,9,Total,99,Total,2024,3351
A,Annual,ITD5,Emilia-Romagna,ROADACC,Road accidents with injuries,9,Total,9,Total,9,Total,0,No,99,Total,9,Total,99,Total,2010,19770
A,Annual,ITD5,Emilia-Romagna,ROADACC,Road accidents with injuries,9,Total,9,Total,9,Total,0,No,99,Total,9,Total,99,Total,2011,20033
A,Annual,ITD5,Emilia-Romagna,ROADACC,Road accidents with injuries,9,Total,9,Total,9,Total,0,No,99,Total,9,Total,99,Total,2012,17959
A,Annual,ITD5,Emilia-Romagna,ROADACC,Road accidents with injuries,9,Total,9,Total,9,Total,0,No,99,Total,9,Total,99,Total,2013,17806
A,Annual,ITD5,Emilia-Romagna,ROADACC,Road accidents with injuries,9,Total,9,Total,9,Total,0,No,99,Total,9,Total,99,Total,2014,17142
A,Annual,ITD5,Emilia-Romagna,ROADACC,Road accidents with injuries,9,Total,9,Total,9,Total,0,No,99,Total,9,Total,99,Total,2015,17070
A,Annual,ITD5,Emilia-Romagna,ROADACC,Road accidents with injuries,9,Total,9,Total,9,Total,0,No,99,Total,9,Total,99,Total,2016,17110
A,Annual,ITD5,Emilia-Romagna,ROADACC,Road accidents with injuries,9,Total,9,Total,9,Total,0,No,99,Total,9,Total,99,Total,2017,17001
A,Annual,ITD5,Emilia-Romagna,ROADACC,Road accidents with injuries,9,Total,9,Total,9,Total,0,No,99,Total,9,Total,99,Total,2018,16292
A,Annual,ITD5,Emilia-Romagna,ROADACC,Road accidents with injuries,9,Total,9,Total,9,Total,0,No,99,Total,9,Total,99,Total,2019,16440
A,Annual,ITD5,Emilia-Romagna,ROADACC,Road accidents with injuries,9,Total,9,Total,9,Total,0,No,99,Total,9,Total,99,Total,2020,11475
A,Annual,ITD5,Emilia-Romagna,ROADACC,Road accidents with injuries,9,Total,9,Total,9,Total,0,No,99,Total,9,Total,99,Total,2021,14969
A,Annual,ITD5,Emilia-Romagna,ROADACC,Road accidents with injuries,9,Total,9,Total,9,Total,0,No,99,Total,9,Total,99,Total,2022,16382
A,Annual,ITD5,Emilia-Romagna,ROADACC,Road accidents with injuries,9,Total,9,Total,9,Total,0,No,99,Total,9,Total,99,Total,2023,16539
A,Annual,ITD5,Emilia-Romagna,ROADACC,Road accidents with injuries,9,Total,9,Total,9,Total,0,No,99,Total,9,Total,99,Total,2024,16496
A,Annual,ITD5,Emilia-Romagna,ROADACC,Road accidents with injuries,9,Total,9,Total,9,Total,1,Yes,99,Total,9,Total,99,Total,2010,383
A,Annual,ITD5,Emilia-Romagna,ROADACC,Road accidents with injuries,9,Total,9,Total,9,Total,1,Yes,99,Total,9,Total,99,Total,2011,382
A,Annual,ITD5,Emilia-Romagna,ROADACC,Road accidents with injuries,9,Total,9,Total,9,Total,1,Yes,99,Total,9,Total,99,Total,2012,362
A,Annual,ITD5,Emilia-Romagna,ROADACC,Road accidents with injuries,9,Total,9,Total,9,Total,1,Yes,99,Total,9,Total,99,Total,2013,330
A,Annual,ITD5,Emilia-Romagna,ROADACC,Road accidents with injuries,9,Total,9,Total,9,Total,1,Yes,99,Total,9,Total,99,Total,2014,313
A,Annual,ITD5,Emilia-Romagna,ROADACC,Road accidents with injuries,9,Total,9,Total,9,Total,1,Yes,99,Total,9,Total,99,Total,2015,315
A,Annual,ITD5,Emilia-Romagna,ROADACC,Road accidents with injuries,9,Total,9,Total,9,Total,1,Yes,99,Total,9,Total,99,Total,2016,296
A,Annual,ITD5,Emilia-Romagna,ROADACC,Road accidents with injuries,9,Total,9,Total,9,Total,1,Yes,99,Total,9,Total,99,Total,2017,361
A,Annual,ITD5,Emilia-Romagna,ROADACC,Road accidents with injuries,9,Total,9,Total,9,Total,1,Yes,99,Total,9,Total,99,Total,2018,305
A,Annual,ITD5,Emilia-Romagna,ROADACC,Road accidents with injuries,9,Total,9,Total,9,Total,1,Yes,99,Total,9,Total,99,Total,2019,327
A,Annual,ITD5,Emilia-Romagna,ROADACC,Road accidents with injuries,9,Total,9,Total,9,Total,1,Yes,99,Total,9,Total,99,Total,2020,217
A,Annual,ITD5,Emilia-Romagna,ROADACC,Road accidents with injuries,9,Total,9,Total,9,Total,1,Yes,99,Total,9,Total,99,Total,2021,262
A,Annual,ITD5,Emilia-Romagna,ROADACC,Road accidents with injuries,9,Total,9,Total,9,Total,1,Yes,99,Total,9,Total,99,Total,2022,297
A,Annual,ITD5,Emilia-Romagna,ROADACC,Road accidents with injuries,9,Total,9,Total,9,Total,1,Yes,99,Total,9,Total,99,Total,2023,270
A,Annual,ITD5,Emilia-Romagna,ROADACC,Road accidents with injuries,9,Total,9,Total,9,Total,1,Yes,99,Total,9,Total,99,Total,2024,262
A,Annual,ITD5,Emilia-Romagna,ROADACC,Road accidents with injuries,9,Total,9,Total,9,Total,9,Total,99,Total,9,Total,99,Total,2010,20153
A,Annual,ITD5,Emilia-Romagna,ROADACC,Road accidents with injuries,9,Total,9,Total,9,Total,9,Total,99,Total,9,Total,99,Total,2011,20415
A,Annual,ITD5,Emilia-Romagna,ROADACC,Road accidents with injuries,9,Total,9,Total,9,Total,9,Total,99,Total,9,Total,99,Total,2012,18321
A,Annual,ITD5,Emilia-Romagna,ROADACC,Road accidents with injuries,9,Total,9,Total,9,Total,9,Total,99,Total,9,Total,99,Total,2013,18136
A,Annual,ITD5,Emilia-Romagna,ROADACC,Road accidents with injuries,9,Total,9,Total,9,Total,9,Total,99,Total,9,Total,99,Total,2014,17455
A,Annual,ITD5,Emilia-Romagna,ROADACC,Road accidents with injuries,9,Total,9,Total,9,Total,9,Total,99,Total,9,Total,99,Total,2015,17385
A,Annual,ITD5,Emilia-Romagna,ROADACC,Road accidents with injuries,9,Total,9,Total,9,Total,9,Total,99,Total,9,Total,99,Total,2016,17406
A,Annual,ITD5,Emilia-Romagna,ROADACC,Road accidents with injuries,9,Total,9,Total,9,Total,9,Total,99,Total,9,Total,99,Total,2017,17362
A,Annual,ITD5,Emilia-Romagna,ROADACC,Road accidents with injuries,9,Total,9,Total,9,Total,9,Total,99,Total,9,Total,99,Total,2018,16597
A,Annual,ITD5,Emilia-Romagna,ROADACC,Road accidents with injuries,9,Total,9,Total,9,Total,9,Total,99,Total,9,Total,99,Total,2019,16767
A,Annual,ITD5,Emilia-Romagna,ROADACC,Road accidents with injuries,9,Total,9,Total,9,Total,9,Total,99,Total,9,Total,99,Total,2020,11692
A,Annual,ITD5,Emilia-Romagna,ROADACC,Road accidents with injuries,9,Total,9,Total,9,Total,9,Total,99,Total,9,Total,99,Total,2021,15231
A,Annual,ITD5,Emilia-Romagna,ROADACC,Road accidents with injuries,9,Total,9,Total,9,Total,9,Total,99,Total,9,Total,99,Total,2022,16679
A,Annual,ITD5,Emilia-Romagna,ROADACC,Road accidents with injuries,9,Total,9,Total,9,Total,9,Total,99,Total,9,Total,99,Total,2023,16809
A,Annual,ITD5,Emilia-Romagna,ROADACC,Road accidents with injuries,9,Total,9,Total,9,Total,9,Total,99,Total,9,Total,99,Total,2024,16758
A,Annual,ITE1,Toscana,ROADACC,Road accidents with injuries,9,Total,9,Total,1,Accidents between vehicles,0,No,99,Total,9,Total,99,Total,2010,14184
A,Annual,ITE1,Toscana,ROADACC,Road accidents with injuries,9,Total,9,Total,1,Accidents between vehicles,0,No,99,Total,9,Total,99,Total,2011,14228
A,Annual,ITE1,Toscana,ROADACC,Road accidents with injuries,9,Total,9,Total,1,Accidents between vehicles,0,No,99,Total,9,Total,99,Total,2012,12815
A,Annual,ITE1,Toscana,ROADACC,Road accidents with injuries,9,Total,9,Total,1,Accidents between vehicles,0,No,99,Total,9,Total,99,Total,2013,11982
A,Annual,ITE1,Toscana,ROADACC,Road accidents with injuries,9,Total,9,Total,1,Accidents between vehicles,0,No,99,Total,9,Total,99,Total,2014,12263
A,Annual,ITE1,Toscana,ROADACC,Road accidents with injuries,9,Total,9,Total,1,Accidents between vehicles,0,No,99,Total,9,Total,99,Total,2015,11675
A,Annual,ITE1,Toscana,ROADACC,Road accidents with injuries,9,Total,9,Total,1,Accidents between vehicles,0,No,99,Total,9,Total,99,Total,2016,11923
A,Annual,ITE1,Toscana,ROADACC,Road accidents with injuries,9,Total,9,Total,1,Accidents between vehicles,0,No,99,Total,9,Total,99,Total,2017,11666
A,Annual,ITE1,Toscana,ROADACC,Road accidents with injuries,9,Total,9,Total,1,Accidents between vehicles,0,No,99,Total,9,Total,99,Total,2018,11334
A,Annual,ITE1,Toscana,ROADACC,Road accidents with injuries,9,Total,9,Total,1,Accidents between vehicles,0,No,99,Total,9,Total,99,Total,2019,10962
A,Annual,ITE1,Toscana,ROADACC,Road accidents with injuries,9,Total,9,Total,1,Accidents between vehicles,0,No,99,Total,9,Total,99,Total,2020,7034
A,Annual,ITE1,Toscana,ROADACC,Road accidents with injuries,9,Total,9,Total,1,Accidents between vehicles,0,No,99,Total,9,Total,99,Total,2021,9539
A,Annual,ITE1,Toscana,ROADACC,Road accidents with injuries,9,Total,9,Total,1,Accidents between vehicles,0,No,99,Total,9,Total,99,Total,2022,10589
A,Annual,ITE1,Toscana,ROADACC,Road accidents with injuries,9,Total,9,Total,1,Accidents between vehicles,0,No,99,Total,9,Total,99,Total,2023,10581
A,Annual,ITE1,Toscana,ROADACC,Road accidents with injuries,9,Total,9,Total,1,Accidents between vehicles,0,No,99,Total,9,Total,99,Total,2024,10912
A,Annual,ITE1,Toscana,ROADACC,Road accidents with injuries,9,Total,9,Total,1,Accidents between vehicles,1,Yes,99,Total,9,Total,99,Total,2010,146
A,Annual,ITE1,Toscana,ROADACC,Road accidents with injuries,9,Total,9,Total,1,Accidents between vehicles,1,Yes,99,Total,9,Total,99,Total,2011,150
A,Annual,ITE1,Toscana,ROADACC,Road accidents with injuries,9,Total,9,Total,1,Accidents between vehicles,1,Yes,99,Total,9,Total,99,Total,2012,128
A,Annual,ITE1,Toscana,ROADACC,Road accidents with injuries,9,Total,9,Total,1,Accidents between vehicles,1,Yes,99,Total,9,Total,99,Total,2013,117
A,Annual,ITE1,Toscana,ROADACC,Road accidents with injuries,9,Total,9,Total,1,Accidents between vehicles,1,Yes,99,Total,9,Total,99,Total,2014,125
A,Annual,ITE1,Toscana,ROADACC,Road accidents with injuries,9,Total,9,Total,1,Accidents between vehicles,1,Yes,99,Total,9,Total,99,Total,2015,126
A,Annual,ITE1,Toscana,ROADACC,Road accidents with injuries,9,Total,9,Total,1,Accidents between vehicles,1,Yes,99,Total,9,Total,99,Total,2016,110
A,Annual,ITE1,Toscana,ROADACC,Road accidents with injuries,9,Total,9,Total,1,Accidents between vehicles,1,Yes,99,Total,9,Total,99,Total,2017,129
A,Annual,ITE1,Toscana,ROADACC,Road accidents with injuries,9,Total,9,Total,1,Accidents between vehicles,1,Yes,99,Total,9,Total,99,Total,2018,128
A,Annual,ITE1,Toscana,ROADACC,Road accidents with injuries,9,Total,9,Total,1,Accidents between vehicles,1,Yes,99,Total,9,Total,99,Total,2019,115
A,Annual,ITE1,Toscana,ROADACC,Road accidents with injuries,9,Total,9,Total,1,Accidents between vehicles,1,Yes,99,Total,9,Total,99,Total,2020,69
A,Annual,ITE1,Toscana,ROADACC,Road accidents with injuries,9,Total,9,Total,1,Accidents between vehicles,1,Yes,99,Total,9,Total,99,Total,2021,91
A,Annual,ITE1,Toscana,ROADACC,Road accidents with injuries,9,Total,9,Total,1,Accidents between vehicles,1,Yes,99,Total,9,Total,99,Total,2022,108
A,Annual,ITE1,Toscana,ROADACC,Road accidents with injuries,9,Total,9,Total,1,Accidents between vehicles,1,Yes,99,Total,9,Total,99,Total,2023,101
A,Annual,ITE1,Toscana,ROADACC,Road accidents with injuries,9,Total,9,Total,1,Accidents between vehicles,1,Yes,99,Total,9,Total,99,Total,2024,96
A,Annual,ITE1,Toscana,ROADACC,Road accidents with injuries,9,Total,9,Total,1,Accidents between vehicles,9,Total,99,Total,9,Total,99,Total,2010,14330
A,Annual,ITE1,Toscana,ROADACC,Road accidents with injuries,9,Total,9,Total,1,Accidents between vehicles,9,Total,99,Total,9,Total,99,Total,2011,14378
A,Annual,ITE1,Toscana,ROADACC,Road accidents with injuries,9,Total,9,Total,1,Accidents between vehicles,9,Total,99,Total,9,Total,99,Total,2012,12943
A,Annual,ITE1,Toscana,ROADACC,Road accidents with injuries,9,Total,9,Total,1,Accidents between vehicles,9,Total,99,Total,9,Total,99,Total,2013,12099
A,Annual,ITE1,Toscana,ROADACC,Road accidents with injuries,9,Total,9,Total,1,Accidents between vehicles,9,Total,99,Total,9,Total,99,Total,2014,12388
A,Annual,ITE1,Toscana,ROADACC,Road accidents with injuries,9,Total,9,Total,1,Accidents between vehicles,9,Total,99,Total,9,Total,99,Total,2015,11801
A,Annual,ITE1,Toscana,ROADACC,Road accidents with injuries,9,Total,9,Total,1,Accidents between vehicles,9,Total,99,Total,9,Total,99,Total,2016,12033
A,Annual,ITE1,Toscana,ROADACC,Road accidents with injuries,9,Total,9,Total,1,Accidents between vehicles,9,Total,99,Total,9,Total,99,Total,2017,11795
A,Annual,ITE1,Toscana,ROADACC,Road accidents with injuries,9,Total,9,Total,1,Accidents between vehicles,9,Total,99,Total,9,Total,99,Total,2018,11462
A,Annual,ITE1,Toscana,ROADACC,Road accidents with injuries,9,Total,9,Total,1,Accidents between vehicles,9,Total,99,Total,9,Total,99,Total,2019,11077
A,Annual,ITE1,Toscana,ROADACC,Road accidents with injuries,9,Total,9,Total,1,Accidents between vehicles,9,Total,99,Total,9,Total,99,Total,2020,7103
A,Annual,ITE1,Toscana,ROADACC,Road accidents with injuries,9,Total,9,Total,1,Accidents between vehicles,9,Total,99,Total,9,Total,99,Total,2021,9630
A,Annual,ITE1,Toscana,ROADACC,Road accidents with injuries,9,Total,9,Total,1,Accidents between vehicles,9,Total,99,Total,9,Total,99,Total,2022,10697
A,Annual,ITE1,Toscana,ROADACC,Road accidents with injuries,9,Total,9,Total,1,Accidents between vehicles,9,Total,99,Total,9,Total,99,Total,2023,10682
A,Annual,ITE1,Toscana,ROADACC,Road accidents with injuries,9,Total,9,Total,1,Accidents between vehicles,9,Total,99,Total,9,Total,99,Total,2024,11008
A,Annual,ITE1,Toscana,ROADACC,Road accidents with injuries,9,Total,9,Total,2,Vehicle-pedestrian accident,0,No,99,Total,9,Total,99,Total,2010,1858
A,Annual,ITE1,Toscana,ROADACC,Road accidents with injuries,9,Total,9,Total,2,Vehicle-pedestrian accident,0,No,99,Total,9,Total,99,Total,2011,1771
A,Annual,ITE1,Toscana,ROADACC,Road accidents with injuries,9,Total,9,Total,2,Vehicle-pedestrian accident,0,No,99,Total,9,Total,99,Total,2012,1706
A,Annual,ITE1,Toscana,ROADACC,Road accidents with injuries,9,Total,9,Total,2,Vehicle-pedestrian accident,0,No,99,Total,9,Total,99,Total,2013,1781
A,Annual,ITE1,Toscana,ROADACC,Road accidents with injuries,9,Total,9,Total,2,Vehicle-pedestrian accident,0,No,99,Total,9,Total,99,Total,2014,1877
A,Annual,ITE1,Toscana,ROADACC,Road accidents with injuries,9,Total,9,Total,2,Vehicle-pedestrian accident,0,No,99,Total,9,Total,99,Total,2015,1665
A,Annual,ITE1,Toscana,ROADACC,Road accidents with injuries,9,Total,9,Total,2,Vehicle-pedestrian accident,0,No,99,Total,9,Total,99,Total,2016,1967
A,Annual,ITE1,Toscana,ROADACC,Road accidents with injuries,9,Total,9,Total,2,Vehicle-pedestrian accident,0,No,99,Total,9,Total,99,Total,2017,1836
A,Annual,ITE1,Toscana,ROADACC,Road accidents with injuries,9,Total,9,Total,2,Vehicle-pedestrian accident,0,No,99,Total,9,Total,99,Total,2018,1854
A,Annual,ITE1,Toscana,ROADACC,Road accidents with injuries,9,Total,9,Total,2,Vehicle-pedestrian accident,0,No,99,Total,9,Total,99,Total,2019,1812
A,Annual,ITE1,Toscana,ROADACC,Road accidents with injuries,9,Total,9,Total,2,Vehicle-pedestrian accident,0,No,99,Total,9,Total,99,Total,2020,1209
A,Annual,ITE1,Toscana,ROADACC,Road accidents with injuries,9,Total,9,Total,2,Vehicle-pedestrian accident,0,No,99,Total,9,Total,99,Total,2021,1440
A,Annual,ITE1,Toscana,ROADACC,Road accidents with injuries,9,Total,9,Total,2,Vehicle-pedestrian accident,0,No,99,Total,9,Total,99,Total,2022,1597
A,Annual,ITE1,Toscana,ROADACC,Road accidents with injuries,9,Total,9,Total,2,Vehicle-pedestrian accident,0,No,99,Total,9,Total,99,Total,2023,1618
A,Annual,ITE1,Toscana,ROADACC,Road accidents with injuries,9,Total,9,Total,2,Vehicle-pedestrian accident,0,No,99,Total,9,Total,99,Total,2024,1677
A,Annual,ITE1,Toscana,ROADACC,Road accidents with injuries,9,Total,9,Total,2,Vehicle-pedestrian accident,1,Yes,99,Total,9,Total,99,Total,2010,60
A,Annual,ITE1,Toscana,ROADACC,Road accidents with injuries,9,Total,9,Total,2,Vehicle-pedestrian accident,1,Yes,99,Total,9,Total,99,Total,2011,43
A,Annual,ITE1,Toscana,ROADACC,Road accidents with injuries,9,Total,9,Total,2,Vehicle-pedestrian accident,1,Yes,99,Total,9,Total,99,Total,2012,59
A,Annual,ITE1,Toscana,ROADACC,Road accidents with injuries,9,Total,9,Total,2,Vehicle-pedestrian accident,1,Yes,99,Total,9,Total,99,Total,2013,47
A,Annual,ITE1,Toscana,ROADACC,Road accidents with injuries,9,Total,9,Total,2,Vehicle-pedestrian accident,1,Yes,99,Total,9,Total,99,Total,2014,46
A,Annual,ITE1,Toscana,ROADACC,Road accidents with injuries,9,Total,9,Total,2,Vehicle-pedestrian accident,1,Yes,99,Total,9,Total,99,Total,2015,51
A,Annual,ITE1,Toscana,ROADACC,Road accidents with injuries,9,Total,9,Total,2,Vehicle-pedestrian accident,1,Yes,99,Total,9,Total,99,Total,2016,62
A,Annual,ITE1,Toscana,ROADACC,Road accidents with injuries,9,Total,9,Total,2,Vehicle-pedestrian accident,1,Yes,99,Total,9,Total,99,Total,2017,47
A,Annual,ITE1,Toscana,ROADACC,Road accidents with injuries,9,Total,9,Total,2,Vehicle-pedestrian accident,1,Yes,99,Total,9,Total,99,Total,2018,46
A,Annual,ITE1,Toscana,ROADACC,Road accidents with injuries,9,Total,9,Total,2,Vehicle-pedestrian accident,1,Yes,99,Total,9,Total,99,Total,2019,32
A,Annual,ITE1,Toscana,ROADACC,Road accidents with injuries,9,Total,9,Total,2,Vehicle-pedestrian accident,1,Yes,99,Total,9,Total,99,Total,2020,25
A,Annual,ITE1,Toscana,ROADACC,Road accidents with injuries,9,Total,9,Total,2,Vehicle-pedestrian accident,1,Yes,99,Total,9,Total,99,Total,2021,37
A,Annual,ITE1,Toscana,ROADACC,Road accidents with injuries,9,Total,9,Total,2,Vehicle-pedestrian accident,1,Yes,99,Total,9,Total,99,Total,2022,44
A,Annual,ITE1,Toscana,ROADACC,Road accidents with injuries,9,Total,9,Total,2,Vehicle-pedestrian accident,1,Yes,99,Total,9,Total,99,Total,2023,33
A,Annual,ITE1,Toscana,ROADACC,Road accidents with injuries,9,Total,9,Total,2,Vehicle-pedestrian accident,1,Yes,99,Total,9,Total,99,Total,2024,31
A,Annual,ITE1,Toscana,ROADACC,Road accidents with injuries,9,Total,9,Total,2,Vehicle-pedestrian accident,9,Total,99,Total,9,Total,99,Total,2010,1918
A,Annual,ITE1,Toscana,ROADACC,Road accidents with injuries,9,Total,9,Total,2,Vehicle-pedestrian accident,9,Total,99,Total,9,Total,99,Total,2011,1814
A,Annual,ITE1,Toscana,ROADACC,Road accidents with injuries,9,Total,9,Total,2,Vehicle-pedestrian accident,9,Total,99,Total,9,Total,99,Total,2012,1765
A,Annual,ITE1,Toscana,ROADACC,Road accidents with injuries,9,Total,9,Total,2,Vehicle-pedestrian accident,9,Total,99,Total,9,Total,99,Total,2013,1828
A,Annual,ITE1,Toscana,ROADACC,Road accidents with injuries,9,Total,9,Total,2,Vehicle-pedestrian accident,9,Total,99,Total,9,Total,99,Total,2014,1923
A,Annual,ITE1,Toscana,ROADACC,Road accidents with injuries,9,Total,9,Total,2,Vehicle-pedestrian accident,9,Total,99,Total,9,Total,99,Total,2015,1716
A,Annual,ITE1,Toscana,ROADACC,Road accidents with injuries,9,Total,9,Total,2,Vehicle-pedestrian accident,9,Total,99,Total,9,Total,99,Total,2016,2029
A,Annual,ITE1,Toscana,ROADACC,Road accidents with injuries,9,Total,9,Total,2,Vehicle-pedestrian accident,9,Total,99,Total,9,Total,99,Total,2017,1883
A,Annual,ITE1,Toscana,ROADACC,Road accidents with injuries,9,Total,9,Total,2,Vehicle-pedestrian accident,9,Total,99,Total,9,Total,99,Total,2018,1900
A,Annual,ITE1,Toscana,ROADACC,Road accidents with injuries,9,Total,9,Total,2,Vehicle-pedestrian accident,9,Total,99,Total,9,Total,99,Total,2019,1844
A,Annual,ITE1,Toscana,ROADACC,Road accidents with injuries,9,Total,9,Total,2,Vehicle-pedestrian accident,9,Total,99,Total,9,Total,99,Total,2020,1234
A,Annual,ITE1,Toscana,ROADACC,Road accidents with injuries,9,Total,9,Total,2,Vehicle-pedestrian accident,9,Total,99,Total,9,Total,99,Total,2021,1477
A,Annual,ITE1,Toscana,ROADACC,Road accidents with injuries,9,Total,9,Total,2,Vehicle-pedestrian accident,9,Total,99,Total,9,Total,99,Total,2022,1641
A,Annual,ITE1,Toscana,ROADACC,Road accidents with injuries,9,Total,9,Total,2,Vehicle-pedestrian accident,9,Total,99,Total,9,Total,99,Total,2023,1651
A,Annual,ITE1,Toscana,ROADACC,Road accidents with injuries,9,Total,9,Total,2,Vehicle-pedestrian accident,9,Total,99,Total,9,Total,99,Total,2024,1708
A,Annual,ITE1,Toscana,ROADACC,Road accidents with injuries,9,Total,9,Total,3,Accidents involving a single vehicle,0,No,99,Total,9,Total,99,Total,2010,2534
A,Annual,ITE1,Toscana,ROADACC,Road accidents with injuries,9,Total,9,Total,3,Accidents involving a single vehicle,0,No,99,Total,9,Total,99,Total,2011,2413
A,Annual,ITE1,Toscana,ROADACC,Road accidents with injuries,9,Total,9,Total,3,Accidents involving a single vehicle,0,No,99,Total,9,Total,99,Total,2012,2310
A,Annual,ITE1,Toscana,ROADACC,Road accidents with injuries,9,Total,9,Total,3,Accidents involving a single vehicle,0,No,99,Total,9,Total,99,Total,2013,2252
A,Annual,ITE1,Toscana,ROADACC,Road accidents with injuries,9,Total,9,Total,3,Accidents involving a single vehicle,0,No,99,Total,9,Total,99,Total,2014,2273
A,Annual,ITE1,Toscana,ROADACC,Road accidents with injuries,9,Total,9,Total,3,Accidents involving a single vehicle,0,No,99,Total,9,Total,99,Total,2015,2283
A,Annual,ITE1,Toscana,ROADACC,Road accidents with injuries,9,Total,9,Total,3,Accidents involving a single vehicle,0,No,99,Total,9,Total,99,Total,2016,2378
A,Annual,ITE1,Toscana,ROADACC,Road accidents with injuries,9,Total,9,Total,3,Accidents involving a single vehicle,0,No,99,Total,9,Total,99,Total,2017,2342
A,Annual,ITE1,Toscana,ROADACC,Road accidents with injuries,9,Total,9,Total,3,Accidents involving a single vehicle,0,No,99,Total,9,Total,99,Total,2018,2407
A,Annual,ITE1,Toscana,ROADACC,Road accidents with injuries,9,Total,9,Total,3,Accidents involving a single vehicle,0,No,99,Total,9,Total,99,Total,2019,2550
A,Annual,ITE1,Toscana,ROADACC,Road accidents with injuries,9,Total,9,Total,3,Accidents involving a single vehicle,0,No,99,Total,9,Total,99,Total,2020,1968
A,Annual,ITE1,Toscana,ROADACC,Road accidents with injuries,9,Total,9,Total,3,Accidents involving a single vehicle,0,No,99,Total,9,Total,99,Total,2021,2431
A,Annual,ITE1,Toscana,ROADACC,Road accidents with injuries,9,Total,9,Total,3,Accidents involving a single vehicle,0,No,99,Total,9,Total,99,Total,2022,2710
A,Annual,ITE1,Toscana,ROADACC,Road accidents with injuries,9,Total,9,Total,3,Accidents involving a single vehicle,0,No,99,Total,9,Total,99,Total,2023,2542
A,Annual,ITE1,Toscana,ROADACC,Road accidents with injuries,9,Total,9,Total,3,Accidents involving a single vehicle,0,No,99,Total,9,Total,99,Total,2024,2406
A,Annual,ITE1,Toscana,ROADACC,Road accidents with injuries,9,Total,9,Total,3,Accidents involving a single vehicle,1,Yes,99,Total,9,Total,99,Total,2010,83
A,Annual,ITE1,Toscana,ROADACC,Road accidents with injuries,9,Total,9,Total,3,Accidents involving a single vehicle,1,Yes,99,Total,9,Total,99,Total,2011,67
A,Annual,ITE1,Toscana,ROADACC,Road accidents with injuries,9,Total,9,Total,3,Accidents involving a single vehicle,1,Yes,99,Total,9,Total,99,Total,2012,59
A,Annual,ITE1,Toscana,ROADACC,Road accidents with injuries,9,Total,9,Total,3,Accidents involving a single vehicle,1,Yes,99,Total,9,Total,99,Total,2013,52
A,Annual,ITE1,Toscana,ROADACC,Road accidents with injuries,9,Total,9,Total,3,Accidents involving a single vehicle,1,Yes,99,Total,9,Total,99,Total,2014,70
A,Annual,ITE1,Toscana,ROADACC,Road accidents with injuries,9,Total,9,Total,3,Accidents involving a single vehicle,1,Yes,99,Total,9,Total,99,Total,2015,63
A,Annual,ITE1,Toscana,ROADACC,Road accidents with injuries,9,Total,9,Total,3,Accidents involving a single vehicle,1,Yes,99,Total,9,Total,99,Total,2016,67
A,Annual,ITE1,Toscana,ROADACC,Road accidents with injuries,9,Total,9,Total,3,Accidents involving a single vehicle,1,Yes,99,Total,9,Total,99,Total,2017,79
A,Annual,ITE1,Toscana,ROADACC,Road accidents with injuries,9,Total,9,Total,3,Accidents involving a single vehicle,1,Yes,99,Total,9,Total,99,Total,2018,54
A,Annual,ITE1,Toscana,ROADACC,Road accidents with injuries,9,Total,9,Total,3,Accidents involving a single vehicle,1,Yes,99,Total,9,Total,99,Total,2019,54
A,Annual,ITE1,Toscana,ROADACC,Road accidents with injuries,9,Total,9,Total,3,Accidents involving a single vehicle,1,Yes,99,Total,9,Total,99,Total,2020,45
A,Annual,ITE1,Toscana,ROADACC,Road accidents with injuries,9,Total,9,Total,3,Accidents involving a single vehicle,1,Yes,99,Total,9,Total,99,Total,2021,58
A,Annual,ITE1,Toscana,ROADACC,Road accidents with injuries,9,Total,9,Total,3,Accidents involving a single vehicle,1,Yes,99,Total,9,Total,99,Total,2022,63
A,Annual,ITE1,Toscana,ROADACC,Road accidents with injuries,9,Total,9,Total,3,Accidents involving a single vehicle,1,Yes,99,Total,9,Total,99,Total,2023,58
A,Annual,ITE1,Toscana,ROADACC,Road accidents with injuries,9,Total,9,Total,3,Accidents involving a single vehicle,1,Yes,99,Total,9,Total,99,Total,2024,52
A,Annual,ITE1,Toscana,ROADACC,Road accidents with injuries,9,Total,9,Total,3,Accidents involving a single vehicle,9,Total,99,Total,9,Total,99,Total,2010,2617
A,Annual,ITE1,Toscana,ROADACC,Road accidents with injuries,9,Total,9,Total,3,Accidents involving a single vehicle,9,Total,99,Total,9,Total,99,Total,2011,2480
A,Annual,ITE1,Toscana,ROADACC,Road accidents with injuries,9,Total,9,Total,3,Accidents involving a single vehicle,9,Total,99,Total,9,Total,99,Total,2012,2369
A,Annual,ITE1,Toscana,ROADACC,Road accidents with injuries,9,Total,9,Total,3,Accidents involving a single vehicle,9,Total,99,Total,9,Total,99,Total,2013,2304
A,Annual,ITE1,Toscana,ROADACC,Road accidents with injuries,9,Total,9,Total,3,Accidents involving a single vehicle,9,Total,99,Total,9,Total,99,Total,2014,2343
A,Annual,ITE1,Toscana,ROADACC,Road accidents with injuries,9,Total,9,Total,3,Accidents involving a single vehicle,9,Total,99,Total,9,Total,99,Total,2015,2346
A,Annual,ITE1,Toscana,ROADACC,Road accidents with injuries,9,Total,9,Total,3,Accidents involving a single vehicle,9,Total,99,Total,9,Total,99,Total,2016,2445
A,Annual,ITE1,Toscana,ROADACC,Road accidents with injuries,9,Total,9,Total,3,Accidents involving a single vehicle,9,Total,99,Total,9,Total,99,Total,2017,2421
A,Annual,ITE1,Toscana,ROADACC,Road accidents with injuries,9,Total,9,Total,3,Accidents involving a single vehicle,9,Total,99,Total,9,Total,99,Total,2018,2461
A,Annual,ITE1,Toscana,ROADACC,Road accidents with injuries,9,Total,9,Total,3,Accidents involving a single vehicle,9,Total,99,Total,9,Total,99,Total,2019,2604
A,Annual,ITE1,Toscana,ROADACC,Road accidents with injuries,9,Total,9,Total,3,Accidents involving a single vehicle,9,Total,99,Total,9,Total,99,Total,2020,2013
A,Annual,ITE1,Toscana,ROADACC,Road accidents with injuries,9,Total,9,Total,3,Accidents involving a single vehicle,9,Total,99,Total,9,Total,99,Total,2021,2489
A,Annual,ITE1,Toscana,ROADACC,Road accidents with injuries,9,Total,9,Total,3,Accidents involving a single vehicle,9,Total,99,Total,9,Total,99,Total,2022,2773
A,Annual,ITE1,Toscana,ROADACC,Road accidents with injuries,9,Total,9,Total,3,Accidents involving a single vehicle,9,Total,99,Total,9,Total,99,Total,2023,2600
A,Annual,ITE1,Toscana,ROADACC,Road accidents with injuries,9,Total,9,Total,3,Accidents involving a single vehicle,9,Total,99,Total,9,Total,99,Total,2024,2458
A,Annual,ITE1,Toscana,ROADACC,Road accidents with injuries,9,Total,9,Total,9,Total,0,No,99,Total,9,Total,99,Total,2010,18576
A,Annual,ITE1,Toscana,ROADACC,Road accidents with injuries,9,Total,9,Total,9,Total,0,No,99,Total,9,Total,99,Total,2011,18412
A,Annual,ITE1,Toscana,ROADACC,Road accidents with injuries,9,Total,9,Total,9,Total,0,No,99,Total,9,Total,99,Total,2012,16831
A,Annual,ITE1,Toscana,ROADACC,Road accidents with injuries,9,Total,9,Total,9,Total,0,No,99,Total,9,Total,99,Total,2013,16015
A,Annual,ITE1,Toscana,ROADACC,Road accidents with injuries,9,Total,9,Total,9,Total,0,No,99,Total,9,Total,99,Total,2014,16413
A,Annual,ITE1,Toscana,ROADACC,Road accidents with injuries,9,Total,9,Total,9,Total,0,No,99,Total,9,Total,99,Total,2015,15623
A,Annual,ITE1,Toscana,ROADACC,Road accidents with injuries,9,Total,9,Total,9,Total,0,No,99,Total,9,Total,99,Total,2016,16268
A,Annual,ITE1,Toscana,ROADACC,Road accidents with injuries,9,Total,9,Total,9,Total,0,No,99,Total,9,Total,99,Total,2017,15844
A,Annual,ITE1,Toscana,ROADACC,Road accidents with injuries,9,Total,9,Total,9,Total,0,No,99,Total,9,Total,99,Total,2018,15595
A,Annual,ITE1,Toscana,ROADACC,Road accidents with injuries,9,Total,9,Total,9,Total,0,No,99,Total,9,Total,99,Total,2019,15324
A,Annual,ITE1,Toscana,ROADACC,Road accidents with injuries,9,Total,9,Total,9,Total,0,No,99,Total,9,Total,99,Total,2020,10211
A,Annual,ITE1,Toscana,ROADACC,Road accidents with injuries,9,Total,9,Total,9,Total,0,No,99,Total,9,Total,99,Total,2021,13410
A,Annual,ITE1,Toscana,ROADACC,Road accidents with injuries,9,Total,9,Total,9,Total,0,No,99,Total,9,Total,99,Total,2022,14896
A,Annual,ITE1,Toscana,ROADACC,Road accidents with injuries,9,Total,9,Total,9,Total,0,No,99,Total,9,Total,99,Total,2023,14741
A,Annual,ITE1,Toscana,ROADACC,Road accidents with injuries,9,Total,9,Total,9,Total,0,No,99,Total,9,Total,99,Total,2024,14995
A,Annual,ITE1,Toscana,ROADACC,Road accidents with injuries,9,Total,9,Total,9,Total,1,Yes,99,Total,9,Total,99,Total,2010,289
A,Annual,ITE1,Toscana,ROADACC,Road accidents with injuries,9,Total,9,Total,9,Total,1,Yes,99,Total,9,Total,99,Total,2011,260
A,Annual,ITE1,Toscana,ROADACC,Road accidents with injuries,9,Total,9,Total,9,Total,1,Yes,99,Total,9,Total,99,Total,2012,246
A,Annual,ITE1,Toscana,ROADACC,Road accidents with injuries,9,Total,9,Total,9,Total,1,Yes,99,Total,9,Total,99,Total,2013,216
A,Annual,ITE1,Toscana,ROADACC,Road accidents with injuries,9,Total,9,Total,9,Total,1,Yes,99,Total,9,Total,99,Total,2014,241
A,Annual,ITE1,Toscana,ROADACC,Road accidents with injuries,9,Total,9,Total,9,Total,1,Yes,99,Total,9,Total,99,Total,2015,240
A,Annual,ITE1,Toscana,ROADACC,Road accidents with injuries,9,Total,9,Total,9,Total,1,Yes,99,Total,9,Total,99,Total,2016,239
A,Annual,ITE1,Toscana,ROADACC,Road accidents with injuries,9,Total,9,Total,9,Total,1,Yes,99,Total,9,Total,99,Total,2017,255
A,Annual,ITE1,Toscana,ROADACC,Road accidents with injuries,9,Total,9,Total,9,Total,1,Yes,99,Total,9,Total,99,Total,2018,228
A,Annual,ITE1,Toscana,ROADACC,Road accidents with injuries,9,Total,9,Total,9,Total,1,Yes,99,Total,9,Total,99,Total,2019,201
A,Annual,ITE1,Toscana,ROADACC,Road accidents with injuries,9,Total,9,Total,9,Total,1,Yes,99,Total,9,Total,99,Total,2020,139
A,Annual,ITE1,Toscana,ROADACC,Road accidents with injuries,9,Total,9,Total,9,Total,1,Yes,99,Total,9,Total,99,Total,2021,186
A,Annual,ITE1,Toscana,ROADACC,Road accidents with injuries,9,Total,9,Total,9,Total,1,Yes,99,Total,9,Total,99,Total,2022,215
A,Annual,ITE1,Toscana,ROADACC,Road accidents with injuries,9,Total,9,Total,9,Total,1,Yes,99,Total,9,Total,99,Total,2023,192
A,Annual,ITE1,Toscana,ROADACC,Road accidents with injuries,9,Total,9,Total,9,Total,1,Yes,99,Total,9,Total,99,Total,2024,179
A,Annual,ITE1,Toscana,ROADACC,Road accidents with injuries,9,Total,9,Total,9,Total,9,Total,99,Total,9,Total,99,Total,2010,18865
A,Annual,ITE1,Toscana,ROADACC,Road accidents with injuries,9,Total,9,Total,9,Total,9,Total,99,Total,9,Total,99,Total,2011,18672
A,Annual,ITE1,Toscana,ROADACC,Road accidents with injuries,9,Total,9,Total,9,Total,9,Total,99,Total,9,Total,99,Total,2012,17077
A,Annual,ITE1,Toscana,ROADACC,Road accidents with injuries,9,Total,9,Total,9,Total,9,Total,99,Total,9,Total,99,Total,2013,16231
A,Annual,ITE1,Toscana,ROADACC,Road accidents with injuries,9,Total,9,Total,9,Total,9,Total,99,Total,9,Total,99,Total,2014,16654
A,Annual,ITE1,Toscana,ROADACC,Road accidents with injuries,9,Total,9,Total,9,Total,9,Total,99,Total,9,Total,99,Total,2015,15863
A,Annual,ITE1,Toscana,ROADACC,Road accidents with injuries,9,Total,9,Total,9,Total,9,Total,99,Total,9,Total,99,Total,2016,16507
A,Annual,ITE1,Toscana,ROADACC,Road accidents with injuries,9,Total,9,Total,9,Total,9,Total,99,Total,9,Total,99,Total,2017,16099
A,Annual,ITE1,Toscana,ROADACC,Road accidents with injuries,9,Total,9,Total,9,Total,9,Total,99,Total,9,Total,99,Total,2018,15823
A,Annual,ITE1,Toscana,ROADACC,Road accidents with injuries,9,Total,9,Total,9,Total,9,Total,99,Total,9,Total,99,Total,2019,15525
A,Annual,ITE1,Toscana,ROADACC,Road accidents with injuries,9,Total,9,Total,9,Total,9,Total,99,Total,9,Total,99,Total,2020,10350
A,Annual,ITE1,Toscana,ROADACC,Road accidents with injuries,9,Total,9,Total,9,Total,9,Total,99,Total,9,Total,99,Total,2021,13596
A,Annual,ITE1,Toscana,ROADACC,Road accidents with injuries,9,Total,9,Total,9,Total,9,Total,99,Total,9,Total,99,Total,2022,15111
A,Annual,ITE1,Toscana,ROADACC,Road accidents with injuries,9,Total,9,Total,9,Total,9,Total,99,Total,9,Total,99,Total,2023,14933
A,Annual,ITE1,Toscana,ROADACC,Road accidents with injuries,9,Total,9,Total,9,Total,9,Total,99,Total,9,Total,99,Total,2024,15174
A,Annual,ITE2,Umbria,ROADACC,Road accidents with injuries,9,Total,9,Total,1,Accidents between vehicles,0,No,99,Total,9,Total,99,Total,2010,2013
A,Annual,ITE2,Umbria,ROADACC,Road accidents with injuries,9,Total,9,Total,1,Accidents between vehicles,0,No,99,Total,9,Total,99,Total,2011,1970
A,Annual,ITE2,Umbria,ROADACC,Road accidents with injuries,9,Total,9,Total,1,Accidents between vehicles,0,No,99,Total,9,Total,99,Total,2012,1597
A,Annual,ITE2,Umbria,ROADACC,Road accidents with injuries,9,Total,9,Total,1,Accidents between vehicles,0,No,99,Total,9,Total,99,Total,2013,1586
A,Annual,ITE2,Umbria,ROADACC,Road accidents with injuries,9,Total,9,Total,1,Accidents between vehicles,0,No,99,Total,9,Total,99,Total,2014,1530
A,Annual,ITE2,Umbria,ROADACC,Road accidents with injuries,9,Total,9,Total,1,Accidents between vehicles,0,No,99,Total,9,Total,99,Total,2015,1546
A,Annual,ITE2,Umbria,ROADACC,Road accidents with injuries,9,Total,9,Total,1,Accidents between vehicles,0,No,99,Total,9,Total,99,Total,2016,1581
A,Annual,ITE2,Umbria,ROADACC,Road accidents with injuries,9,Total,9,Total,1,Accidents between vehicles,0,No,99,Total,9,Total,99,Total,2017,1593
A,Annual,ITE2,Umbria,ROADACC,Road accidents with injuries,9,Total,9,Total,1,Accidents between vehicles,0,No,99,Total,9,Total,99,Total,2018,1576
A,Annual,ITE2,Umbria,ROADACC,Road accidents with injuries,9,Total,9,Total,1,Accidents between vehicles,0,No,99,Total,9,Total,99,Total,2019,1512
A,Annual,ITE2,Umbria,ROADACC,Road accidents with injuries,9,Total,9,Total,1,Accidents between vehicles,0,No,99,Total,9,Total,99,Total,2020,1101
A,Annual,ITE2,Umbria,ROADACC,Road accidents with injuries,9,Total,9,Total,1,Accidents between vehicles,0,No,99,Total,9,Total,99,Total,2021,1309
A,Annual,ITE2,Umbria,ROADACC,Road accidents with injuries,9,Total,9,Total,1,Accidents between vehicles,0,No,99,Total,9,Total,99,Total,2022,1530
A,Annual,ITE2,Umbria,ROADACC,Road accidents with injuries,9,Total,9,Total,1,Accidents between vehicles,0,No,99,Total,9,Total,99,Total,2023,1526
A,Annual,ITE2,Umbria,ROADACC,Road accidents with injuries,9,Total,9,Total,1,Accidents between vehicles,0,No,99,Total,9,Total,99,Total,2024,1586
A,Annual,ITE2,Umbria,ROADACC,Road accidents with injuries,9,Total,9,Total,1,Accidents between vehicles,1,Yes,99,Total,9,Total,99,Total,2010,37
A,Annual,ITE2,Umbria,ROADACC,Road accidents with injuries,9,Total,9,Total,1,Accidents between vehicles,1,Yes,99,Total,9,Total,99,Total,2011,32
A,Annual,ITE2,Umbria,ROADACC,Road accidents with injuries,9,Total,9,Total,1,Accidents between vehicles,1,Yes,99,Total,9,Total,99,Total,2012,24
A,Annual,ITE2,Umbria,ROADACC,Road accidents with injuries,9,Total,9,Total,1,Accidents between vehicles,1,Yes,99,Total,9,Total,99,Total,2013,30
A,Annual,ITE2,Umbria,ROADACC,Road accidents with injuries,9,Total,9,Total,1,Accidents between vehicles,1,Yes,99,Total,9,Total,99,Total,2014,22
A,Annual,ITE2,Umbria,ROADACC,Road accidents with injuries,9,Total,9,Total,1,Accidents between vehicles,1,Yes,99,Total,9,Total,99,Total,2015,26
A,Annual,ITE2,Umbria,ROADACC,Road accidents with injuries,9,Total,9,Total,1,Accidents between vehicles,1,Yes,99,Total,9,Total,99,Total,2016,20
A,Annual,ITE2,Umbria,ROADACC,Road accidents with injuries,9,Total,9,Total,1,Accidents between vehicles,1,Yes,99,Total,9,Total,99,Total,2017,26
A,Annual,ITE2,Umbria,ROADACC,Road accidents with injuries,9,Total,9,Total,1,Accidents between vehicles,1,Yes,99,Total,9,Total,99,Total,2018,21
A,Annual,ITE2,Umbria,ROADACC,Road accidents with injuries,9,Total,9,Total,1,Accidents between vehicles,1,Yes,99,Total,9,Total,99,Total,2019,24
A,Annual,ITE2,Umbria,ROADACC,Road accidents with injuries,9,Total,9,Total,1,Accidents between vehicles,1,Yes,99,Total,9,Total,99,Total,2020,19
A,Annual,ITE2,Umbria,ROADACC,Road accidents with injuries,9,Total,9,Total,1,Accidents between vehicles,1,Yes,99,Total,9,Total,99,Total,2021,25
A,Annual,ITE2,Umbria,ROADACC,Road accidents with injuries,9,Total,9,Total,1,Accidents between vehicles,1,Yes,99,Total,9,Total,99,Total,2022,21
A,Annual,ITE2,Umbria,ROADACC,Road accidents with injuries,9,Total,9,Total,1,Accidents between vehicles,1,Yes,99,Total,9,Total,99,Total,2023,23
A,Annual,ITE2,Umbria,ROADACC,Road accidents with injuries,9,Total,9,Total,1,Accidents between vehicles,1,Yes,99,Total,9,Total,99,Total,2024,35
A,Annual,ITE2,Umbria,ROADACC,Road accidents with injuries,9,Total,9,Total,1,Accidents between vehicles,9,Total,99,Total,9,Total,99,Total,2010,2050
A,Annual,ITE2,Umbria,ROADACC,Road accidents with injuries,9,Total,9,Total,1,Accidents between vehicles,9,Total,99,Total,9,Total,99,Total,2011,2002
A,Annual,ITE2,Umbria,ROADACC,Road accidents with injuries,9,Total,9,Total,1,Accidents between vehicles,9,Total,99,Total,9,Total,99,Total,2012,1621
A,Annual,ITE2,Umbria,ROADACC,Road accidents with injuries,9,Total,9,Total,1,Accidents between vehicles,9,Total,99,Total,9,Total,99,Total,2013,1616
A,Annual,ITE2,Umbria,ROADACC,Road accidents with injuries,9,Total,9,Total,1,Accidents between vehicles,9,Total,99,Total,9,Total,99,Total,2014,1552
A,Annual,ITE2,Umbria,ROADACC,Road accidents with injuries,9,Total,9,Total,1,Accidents between vehicles,9,Total,99,Total,9,Total,99,Total,2015,1572
A,Annual,ITE2,Umbria,ROADACC,Road accidents with injuries,9,Total,9,Total,1,Accidents between vehicles,9,Total,99,Total,9,Total,99,Total,2016,1601
A,Annual,ITE2,Umbria,ROADACC,Road accidents with injuries,9,Total,9,Total,1,Accidents between vehicles,9,Total,99,Total,9,Total,99,Total,2017,1619
A,Annual,ITE2,Umbria,ROADACC,Road accidents with injuries,9,Total,9,Total,1,Accidents between vehicles,9,Total,99,Total,9,Total,99,Total,2018,1597
A,Annual,ITE2,Umbria,ROADACC,Road accidents with injuries,9,Total,9,Total,1,Accidents between vehicles,9,Total,99,Total,9,Total,99,Total,2019,1536
A,Annual,ITE2,Umbria,ROADACC,Road accidents with injuries,9,Total,9,Total,1,Accidents between vehicles,9,Total,99,Total,9,Total,99,Total,2020,1120
A,Annual,ITE2,Umbria,ROADACC,Road accidents with injuries,9,Total,9,Total,1,Accidents between vehicles,9,Total,99,Total,9,Total,99,Total,2021,1334
A,Annual,ITE2,Umbria,ROADACC,Road accidents with injuries,9,Total,9,Total,1,Accidents between vehicles,9,Total,99,Total,9,Total,99,Total,2022,1551
A,Annual,ITE2,Umbria,ROADACC,Road accidents with injuries,9,Total,9,Total,1,Accidents between vehicles,9,Total,99,Total,9,Total,99,Total,2023,1549
A,Annual,ITE2,Umbria,ROADACC,Road accidents with injuries,9,Total,9,Total,1,Accidents between vehicles,9,Total,99,Total,9,Total,99,Total,2024,1621
A,Annual,ITE2,Umbria,ROADACC,Road accidents with injuries,9,Total,9,Total,2,Vehicle-pedestrian accident,0,No,99,Total,9,Total,99,Total,2010,266
A,Annual,ITE2,Umbria,ROADACC,Road accidents with injuries,9,Total,9,Total,2,Vehicle-pedestrian accident,0,No,99,Total,9,Total,99,Total,2011,308
A,Annual,ITE2,Umbria,ROADACC,Road accidents with injuries,9,Total,9,Total,2,Vehicle-pedestrian accident,0,No,99,Total,9,Total,99,Total,2012,263
A,Annual,ITE2,Umbria,ROADACC,Road accidents with injuries,9,Total,9,Total,2,Vehicle-pedestrian accident,0,No,99,Total,9,Total,99,Total,2013,249
A,Annual,ITE2,Umbria,ROADACC,Road accidents with injuries,9,Total,9,Total,2,Vehicle-pedestrian accident,0,No,99,Total,9,Total,99,Total,2014,250
A,Annual,ITE2,Umbria,ROADACC,Road accidents with injuries,9,Total,9,Total,2,Vehicle-pedestrian accident,0,No,99,Total,9,Total,99,Total,2015,257
A,Annual,ITE2,Umbria,ROADACC,Road accidents with injuries,9,Total,9,Total,2,Vehicle-pedestrian accident,0,No,99,Total,9,Total,99,Total,2016,293
A,Annual,ITE2,Umbria,ROADACC,Road accidents with injuries,9,Total,9,Total,2,Vehicle-pedestrian accident,0,No,99,Total,9,Total,99,Total,2017,272
A,Annual,ITE2,Umbria,ROADACC,Road accidents with injuries,9,Total,9,Total,2,Vehicle-pedestrian accident,0,No,99,Total,9,Total,99,Total,2018,261
A,Annual,ITE2,Umbria,ROADACC,Road accidents with injuries,9,Total,9,Total,2,Vehicle-pedestrian accident,0,No,99,Total,9,Total,99,Total,2019,272
A,Annual,ITE2,Umbria,ROADACC,Road accidents with injuries,9,Total,9,Total,2,Vehicle-pedestrian accident,0,No,99,Total,9,Total,99,Total,2020,193
A,Annual,ITE2,Umbria,ROADACC,Road accidents with injuries,9,Total,9,Total,2,Vehicle-pedestrian accident,0,No,99,Total,9,Total,99,Total,2021,206
A,Annual,ITE2,Umbria,ROADACC,Road accidents with injuries,9,Total,9,Total,2,Vehicle-pedestrian accident,0,No,99,Total,9,Total,99,Total,2022,220
A,Annual,ITE2,Umbria,ROADACC,Road accidents with injuries,9,Total,9,Total,2,Vehicle-pedestrian accident,0,No,99,Total,9,Total,99,Total,2023,244
A,Annual,ITE2,Umbria,ROADACC,Road accidents with injuries,9,Total,9,Total,2,Vehicle-pedestrian accident,0,No,99,Total,9,Total,99,Total,2024,270
A,Annual,ITE2,Umbria,ROADACC,Road accidents with injuries,9,Total,9,Total,2,Vehicle-pedestrian accident,1,Yes,99,Total,9,Total,99,Total,2010,10
A,Annual,ITE2,Umbria,ROADACC,Road accidents with injuries,9,Total,9,Total,2,Vehicle-pedestrian accident,1,Yes,99,Total,9,Total,99,Total,2011,4
A,Annual,ITE2,Umbria,ROADACC,Road accidents with injuries,9,Total,9,Total,2,Vehicle-pedestrian accident,1,Yes,99,Total,9,Total,99,Total,2012,6
A,Annual,ITE2,Umbria,ROADACC,Road accidents with injuries,9,Total,9,Total,2,Vehicle-pedestrian accident,1,Yes,99,Total,9,Total,99,Total,2013,9
A,Annual,ITE2,Umbria,ROADACC,Road accidents with injuries,9,Total,9,Total,2,Vehicle-pedestrian accident,1,Yes,99,Total,9,Total,99,Total,2014,12
A,Annual,ITE2,Umbria,ROADACC,Road accidents with injuries,9,Total,9,Total,2,Vehicle-pedestrian accident,1,Yes,99,Total,9,Total,99,Total,2015,13
A,Annual,ITE2,Umbria,ROADACC,Road accidents with injuries,9,Total,9,Total,2,Vehicle-pedestrian accident,1,Yes,99,Total,9,Total,99,Total,2016,5
A,Annual,ITE2,Umbria,ROADACC,Road accidents with injuries,9,Total,9,Total,2,Vehicle-pedestrian accident,1,Yes,99,Total,9,Total,99,Total,2017,4
A,Annual,ITE2,Umbria,ROADACC,Road accidents with injuries,9,Total,9,Total,2,Vehicle-pedestrian accident,1,Yes,99,Total,9,Total,99,Total,2018,9
A,Annual,ITE2,Umbria,ROADACC,Road accidents with injuries,9,Total,9,Total,2,Vehicle-pedestrian accident,1,Yes,99,Total,9,Total,99,Total,2019,8
A,Annual,ITE2,Umbria,ROADACC,Road accidents with injuries,9,Total,9,Total,2,Vehicle-pedestrian accident,1,Yes,99,Total,9,Total,99,Total,2020,9
A,Annual,ITE2,Umbria,ROADACC,Road accidents with injuries,9,Total,9,Total,2,Vehicle-pedestrian accident,1,Yes,99,Total,9,Total,99,Total,2021,9
A,Annual,ITE2,Umbria,ROADACC,Road accidents with injuries,9,Total,9,Total,2,Vehicle-pedestrian accident,1,Yes,99,Total,9,Total,99,Total,2022,7
A,Annual,ITE2,Umbria,ROADACC,Road accidents with injuries,9,Total,9,Total,2,Vehicle-pedestrian accident,1,Yes,99,Total,9,Total,99,Total,2023,9
A,Annual,ITE2,Umbria,ROADACC,Road accidents with injuries,9,Total,9,Total,2,Vehicle-pedestrian accident,1,Yes,99,Total,9,Total,99,Total,2024,7
A,Annual,ITE2,Umbria,ROADACC,Road accidents with injuries,9,Total,9,Total,2,Vehicle-pedestrian accident,9,Total,99,Total,9,Total,99,Total,2010,276
A,Annual,ITE2,Umbria,ROADACC,Road accidents with injuries,9,Total,9,Total,2,Vehicle-pedestrian accident,9,Total,99,Total,9,Total,99,Total,2011,312
A,Annual,ITE2,Umbria,ROADACC,Road accidents with injuries,9,Total,9,Total,2,Vehicle-pedestrian accident,9,Total,99,Total,9,Total,99,Total,2012,269
A,Annual,ITE2,Umbria,ROADACC,Road accidents with injuries,9,Total,9,Total,2,Vehicle-pedestrian accident,9,Total,99,Total,9,Total,99,Total,2013,258
A,Annual,ITE2,Umbria,ROADACC,Road accidents with injuries,9,Total,9,Total,2,Vehicle-pedestrian accident,9,Total,99,Total,9,Total,99,Total,2014,262
A,Annual,ITE2,Umbria,ROADACC,Road accidents with injuries,9,Total,9,Total,2,Vehicle-pedestrian accident,9,Total,99,Total,9,Total,99,Total,2015,270
A,Annual,ITE2,Umbria,ROADACC,Road accidents with injuries,9,Total,9,Total,2,Vehicle-pedestrian accident,9,Total,99,Total,9,Total,99,Total,2016,298
A,Annual,ITE2,Umbria,ROADACC,Road accidents with injuries,9,Total,9,Total,2,Vehicle-pedestrian accident,9,Total,99,Total,9,Total,99,Total,2017,276
A,Annual,ITE2,Umbria,ROADACC,Road accidents with injuries,9,Total,9,Total,2,Vehicle-pedestrian accident,9,Total,99,Total,9,Total,99,Total,2018,270
A,Annual,ITE2,Umbria,ROADACC,Road accidents with injuries,9,Total,9,Total,2,Vehicle-pedestrian accident,9,Total,99,Total,9,Total,99,Total,2019,280
A,Annual,ITE2,Umbria,ROADACC,Road accidents with injuries,9,Total,9,Total,2,Vehicle-pedestrian accident,9,Total,99,Total,9,Total,99,Total,2020,202
A,Annual,ITE2,Umbria,ROADACC,Road accidents with injuries,9,Total,9,Total,2,Vehicle-pedestrian accident,9,Total,99,Total,9,Total,99,Total,2021,215
A,Annual,ITE2,Umbria,ROADACC,Road accidents with injuries,9,Total,9,Total,2,Vehicle-pedestrian accident,9,Total,99,Total,9,Total,99,Total,2022,227
A,Annual,ITE2,Umbria,ROADACC,Road accidents with injuries,9,Total,9,Total,2,Vehicle-pedestrian accident,9,Total,99,Total,9,Total,99,Total,2023,253
A,Annual,ITE2,Umbria,ROADACC,Road accidents with injuries,9,Total,9,Total,2,Vehicle-pedestrian accident,9,Total,99,Total,9,Total,99,Total,2024,277
A,Annual,ITE2,Umbria,ROADACC,Road accidents with injuries,9,Total,9,Total,3,Accidents involving a single vehicle,0,No,99,Total,9,Total,99,Total,2010,560
A,Annual,ITE2,Umbria,ROADACC,Road accidents with injuries,9,Total,9,Total,3,Accidents involving a single vehicle,0,No,99,Total,9,Total,99,Total,2011,519
A,Annual,ITE2,Umbria,ROADACC,Road accidents with injuries,9,Total,9,Total,3,Accidents involving a single vehicle,0,No,99,Total,9,Total,99,Total,2012,455
A,Annual,ITE2,Umbria,ROADACC,Road accidents with injuries,9,Total,9,Total,3,Accidents involving a single vehicle,0,No,99,Total,9,Total,99,Total,2013,510
A,Annual,ITE2,Umbria,ROADACC,Road accidents with injuries,9,Total,9,Total,3,Accidents involving a single vehicle,0,No,99,Total,9,Total,99,Total,2014,433
A,Annual,ITE2,Umbria,ROADACC,Road accidents with injuries,9,Total,9,Total,3,Accidents involving a single vehicle,0,No,99,Total,9,Total,99,Total,2015,423
A,Annual,ITE2,Umbria,ROADACC,Road accidents with injuries,9,Total,9,Total,3,Accidents involving a single vehicle,0,No,99,Total,9,Total,99,Total,2016,475
A,Annual,ITE2,Umbria,ROADACC,Road accidents with injuries,9,Total,9,Total,3,Accidents involving a single vehicle,0,No,99,Total,9,Total,99,Total,2017,452
A,Annual,ITE2,Umbria,ROADACC,Road accidents with injuries,9,Total,9,Total,3,Accidents involving a single vehicle,0,No,99,Total,9,Total,99,Total,2018,505
A,Annual,ITE2,Umbria,ROADACC,Road accidents with injuries,9,Total,9,Total,3,Accidents involving a single vehicle,0,No,99,Total,9,Total,99,Total,2019,472
A,Annual,ITE2,Umbria,ROADACC,Road accidents with injuries,9,Total,9,Total,3,Accidents involving a single vehicle,0,No,99,Total,9,Total,99,Total,2020,362
A,Annual,ITE2,Umbria,ROADACC,Road accidents with injuries,9,Total,9,Total,3,Accidents involving a single vehicle,0,No,99,Total,9,Total,99,Total,2021,434
A,Annual,ITE2,Umbria,ROADACC,Road accidents with injuries,9,Total,9,Total,3,Accidents involving a single vehicle,0,No,99,Total,9,Total,99,Total,2022,458
A,Annual,ITE2,Umbria,ROADACC,Road accidents with injuries,9,Total,9,Total,3,Accidents involving a single vehicle,0,No,99,Total,9,Total,99,Total,2023,470
A,Annual,ITE2,Umbria,ROADACC,Road accidents with injuries,9,Total,9,Total,3,Accidents involving a single vehicle,0,No,99,Total,9,Total,99,Total,2024,534
A,Annual,ITE2,Umbria,ROADACC,Road accidents with injuries,9,Total,9,Total,3,Accidents involving a single vehicle,1,Yes,99,Total,9,Total,99,Total,2010,27
A,Annual,ITE2,Umbria,ROADACC,Road accidents with injuries,9,Total,9,Total,3,Accidents involving a single vehicle,1,Yes,99,Total,9,Total,99,Total,2011,23
A,Annual,ITE2,Umbria,ROADACC,Road accidents with injuries,9,Total,9,Total,3,Accidents involving a single vehicle,1,Yes,99,Total,9,Total,99,Total,2012,18
A,Annual,ITE2,Umbria,ROADACC,Road accidents with injuries,9,Total,9,Total,3,Accidents involving a single vehicle,1,Yes,99,Total,9,Total,99,Total,2013,18
A,Annual,ITE2,Umbria,ROADACC,Road accidents with injuries,9,Total,9,Total,3,Accidents involving a single vehicle,1,Yes,99,Total,9,Total,99,Total,2014,11
A,Annual,ITE2,Umbria,ROADACC,Road accidents with injuries,9,Total,9,Total,3,Accidents involving a single vehicle,1,Yes,99,Total,9,Total,99,Total,2015,20
A,Annual,ITE2,Umbria,ROADACC,Road accidents with injuries,9,Total,9,Total,3,Accidents involving a single vehicle,1,Yes,99,Total,9,Total,99,Total,2016,8
A,Annual,ITE2,Umbria,ROADACC,Road accidents with injuries,9,Total,9,Total,3,Accidents involving a single vehicle,1,Yes,99,Total,9,Total,99,Total,2017,14
A,Annual,ITE2,Umbria,ROADACC,Road accidents with injuries,9,Total,9,Total,3,Accidents involving a single vehicle,1,Yes,99,Total,9,Total,99,Total,2018,13
A,Annual,ITE2,Umbria,ROADACC,Road accidents with injuries,9,Total,9,Total,3,Accidents involving a single vehicle,1,Yes,99,Total,9,Total,99,Total,2019,18
A,Annual,ITE2,Umbria,ROADACC,Road accidents with injuries,9,Total,9,Total,3,Accidents involving a single vehicle,1,Yes,99,Total,9,Total,99,Total,2020,15
A,Annual,ITE2,Umbria,ROADACC,Road accidents with injuries,9,Total,9,Total,3,Accidents involving a single vehicle,1,Yes,99,Total,9,Total,99,Total,2021,18
A,Annual,ITE2,Umbria,ROADACC,Road accidents with injuries,9,Total,9,Total,3,Accidents involving a single vehicle,1,Yes,99,Total,9,Total,99,Total,2022,16
A,Annual,ITE2,Umbria,ROADACC,Road accidents with injuries,9,Total,9,Total,3,Accidents involving a single vehicle,1,Yes,99,Total,9,Total,99,Total,2023,8
A,Annual,ITE2,Umbria,ROADACC,Road accidents with injuries,9,Total,9,Total,3,Accidents involving a single vehicle,1,Yes,99,Total,9,Total,99,Total,2024,16
A,Annual,ITE2,Umbria,ROADACC,Road accidents with injuries,9,Total,9,Total,3,Accidents involving a single vehicle,9,Total,99,Total,9,Total,99,Total,2010,587
A,Annual,ITE2,Umbria,ROADACC,Road accidents with injuries,9,Total,9,Total,3,Accidents involving a single vehicle,9,Total,99,Total,9,Total,99,Total,2011,542
A,Annual,ITE2,Umbria,ROADACC,Road accidents with injuries,9,Total,9,Total,3,Accidents involving a single vehicle,9,Total,99,Total,9,Total,99,Total,2012,473
A,Annual,ITE2,Umbria,ROADACC,Road accidents with injuries,9,Total,9,Total,3,Accidents involving a single vehicle,9,Total,99,Total,9,Total,99,Total,2013,528
A,Annual,ITE2,Umbria,ROADACC,Road accidents with injuries,9,Total,9,Total,3,Accidents involving a single vehicle,9,Total,99,Total,9,Total,99,Total,2014,444
A,Annual,ITE2,Umbria,ROADACC,Road accidents with injuries,9,Total,9,Total,3,Accidents involving a single vehicle,9,Total,99,Total,9,Total,99,Total,2015,443
A,Annual,ITE2,Umbria,ROADACC,Road accidents with injuries,9,Total,9,Total,3,Accidents involving a single vehicle,9,Total,99,Total,9,Total,99,Total,2016,483
A,Annual,ITE2,Umbria,ROADACC,Road accidents with injuries,9,Total,9,Total,3,Accidents involving a single vehicle,9,Total,99,Total,9,Total,99,Total,2017,466
A,Annual,ITE2,Umbria,ROADACC,Road accidents with injuries,9,Total,9,Total,3,Accidents involving a single vehicle,9,Total,99,Total,9,Total,99,Total,2018,518
A,Annual,ITE2,Umbria,ROADACC,Road accidents with injuries,9,Total,9,Total,3,Accidents involving a single vehicle,9,Total,99,Total,9,Total,99,Total,2019,490
A,Annual,ITE2,Umbria,ROADACC,Road accidents with injuries,9,Total,9,Total,3,Accidents involving a single vehicle,9,Total,99,Total,9,Total,99,Total,2020,377
A,Annual,ITE2,Umbria,ROADACC,Road accidents with injuries,9,Total,9,Total,3,Accidents involving a single vehicle,9,Total,99,Total,9,Total,99,Total,2021,452
A,Annual,ITE2,Umbria,ROADACC,Road accidents with injuries,9,Total,9,Total,3,Accidents involving a single vehicle,9,Total,99,Total,9,Total,99,Total,2022,474
A,Annual,ITE2,Umbria,ROADACC,Road accidents with injuries,9,Total,9,Total,3,Accidents involving a single vehicle,9,Total,99,Total,9,Total,99,Total,2023,478
A,Annual,ITE2,Umbria,ROADACC,Road accidents with injuries,9,Total,9,Total,3,Accidents involving a single vehicle,9,Total,99,Total,9,Total,99,Total,2024,550
A,Annual,ITE2,Umbria,ROADACC,Road accidents with injuries,9,Total,9,Total,9,Total,0,No,99,Total,9,Total,99,Total,2010,2839
A,Annual,ITE2,Umbria,ROADACC,Road accidents with injuries,9,Total,9,Total,9,Total,0,No,99,Total,9,Total,99,Total,2011,2797
A,Annual,ITE2,Umbria,ROADACC,Road accidents with injuries,9,Total,9,Total,9,Total,0,No,99,Total,9,Total,99,Total,2012,2315
A,Annual,ITE2,Umbria,ROADACC,Road accidents with injuries,9,Total,9,Total,9,Total,0,No,99,Total,9,Total,99,Total,2013,2345
A,Annual,ITE2,Umbria,ROADACC,Road accidents with injuries,9,Total,9,Total,9,Total,0,No,99,Total,9,Total,99,Total,2014,2213
A,Annual,ITE2,Umbria,ROADACC,Road accidents with injuries,9,Total,9,Total,9,Total,0,No,99,Total,9,Total,99,Total,2015,2226
A,Annual,ITE2,Umbria,ROADACC,Road accidents with injuries,9,Total,9,Total,9,Total,0,No,99,Total,9,Total,99,Total,2016,2349
A,Annual,ITE2,Umbria,ROADACC,Road accidents with injuries,9,Total,9,Total,9,Total,0,No,99,Total,9,Total,99,Total,2017,2317
A,Annual,ITE2,Umbria,ROADACC,Road accidents with injuries,9,Total,9,Total,9,Total,0,No,99,Total,9,Total,99,Total,2018,2342
A,Annual,ITE2,Umbria,ROADACC,Road accidents with injuries,9,Total,9,Total,9,Total,0,No,99,Total,9,Total,99,Total,2019,2256
A,Annual,ITE2,Umbria,ROADACC,Road accidents with injuries,9,Total,9,Total,9,Total,0,No,99,Total,9,Total,99,Total,2020,1656
A,Annual,ITE2,Umbria,ROADACC,Road accidents with injuries,9,Total,9,Total,9,Total,0,No,99,Total,9,Total,99,Total,2021,1949
A,Annual,ITE2,Umbria,ROADACC,Road accidents with injuries,9,Total,9,Total,9,Total,0,No,99,Total,9,Total,99,Total,2022,2208
A,Annual,ITE2,Umbria,ROADACC,Road accidents with injuries,9,Total,9,Total,9,Total,0,No,99,Total,9,Total,99,Total,2023,2240
A,Annual,ITE2,Umbria,ROADACC,Road accidents with injuries,9,Total,9,Total,9,Total,0,No,99,Total,9,Total,99,Total,2024,2390
A,Annual,ITE2,Umbria,ROADACC,Road accidents with injuries,9,Total,9,Total,9,Total,1,Yes,99,Total,9,Total,99,Total,2010,74
A,Annual,ITE2,Umbria,ROADACC,Road accidents with injuries,9,Total,9,Total,9,Total,1,Yes,99,Total,9,Total,99,Total,2011,59
A,Annual,ITE2,Umbria,ROADACC,Road accidents with injuries,9,Total,9,Total,9,Total,1,Yes,99,Total,9,Total,99,Total,2012,48
A,Annual,ITE2,Umbria,ROADACC,Road accidents with injuries,9,Total,9,Total,9,Total,1,Yes,99,Total,9,Total,99,Total,2013,57
A,Annual,ITE2,Umbria,ROADACC,Road accidents with injuries,9,Total,9,Total,9,Total,1,Yes,99,Total,9,Total,99,Total,2014,45
A,Annual,ITE2,Umbria,ROADACC,Road accidents with injuries,9,Total,9,Total,9,Total,1,Yes,99,Total,9,Total,99,Total,2015,59
A,Annual,ITE2,Umbria,ROADACC,Road accidents with injuries,9,Total,9,Total,9,Total,1,Yes,99,Total,9,Total,99,Total,2016,33
A,Annual,ITE2,Umbria,ROADACC,Road accidents with injuries,9,Total,9,Total,9,Total,1,Yes,99,Total,9,Total,99,Total,2017,44
A,Annual,ITE2,Umbria,ROADACC,Road accidents with injuries,9,Total,9,Total,9,Total,1,Yes,99,Total,9,Total,99,Total,2018,43
A,Annual,ITE2,Umbria,ROADACC,Road accidents with injuries,9,Total,9,Total,9,Total,1,Yes,99,Total,9,Total,99,Total,2019,50
A,Annual,ITE2,Umbria,ROADACC,Road accidents with injuries,9,Total,9,Total,9,Total,1,Yes,99,Total,9,Total,99,Total,2020,43
A,Annual,ITE2,Umbria,ROADACC,Road accidents with injuries,9,Total,9,Total,9,Total,1,Yes,99,Total,9,Total,99,Total,2021,52
A,Annual,ITE2,Umbria,ROADACC,Road accidents with injuries,9,Total,9,Total,9,Total,1,Yes,99,Total,9,Total,99,Total,2022,44
A,Annual,ITE2,Umbria,ROADACC,Road accidents with injuries,9,Total,9,Total,9,Total,1,Yes,99,Total,9,Total,99,Total,2023,40
A,Annual,ITE2,Umbria,ROADACC,Road accidents with injuries,9,Total,9,Total,9,Total,1,Yes,99,Total,9,Total,99,Total,2024,58
A,Annual,ITE2,Umbria,ROADACC,Road accidents with injuries,9,Total,9,Total,9,Total,9,Total,99,Total,9,Total,99,Total,2010,2913
A,Annual,ITE2,Umbria,ROADACC,Road accidents with injuries,9,Total,9,Total,9,Total,9,Total,99,Total,9,Total,99,Total,2011,2856
A,Annual,ITE2,Umbria,ROADACC,Road accidents with injuries,9,Total,9,Total,9,Total,9,Total,99,Total,9,Total,99,Total,2012,2363
A,Annual,ITE2,Umbria,ROADACC,Road accidents with injuries,9,Total,9,Total,9,Total,9,Total,99,Total,9,Total,99,Total,2013,2402
A,Annual,ITE2,Umbria,ROADACC,Road accidents with injuries,9,Total,9,Total,9,Total,9,Total,99,Total,9,Total,99,Total,2014,2258
A,Annual,ITE2,Umbria,ROADACC,Road accidents with injuries,9,Total,9,Total,9,Total,9,Total,99,Total,9,Total,99,Total,2015,2285
A,Annual,ITE2,Umbria,ROADACC,Road accidents with injuries,9,Total,9,Total,9,Total,9,Total,99,Total,9,Total,99,Total,2016,2382
A,Annual,ITE2,Umbria,ROADACC,Road accidents with injuries,9,Total,9,Total,9,Total,9,Total,99,Total,9,Total,99,Total,2017,2361
A,Annual,ITE2,Umbria,ROADACC,Road accidents with injuries,9,Total,9,Total,9,Total,9,Total,99,Total,9,Total,99,Total,2018,2385
A,Annual,ITE2,Umbria,ROADACC,Road accidents with injuries,9,Total,9,Total,9,Total,9,Total,99,Total,9,Total,99,Total,2019,2306
A,Annual,ITE2,Umbria,ROADACC,Road accidents with injuries,9,Total,9,Total,9,Total,9,Total,99,Total,9,Total,99,Total,2020,1699
A,Annual,ITE2,Umbria,ROADACC,Road accidents with injuries,9,Total,9,Total,9,Total,9,Total,99,Total,9,Total,99,Total,2021,2001
A,Annual,ITE2,Umbria,ROADACC,Road accidents with injuries,9,Total,9,Total,9,Total,9,Total,99,Total,9,Total,99,Total,2022,2252
A,Annual,ITE2,Umbria,ROADACC,Road accidents with injuries,9,Total,9,Total,9,Total,9,Total,99,Total,9,Total,99,Total,2023,2280
A,Annual,ITE2,Umbria,ROADACC,Road accidents with injuries,9,Total,9,Total,9,Total,9,Total,99,Total,9,Total,99,Total,2024,2448
A,Annual,ITE3,Marche,ROADACC,Road accidents with injuries,9,Total,9,Total,1,Accidents between vehicles,0,No,99,Total,9,Total,99,Total,2010,4894
A,Annual,ITE3,Marche,ROADACC,Road accidents with injuries,9,Total,9,Total,1,Accidents between vehicles,0,No,99,Total,9,Total,99,Total,2011,4746
A,Annual,ITE3,Marche,ROADACC,Road accidents with injuries,9,Total,9,Total,1,Accidents between vehicles,0,No,99,Total,9,Total,99,Total,2012,3881
A,Annual,ITE3,Marche,ROADACC,Road accidents with injuries,9,Total,9,Total,1,Accidents between vehicles,0,No,99,Total,9,Total,99,Total,2013,3860
A,Annual,ITE3,Marche,ROADACC,Road accidents with injuries,9,Total,9,Total,1,Accidents between vehicles,0,No,99,Total,9,Total,99,Total,2014,3902
A,Annual,ITE3,Marche,ROADACC,Road accidents with injuries,9,Total,9,Total,1,Accidents between vehicles,0,No,99,Total,9,Total,99,Total,2015,3747
A,Annual,ITE3,Marche,ROADACC,Road accidents with injuries,9,Total,9,Total,1,Accidents between vehicles,0,No,99,Total,9,Total,99,Total,2016,3664
A,Annual,ITE3,Marche,ROADACC,Road accidents with injuries,9,Total,9,Total,1,Accidents between vehicles,0,No,99,Total,9,Total,99,Total,2017,3887
A,Annual,ITE3,Marche,ROADACC,Road accidents with injuries,9,Total,9,Total,1,Accidents between vehicles,0,No,99,Total,9,Total,99,Total,2018,3710
A,Annual,ITE3,Marche,ROADACC,Road accidents with injuries,9,Total,9,Total,1,Accidents between vehicles,0,No,99,Total,9,Total,99,Total,2019,3779
A,Annual,ITE3,Marche,ROADACC,Road accidents with injuries,9,Total,9,Total,1,Accidents between vehicles,0,No,99,Total,9,Total,99,Total,2020,2526
A,Annual,ITE3,Marche,ROADACC,Road accidents with injuries,9,Total,9,Total,1,Accidents between vehicles,0,No,99,Total,9,Total,99,Total,2021,3256
A,Annual,ITE3,Marche,ROADACC,Road accidents with injuries,9,Total,9,Total,1,Accidents between vehicles,0,No,99,Total,9,Total,99,Total,2022,3522
A,Annual,ITE3,Marche,ROADACC,Road accidents with injuries,9,Total,9,Total,1,Accidents between vehicles,0,No,99,Total,9,Total,99,Total,2023,3506
A,Annual,ITE3,Marche,ROADACC,Road accidents with injuries,9,Total,9,Total,1,Accidents between vehicles,0,No,99,Total,9,Total,99,Total,2024,3470
A,Annual,ITE3,Marche,ROADACC,Road accidents with injuries,9,Total,9,Total,1,Accidents between vehicles,1,Yes,99,Total,9,Total,99,Total,2010,52
A,Annual,ITE3,Marche,ROADACC,Road accidents with injuries,9,Total,9,Total,1,Accidents between vehicles,1,Yes,99,Total,9,Total,99,Total,2011,61
A,Annual,ITE3,Marche,ROADACC,Road accidents with injuries,9,Total,9,Total,1,Accidents between vehicles,1,Yes,99,Total,9,Total,99,Total,2012,49
A,Annual,ITE3,Marche,ROADACC,Road accidents with injuries,9,Total,9,Total,1,Accidents between vehicles,1,Yes,99,Total,9,Total,99,Total,2013,40
A,Annual,ITE3,Marche,ROADACC,Road accidents with injuries,9,Total,9,Total,1,Accidents between vehicles,1,Yes,99,Total,9,Total,99,Total,2014,47
A,Annual,ITE3,Marche,ROADACC,Road accidents with injuries,9,Total,9,Total,1,Accidents between vehicles,1,Yes,99,Total,9,Total,99,Total,2015,49
A,Annual,ITE3,Marche,ROADACC,Road accidents with injuries,9,Total,9,Total,1,Accidents between vehicles,1,Yes,99,Total,9,Total,99,Total,2016,48
A,Annual,ITE3,Marche,ROADACC,Road accidents with injuries,9,Total,9,Total,1,Accidents between vehicles,1,Yes,99,Total,9,Total,99,Total,2017,47
A,Annual,ITE3,Marche,ROADACC,Road accidents with injuries,9,Total,9,Total,1,Accidents between vehicles,1,Yes,99,Total,9,Total,99,Total,2018,38
A,Annual,ITE3,Marche,ROADACC,Road accidents with injuries,9,Total,9,Total,1,Accidents between vehicles,1,Yes,99,Total,9,Total,99,Total,2019,52
A,Annual,ITE3,Marche,ROADACC,Road accidents with injuries,9,Total,9,Total,1,Accidents between vehicles,1,Yes,99,Total,9,Total,99,Total,2020,32
A,Annual,ITE3,Marche,ROADACC,Road accidents with injuries,9,Total,9,Total,1,Accidents between vehicles,1,Yes,99,Total,9,Total,99,Total,2021,33
A,Annual,ITE3,Marche,ROADACC,Road accidents with injuries,9,Total,9,Total,1,Accidents between vehicles,1,Yes,99,Total,9,Total,99,Total,2022,42
A,Annual,ITE3,Marche,ROADACC,Road accidents with injuries,9,Total,9,Total,1,Accidents between vehicles,1,Yes,99,Total,9,Total,99,Total,2023,41
A,Annual,ITE3,Marche,ROADACC,Road accidents with injuries,9,Total,9,Total,1,Accidents between vehicles,1,Yes,99,Total,9,Total,99,Total,2024,42
A,Annual,ITE3,Marche,ROADACC,Road accidents with injuries,9,Total,9,Total,1,Accidents between vehicles,9,Total,99,Total,9,Total,99,Total,2010,4946
A,Annual,ITE3,Marche,ROADACC,Road accidents with injuries,9,Total,9,Total,1,Accidents between vehicles,9,Total,99,Total,9,Total,99,Total,2011,4807
A,Annual,ITE3,Marche,ROADACC,Road accidents with injuries,9,Total,9,Total,1,Accidents between vehicles,9,Total,99,Total,9,Total,99,Total,2012,3930
A,Annual,ITE3,Marche,ROADACC,Road accidents with injuries,9,Total,9,Total,1,Accidents between vehicles,9,Total,99,Total,9,Total,99,Total,2013,3900
A,Annual,ITE3,Marche,ROADACC,Road accidents with injuries,9,Total,9,Total,1,Accidents between vehicles,9,Total,99,Total,9,Total,99,Total,2014,3949
A,Annual,ITE3,Marche,ROADACC,Road accidents with injuries,9,Total,9,Total,1,Accidents between vehicles,9,Total,99,Total,9,Total,99,Total,2015,3796
A,Annual,ITE3,Marche,ROADACC,Road accidents with injuries,9,Total,9,Total,1,Accidents between vehicles,9,Total,99,Total,9,Total,99,Total,2016,3712
A,Annual,ITE3,Marche,ROADACC,Road accidents with injuries,9,Total,9,Total,1,Accidents between vehicles,9,Total,99,Total,9,Total,99,Total,2017,3934
A,Annual,ITE3,Marche,ROADACC,Road accidents with injuries,9,Total,9,Total,1,Accidents between vehicles,9,Total,99,Total,9,Total,99,Total,2018,3748
A,Annual,ITE3,Marche,ROADACC,Road accidents with injuries,9,Total,9,Total,1,Accidents between vehicles,9,Total,99,Total,9,Total,99,Total,2019,3831
A,Annual,ITE3,Marche,ROADACC,Road accidents with injuries,9,Total,9,Total,1,Accidents between vehicles,9,Total,99,Total,9,Total,99,Total,2020,2558
A,Annual,ITE3,Marche,ROADACC,Road accidents with injuries,9,Total,9,Total,1,Accidents between vehicles,9,Total,99,Total,9,Total,99,Total,2021,3289
A,Annual,ITE3,Marche,ROADACC,Road accidents with injuries,9,Total,9,Total,1,Accidents between vehicles,9,Total,99,Total,9,Total,99,Total,2022,3564
A,Annual,ITE3,Marche,ROADACC,Road accidents with injuries,9,Total,9,Total,1,Accidents between vehicles,9,Total,99,Total,9,Total,99,Total,2023,3547
A,Annual,ITE3,Marche,ROADACC,Road accidents with injuries,9,Total,9,Total,1,Accidents between vehicles,9,Total,99,Total,9,Total,99,Total,2024,3512
A,Annual,ITE3,Marche,ROADACC,Road accidents with injuries,9,Total,9,Total,2,Vehicle-pedestrian accident,0,No,99,Total,9,Total,99,Total,2010,617
A,Annual,ITE3,Marche,ROADACC,Road accidents with injuries,9,Total,9,Total,2,Vehicle-pedestrian accident,0,No,99,Total,9,Total,99,Total,2011,609
A,Annual,ITE3,Marche,ROADACC,Road accidents with injuries,9,Total,9,Total,2,Vehicle-pedestrian accident,0,No,99,Total,9,Total,99,Total,2012,586
A,Annual,ITE3,Marche,ROADACC,Road accidents with injuries,9,Total,9,Total,2,Vehicle-pedestrian accident,0,No,99,Total,9,Total,99,Total,2013,633
A,Annual,ITE3,Marche,ROADACC,Road accidents with injuries,9,Total,9,Total,2,Vehicle-pedestrian accident,0,No,99,Total,9,Total,99,Total,2014,560
A,Annual,ITE3,Marche,ROADACC,Road accidents with injuries,9,Total,9,Total,2,Vehicle-pedestrian accident,0,No,99,Total,9,Total,99,Total,2015,593
A,Annual,ITE3,Marche,ROADACC,Road accidents with injuries,9,Total,9,Total,2,Vehicle-pedestrian accident,0,No,99,Total,9,Total,99,Total,2016,543
A,Annual,ITE3,Marche,ROADACC,Road accidents with injuries,9,Total,9,Total,2,Vehicle-pedestrian accident,0,No,99,Total,9,Total,99,Total,2017,582
A,Annual,ITE3,Marche,ROADACC,Road accidents with injuries,9,Total,9,Total,2,Vehicle-pedestrian accident,0,No,99,Total,9,Total,99,Total,2018,524
A,Annual,ITE3,Marche,ROADACC,Road accidents with injuries,9,Total,9,Total,2,Vehicle-pedestrian accident,0,No,99,Total,9,Total,99,Total,2019,544
A,Annual,ITE3,Marche,ROADACC,Road accidents with injuries,9,Total,9,Total,2,Vehicle-pedestrian accident,0,No,99,Total,9,Total,99,Total,2020,383
A,Annual,ITE3,Marche,ROADACC,Road accidents with injuries,9,Total,9,Total,2,Vehicle-pedestrian accident,0,No,99,Total,9,Total,99,Total,2021,424
A,Annual,ITE3,Marche,ROADACC,Road accidents with injuries,9,Total,9,Total,2,Vehicle-pedestrian accident,0,No,99,Total,9,Total,99,Total,2022,496
A,Annual,ITE3,Marche,ROADACC,Road accidents with injuries,9,Total,9,Total,2,Vehicle-pedestrian accident,0,No,99,Total,9,Total,99,Total,2023,460
A,Annual,ITE3,Marche,ROADACC,Road accidents with injuries,9,Total,9,Total,2,Vehicle-pedestrian accident,0,No,99,Total,9,Total,99,Total,2024,495
A,Annual,ITE3,Marche,ROADACC,Road accidents with injuries,9,Total,9,Total,2,Vehicle-pedestrian accident,1,Yes,99,Total,9,Total,99,Total,2010,20
A,Annual,ITE3,Marche,ROADACC,Road accidents with injuries,9,Total,9,Total,2,Vehicle-pedestrian accident,1,Yes,99,Total,9,Total,99,Total,2011,25
A,Annual,ITE3,Marche,ROADACC,Road accidents with injuries,9,Total,9,Total,2,Vehicle-pedestrian accident,1,Yes,99,Total,9,Total,99,Total,2012,15
A,Annual,ITE3,Marche,ROADACC,Road accidents with injuries,9,Total,9,Total,2,Vehicle-pedestrian accident,1,Yes,99,Total,9,Total,99,Total,2013,13
A,Annual,ITE3,Marche,ROADACC,Road accidents with injuries,9,Total,9,Total,2,Vehicle-pedestrian accident,1,Yes,99,Total,9,Total,99,Total,2014,20
A,Annual,ITE3,Marche,ROADACC,Road accidents with injuries,9,Total,9,Total,2,Vehicle-pedestrian accident,1,Yes,99,Total,9,Total,99,Total,2015,23
A,Annual,ITE3,Marche,ROADACC,Road accidents with injuries,9,Total,9,Total,2,Vehicle-pedestrian accident,1,Yes,99,Total,9,Total,99,Total,2016,18
A,Annual,ITE3,Marche,ROADACC,Road accidents with injuries,9,Total,9,Total,2,Vehicle-pedestrian accident,1,Yes,99,Total,9,Total,99,Total,2017,20
A,Annual,ITE3,Marche,ROADACC,Road accidents with injuries,9,Total,9,Total,2,Vehicle-pedestrian accident,1,Yes,99,Total,9,Total,99,Total,2018,26
A,Annual,ITE3,Marche,ROADACC,Road accidents with injuries,9,Total,9,Total,2,Vehicle-pedestrian accident,1,Yes,99,Total,9,Total,99,Total,2019,18
A,Annual,ITE3,Marche,ROADACC,Road accidents with injuries,9,Total,9,Total,2,Vehicle-pedestrian accident,1,Yes,99,Total,9,Total,99,Total,2020,17
A,Annual,ITE3,Marche,ROADACC,Road accidents with injuries,9,Total,9,Total,2,Vehicle-pedestrian accident,1,Yes,99,Total,9,Total,99,Total,2021,21
A,Annual,ITE3,Marche,ROADACC,Road accidents with injuries,9,Total,9,Total,2,Vehicle-pedestrian accident,1,Yes,99,Total,9,Total,99,Total,2022,14
A,Annual,ITE3,Marche,ROADACC,Road accidents with injuries,9,Total,9,Total,2,Vehicle-pedestrian accident,1,Yes,99,Total,9,Total,99,Total,2023,18
A,Annual,ITE3,Marche,ROADACC,Road accidents with injuries,9,Total,9,Total,2,Vehicle-pedestrian accident,1,Yes,99,Total,9,Total,99,Total,2024,10
A,Annual,ITE3,Marche,ROADACC,Road accidents with injuries,9,Total,9,Total,2,Vehicle-pedestrian accident,9,Total,99,Total,9,Total,99,Total,2010,637
A,Annual,ITE3,Marche,ROADACC,Road accidents with injuries,9,Total,9,Total,2,Vehicle-pedestrian accident,9,Total,99,Total,9,Total,99,Total,2011,634
A,Annual,ITE3,Marche,ROADACC,Road accidents with injuries,9,Total,9,Total,2,Vehicle-pedestrian accident,9,Total,99,Total,9,Total,99,Total,2012,601
A,Annual,ITE3,Marche,ROADACC,Road accidents with injuries,9,Total,9,Total,2,Vehicle-pedestrian accident,9,Total,99,Total,9,Total,99,Total,2013,646
A,Annual,ITE3,Marche,ROADACC,Road accidents with injuries,9,Total,9,Total,2,Vehicle-pedestrian accident,9,Total,99,Total,9,Total,99,Total,2014,580
A,Annual,ITE3,Marche,ROADACC,Road accidents with injuries,9,Total,9,Total,2,Vehicle-pedestrian accident,9,Total,99,Total,9,Total,99,Total,2015,616
A,Annual,ITE3,Marche,ROADACC,Road accidents with injuries,9,Total,9,Total,2,Vehicle-pedestrian accident,9,Total,99,Total,9,Total,99,Total,2016,561
A,Annual,ITE3,Marche,ROADACC,Road accidents with injuries,9,Total,9,Total,2,Vehicle-pedestrian accident,9,Total,99,Total,9,Total,99,Total,2017,602
A,Annual,ITE3,Marche,ROADACC,Road accidents with injuries,9,Total,9,Total,2,Vehicle-pedestrian accident,9,Total,99,Total,9,Total,99,Total,2018,550
A,Annual,ITE3,Marche,ROADACC,Road accidents with injuries,9,Total,9,Total,2,Vehicle-pedestrian accident,9,Total,99,Total,9,Total,99,Total,2019,562
A,Annual,ITE3,Marche,ROADACC,Road accidents with injuries,9,Total,9,Total,2,Vehicle-pedestrian accident,9,Total,99,Total,9,Total,99,Total,2020,400
A,Annual,ITE3,Marche,ROADACC,Road accidents with injuries,9,Total,9,Total,2,Vehicle-pedestrian accident,9,Total,99,Total,9,Total,99,Total,2021,445
A,Annual,ITE3,Marche,ROADACC,Road accidents with injuries,9,Total,9,Total,2,Vehicle-pedestrian accident,9,Total,99,Total,9,Total,99,Total,2022,510
A,Annual,ITE3,Marche,ROADACC,Road accidents with injuries,9,Total,9,Total,2,Vehicle-pedestrian accident,9,Total,99,Total,9,Total,99,Total,2023,478
A,Annual,ITE3,Marche,ROADACC,Road accidents with injuries,9,Total,9,Total,2,Vehicle-pedestrian accident,9,Total,99,Total,9,Total,99,Total,2024,505
A,Annual,ITE3,Marche,ROADACC,Road accidents with injuries,9,Total,9,Total,3,Accidents involving a single vehicle,0,No,99,Total,9,Total,99,Total,2010,1111
A,Annual,ITE3,Marche,ROADACC,Road accidents with injuries,9,Total,9,Total,3,Accidents involving a single vehicle,0,No,99,Total,9,Total,99,Total,2011,1060
A,Annual,ITE3,Marche,ROADACC,Road accidents with injuries,9,Total,9,Total,3,Accidents involving a single vehicle,0,No,99,Total,9,Total,99,Total,2012,920
A,Annual,ITE3,Marche,ROADACC,Road accidents with injuries,9,Total,9,Total,3,Accidents involving a single vehicle,0,No,99,Total,9,Total,99,Total,2013,977
A,Annual,ITE3,Marche,ROADACC,Road accidents with injuries,9,Total,9,Total,3,Accidents involving a single vehicle,0,No,99,Total,9,Total,99,Total,2014,862
A,Annual,ITE3,Marche,ROADACC,Road accidents with injuries,9,Total,9,Total,3,Accidents involving a single vehicle,0,No,99,Total,9,Total,99,Total,2015,901
A,Annual,ITE3,Marche,ROADACC,Road accidents with injuries,9,Total,9,Total,3,Accidents involving a single vehicle,0,No,99,Total,9,Total,99,Total,2016,881
A,Annual,ITE3,Marche,ROADACC,Road accidents with injuries,9,Total,9,Total,3,Accidents involving a single vehicle,0,No,99,Total,9,Total,99,Total,2017,925
A,Annual,ITE3,Marche,ROADACC,Road accidents with injuries,9,Total,9,Total,3,Accidents involving a single vehicle,0,No,99,Total,9,Total,99,Total,2018,896
A,Annual,ITE3,Marche,ROADACC,Road accidents with injuries,9,Total,9,Total,3,Accidents involving a single vehicle,0,No,99,Total,9,Total,99,Total,2019,983
A,Annual,ITE3,Marche,ROADACC,Road accidents with injuries,9,Total,9,Total,3,Accidents involving a single vehicle,0,No,99,Total,9,Total,99,Total,2020,719
A,Annual,ITE3,Marche,ROADACC,Road accidents with injuries,9,Total,9,Total,3,Accidents involving a single vehicle,0,No,99,Total,9,Total,99,Total,2021,902
A,Annual,ITE3,Marche,ROADACC,Road accidents with injuries,9,Total,9,Total,3,Accidents involving a single vehicle,0,No,99,Total,9,Total,99,Total,2022,847
A,Annual,ITE3,Marche,ROADACC,Road accidents with injuries,9,Total,9,Total,3,Accidents involving a single vehicle,0,No,99,Total,9,Total,99,Total,2023,909
A,Annual,ITE3,Marche,ROADACC,Road accidents with injuries,9,Total,9,Total,3,Accidents involving a single vehicle,0,No,99,Total,9,Total,99,Total,2024,953
A,Annual,ITE3,Marche,ROADACC,Road accidents with injuries,9,Total,9,Total,3,Accidents involving a single vehicle,1,Yes,99,Total,9,Total,99,Total,2010,34
A,Annual,ITE3,Marche,ROADACC,Road accidents with injuries,9,Total,9,Total,3,Accidents involving a single vehicle,1,Yes,99,Total,9,Total,99,Total,2011,34
A,Annual,ITE3,Marche,ROADACC,Road accidents with injuries,9,Total,9,Total,3,Accidents involving a single vehicle,1,Yes,99,Total,9,Total,99,Total,2012,31
A,Annual,ITE3,Marche,ROADACC,Road accidents with injuries,9,Total,9,Total,3,Accidents involving a single vehicle,1,Yes,99,Total,9,Total,99,Total,2013,26
A,Annual,ITE3,Marche,ROADACC,Road accidents with injuries,9,Total,9,Total,3,Accidents involving a single vehicle,1,Yes,99,Total,9,Total,99,Total,2014,31
A,Annual,ITE3,Marche,ROADACC,Road accidents with injuries,9,Total,9,Total,3,Accidents involving a single vehicle,1,Yes,99,Total,9,Total,99,Total,2015,20
A,Annual,ITE3,Marche,ROADACC,Road accidents with injuries,9,Total,9,Total,3,Accidents involving a single vehicle,1,Yes,99,Total,9,Total,99,Total,2016,31
A,Annual,ITE3,Marche,ROADACC,Road accidents with injuries,9,Total,9,Total,3,Accidents involving a single vehicle,1,Yes,99,Total,9,Total,99,Total,2017,23
A,Annual,ITE3,Marche,ROADACC,Road accidents with injuries,9,Total,9,Total,3,Accidents involving a single vehicle,1,Yes,99,Total,9,Total,99,Total,2018,22
A,Annual,ITE3,Marche,ROADACC,Road accidents with injuries,9,Total,9,Total,3,Accidents involving a single vehicle,1,Yes,99,Total,9,Total,99,Total,2019,23
A,Annual,ITE3,Marche,ROADACC,Road accidents with injuries,9,Total,9,Total,3,Accidents involving a single vehicle,1,Yes,99,Total,9,Total,99,Total,2020,18
A,Annual,ITE3,Marche,ROADACC,Road accidents with injuries,9,Total,9,Total,3,Accidents involving a single vehicle,1,Yes,99,Total,9,Total,99,Total,2021,27
A,Annual,ITE3,Marche,ROADACC,Road accidents with injuries,9,Total,9,Total,3,Accidents involving a single vehicle,1,Yes,99,Total,9,Total,99,Total,2022,30
A,Annual,ITE3,Marche,ROADACC,Road accidents with injuries,9,Total,9,Total,3,Accidents involving a single vehicle,1,Yes,99,Total,9,Total,99,Total,2023,22
A,Annual,ITE3,Marche,ROADACC,Road accidents with injuries,9,Total,9,Total,3,Accidents involving a single vehicle,1,Yes,99,Total,9,Total,99,Total,2024,19
A,Annual,ITE3,Marche,ROADACC,Road accidents with injuries,9,Total,9,Total,3,Accidents involving a single vehicle,9,Total,99,Total,9,Total,99,Total,2010,1145
A,Annual,ITE3,Marche,ROADACC,Road accidents with injuries,9,Total,9,Total,3,Accidents involving a single vehicle,9,Total,99,Total,9,Total,99,Total,2011,1094
A,Annual,ITE3,Marche,ROADACC,Road accidents with injuries,9,Total,9,Total,3,Accidents involving a single vehicle,9,Total,99,Total,9,Total,99,Total,2012,951
A,Annual,ITE3,Marche,ROADACC,Road accidents with injuries,9,Total,9,Total,3,Accidents involving a single vehicle,9,Total,99,Total,9,Total,99,Total,2013,1003
A,Annual,ITE3,Marche,ROADACC,Road accidents with injuries,9,Total,9,Total,3,Accidents involving a single vehicle,9,Total,99,Total,9,Total,99,Total,2014,893
A,Annual,ITE3,Marche,ROADACC,Road accidents with injuries,9,Total,9,Total,3,Accidents involving a single vehicle,9,Total,99,Total,9,Total,99,Total,2015,921
A,Annual,ITE3,Marche,ROADACC,Road accidents with injuries,9,Total,9,Total,3,Accidents involving a single vehicle,9,Total,99,Total,9,Total,99,Total,2016,912
A,Annual,ITE3,Marche,ROADACC,Road accidents with injuries,9,Total,9,Total,3,Accidents involving a single vehicle,9,Total,99,Total,9,Total,99,Total,2017,948
A,Annual,ITE3,Marche,ROADACC,Road accidents with injuries,9,Total,9,Total,3,Accidents involving a single vehicle,9,Total,99,Total,9,Total,99,Total,2018,918
A,Annual,ITE3,Marche,ROADACC,Road accidents with injuries,9,Total,9,Total,3,Accidents involving a single vehicle,9,Total,99,Total,9,Total,99,Total,2019,1006
A,Annual,ITE3,Marche,ROADACC,Road accidents with injuries,9,Total,9,Total,3,Accidents involving a single vehicle,9,Total,99,Total,9,Total,99,Total,2020,737
A,Annual,ITE3,Marche,ROADACC,Road accidents with injuries,9,Total,9,Total,3,Accidents involving a single vehicle,9,Total,99,Total,9,Total,99,Total,2021,929
A,Annual,ITE3,Marche,ROADACC,Road accidents with injuries,9,Total,9,Total,3,Accidents involving a single vehicle,9,Total,99,Total,9,Total,99,Total,2022,877
A,Annual,ITE3,Marche,ROADACC,Road accidents with injuries,9,Total,9,Total,3,Accidents involving a single vehicle,9,Total,99,Total,9,Total,99,Total,2023,931
A,Annual,ITE3,Marche,ROADACC,Road accidents with injuries,9,Total,9,Total,3,Accidents involving a single vehicle,9,Total,99,Total,9,Total,99,Total,2024,972
A,Annual,ITE3,Marche,ROADACC,Road accidents with injuries,9,Total,9,Total,9,Total,0,No,99,Total,9,Total,99,Total,2010,6622
A,Annual,ITE3,Marche,ROADACC,Road accidents with injuries,9,Total,9,Total,9,Total,0,No,99,Total,9,Total,99,Total,2011,6415
A,Annual,ITE3,Marche,ROADACC,Road accidents with injuries,9,Total,9,Total,9,Total,0,No,99,Total,9,Total,99,Total,2012,5387
A,Annual,ITE3,Marche,ROADACC,Road accidents with injuries,9,Total,9,Total,9,Total,0,No,99,Total,9,Total,99,Total,2013,5470
A,Annual,ITE3,Marche,ROADACC,Road accidents with injuries,9,Total,9,Total,9,Total,0,No,99,Total,9,Total,99,Total,2014,5324
A,Annual,ITE3,Marche,ROADACC,Road accidents with injuries,9,Total,9,Total,9,Total,0,No,99,Total,9,Total,99,Total,2015,5241
A,Annual,ITE3,Marche,ROADACC,Road accidents with injuries,9,Total,9,Total,9,Total,0,No,99,Total,9,Total,99,Total,2016,5088
A,Annual,ITE3,Marche,ROADACC,Road accidents with injuries,9,Total,9,Total,9,Total,0,No,99,Total,9,Total,99,Total,2017,5394
A,Annual,ITE3,Marche,ROADACC,Road accidents with injuries,9,Total,9,Total,9,Total,0,No,99,Total,9,Total,99,Total,2018,5130
A,Annual,ITE3,Marche,ROADACC,Road accidents with injuries,9,Total,9,Total,9,Total,0,No,99,Total,9,Total,99,Total,2019,5306
A,Annual,ITE3,Marche,ROADACC,Road accidents with injuries,9,Total,9,Total,9,Total,0,No,99,Total,9,Total,99,Total,2020,3628
A,Annual,ITE3,Marche,ROADACC,Road accidents with injuries,9,Total,9,Total,9,Total,0,No,99,Total,9,Total,99,Total,2021,4582
A,Annual,ITE3,Marche,ROADACC,Road accidents with injuries,9,Total,9,Total,9,Total,0,No,99,Total,9,Total,99,Total,2022,4865
A,Annual,ITE3,Marche,ROADACC,Road accidents with injuries,9,Total,9,Total,9,Total,0,No,99,Total,9,Total,99,Total,2023,4875
A,Annual,ITE3,Marche,ROADACC,Road accidents with injuries,9,Total,9,Total,9,Total,0,No,99,Total,9,Total,99,Total,2024,4918
A,Annual,ITE3,Marche,ROADACC,Road accidents with injuries,9,Total,9,Total,9,Total,1,Yes,99,Total,9,Total,99,Total,2010,106
A,Annual,ITE3,Marche,ROADACC,Road accidents with injuries,9,Total,9,Total,9,Total,1,Yes,99,Total,9,Total,99,Total,2011,120
A,Annual,ITE3,Marche,ROADACC,Road accidents with injuries,9,Total,9,Total,9,Total,1,Yes,99,Total,9,Total,99,Total,2012,95
A,Annual,ITE3,Marche,ROADACC,Road accidents with injuries,9,Total,9,Total,9,Total,1,Yes,99,Total,9,Total,99,Total,2013,79
A,Annual,ITE3,Marche,ROADACC,Road accidents with injuries,9,Total,9,Total,9,Total,1,Yes,99,Total,9,Total,99,Total,2014,98
A,Annual,ITE3,Marche,ROADACC,Road accidents with injuries,9,Total,9,Total,9,Total,1,Yes,99,Total,9,Total,99,Total,2015,92
A,Annual,ITE3,Marche,ROADACC,Road accidents with injuries,9,Total,9,Total,9,Total,1,Yes,99,Total,9,Total,99,Total,2016,97
A,Annual,ITE3,Marche,ROADACC,Road accidents with injuries,9,Total,9,Total,9,Total,1,Yes,99,Total,9,Total,99,Total,2017,90
A,Annual,ITE3,Marche,ROADACC,Road accidents with injuries,9,Total,9,Total,9,Total,1,Yes,99,Total,9,Total,99,Total,2018,86
A,Annual,ITE3,Marche,ROADACC,Road accidents with injuries,9,Total,9,Total,9,Total,1,Yes,99,Total,9,Total,99,Total,2019,93
A,Annual,ITE3,Marche,ROADACC,Road accidents with injuries,9,Total,9,Total,9,Total,1,Yes,99,Total,9,Total,99,Total,2020,67
A,Annual,ITE3,Marche,ROADACC,Road accidents with injuries,9,Total,9,Total,9,Total,1,Yes,99,Total,9,Total,99,Total,2021,81
A,Annual,ITE3,Marche,ROADACC,Road accidents with injuries,9,Total,9,Total,9,Total,1,Yes,99,Total,9,Total,99,Total,2022,86
A,Annual,ITE3,Marche,ROADACC,Road accidents with injuries,9,Total,9,Total,9,Total,1,Yes,99,Total,9,Total,99,Total,2023,81
A,Annual,ITE3,Marche,ROADACC,Road accidents with injuries,9,Total,9,Total,9,Total,1,Yes,99,Total,9,Total,99,Total,2024,71
A,Annual,ITE3,Marche,ROADACC,Road accidents with injuries,9,Total,9,Total,9,Total,9,Total,99,Total,9,Total,99,Total,2010,6728
A,Annual,ITE3,Marche,ROADACC,Road accidents with injuries,9,Total,9,Total,9,Total,9,Total,99,Total,9,Total,99,Total,2011,6535
A,Annual,ITE3,Marche,ROADACC,Road accidents with injuries,9,Total,9,Total,9,Total,9,Total,99,Total,9,Total,99,Total,2012,5482
A,Annual,ITE3,Marche,ROADACC,Road accidents with injuries,9,Total,9,Total,9,Total,9,Total,99,Total,9,Total,99,Total,2013,5549
A,Annual,ITE3,Marche,ROADACC,Road accidents with injuries,9,Total,9,Total,9,Total,9,Total,99,Total,9,Total,99,Total,2014,5422
A,Annual,ITE3,Marche,ROADACC,Road accidents with injuries,9,Total,9,Total,9,Total,9,Total,99,Total,9,Total,99,Total,2015,5333
A,Annual,ITE3,Marche,ROADACC,Road accidents with injuries,9,Total,9,Total,9,Total,9,Total,99,Total,9,Total,99,Total,2016,5185
A,Annual,ITE3,Marche,ROADACC,Road accidents with injuries,9,Total,9,Total,9,Total,9,Total,99,Total,9,Total,99,Total,2017,5484
A,Annual,ITE3,Marche,ROADACC,Road accidents with injuries,9,Total,9,Total,9,Total,9,Total,99,Total,9,Total,99,Total,2018,5216
A,Annual,ITE3,Marche,ROADACC,Road accidents with injuries,9,Total,9,Total,9,Total,9,Total,99,Total,9,Total,99,Total,2019,5399
A,Annual,ITE3,Marche,ROADACC,Road accidents with injuries,9,Total,9,Total,9,Total,9,Total,99,Total,9,Total,99,Total,2020,3695
A,Annual,ITE3,Marche,ROADACC,Road accidents with injuries,9,Total,9,Total,9,Total,9,Total,99,Total,9,Total,99,Total,2021,4663
A,Annual,ITE3,Marche,ROADACC,Road accidents with injuries,9,Total,9,Total,9,Total,9,Total,99,Total,9,Total,99,Total,2022,4951
A,Annual,ITE3,Marche,ROADACC,Road accidents with injuries,9,Total,9,Total,9,Total,9,Total,99,Total,9,Total,99,Total,2023,4956
A,Annual,ITE3,Marche,ROADACC,Road accidents with injuries,9,Total,9,Total,9,Total,9,Total,99,Total,9,Total,99,Total,2024,4989
A,Annual,ITE4,Lazio,ROADACC,Road accidents with injuries,9,Total,9,Total,1,Accidents between vehicles,0,No,99,Total,9,Total,99,Total,2010,20918
A,Annual,ITE4,Lazio,ROADACC,Road accidents with injuries,9,Total,9,Total,1,Accidents between vehicles,0,No,99,Total,9,Total,99,Total,2011,20427
A,Annual,ITE4,Lazio,ROADACC,Road accidents with injuries,9,Total,9,Total,1,Accidents between vehicles,0,No,99,Total,9,Total,99,Total,2012,17508
A,Annual,ITE4,Lazio,ROADACC,Road accidents with injuries,9,Total,9,Total,1,Accidents between vehicles,0,No,99,Total,9,Total,99,Total,2013,16071
A,Annual,ITE4,Lazio,ROADACC,Road accidents with injuries,9,Total,9,Total,1,Accidents between vehicles,0,No,99,Total,9,Total,99,Total,2014,14826
A,Annual,ITE4,Lazio,ROADACC,Road accidents with injuries,9,Total,9,Total,1,Accidents between vehicles,0,No,99,Total,9,Total,99,Total,2015,14405
A,Annual,ITE4,Lazio,ROADACC,Road accidents with injuries,9,Total,9,Total,1,Accidents between vehicles,0,No,99,Total,9,Total,99,Total,2016,14464
A,Annual,ITE4,Lazio,ROADACC,Road accidents with injuries,9,Total,9,Total,1,Accidents between vehicles,0,No,99,Total,9,Total,99,Total,2017,14194
A,Annual,ITE4,Lazio,ROADACC,Road accidents with injuries,9,Total,9,Total,1,Accidents between vehicles,0,No,99,Total,9,Total,99,Total,2018,13232
A,Annual,ITE4,Lazio,ROADACC,Road accidents with injuries,9,Total,9,Total,1,Accidents between vehicles,0,No,99,Total,9,Total,99,Total,2019,13328
A,Annual,ITE4,Lazio,ROADACC,Road accidents with injuries,9,Total,9,Total,1,Accidents between vehicles,0,No,99,Total,9,Total,99,Total,2020,9137
A,Annual,ITE4,Lazio,ROADACC,Road accidents with injuries,9,Total,9,Total,1,Accidents between vehicles,0,No,99,Total,9,Total,99,Total,2021,12297
A,Annual,ITE4,Lazio,ROADACC,Road accidents with injuries,9,Total,9,Total,1,Accidents between vehicles,0,No,99,Total,9,Total,99,Total,2022,14587
A,Annual,ITE4,Lazio,ROADACC,Road accidents with injuries,9,Total,9,Total,1,Accidents between vehicles,0,No,99,Total,9,Total,99,Total,2023,14200
A,Annual,ITE4,Lazio,ROADACC,Road accidents with injuries,9,Total,9,Total,1,Accidents between vehicles,0,No,99,Total,9,Total,99,Total,2024,15160
A,Annual,ITE4,Lazio,ROADACC,Road accidents with injuries,9,Total,9,Total,1,Accidents between vehicles,1,Yes,99,Total,9,Total,99,Total,2010,240
A,Annual,ITE4,Lazio,ROADACC,Road accidents with injuries,9,Total,9,Total,1,Accidents between vehicles,1,Yes,99,Total,9,Total,99,Total,2011,220
A,Annual,ITE4,Lazio,ROADACC,Road accidents with injuries,9,Total,9,Total,1,Accidents between vehicles,1,Yes,99,Total,9,Total,99,Total,2012,168
A,Annual,ITE4,Lazio,ROADACC,Road accidents with injuries,9,Total,9,Total,1,Accidents between vehicles,1,Yes,99,Total,9,Total,99,Total,2013,169
A,Annual,ITE4,Lazio,ROADACC,Road accidents with injuries,9,Total,9,Total,1,Accidents between vehicles,1,Yes,99,Total,9,Total,99,Total,2014,172
A,Annual,ITE4,Lazio,ROADACC,Road accidents with injuries,9,Total,9,Total,1,Accidents between vehicles,1,Yes,99,Total,9,Total,99,Total,2015,166
A,Annual,ITE4,Lazio,ROADACC,Road accidents with injuries,9,Total,9,Total,1,Accidents between vehicles,1,Yes,99,Total,9,Total,99,Total,2016,174
A,Annual,ITE4,Lazio,ROADACC,Road accidents with injuries,9,Total,9,Total,1,Accidents between vehicles,1,Yes,99,Total,9,Total,99,Total,2017,175
A,Annual,ITE4,Lazio,ROADACC,Road accidents with injuries,9,Total,9,Total,1,Accidents between vehicles,1,Yes,99,Total,9,Total,99,Total,2018,152
A,Annual,ITE4,Lazio,ROADACC,Road accidents with injuries,9,Total,9,Total,1,Accidents between vehicles,1,Yes,99,Total,9,Total,99,Total,2019,150
A,Annual,ITE4,Lazio,ROADACC,Road accidents with injuries,9,Total,9,Total,1,Accidents between vehicles,1,Yes,99,Total,9,Total,99,Total,2020,120
A,Annual,ITE4,Lazio,ROADACC,Road accidents with injuries,9,Total,9,Total,1,Accidents between vehicles,1,Yes,99,Total,9,Total,99,Total,2021,133
A,Annual,ITE4,Lazio,ROADACC,Road accidents with injuries,9,Total,9,Total,1,Accidents between vehicles,1,Yes,99,Total,9,Total,99,Total,2022,158
A,Annual,ITE4,Lazio,ROADACC,Road accidents with injuries,9,Total,9,Total,1,Accidents between vehicles,1,Yes,99,Total,9,Total,99,Total,2023,165
A,Annual,ITE4,Lazio,ROADACC,Road accidents with injuries,9,Total,9,Total,1,Accidents between vehicles,1,Yes,99,Total,9,Total,99,Total,2024,158
A,Annual,ITE4,Lazio,ROADACC,Road accidents with injuries,9,Total,9,Total,1,Accidents between vehicles,9,Total,99,Total,9,Total,99,Total,2010,21158
A,Annual,ITE4,Lazio,ROADACC,Road accidents with injuries,9,Total,9,Total,1,Accidents between vehicles,9,Total,99,Total,9,Total,99,Total,2011,20647
A,Annual,ITE4,Lazio,ROADACC,Road accidents with injuries,9,Total,9,Total,1,Accidents between vehicles,9,Total,99,Total,9,Total,99,Total,2012,17676
A,Annual,ITE4,Lazio,ROADACC,Road accidents with injuries,9,Total,9,Total,1,Accidents between vehicles,9,Total,99,Total,9,Total,99,Total,2013,16240
A,Annual,ITE4,Lazio,ROADACC,Road accidents with injuries,9,Total,9,Total,1,Accidents between vehicles,9,Total,99,Total,9,Total,99,Total,2014,14998
A,Annual,ITE4,Lazio,ROADACC,Road accidents with injuries,9,Total,9,Total,1,Accidents between vehicles,9,Total,99,Total,9,Total,99,Total,2015,14571
A,Annual,ITE4,Lazio,ROADACC,Road accidents with injuries,9,Total,9,Total,1,Accidents between vehicles,9,Total,99,Total,9,Total,99,Total,2016,14638
A,Annual,ITE4,Lazio,ROADACC,Road accidents with injuries,9,Total,9,Total,1,Accidents between vehicles,9,Total,99,Total,9,Total,99,Total,2017,14369
A,Annual,ITE4,Lazio,ROADACC,Road accidents with injuries,9,Total,9,Total,1,Accidents between vehicles,9,Total,99,Total,9,Total,99,Total,2018,13384
A,Annual,ITE4,Lazio,ROADACC,Road accidents with injuries,9,Total,9,Total,1,Accidents between vehicles,9,Total,99,Total,9,Total,99,Total,2019,13478
A,Annual,ITE4,Lazio,ROADACC,Road accidents with injuries,9,Total,9,Total,1,Accidents between vehicles,9,Total,99,Total,9,Total,99,Total,2020,9257
A,Annual,ITE4,Lazio,ROADACC,Road accidents with injuries,9,Total,9,Total,1,Accidents between vehicles,9,Total,99,Total,9,Total,99,Total,2021,12430
A,Annual,ITE4,Lazio,ROADACC,Road accidents with injuries,9,Total,9,Total,1,Accidents between vehicles,9,Total,99,Total,9,Total,99,Total,2022,14745
A,Annual,ITE4,Lazio,ROADACC,Road accidents with injuries,9,Total,9,Total,1,Accidents between vehicles,9,Total,99,Total,9,Total,99,Total,2023,14365
A,Annual,ITE4,Lazio,ROADACC,Road accidents with injuries,9,Total,9,Total,1,Accidents between vehicles,9,Total,99,Total,9,Total,99,Total,2024,15318
A,Annual,ITE4,Lazio,ROADACC,Road accidents with injuries,9,Total,9,Total,2,Vehicle-pedestrian accident,0,No,99,Total,9,Total,99,Total,2010,2607
A,Annual,ITE4,Lazio,ROADACC,Road accidents with injuries,9,Total,9,Total,2,Vehicle-pedestrian accident,0,No,99,Total,9,Total,99,Total,2011,2580
A,Annual,ITE4,Lazio,ROADACC,Road accidents with injuries,9,Total,9,Total,2,Vehicle-pedestrian accident,0,No,99,Total,9,Total,99,Total,2012,2554
A,Annual,ITE4,Lazio,ROADACC,Road accidents with injuries,9,Total,9,Total,2,Vehicle-pedestrian accident,0,No,99,Total,9,Total,99,Total,2013,2572
A,Annual,ITE4,Lazio,ROADACC,Road accidents with injuries,9,Total,9,Total,2,Vehicle-pedestrian accident,0,No,99,Total,9,Total,99,Total,2014,2455
A,Annual,ITE4,Lazio,ROADACC,Road accidents with injuries,9,Total,9,Total,2,Vehicle-pedestrian accident,0,No,99,Total,9,Total,99,Total,2015,2406
A,Annual,ITE4,Lazio,ROADACC,Road accidents with injuries,9,Total,9,Total,2,Vehicle-pedestrian accident,0,No,99,Total,9,Total,99,Total,2016,2380
A,Annual,ITE4,Lazio,ROADACC,Road accidents with injuries,9,Total,9,Total,2,Vehicle-pedestrian accident,0,No,99,Total,9,Total,99,Total,2017,2425
A,Annual,ITE4,Lazio,ROADACC,Road accidents with injuries,9,Total,9,Total,2,Vehicle-pedestrian accident,0,No,99,Total,9,Total,99,Total,2018,2320
A,Annual,ITE4,Lazio,ROADACC,Road accidents with injuries,9,Total,9,Total,2,Vehicle-pedestrian accident,0,No,99,Total,9,Total,99,Total,2019,2557
A,Annual,ITE4,Lazio,ROADACC,Road accidents with injuries,9,Total,9,Total,2,Vehicle-pedestrian accident,0,No,99,Total,9,Total,99,Total,2020,1739
A,Annual,ITE4,Lazio,ROADACC,Road accidents with injuries,9,Total,9,Total,2,Vehicle-pedestrian accident,0,No,99,Total,9,Total,99,Total,2021,2177
A,Annual,ITE4,Lazio,ROADACC,Road accidents with injuries,9,Total,9,Total,2,Vehicle-pedestrian accident,0,No,99,Total,9,Total,99,Total,2022,2580
A,Annual,ITE4,Lazio,ROADACC,Road accidents with injuries,9,Total,9,Total,2,Vehicle-pedestrian accident,0,No,99,Total,9,Total,99,Total,2023,2684
A,Annual,ITE4,Lazio,ROADACC,Road accidents with injuries,9,Total,9,Total,2,Vehicle-pedestrian accident,0,No,99,Total,9,Total,99,Total,2024,2728
A,Annual,ITE4,Lazio,ROADACC,Road accidents with injuries,9,Total,9,Total,2,Vehicle-pedestrian accident,1,Yes,99,Total,9,Total,99,Total,2010,70
A,Annual,ITE4,Lazio,ROADACC,Road accidents with injuries,9,Total,9,Total,2,Vehicle-pedestrian accident,1,Yes,99,Total,9,Total,99,Total,2011,72
A,Annual,ITE4,Lazio,ROADACC,Road accidents with injuries,9,Total,9,Total,2,Vehicle-pedestrian accident,1,Yes,99,Total,9,Total,99,Total,2012,87
A,Annual,ITE4,Lazio,ROADACC,Road accidents with injuries,9,Total,9,Total,2,Vehicle-pedestrian accident,1,Yes,99,Total,9,Total,99,Total,2013,69
A,Annual,ITE4,Lazio,ROADACC,Road accidents with injuries,9,Total,9,Total,2,Vehicle-pedestrian accident,1,Yes,99,Total,9,Total,99,Total,2014,83
A,Annual,ITE4,Lazio,ROADACC,Road accidents with injuries,9,Total,9,Total,2,Vehicle-pedestrian accident,1,Yes,99,Total,9,Total,99,Total,2015,80
A,Annual,ITE4,Lazio,ROADACC,Road accidents with injuries,9,Total,9,Total,2,Vehicle-pedestrian accident,1,Yes,99,Total,9,Total,99,Total,2016,64
A,Annual,ITE4,Lazio,ROADACC,Road accidents with injuries,9,Total,9,Total,2,Vehicle-pedestrian accident,1,Yes,99,Total,9,Total,99,Total,2017,76
A,Annual,ITE4,Lazio,ROADACC,Road accidents with injuries,9,Total,9,Total,2,Vehicle-pedestrian accident,1,Yes,99,Total,9,Total,99,Total,2018,86
A,Annual,ITE4,Lazio,ROADACC,Road accidents with injuries,9,Total,9,Total,2,Vehicle-pedestrian accident,1,Yes,99,Total,9,Total,99,Total,2019,57
A,Annual,ITE4,Lazio,ROADACC,Road accidents with injuries,9,Total,9,Total,2,Vehicle-pedestrian accident,1,Yes,99,Total,9,Total,99,Total,2020,61
A,Annual,ITE4,Lazio,ROADACC,Road accidents with injuries,9,Total,9,Total,2,Vehicle-pedestrian accident,1,Yes,99,Total,9,Total,99,Total,2021,66
A,Annual,ITE4,Lazio,ROADACC,Road accidents with injuries,9,Total,9,Total,2,Vehicle-pedestrian accident,1,Yes,99,Total,9,Total,99,Total,2022,69
A,Annual,ITE4,Lazio,ROADACC,Road accidents with injuries,9,Total,9,Total,2,Vehicle-pedestrian accident,1,Yes,99,Total,9,Total,99,Total,2023,78
A,Annual,ITE4,Lazio,ROADACC,Road accidents with injuries,9,Total,9,Total,2,Vehicle-pedestrian accident,1,Yes,99,Total,9,Total,99,Total,2024,77
A,Annual,ITE4,Lazio,ROADACC,Road accidents with injuries,9,Total,9,Total,2,Vehicle-pedestrian accident,9,Total,99,Total,9,Total,99,Total,2010,2677
A,Annual,ITE4,Lazio,ROADACC,Road accidents with injuries,9,Total,9,Total,2,Vehicle-pedestrian accident,9,Total,99,Total,9,Total,99,Total,2011,2652
A,Annual,ITE4,Lazio,ROADACC,Road accidents with injuries,9,Total,9,Total,2,Vehicle-pedestrian accident,9,Total,99,Total,9,Total,99,Total,2012,2641
A,Annual,ITE4,Lazio,ROADACC,Road accidents with injuries,9,Total,9,Total,2,Vehicle-pedestrian accident,9,Total,99,Total,9,Total,99,Total,2013,2641
A,Annual,ITE4,Lazio,ROADACC,Road accidents with injuries,9,Total,9,Total,2,Vehicle-pedestrian accident,9,Total,99,Total,9,Total,99,Total,2014,2538
A,Annual,ITE4,Lazio,ROADACC,Road accidents with injuries,9,Total,9,Total,2,Vehicle-pedestrian accident,9,Total,99,Total,9,Total,99,Total,2015,2486
A,Annual,ITE4,Lazio,ROADACC,Road accidents with injuries,9,Total,9,Total,2,Vehicle-pedestrian accident,9,Total,99,Total,9,Total,99,Total,2016,2444
A,Annual,ITE4,Lazio,ROADACC,Road accidents with injuries,9,Total,9,Total,2,Vehicle-pedestrian accident,9,Total,99,Total,9,Total,99,Total,2017,2501
A,Annual,ITE4,Lazio,ROADACC,Road accidents with injuries,9,Total,9,Total,2,Vehicle-pedestrian accident,9,Total,99,Total,9,Total,99,Total,2018,2406
A,Annual,ITE4,Lazio,ROADACC,Road accidents with injuries,9,Total,9,Total,2,Vehicle-pedestrian accident,9,Total,99,Total,9,Total,99,Total,2019,2614
A,Annual,ITE4,Lazio,ROADACC,Road accidents with injuries,9,Total,9,Total,2,Vehicle-pedestrian accident,9,Total,99,Total,9,Total,99,Total,2020,1800
A,Annual,ITE4,Lazio,ROADACC,Road accidents with injuries,9,Total,9,Total,2,Vehicle-pedestrian accident,9,Total,99,Total,9,Total,99,Total,2021,2243
A,Annual,ITE4,Lazio,ROADACC,Road accidents with injuries,9,Total,9,Total,2,Vehicle-pedestrian accident,9,Total,99,Total,9,Total,99,Total,2022,2649
A,Annual,ITE4,Lazio,ROADACC,Road accidents with injuries,9,Total,9,Total,2,Vehicle-pedestrian accident,9,Total,99,Total,9,Total,99,Total,2023,2762
A,Annual,ITE4,Lazio,ROADACC,Road accidents with injuries,9,Total,9,Total,2,Vehicle-pedestrian accident,9,Total,99,Total,9,Total,99,Total,2024,2805
A,Annual,ITE4,Lazio,ROADACC,Road accidents with injuries,9,Total,9,Total,3,Accidents involving a single vehicle,0,No,99,Total,9,Total,99,Total,2010,3861
A,Annual,ITE4,Lazio,ROADACC,Road accidents with injuries,9,Total,9,Total,3,Accidents involving a single vehicle,0,No,99,Total,9,Total,99,Total,2011,3487
A,Annual,ITE4,Lazio,ROADACC,Road accidents with injuries,9,Total,9,Total,3,Accidents involving a single vehicle,0,No,99,Total,9,Total,99,Total,2012,3317
A,Annual,ITE4,Lazio,ROADACC,Road accidents with injuries,9,Total,9,Total,3,Accidents involving a single vehicle,0,No,99,Total,9,Total,99,Total,2013,3176
A,Annual,ITE4,Lazio,ROADACC,Road accidents with injuries,9,Total,9,Total,3,Accidents involving a single vehicle,0,No,99,Total,9,Total,99,Total,2014,2963
A,Annual,ITE4,Lazio,ROADACC,Road accidents with injuries,9,Total,9,Total,3,Accidents involving a single vehicle,0,No,99,Total,9,Total,99,Total,2015,3063
A,Annual,ITE4,Lazio,ROADACC,Road accidents with injuries,9,Total,9,Total,3,Accidents involving a single vehicle,0,No,99,Total,9,Total,99,Total,2016,2759
A,Annual,ITE4,Lazio,ROADACC,Road accidents with injuries,9,Total,9,Total,3,Accidents involving a single vehicle,0,No,99,Total,9,Total,99,Total,2017,2634
A,Annual,ITE4,Lazio,ROADACC,Road accidents with injuries,9,Total,9,Total,3,Accidents involving a single vehicle,0,No,99,Total,9,Total,99,Total,2018,2743
A,Annual,ITE4,Lazio,ROADACC,Road accidents with injuries,9,Total,9,Total,3,Accidents involving a single vehicle,0,No,99,Total,9,Total,99,Total,2019,2741
A,Annual,ITE4,Lazio,ROADACC,Road accidents with injuries,9,Total,9,Total,3,Accidents involving a single vehicle,0,No,99,Total,9,Total,99,Total,2020,2175
A,Annual,ITE4,Lazio,ROADACC,Road accidents with injuries,9,Total,9,Total,3,Accidents involving a single vehicle,0,No,99,Total,9,Total,99,Total,2021,2736
A,Annual,ITE4,Lazio,ROADACC,Road accidents with injuries,9,Total,9,Total,3,Accidents involving a single vehicle,0,No,99,Total,9,Total,99,Total,2022,2783
A,Annual,ITE4,Lazio,ROADACC,Road accidents with injuries,9,Total,9,Total,3,Accidents involving a single vehicle,0,No,99,Total,9,Total,99,Total,2023,2719
A,Annual,ITE4,Lazio,ROADACC,Road accidents with injuries,9,Total,9,Total,3,Accidents involving a single vehicle,0,No,99,Total,9,Total,99,Total,2024,3047
A,Annual,ITE4,Lazio,ROADACC,Road accidents with injuries,9,Total,9,Total,3,Accidents involving a single vehicle,1,Yes,99,Total,9,Total,99,Total,2010,114
A,Annual,ITE4,Lazio,ROADACC,Road accidents with injuries,9,Total,9,Total,3,Accidents involving a single vehicle,1,Yes,99,Total,9,Total,99,Total,2011,106
A,Annual,ITE4,Lazio,ROADACC,Road accidents with injuries,9,Total,9,Total,3,Accidents involving a single vehicle,1,Yes,99,Total,9,Total,99,Total,2012,111
A,Annual,ITE4,Lazio,ROADACC,Road accidents with injuries,9,Total,9,Total,3,Accidents involving a single vehicle,1,Yes,99,Total,9,Total,99,Total,2013,111
A,Annual,ITE4,Lazio,ROADACC,Road accidents with injuries,9,Total,9,Total,3,Accidents involving a single vehicle,1,Yes,99,Total,9,Total,99,Total,2014,90
A,Annual,ITE4,Lazio,ROADACC,Road accidents with injuries,9,Total,9,Total,3,Accidents involving a single vehicle,1,Yes,99,Total,9,Total,99,Total,2015,107
A,Annual,ITE4,Lazio,ROADACC,Road accidents with injuries,9,Total,9,Total,3,Accidents involving a single vehicle,1,Yes,99,Total,9,Total,99,Total,2016,98
A,Annual,ITE4,Lazio,ROADACC,Road accidents with injuries,9,Total,9,Total,3,Accidents involving a single vehicle,1,Yes,99,Total,9,Total,99,Total,2017,86
A,Annual,ITE4,Lazio,ROADACC,Road accidents with injuries,9,Total,9,Total,3,Accidents involving a single vehicle,1,Yes,99,Total,9,Total,99,Total,2018,80
A,Annual,ITE4,Lazio,ROADACC,Road accidents with injuries,9,Total,9,Total,3,Accidents involving a single vehicle,1,Yes,99,Total,9,Total,99,Total,2019,77
A,Annual,ITE4,Lazio,ROADACC,Road accidents with injuries,9,Total,9,Total,3,Accidents involving a single vehicle,1,Yes,99,Total,9,Total,99,Total,2020,68
A,Annual,ITE4,Lazio,ROADACC,Road accidents with injuries,9,Total,9,Total,3,Accidents involving a single vehicle,1,Yes,99,Total,9,Total,99,Total,2021,77
A,Annual,ITE4,Lazio,ROADACC,Road accidents with injuries,9,Total,9,Total,3,Accidents involving a single vehicle,1,Yes,99,Total,9,Total,99,Total,2022,98
A,Annual,ITE4,Lazio,ROADACC,Road accidents with injuries,9,Total,9,Total,3,Accidents involving a single vehicle,1,Yes,99,Total,9,Total,99,Total,2023,83
A,Annual,ITE4,Lazio,ROADACC,Road accidents with injuries,9,Total,9,Total,3,Accidents involving a single vehicle,1,Yes,99,Total,9,Total,99,Total,2024,70
A,Annual,ITE4,Lazio,ROADACC,Road accidents with injuries,9,Total,9,Total,3,Accidents involving a single vehicle,9,Total,99,Total,9,Total,99,Total,2010,3975
A,Annual,ITE4,Lazio,ROADACC,Road accidents with injuries,9,Total,9,Total,3,Accidents involving a single vehicle,9,Total,99,Total,9,Total,99,Total,2011,3593
A,Annual,ITE4,Lazio,ROADACC,Road accidents with injuries,9,Total,9,Total,3,Accidents involving a single vehicle,9,Total,99,Total,9,Total,99,Total,2012,3428
A,Annual,ITE4,Lazio,ROADACC,Road accidents with injuries,9,Total,9,Total,3,Accidents involving a single vehicle,9,Total,99,Total,9,Total,99,Total,2013,3287
A,Annual,ITE4,Lazio,ROADACC,Road accidents with injuries,9,Total,9,Total,3,Accidents involving a single vehicle,9,Total,99,Total,9,Total,99,Total,2014,3053
A,Annual,ITE4,Lazio,ROADACC,Road accidents with injuries,9,Total,9,Total,3,Accidents involving a single vehicle,9,Total,99,Total,9,Total,99,Total,2015,3170
A,Annual,ITE4,Lazio,ROADACC,Road accidents with injuries,9,Total,9,Total,3,Accidents involving a single vehicle,9,Total,99,Total,9,Total,99,Total,2016,2857
A,Annual,ITE4,Lazio,ROADACC,Road accidents with injuries,9,Total,9,Total,3,Accidents involving a single vehicle,9,Total,99,Total,9,Total,99,Total,2017,2720
A,Annual,ITE4,Lazio,ROADACC,Road accidents with injuries,9,Total,9,Total,3,Accidents involving a single vehicle,9,Total,99,Total,9,Total,99,Total,2018,2823
A,Annual,ITE4,Lazio,ROADACC,Road accidents with injuries,9,Total,9,Total,3,Accidents involving a single vehicle,9,Total,99,Total,9,Total,99,Total,2019,2818
A,Annual,ITE4,Lazio,ROADACC,Road accidents with injuries,9,Total,9,Total,3,Accidents involving a single vehicle,9,Total,99,Total,9,Total,99,Total,2020,2243
A,Annual,ITE4,Lazio,ROADACC,Road accidents with injuries,9,Total,9,Total,3,Accidents involving a single vehicle,9,Total,99,Total,9,Total,99,Total,2021,2813
A,Annual,ITE4,Lazio,ROADACC,Road accidents with injuries,9,Total,9,Total,3,Accidents involving a single vehicle,9,Total,99,Total,9,Total,99,Total,2022,2881
A,Annual,ITE4,Lazio,ROADACC,Road accidents with injuries,9,Total,9,Total,3,Accidents involving a single vehicle,9,Total,99,Total,9,Total,99,Total,2023,2802
A,Annual,ITE4,Lazio,ROADACC,Road accidents with injuries,9,Total,9,Total,3,Accidents involving a single vehicle,9,Total,99,Total,9,Total,99,Total,2024,3117
A,Annual,ITE4,Lazio,ROADACC,Road accidents with injuries,9,Total,9,Total,9,Total,0,No,99,Total,9,Total,99,Total,2010,27386
A,Annual,ITE4,Lazio,ROADACC,Road accidents with injuries,9,Total,9,Total,9,Total,0,No,99,Total,9,Total,99,Total,2011,26494
A,Annual,ITE4,Lazio,ROADACC,Road accidents with injuries,9,Total,9,Total,9,Total,0,No,99,Total,9,Total,99,Total,2012,23379
A,Annual,ITE4,Lazio,ROADACC,Road accidents with injuries,9,Total,9,Total,9,Total,0,No,99,Total,9,Total,99,Total,2013,21819
A,Annual,ITE4,Lazio,ROADACC,Road accidents with injuries,9,Total,9,Total,9,Total,0,No,99,Total,9,Total,99,Total,2014,20244
A,Annual,ITE4,Lazio,ROADACC,Road accidents with injuries,9,Total,9,Total,9,Total,0,No,99,Total,9,Total,99,Total,2015,19874
A,Annual,ITE4,Lazio,ROADACC,Road accidents with injuries,9,Total,9,Total,9,Total,0,No,99,Total,9,Total,99,Total,2016,19603
A,Annual,ITE4,Lazio,ROADACC,Road accidents with injuries,9,Total,9,Total,9,Total,0,No,99,Total,9,Total,99,Total,2017,19253
A,Annual,ITE4,Lazio,ROADACC,Road accidents with injuries,9,Total,9,Total,9,Total,0,No,99,Total,9,Total,99,Total,2018,18295
A,Annual,ITE4,Lazio,ROADACC,Road accidents with injuries,9,Total,9,Total,9,Total,0,No,99,Total,9,Total,99,Total,2019,18626
A,Annual,ITE4,Lazio,ROADACC,Road accidents with injuries,9,Total,9,Total,9,Total,0,No,99,Total,9,Total,99,Total,2020,13051
A,Annual,ITE4,Lazio,ROADACC,Road accidents with injuries,9,Total,9,Total,9,Total,0,No,99,Total,9,Total,99,Total,2021,17210
A,Annual,ITE4,Lazio,ROADACC,Road accidents with injuries,9,Total,9,Total,9,Total,0,No,99,Total,9,Total,99,Total,2022,19950
A,Annual,ITE4,Lazio,ROADACC,Road accidents with injuries,9,Total,9,Total,9,Total,0,No,99,Total,9,Total,99,Total,2023,19603
A,Annual,ITE4,Lazio,ROADACC,Road accidents with injuries,9,Total,9,Total,9,Total,0,No,99,Total,9,Total,99,Total,2024,20935
A,Annual,ITE4,Lazio,ROADACC,Road accidents with injuries,9,Total,9,Total,9,Total,1,Yes,99,Total,9,Total,99,Total,2010,424
A,Annual,ITE4,Lazio,ROADACC,Road accidents with injuries,9,Total,9,Total,9,Total,1,Yes,99,Total,9,Total,99,Total,2011,398
A,Annual,ITE4,Lazio,ROADACC,Road accidents with injuries,9,Total,9,Total,9,Total,1,Yes,99,Total,9,Total,99,Total,2012,366
A,Annual,ITE4,Lazio,ROADACC,Road accidents with injuries,9,Total,9,Total,9,Total,1,Yes,99,Total,9,Total,99,Total,2013,349
A,Annual,ITE4,Lazio,ROADACC,Road accidents with injuries,9,Total,9,Total,9,Total,1,Yes,99,Total,9,Total,99,Total,2014,345
A,Annual,ITE4,Lazio,ROADACC,Road accidents with injuries,9,Total,9,Total,9,Total,1,Yes,99,Total,9,Total,99,Total,2015,353
A,Annual,ITE4,Lazio,ROADACC,Road accidents with injuries,9,Total,9,Total,9,Total,1,Yes,99,Total,9,Total,99,Total,2016,336
A,Annual,ITE4,Lazio,ROADACC,Road accidents with injuries,9,Total,9,Total,9,Total,1,Yes,99,Total,9,Total,99,Total,2017,337
A,Annual,ITE4,Lazio,ROADACC,Road accidents with injuries,9,Total,9,Total,9,Total,1,Yes,99,Total,9,Total,99,Total,2018,318
A,Annual,ITE4,Lazio,ROADACC,Road accidents with injuries,9,Total,9,Total,9,Total,1,Yes,99,Total,9,Total,99,Total,2019,284
A,Annual,ITE4,Lazio,ROADACC,Road accidents with injuries,9,Total,9,Total,9,Total,1,Yes,99,Total,9,Total,99,Total,2020,249
A,Annual,ITE4,Lazio,ROADACC,Road accidents with injuries,9,Total,9,Total,9,Total,1,Yes,99,Total,9,Total,99,Total,2021,276
A,Annual,ITE4,Lazio,ROADACC,Road accidents with injuries,9,Total,9,Total,9,Total,1,Yes,99,Total,9,Total,99,Total,2022,325
A,Annual,ITE4,Lazio,ROADACC,Road accidents with injuries,9,Total,9,Total,9,Total,1,Yes,99,Total,9,Total,99,Total,2023,326
A,Annual,ITE4,Lazio,ROADACC,Road accidents with injuries,9,Total,9,Total,9,Total,1,Yes,99,Total,9,Total,99,Total,2024,305
A,Annual,ITE4,Lazio,ROADACC,Road accidents with injuries,9,Total,9,Total,9,Total,9,Total,99,Total,9,Total,99,Total,2010,27810
A,Annual,ITE4,Lazio,ROADACC,Road accidents with injuries,9,Total,9,Total,9,Total,9,Total,99,Total,9,Total,99,Total,2011,26892
A,Annual,ITE4,Lazio,ROADACC,Road accidents with injuries,9,Total,9,Total,9,Total,9,Total,99,Total,9,Total,99,Total,2012,23745
A,Annual,ITE4,Lazio,ROADACC,Road accidents with injuries,9,Total,9,Total,9,Total,9,Total,99,Total,9,Total,99,Total,2013,22168
A,Annual,ITE4,Lazio,ROADACC,Road accidents with injuries,9,Total,9,Total,9,Total,9,Total,99,Total,9,Total,99,Total,2014,20589
A,Annual,ITE4,Lazio,ROADACC,Road accidents with injuries,9,Total,9,Total,9,Total,9,Total,99,Total,9,Total,99,Total,2015,20227
A,Annual,ITE4,Lazio,ROADACC,Road accidents with injuries,9,Total,9,Total,9,Total,9,Total,99,Total,9,Total,99,Total,2016,19939
A,Annual,ITE4,Lazio,ROADACC,Road accidents with injuries,9,Total,9,Total,9,Total,9,Total,99,Total,9,Total,99,Total,2017,19590
A,Annual,ITE4,Lazio,ROADACC,Road accidents with injuries,9,Total,9,Total,9,Total,9,Total,99,Total,9,Total,99,Total,2018,18613
A,Annual,ITE4,Lazio,ROADACC,Road accidents with injuries,9,Total,9,Total,9,Total,9,Total,99,Total,9,Total,99,Total,2019,18910
A,Annual,ITE4,Lazio,ROADACC,Road accidents with injuries,9,Total,9,Total,9,Total,9,Total,99,Total,9,Total,99,Total,2020,13300
A,Annual,ITE4,Lazio,ROADACC,Road accidents with injuries,9,Total,9,Total,9,Total,9,Total,99,Total,9,Total,99,Total,2021,17486
A,Annual,ITE4,Lazio,ROADACC,Road accidents with injuries,9,Total,9,Total,9,Total,9,Total,99,Total,9,Total,99,Total,2022,20275
A,Annual,ITE4,Lazio,ROADACC,Road accidents with injuries,9,Total,9,Total,9,Total,9,Total,99,Total,9,Total,99,Total,2023,19929
A,Annual,ITE4,Lazio,ROADACC,Road accidents with injuries,9,Total,9,Total,9,Total,9,Total,99,Total,9,Total,99,Total,2024,21240
A,Annual,ITF1,Abruzzo,ROADACC,Road accidents with injuries,9,Total,9,Total,1,Accidents between vehicles,0,No,99,Total,9,Total,99,Total,2010,3141
A,Annual,ITF1,Abruzzo,ROADACC,Road accidents with injuries,9,Total,9,Total,1,Accidents between vehicles,0,No,99,Total,9,Total,99,Total,2011,3079
A,Annual,ITF1,Abruzzo,ROADACC,Road accidents with injuries,9,Total,9,Total,1,Accidents between vehicles,0,No,99,Total,9,Total,99,Total,2012,2702
A,Annual,ITF1,Abruzzo,ROADACC,Road accidents with injuries,9,Total,9,Total,1,Accidents between vehicles,0,No,99,Total,9,Total,99,Total,2013,2631
A,Annual,ITF1,Abruzzo,ROADACC,Road accidents with injuries,9,Total,9,Total,1,Accidents between vehicles,0,No,99,Total,9,Total,99,Total,2014,2514
A,Annual,ITF1,Abruzzo,ROADACC,Road accidents with injuries,9,Total,9,Total,1,Accidents between vehicles,0,No,99,Total,9,Total,99,Total,2015,2331
A,Annual,ITF1,Abruzzo,ROADACC,Road accidents with injuries,9,Total,9,Total,1,Accidents between vehicles,0,No,99,Total,9,Total,99,Total,2016,2180
A,Annual,ITF1,Abruzzo,ROADACC,Road accidents with injuries,9,Total,9,Total,1,Accidents between vehicles,0,No,99,Total,9,Total,99,Total,2017,2081
A,Annual,ITF1,Abruzzo,ROADACC,Road accidents with injuries,9,Total,9,Total,1,Accidents between vehicles,0,No,99,Total,9,Total,99,Total,2018,2270
A,Annual,ITF1,Abruzzo,ROADACC,Road accidents with injuries,9,Total,9,Total,1,Accidents between vehicles,0,No,99,Total,9,Total,99,Total,2019,2221
A,Annual,ITF1,Abruzzo,ROADACC,Road accidents with injuries,9,Total,9,Total,1,Accidents between vehicles,0,No,99,Total,9,Total,99,Total,2020,1482
A,Annual,ITF1,Abruzzo,ROADACC,Road accidents with injuries,9,Total,9,Total,1,Accidents between vehicles,0,No,99,Total,9,Total,99,Total,2021,1875
A,Annual,ITF1,Abruzzo,ROADACC,Road accidents with injuries,9,Total,9,Total,1,Accidents between vehicles,0,No,99,Total,9,Total,99,Total,2022,1992
A,Annual,ITF1,Abruzzo,ROADACC,Road accidents with injuries,9,Total,9,Total,1,Accidents between vehicles,0,No,99,Total,9,Total,99,Total,2023,2108
A,Annual,ITF1,Abruzzo,ROADACC,Road accidents with injuries,9,Total,9,Total,1,Accidents between vehicles,0,No,99,Total,9,Total,99,Total,2024,2343
A,Annual,ITF1,Abruzzo,ROADACC,Road accidents with injuries,9,Total,9,Total,1,Accidents between vehicles,1,Yes,99,Total,9,Total,99,Total,2010,49
A,Annual,ITF1,Abruzzo,ROADACC,Road accidents with injuries,9,Total,9,Total,1,Accidents between vehicles,1,Yes,99,Total,9,Total,99,Total,2011,35
A,Annual,ITF1,Abruzzo,ROADACC,Road accidents with injuries,9,Total,9,Total,1,Accidents between vehicles,1,Yes,99,Total,9,Total,99,Total,2012,41
A,Annual,ITF1,Abruzzo,ROADACC,Road accidents with injuries,9,Total,9,Total,1,Accidents between vehicles,1,Yes,99,Total,9,Total,99,Total,2013,29
A,Annual,ITF1,Abruzzo,ROADACC,Road accidents with injuries,9,Total,9,Total,1,Accidents between vehicles,1,Yes,99,Total,9,Total,99,Total,2014,41
A,Annual,ITF1,Abruzzo,ROADACC,Road accidents with injuries,9,Total,9,Total,1,Accidents between vehicles,1,Yes,99,Total,9,Total,99,Total,2015,35
A,Annual,ITF1,Abruzzo,ROADACC,Road accidents with injuries,9,Total,9,Total,1,Accidents between vehicles,1,Yes,99,Total,9,Total,99,Total,2016,42
A,Annual,ITF1,Abruzzo,ROADACC,Road accidents with injuries,9,Total,9,Total,1,Accidents between vehicles,1,Yes,99,Total,9,Total,99,Total,2017,35
A,Annual,ITF1,Abruzzo,ROADACC,Road accidents with injuries,9,Total,9,Total,1,Accidents between vehicles,1,Yes,99,Total,9,Total,99,Total,2018,35
A,Annual,ITF1,Abruzzo,ROADACC,Road accidents with injuries,9,Total,9,Total,1,Accidents between vehicles,1,Yes,99,Total,9,Total,99,Total,2019,41
A,Annual,ITF1,Abruzzo,ROADACC,Road accidents with injuries,9,Total,9,Total,1,Accidents between vehicles,1,Yes,99,Total,9,Total,99,Total,2020,30
A,Annual,ITF1,Abruzzo,ROADACC,Road accidents with injuries,9,Total,9,Total,1,Accidents between vehicles,1,Yes,99,Total,9,Total,99,Total,2021,41
A,Annual,ITF1,Abruzzo,ROADACC,Road accidents with injuries,9,Total,9,Total,1,Accidents between vehicles,1,Yes,99,Total,9,Total,99,Total,2022,20
A,Annual,ITF1,Abruzzo,ROADACC,Road accidents with injuries,9,Total,9,Total,1,Accidents between vehicles,1,Yes,99,Total,9,Total,99,Total,2023,38
A,Annual,ITF1,Abruzzo,ROADACC,Road accidents with injuries,9,Total,9,Total,1,Accidents between vehicles,1,Yes,99,Total,9,Total,99,Total,2024,38
A,Annual,ITF1,Abruzzo,ROADACC,Road accidents with injuries,9,Total,9,Total,1,Accidents between vehicles,9,Total,99,Total,9,Total,99,Total,2010,3190
A,Annual,ITF1,Abruzzo,ROADACC,Road accidents with injuries,9,Total,9,Total,1,Accidents between vehicles,9,Total,99,Total,9,Total,99,Total,2011,3114
A,Annual,ITF1,Abruzzo,ROADACC,Road accidents with injuries,9,Total,9,Total,1,Accidents between vehicles,9,Total,99,Total,9,Total,99,Total,2012,2743
A,Annual,ITF1,Abruzzo,ROADACC,Road accidents with injuries,9,Total,9,Total,1,Accidents between vehicles,9,Total,99,Total,9,Total,99,Total,2013,2660
A,Annual,ITF1,Abruzzo,ROADACC,Road accidents with injuries,9,Total,9,Total,1,Accidents between vehicles,9,Total,99,Total,9,Total,99,Total,2014,2555
A,Annual,ITF1,Abruzzo,ROADACC,Road accidents with injuries,9,Total,9,Total,1,Accidents between vehicles,9,Total,99,Total,9,Total,99,Total,2015,2366
A,Annual,ITF1,Abruzzo,ROADACC,Road accidents with injuries,9,Total,9,Total,1,Accidents between vehicles,9,Total,99,Total,9,Total,99,Total,2016,2222
A,Annual,ITF1,Abruzzo,ROADACC,Road accidents with injuries,9,Total,9,Total,1,Accidents between vehicles,9,Total,99,Total,9,Total,99,Total,2017,2116
A,Annual,ITF1,Abruzzo,ROADACC,Road accidents with injuries,9,Total,9,Total,1,Accidents between vehicles,9,Total,99,Total,9,Total,99,Total,2018,2305
A,Annual,ITF1,Abruzzo,ROADACC,Road accidents with injuries,9,Total,9,Total,1,Accidents between vehicles,9,Total,99,Total,9,Total,99,Total,2019,2262
A,Annual,ITF1,Abruzzo,ROADACC,Road accidents with injuries,9,Total,9,Total,1,Accidents between vehicles,9,Total,99,Total,9,Total,99,Total,2020,1512
A,Annual,ITF1,Abruzzo,ROADACC,Road accidents with injuries,9,Total,9,Total,1,Accidents between vehicles,9,Total,99,Total,9,Total,99,Total,2021,1916
A,Annual,ITF1,Abruzzo,ROADACC,Road accidents with injuries,9,Total,9,Total,1,Accidents between vehicles,9,Total,99,Total,9,Total,99,Total,2022,2012
A,Annual,ITF1,Abruzzo,ROADACC,Road accidents with injuries,9,Total,9,Total,1,Accidents between vehicles,9,Total,99,Total,9,Total,99,Total,2023,2146
A,Annual,ITF1,Abruzzo,ROADACC,Road accidents with injuries,9,Total,9,Total,1,Accidents between vehicles,9,Total,99,Total,9,Total,99,Total,2024,2381
A,Annual,ITF1,Abruzzo,ROADACC,Road accidents with injuries,9,Total,9,Total,2,Vehicle-pedestrian accident,0,No,99,Total,9,Total,99,Total,2010,258
A,Annual,ITF1,Abruzzo,ROADACC,Road accidents with injuries,9,Total,9,Total,2,Vehicle-pedestrian accident,0,No,99,Total,9,Total,99,Total,2011,303
A,Annual,ITF1,Abruzzo,ROADACC,Road accidents with injuries,9,Total,9,Total,2,Vehicle-pedestrian accident,0,No,99,Total,9,Total,99,Total,2012,305
A,Annual,ITF1,Abruzzo,ROADACC,Road accidents with injuries,9,Total,9,Total,2,Vehicle-pedestrian accident,0,No,99,Total,9,Total,99,Total,2013,307
A,Annual,ITF1,Abruzzo,ROADACC,Road accidents with injuries,9,Total,9,Total,2,Vehicle-pedestrian accident,0,No,99,Total,9,Total,99,Total,2014,302
A,Annual,ITF1,Abruzzo,ROADACC,Road accidents with injuries,9,Total,9,Total,2,Vehicle-pedestrian accident,0,No,99,Total,9,Total,99,Total,2015,289
A,Annual,ITF1,Abruzzo,ROADACC,Road accidents with injuries,9,Total,9,Total,2,Vehicle-pedestrian accident,0,No,99,Total,9,Total,99,Total,2016,272
A,Annual,ITF1,Abruzzo,ROADACC,Road accidents with injuries,9,Total,9,Total,2,Vehicle-pedestrian accident,0,No,99,Total,9,Total,99,Total,2017,275
A,Annual,ITF1,Abruzzo,ROADACC,Road accidents with injuries,9,Total,9,Total,2,Vehicle-pedestrian accident,0,No,99,Total,9,Total,99,Total,2018,275
A,Annual,ITF1,Abruzzo,ROADACC,Road accidents with injuries,9,Total,9,Total,2,Vehicle-pedestrian accident,0,No,99,Total,9,Total,99,Total,2019,314
A,Annual,ITF1,Abruzzo,ROADACC,Road accidents with injuries,9,Total,9,Total,2,Vehicle-pedestrian accident,0,No,99,Total,9,Total,99,Total,2020,221
A,Annual,ITF1,Abruzzo,ROADACC,Road accidents with injuries,9,Total,9,Total,2,Vehicle-pedestrian accident,0,No,99,Total,9,Total,99,Total,2021,271
A,Annual,ITF1,Abruzzo,ROADACC,Road accidents with injuries,9,Total,9,Total,2,Vehicle-pedestrian accident,0,No,99,Total,9,Total,99,Total,2022,296
A,Annual,ITF1,Abruzzo,ROADACC,Road accidents with injuries,9,Total,9,Total,2,Vehicle-pedestrian accident,0,No,99,Total,9,Total,99,Total,2023,297
A,Annual,ITF1,Abruzzo,ROADACC,Road accidents with injuries,9,Total,9,Total,2,Vehicle-pedestrian accident,0,No,99,Total,9,Total,99,Total,2024,356
A,Annual,ITF1,Abruzzo,ROADACC,Road accidents with injuries,9,Total,9,Total,2,Vehicle-pedestrian accident,1,Yes,99,Total,9,Total,99,Total,2010,9
A,Annual,ITF1,Abruzzo,ROADACC,Road accidents with injuries,9,Total,9,Total,2,Vehicle-pedestrian accident,1,Yes,99,Total,9,Total,99,Total,2011,10
A,Annual,ITF1,Abruzzo,ROADACC,Road accidents with injuries,9,Total,9,Total,2,Vehicle-pedestrian accident,1,Yes,99,Total,9,Total,99,Total,2012,11
A,Annual,ITF1,Abruzzo,ROADACC,Road accidents with injuries,9,Total,9,Total,2,Vehicle-pedestrian accident,1,Yes,99,Total,9,Total,99,Total,2013,17
A,Annual,ITF1,Abruzzo,ROADACC,Road accidents with injuries,9,Total,9,Total,2,Vehicle-pedestrian accident,1,Yes,99,Total,9,Total,99,Total,2014,5
A,Annual,ITF1,Abruzzo,ROADACC,Road accidents with injuries,9,Total,9,Total,2,Vehicle-pedestrian accident,1,Yes,99,Total,9,Total,99,Total,2015,13
A,Annual,ITF1,Abruzzo,ROADACC,Road accidents with injuries,9,Total,9,Total,2,Vehicle-pedestrian accident,1,Yes,99,Total,9,Total,99,Total,2016,12
A,Annual,ITF1,Abruzzo,ROADACC,Road accidents with injuries,9,Total,9,Total,2,Vehicle-pedestrian accident,1,Yes,99,Total,9,Total,99,Total,2017,11
A,Annual,ITF1,Abruzzo,ROADACC,Road accidents with injuries,9,Total,9,Total,2,Vehicle-pedestrian accident,1,Yes,99,Total,9,Total,99,Total,2018,9
A,Annual,ITF1,Abruzzo,ROADACC,Road accidents with injuries,9,Total,9,Total,2,Vehicle-pedestrian accident,1,Yes,99,Total,9,Total,99,Total,2019,15
A,Annual,ITF1,Abruzzo,ROADACC,Road accidents with injuries,9,Total,9,Total,2,Vehicle-pedestrian accident,1,Yes,99,Total,9,Total,99,Total,2020,7
A,Annual,ITF1,Abruzzo,ROADACC,Road accidents with injuries,9,Total,9,Total,2,Vehicle-pedestrian accident,1,Yes,99,Total,9,Total,99,Total,2021,8
A,Annual,ITF1,Abruzzo,ROADACC,Road accidents with injuries,9,Total,9,Total,2,Vehicle-pedestrian accident,1,Yes,99,Total,9,Total,99,Total,2022,11
A,Annual,ITF1,Abruzzo,ROADACC,Road accidents with injuries,9,Total,9,Total,2,Vehicle-pedestrian accident,1,Yes,99,Total,9,Total,99,Total,2023,6
A,Annual,ITF1,Abruzzo,ROADACC,Road accidents with injuries,9,Total,9,Total,2,Vehicle-pedestrian accident,1,Yes,99,Total,9,Total,99,Total,2024,16
A,Annual,ITF1,Abruzzo,ROADACC,Road accidents with injuries,9,Total,9,Total,2,Vehicle-pedestrian accident,9,Total,99,Total,9,Total,99,Total,2010,267
A,Annual,ITF1,Abruzzo,ROADACC,Road accidents with injuries,9,Total,9,Total,2,Vehicle-pedestrian accident,9,Total,99,Total,9,Total,99,Total,2011,313
A,Annual,ITF1,Abruzzo,ROADACC,Road accidents with injuries,9,Total,9,Total,2,Vehicle-pedestrian accident,9,Total,99,Total,9,Total,99,Total,2012,316
A,Annual,ITF1,Abruzzo,ROADACC,Road accidents with injuries,9,Total,9,Total,2,Vehicle-pedestrian accident,9,Total,99,Total,9,Total,99,Total,2013,324
A,Annual,ITF1,Abruzzo,ROADACC,Road accidents with injuries,9,Total,9,Total,2,Vehicle-pedestrian accident,9,Total,99,Total,9,Total,99,Total,2014,307
A,Annual,ITF1,Abruzzo,ROADACC,Road accidents with injuries,9,Total,9,Total,2,Vehicle-pedestrian accident,9,Total,99,Total,9,Total,99,Total,2015,302
A,Annual,ITF1,Abruzzo,ROADACC,Road accidents with injuries,9,Total,9,Total,2,Vehicle-pedestrian accident,9,Total,99,Total,9,Total,99,Total,2016,284
A,Annual,ITF1,Abruzzo,ROADACC,Road accidents with injuries,9,Total,9,Total,2,Vehicle-pedestrian accident,9,Total,99,Total,9,Total,99,Total,2017,286
A,Annual,ITF1,Abruzzo,ROADACC,Road accidents with injuries,9,Total,9,Total,2,Vehicle-pedestrian accident,9,Total,99,Total,9,Total,99,Total,2018,284
A,Annual,ITF1,Abruzzo,ROADACC,Road accidents with injuries,9,Total,9,Total,2,Vehicle-pedestrian accident,9,Total,99,Total,9,Total,99,Total,2019,329
A,Annual,ITF1,Abruzzo,ROADACC,Road accidents with injuries,9,Total,9,Total,2,Vehicle-pedestrian accident,9,Total,99,Total,9,Total,99,Total,2020,228
A,Annual,ITF1,Abruzzo,ROADACC,Road accidents with injuries,9,Total,9,Total,2,Vehicle-pedestrian accident,9,Total,99,Total,9,Total,99,Total,2021,279
A,Annual,ITF1,Abruzzo,ROADACC,Road accidents with injuries,9,Total,9,Total,2,Vehicle-pedestrian accident,9,Total,99,Total,9,Total,99,Total,2022,307
A,Annual,ITF1,Abruzzo,ROADACC,Road accidents with injuries,9,Total,9,Total,2,Vehicle-pedestrian accident,9,Total,99,Total,9,Total,99,Total,2023,303
A,Annual,ITF1,Abruzzo,ROADACC,Road accidents with injuries,9,Total,9,Total,2,Vehicle-pedestrian accident,9,Total,99,Total,9,Total,99,Total,2024,372
A,Annual,ITF1,Abruzzo,ROADACC,Road accidents with injuries,9,Total,9,Total,3,Accidents involving a single vehicle,0,No,99,Total,9,Total,99,Total,2010,622
A,Annual,ITF1,Abruzzo,ROADACC,Road accidents with injuries,9,Total,9,Total,3,Accidents involving a single vehicle,0,No,99,Total,9,Total,99,Total,2011,598
A,Annual,ITF1,Abruzzo,ROADACC,Road accidents with injuries,9,Total,9,Total,3,Accidents involving a single vehicle,0,No,99,Total,9,Total,99,Total,2012,578
A,Annual,ITF1,Abruzzo,ROADACC,Road accidents with injuries,9,Total,9,Total,3,Accidents involving a single vehicle,0,No,99,Total,9,Total,99,Total,2013,598
A,Annual,ITF1,Abruzzo,ROADACC,Road accidents with injuries,9,Total,9,Total,3,Accidents involving a single vehicle,0,No,99,Total,9,Total,99,Total,2014,541
A,Annual,ITF1,Abruzzo,ROADACC,Road accidents with injuries,9,Total,9,Total,3,Accidents involving a single vehicle,0,No,99,Total,9,Total,99,Total,2015,520
A,Annual,ITF1,Abruzzo,ROADACC,Road accidents with injuries,9,Total,9,Total,3,Accidents involving a single vehicle,0,No,99,Total,9,Total,99,Total,2016,510
A,Annual,ITF1,Abruzzo,ROADACC,Road accidents with injuries,9,Total,9,Total,3,Accidents involving a single vehicle,0,No,99,Total,9,Total,99,Total,2017,524
A,Annual,ITF1,Abruzzo,ROADACC,Road accidents with injuries,9,Total,9,Total,3,Accidents involving a single vehicle,0,No,99,Total,9,Total,99,Total,2018,527
A,Annual,ITF1,Abruzzo,ROADACC,Road accidents with injuries,9,Total,9,Total,3,Accidents involving a single vehicle,0,No,99,Total,9,Total,99,Total,2019,550
A,Annual,ITF1,Abruzzo,ROADACC,Road accidents with injuries,9,Total,9,Total,3,Accidents involving a single vehicle,0,No,99,Total,9,Total,99,Total,2020,446
A,Annual,ITF1,Abruzzo,ROADACC,Road accidents with injuries,9,Total,9,Total,3,Accidents involving a single vehicle,0,No,99,Total,9,Total,99,Total,2021,510
A,Annual,ITF1,Abruzzo,ROADACC,Road accidents with injuries,9,Total,9,Total,3,Accidents involving a single vehicle,0,No,99,Total,9,Total,99,Total,2022,477
A,Annual,ITF1,Abruzzo,ROADACC,Road accidents with injuries,9,Total,9,Total,3,Accidents involving a single vehicle,0,No,99,Total,9,Total,99,Total,2023,502
A,Annual,ITF1,Abruzzo,ROADACC,Road accidents with injuries,9,Total,9,Total,3,Accidents involving a single vehicle,0,No,99,Total,9,Total,99,Total,2024,607
A,Annual,ITF1,Abruzzo,ROADACC,Road accidents with injuries,9,Total,9,Total,3,Accidents involving a single vehicle,1,Yes,99,Total,9,Total,99,Total,2010,20
A,Annual,ITF1,Abruzzo,ROADACC,Road accidents with injuries,9,Total,9,Total,3,Accidents involving a single vehicle,1,Yes,99,Total,9,Total,99,Total,2011,33
A,Annual,ITF1,Abruzzo,ROADACC,Road accidents with injuries,9,Total,9,Total,3,Accidents involving a single vehicle,1,Yes,99,Total,9,Total,99,Total,2012,34
A,Annual,ITF1,Abruzzo,ROADACC,Road accidents with injuries,9,Total,9,Total,3,Accidents involving a single vehicle,1,Yes,99,Total,9,Total,99,Total,2013,21
A,Annual,ITF1,Abruzzo,ROADACC,Road accidents with injuries,9,Total,9,Total,3,Accidents involving a single vehicle,1,Yes,99,Total,9,Total,99,Total,2014,26
A,Annual,ITF1,Abruzzo,ROADACC,Road accidents with injuries,9,Total,9,Total,3,Accidents involving a single vehicle,1,Yes,99,Total,9,Total,99,Total,2015,29
A,Annual,ITF1,Abruzzo,ROADACC,Road accidents with injuries,9,Total,9,Total,3,Accidents involving a single vehicle,1,Yes,99,Total,9,Total,99,Total,2016,21
A,Annual,ITF1,Abruzzo,ROADACC,Road accidents with injuries,9,Total,9,Total,3,Accidents involving a single vehicle,1,Yes,99,Total,9,Total,99,Total,2017,20
A,Annual,ITF1,Abruzzo,ROADACC,Road accidents with injuries,9,Total,9,Total,3,Accidents involving a single vehicle,1,Yes,99,Total,9,Total,99,Total,2018,29
A,Annual,ITF1,Abruzzo,ROADACC,Road accidents with injuries,9,Total,9,Total,3,Accidents involving a single vehicle,1,Yes,99,Total,9,Total,99,Total,2019,19
A,Annual,ITF1,Abruzzo,ROADACC,Road accidents with injuries,9,Total,9,Total,3,Accidents involving a single vehicle,1,Yes,99,Total,9,Total,99,Total,2020,19
A,Annual,ITF1,Abruzzo,ROADACC,Road accidents with injuries,9,Total,9,Total,3,Accidents involving a single vehicle,1,Yes,99,Total,9,Total,99,Total,2021,24
A,Annual,ITF1,Abruzzo,ROADACC,Road accidents with injuries,9,Total,9,Total,3,Accidents involving a single vehicle,1,Yes,99,Total,9,Total,99,Total,2022,28
A,Annual,ITF1,Abruzzo,ROADACC,Road accidents with injuries,9,Total,9,Total,3,Accidents involving a single vehicle,1,Yes,99,Total,9,Total,99,Total,2023,23
A,Annual,ITF1,Abruzzo,ROADACC,Road accidents with injuries,9,Total,9,Total,3,Accidents involving a single vehicle,1,Yes,99,Total,9,Total,99,Total,2024,27
A,Annual,ITF1,Abruzzo,ROADACC,Road accidents with injuries,9,Total,9,Total,3,Accidents involving a single vehicle,9,Total,99,Total,9,Total,99,Total,2010,642
A,Annual,ITF1,Abruzzo,ROADACC,Road accidents with injuries,9,Total,9,Total,3,Accidents involving a single vehicle,9,Total,99,Total,9,Total,99,Total,2011,631
A,Annual,ITF1,Abruzzo,ROADACC,Road accidents with injuries,9,Total,9,Total,3,Accidents involving a single vehicle,9,Total,99,Total,9,Total,99,Total,2012,612
A,Annual,ITF1,Abruzzo,ROADACC,Road accidents with injuries,9,Total,9,Total,3,Accidents involving a single vehicle,9,Total,99,Total,9,Total,99,Total,2013,619
A,Annual,ITF1,Abruzzo,ROADACC,Road accidents with injuries,9,Total,9,Total,3,Accidents involving a single vehicle,9,Total,99,Total,9,Total,99,Total,2014,567
A,Annual,ITF1,Abruzzo,ROADACC,Road accidents with injuries,9,Total,9,Total,3,Accidents involving a single vehicle,9,Total,99,Total,9,Total,99,Total,2015,549
A,Annual,ITF1,Abruzzo,ROADACC,Road accidents with injuries,9,Total,9,Total,3,Accidents involving a single vehicle,9,Total,99,Total,9,Total,99,Total,2016,531
A,Annual,ITF1,Abruzzo,ROADACC,Road accidents with injuries,9,Total,9,Total,3,Accidents involving a single vehicle,9,Total,99,Total,9,Total,99,Total,2017,544
A,Annual,ITF1,Abruzzo,ROADACC,Road accidents with injuries,9,Total,9,Total,3,Accidents involving a single vehicle,9,Total,99,Total,9,Total,99,Total,2018,556
A,Annual,ITF1,Abruzzo,ROADACC,Road accidents with injuries,9,Total,9,Total,3,Accidents involving a single vehicle,9,Total,99,Total,9,Total,99,Total,2019,569
A,Annual,ITF1,Abruzzo,ROADACC,Road accidents with injuries,9,Total,9,Total,3,Accidents involving a single vehicle,9,Total,99,Total,9,Total,99,Total,2020,465
A,Annual,ITF1,Abruzzo,ROADACC,Road accidents with injuries,9,Total,9,Total,3,Accidents involving a single vehicle,9,Total,99,Total,9,Total,99,Total,2021,534
A,Annual,ITF1,Abruzzo,ROADACC,Road accidents with injuries,9,Total,9,Total,3,Accidents involving a single vehicle,9,Total,99,Total,9,Total,99,Total,2022,505
A,Annual,ITF1,Abruzzo,ROADACC,Road accidents with injuries,9,Total,9,Total,3,Accidents involving a single vehicle,9,Total,99,Total,9,Total,99,Total,2023,525
A,Annual,ITF1,Abruzzo,ROADACC,Road accidents with injuries,9,Total,9,Total,3,Accidents involving a single vehicle,9,Total,99,Total,9,Total,99,Total,2024,634
A,Annual,ITF1,Abruzzo,ROADACC,Road accidents with injuries,9,Total,9,Total,9,Total,0,No,99,Total,9,Total,99,Total,2010,4021
A,Annual,ITF1,Abruzzo,ROADACC,Road accidents with injuries,9,Total,9,Total,9,Total,0,No,99,Total,9,Total,99,Total,2011,3980
A,Annual,ITF1,Abruzzo,ROADACC,Road accidents with injuries,9,Total,9,Total,9,Total,0,No,99,Total,9,Total,99,Total,2012,3585
A,Annual,ITF1,Abruzzo,ROADACC,Road accidents with injuries,9,Total,9,Total,9,Total,0,No,99,Total,9,Total,99,Total,2013,3536
A,Annual,ITF1,Abruzzo,ROADACC,Road accidents with injuries,9,Total,9,Total,9,Total,0,No,99,Total,9,Total,99,Total,2014,3357
A,Annual,ITF1,Abruzzo,ROADACC,Road accidents with injuries,9,Total,9,Total,9,Total,0,No,99,Total,9,Total,99,Total,2015,3140
A,Annual,ITF1,Abruzzo,ROADACC,Road accidents with injuries,9,Total,9,Total,9,Total,0,No,99,Total,9,Total,99,Total,2016,2962
A,Annual,ITF1,Abruzzo,ROADACC,Road accidents with injuries,9,Total,9,Total,9,Total,0,No,99,Total,9,Total,99,Total,2017,2880
A,Annual,ITF1,Abruzzo,ROADACC,Road accidents with injuries,9,Total,9,Total,9,Total,0,No,99,Total,9,Total,99,Total,2018,3072
A,Annual,ITF1,Abruzzo,ROADACC,Road accidents with injuries,9,Total,9,Total,9,Total,0,No,99,Total,9,Total,99,Total,2019,3085
A,Annual,ITF1,Abruzzo,ROADACC,Road accidents with injuries,9,Total,9,Total,9,Total,0,No,99,Total,9,Total,99,Total,2020,2149
A,Annual,ITF1,Abruzzo,ROADACC,Road accidents with injuries,9,Total,9,Total,9,Total,0,No,99,Total,9,Total,99,Total,2021,2656
A,Annual,ITF1,Abruzzo,ROADACC,Road accidents with injuries,9,Total,9,Total,9,Total,0,No,99,Total,9,Total,99,Total,2022,2765
A,Annual,ITF1,Abruzzo,ROADACC,Road accidents with injuries,9,Total,9,Total,9,Total,0,No,99,Total,9,Total,99,Total,2023,2907
A,Annual,ITF1,Abruzzo,ROADACC,Road accidents with injuries,9,Total,9,Total,9,Total,0,No,99,Total,9,Total,99,Total,2024,3306
A,Annual,ITF1,Abruzzo,ROADACC,Road accidents with injuries,9,Total,9,Total,9,Total,1,Yes,99,Total,9,Total,99,Total,2010,78
A,Annual,ITF1,Abruzzo,ROADACC,Road accidents with injuries,9,Total,9,Total,9,Total,1,Yes,99,Total,9,Total,99,Total,2011,78
A,Annual,ITF1,Abruzzo,ROADACC,Road accidents with injuries,9,Total,9,Total,9,Total,1,Yes,99,Total,9,Total,99,Total,2012,86
A,Annual,ITF1,Abruzzo,ROADACC,Road accidents with injuries,9,Total,9,Total,9,Total,1,Yes,99,Total,9,Total,99,Total,2013,67
A,Annual,ITF1,Abruzzo,ROADACC,Road accidents with injuries,9,Total,9,Total,9,Total,1,Yes,99,Total,9,Total,99,Total,2014,72
A,Annual,ITF1,Abruzzo,ROADACC,Road accidents with injuries,9,Total,9,Total,9,Total,1,Yes,99,Total,9,Total,99,Total,2015,77
A,Annual,ITF1,Abruzzo,ROADACC,Road accidents with injuries,9,Total,9,Total,9,Total,1,Yes,99,Total,9,Total,99,Total,2016,75
A,Annual,ITF1,Abruzzo,ROADACC,Road accidents with injuries,9,Total,9,Total,9,Total,1,Yes,99,Total,9,Total,99,Total,2017,66
A,Annual,ITF1,Abruzzo,ROADACC,Road accidents with injuries,9,Total,9,Total,9,Total,1,Yes,99,Total,9,Total,99,Total,2018,73
A,Annual,ITF1,Abruzzo,ROADACC,Road accidents with injuries,9,Total,9,Total,9,Total,1,Yes,99,Total,9,Total,99,Total,2019,75
A,Annual,ITF1,Abruzzo,ROADACC,Road accidents with injuries,9,Total,9,Total,9,Total,1,Yes,99,Total,9,Total,99,Total,2020,56
A,Annual,ITF1,Abruzzo,ROADACC,Road accidents with injuries,9,Total,9,Total,9,Total,1,Yes,99,Total,9,Total,99,Total,2021,73
A,Annual,ITF1,Abruzzo,ROADACC,Road accidents with injuries,9,Total,9,Total,9,Total,1,Yes,99,Total,9,Total,99,Total,2022,59
A,Annual,ITF1,Abruzzo,ROADACC,Road accidents with injuries,9,Total,9,Total,9,Total,1,Yes,99,Total,9,Total,99,Total,2023,67
A,Annual,ITF1,Abruzzo,ROADACC,Road accidents with injuries,9,Total,9,Total,9,Total,1,Yes,99,Total,9,Total,99,Total,2024,81
A,Annual,ITF1,Abruzzo,ROADACC,Road accidents with injuries,9,Total,9,Total,9,Total,9,Total,99,Total,9,Total,99,Total,2010,4099
A,Annual,ITF1,Abruzzo,ROADACC,Road accidents with injuries,9,Total,9,Total,9,Total,9,Total,99,Total,9,Total,99,Total,2011,4058
A,Annual,ITF1,Abruzzo,ROADACC,Road accidents with injuries,9,Total,9,Total,9,Total,9,Total,99,Total,9,Total,99,Total,2012,3671
A,Annual,ITF1,Abruzzo,ROADACC,Road accidents with injuries,9,Total,9,Total,9,Total,9,Total,99,Total,9,Total,99,Total,2013,3603
A,Annual,ITF1,Abruzzo,ROADACC,Road accidents with injuries,9,Total,9,Total,9,Total,9,Total,99,Total,9,Total,99,Total,2014,3429
A,Annual,ITF1,Abruzzo,ROADACC,Road accidents with injuries,9,Total,9,Total,9,Total,9,Total,99,Total,9,Total,99,Total,2015,3217
A,Annual,ITF1,Abruzzo,ROADACC,Road accidents with injuries,9,Total,9,Total,9,Total,9,Total,99,Total,9,Total,99,Total,2016,3037
A,Annual,ITF1,Abruzzo,ROADACC,Road accidents with injuries,9,Total,9,Total,9,Total,9,Total,99,Total,9,Total,99,Total,2017,2946
A,Annual,ITF1,Abruzzo,ROADACC,Road accidents with injuries,9,Total,9,Total,9,Total,9,Total,99,Total,9,Total,99,Total,2018,3145
A,Annual,ITF1,Abruzzo,ROADACC,Road accidents with injuries,9,Total,9,Total,9,Total,9,Total,99,Total,9,Total,99,Total,2019,3160
A,Annual,ITF1,Abruzzo,ROADACC,Road accidents with injuries,9,Total,9,Total,9,Total,9,Total,99,Total,9,Total,99,Total,2020,2205
A,Annual,ITF1,Abruzzo,ROADACC,Road accidents with injuries,9,Total,9,Total,9,Total,9,Total,99,Total,9,Total,99,Total,2021,2729
A,Annual,ITF1,Abruzzo,ROADACC,Road accidents with injuries,9,Total,9,Total,9,Total,9,Total,99,Total,9,Total,99,Total,2022,2824
A,Annual,ITF1,Abruzzo,ROADACC,Road accidents with injuries,9,Total,9,Total,9,Total,9,Total,99,Total,9,Total,99,Total,2023,2974
A,Annual,ITF1,Abruzzo,ROADACC,Road accidents with injuries,9,Total,9,Total,9,Total,9,Total,99,Total,9,Total,99,Total,2024,3387
A,Annual,ITF2,Molise,ROADACC,Road accidents with injuries,9,Total,9,Total,1,Accidents between vehicles,0,No,99,Total,9,Total,99,Total,2010,449
A,Annual,ITF2,Molise,ROADACC,Road accidents with injuries,9,Total,9,Total,1,Accidents between vehicles,0,No,99,Total,9,Total,99,Total,2011,415
A,Annual,ITF2,Molise,ROADACC,Road accidents with injuries,9,Total,9,Total,1,Accidents between vehicles,0,No,99,Total,9,Total,99,Total,2012,381
A,Annual,ITF2,Molise,ROADACC,Road accidents with injuries,9,Total,9,Total,1,Accidents between vehicles,0,No,99,Total,9,Total,99,Total,2013,307
A,Annual,ITF2,Molise,ROADACC,Road accidents with injuries,9,Total,9,Total,1,Accidents between vehicles,0,No,99,Total,9,Total,99,Total,2014,302
A,Annual,ITF2,Molise,ROADACC,Road accidents with injuries,9,Total,9,Total,1,Accidents between vehicles,0,No,99,Total,9,Total,99,Total,2015,285
A,Annual,ITF2,Molise,ROADACC,Road accidents with injuries,9,Total,9,Total,1,Accidents between vehicles,0,No,99,Total,9,Total,99,Total,2016,307
A,Annual,ITF2,Molise,ROADACC,Road accidents with injuries,9,Total,9,Total,1,Accidents between vehicles,0,No,99,Total,9,Total,99,Total,2017,297
A,Annual,ITF2,Molise,ROADACC,Road accidents with injuries,9,Total,9,Total,1,Accidents between vehicles,0,No,99,Total,9,Total,99,Total,2018,301
A,Annual,ITF2,Molise,ROADACC,Road accidents with injuries,9,Total,9,Total,1,Accidents between vehicles,0,No,99,Total,9,Total,99,Total,2019,337
A,Annual,ITF2,Molise,ROADACC,Road accidents with injuries,9,Total,9,Total,1,Accidents between vehicles,0,No,99,Total,9,Total,99,Total,2020,200
A,Annual,ITF2,Molise,ROADACC,Road accidents with injuries,9,Total,9,Total,1,Accidents between vehicles,0,No,99,Total,9,Total,99,Total,2021,259
A,Annual,ITF2,Molise,ROADACC,Road accidents with injuries,9,Total,9,Total,1,Accidents between vehicles,0,No,99,Total,9,Total,99,Total,2022,264
A,Annual,ITF2,Molise,ROADACC,Road accidents with injuries,9,Total,9,Total,1,Accidents between vehicles,0,No,99,Total,9,Total,99,Total,2023,306
A,Annual,ITF2,Molise,ROADACC,Road accidents with injuries,9,Total,9,Total,1,Accidents between vehicles,0,No,99,Total,9,Total,99,Total,2024,302
A,Annual,ITF2,Molise,ROADACC,Road accidents with injuries,9,Total,9,Total,1,Accidents between vehicles,1,Yes,99,Total,9,Total,99,Total,2010,17
A,Annual,ITF2,Molise,ROADACC,Road accidents with injuries,9,Total,9,Total,1,Accidents between vehicles,1,Yes,99,Total,9,Total,99,Total,2011,11
A,Annual,ITF2,Molise,ROADACC,Road accidents with injuries,9,Total,9,Total,1,Accidents between vehicles,1,Yes,99,Total,9,Total,99,Total,2012,12
A,Annual,ITF2,Molise,ROADACC,Road accidents with injuries,9,Total,9,Total,1,Accidents between vehicles,1,Yes,99,Total,9,Total,99,Total,2013,12
A,Annual,ITF2,Molise,ROADACC,Road accidents with injuries,9,Total,9,Total,1,Accidents between vehicles,1,Yes,99,Total,9,Total,99,Total,2014,14
A,Annual,ITF2,Molise,ROADACC,Road accidents with injuries,9,Total,9,Total,1,Accidents between vehicles,1,Yes,99,Total,9,Total,99,Total,2015,7
A,Annual,ITF2,Molise,ROADACC,Road accidents with injuries,9,Total,9,Total,1,Accidents between vehicles,1,Yes,99,Total,9,Total,99,Total,2016,7
A,Annual,ITF2,Molise,ROADACC,Road accidents with injuries,9,Total,9,Total,1,Accidents between vehicles,1,Yes,99,Total,9,Total,99,Total,2017,13
A,Annual,ITF2,Molise,ROADACC,Road accidents with injuries,9,Total,9,Total,1,Accidents between vehicles,1,Yes,99,Total,9,Total,99,Total,2018,8
A,Annual,ITF2,Molise,ROADACC,Road accidents with injuries,9,Total,9,Total,1,Accidents between vehicles,1,Yes,99,Total,9,Total,99,Total,2019,12
A,Annual,ITF2,Molise,ROADACC,Road accidents with injuries,9,Total,9,Total,1,Accidents between vehicles,1,Yes,99,Total,9,Total,99,Total,2020,14
A,Annual,ITF2,Molise,ROADACC,Road accidents with injuries,9,Total,9,Total,1,Accidents between vehicles,1,Yes,99,Total,9,Total,99,Total,2021,9
A,Annual,ITF2,Molise,ROADACC,Road accidents with injuries,9,Total,9,Total,1,Accidents between vehicles,1,Yes,99,Total,9,Total,99,Total,2022,7
A,Annual,ITF2,Molise,ROADACC,Road accidents with injuries,9,Total,9,Total,1,Accidents between vehicles,1,Yes,99,Total,9,Total,99,Total,2023,11
A,Annual,ITF2,Molise,ROADACC,Road accidents with injuries,9,Total,9,Total,1,Accidents between vehicles,1,Yes,99,Total,9,Total,99,Total,2024,4
A,Annual,ITF2,Molise,ROADACC,Road accidents with injuries,9,Total,9,Total,1,Accidents between vehicles,9,Total,99,Total,9,Total,99,Total,2010,466
A,Annual,ITF2,Molise,ROADACC,Road accidents with injuries,9,Total,9,Total,1,Accidents between vehicles,9,Total,99,Total,9,Total,99,Total,2011,426
A,Annual,ITF2,Molise,ROADACC,Road accidents with injuries,9,Total,9,Total,1,Accidents between vehicles,9,Total,99,Total,9,Total,99,Total,2012,393
A,Annual,ITF2,Molise,ROADACC,Road accidents with injuries,9,Total,9,Total,1,Accidents between vehicles,9,Total,99,Total,9,Total,99,Total,2013,319
A,Annual,ITF2,Molise,ROADACC,Road accidents with injuries,9,Total,9,Total,1,Accidents between vehicles,9,Total,99,Total,9,Total,99,Total,2014,316
A,Annual,ITF2,Molise,ROADACC,Road accidents with injuries,9,Total,9,Total,1,Accidents between vehicles,9,Total,99,Total,9,Total,99,Total,2015,292
A,Annual,ITF2,Molise,ROADACC,Road accidents with injuries,9,Total,9,Total,1,Accidents between vehicles,9,Total,99,Total,9,Total,99,Total,2016,314
A,Annual,ITF2,Molise,ROADACC,Road accidents with injuries,9,Total,9,Total,1,Accidents between vehicles,9,Total,99,Total,9,Total,99,Total,2017,310
A,Annual,ITF2,Molise,ROADACC,Road accidents with injuries,9,Total,9,Total,1,Accidents between vehicles,9,Total,99,Total,9,Total,99,Total,2018,309
A,Annual,ITF2,Molise,ROADACC,Road accidents with injuries,9,Total,9,Total,1,Accidents between vehicles,9,Total,99,Total,9,Total,99,Total,2019,349
A,Annual,ITF2,Molise,ROADACC,Road accidents with injuries,9,Total,9,Total,1,Accidents between vehicles,9,Total,99,Total,9,Total,99,Total,2020,214
A,Annual,ITF2,Molise,ROADACC,Road accidents with injuries,9,Total,9,Total,1,Accidents between vehicles,9,Total,99,Total,9,Total,99,Total,2021,268
A,Annual,ITF2,Molise,ROADACC,Road accidents with injuries,9,Total,9,Total,1,Accidents between vehicles,9,Total,99,Total,9,Total,99,Total,2022,271
A,Annual,ITF2,Molise,ROADACC,Road accidents with injuries,9,Total,9,Total,1,Accidents between vehicles,9,Total,99,Total,9,Total,99,Total,2023,317
A,Annual,ITF2,Molise,ROADACC,Road accidents with injuries,9,Total,9,Total,1,Accidents between vehicles,9,Total,99,Total,9,Total,99,Total,2024,306
A,Annual,ITF2,Molise,ROADACC,Road accidents with injuries,9,Total,9,Total,2,Vehicle-pedestrian accident,0,No,99,Total,9,Total,99,Total,2010,55
A,Annual,ITF2,Molise,ROADACC,Road accidents with injuries,9,Total,9,Total,2,Vehicle-pedestrian accident,0,No,99,Total,9,Total,99,Total,2011,50
A,Annual,ITF2,Molise,ROADACC,Road accidents with injuries,9,Total,9,Total,2,Vehicle-pedestrian accident,0,No,99,Total,9,Total,99,Total,2012,47
A,Annual,ITF2,Molise,ROADACC,Road accidents with injuries,9,Total,9,Total,2,Vehicle-pedestrian accident,0,No,99,Total,9,Total,99,Total,2013,51
A,Annual,ITF2,Molise,ROADACC,Road accidents with injuries,9,Total,9,Total,2,Vehicle-pedestrian accident,0,No,99,Total,9,Total,99,Total,2014,54
A,Annual,ITF2,Molise,ROADACC,Road accidents with injuries,9,Total,9,Total,2,Vehicle-pedestrian accident,0,No,99,Total,9,Total,99,Total,2015,47
A,Annual,ITF2,Molise,ROADACC,Road accidents with injuries,9,Total,9,Total,2,Vehicle-pedestrian accident,0,No,99,Total,9,Total,99,Total,2016,45
A,Annual,ITF2,Molise,ROADACC,Road accidents with injuries,9,Total,9,Total,2,Vehicle-pedestrian accident,0,No,99,Total,9,Total,99,Total,2017,59
A,Annual,ITF2,Molise,ROADACC,Road accidents with injuries,9,Total,9,Total,2,Vehicle-pedestrian accident,0,No,99,Total,9,Total,99,Total,2018,49
A,Annual,ITF2,Molise,ROADACC,Road accidents with injuries,9,Total,9,Total,2,Vehicle-pedestrian accident,0,No,99,Total,9,Total,99,Total,2019,70
A,Annual,ITF2,Molise,ROADACC,Road accidents with injuries,9,Total,9,Total,2,Vehicle-pedestrian accident,0,No,99,Total,9,Total,99,Total,2020,49
A,Annual,ITF2,Molise,ROADACC,Road accidents with injuries,9,Total,9,Total,2,Vehicle-pedestrian accident,0,No,99,Total,9,Total,99,Total,2021,40
A,Annual,ITF2,Molise,ROADACC,Road accidents with injuries,9,Total,9,Total,2,Vehicle-pedestrian accident,0,No,99,Total,9,Total,99,Total,2022,52
A,Annual,ITF2,Molise,ROADACC,Road accidents with injuries,9,Total,9,Total,2,Vehicle-pedestrian accident,0,No,99,Total,9,Total,99,Total,2023,45
A,Annual,ITF2,Molise,ROADACC,Road accidents with injuries,9,Total,9,Total,2,Vehicle-pedestrian accident,0,No,99,Total,9,Total,99,Total,2024,61
A,Annual,ITF2,Molise,ROADACC,Road accidents with injuries,9,Total,9,Total,2,Vehicle-pedestrian accident,1,Yes,99,Total,9,Total,99,Total,2010,4
A,Annual,ITF2,Molise,ROADACC,Road accidents with injuries,9,Total,9,Total,2,Vehicle-pedestrian accident,1,Yes,99,Total,9,Total,99,Total,2011,1
A,Annual,ITF2,Molise,ROADACC,Road accidents with injuries,9,Total,9,Total,2,Vehicle-pedestrian accident,1,Yes,99,Total,9,Total,99,Total,2012,3
A,Annual,ITF2,Molise,ROADACC,Road accidents with injuries,9,Total,9,Total,2,Vehicle-pedestrian accident,1,Yes,99,Total,9,Total,99,Total,2013,2
A,Annual,ITF2,Molise,ROADACC,Road accidents with injuries,9,Total,9,Total,2,Vehicle-pedestrian accident,1,Yes,99,Total,9,Total,99,Total,2014,1
A,Annual,ITF2,Molise,ROADACC,Road accidents with injuries,9,Total,9,Total,2,Vehicle-pedestrian accident,1,Yes,99,Total,9,Total,99,Total,2015,5
A,Annual,ITF2,Molise,ROADACC,Road accidents with injuries,9,Total,9,Total,2,Vehicle-pedestrian accident,1,Yes,99,Total,9,Total,99,Total,2016,1
A,Annual,ITF2,Molise,ROADACC,Road accidents with injuries,9,Total,9,Total,2,Vehicle-pedestrian accident,1,Yes,99,Total,9,Total,99,Total,2017,3
A,Annual,ITF2,Molise,ROADACC,Road accidents with injuries,9,Total,9,Total,2,Vehicle-pedestrian accident,1,Yes,99,Total,9,Total,99,Total,2019,3
A,Annual,ITF2,Molise,ROADACC,Road accidents with injuries,9,Total,9,Total,2,Vehicle-pedestrian accident,1,Yes,99,Total,9,Total,99,Total,2020,6
A,Annual,ITF2,Molise,ROADACC,Road accidents with injuries,9,Total,9,Total,2,Vehicle-pedestrian accident,1,Yes,99,Total,9,Total,99,Total,2021,2
A,Annual,ITF2,Molise,ROADACC,Road accidents with injuries,9,Total,9,Total,2,Vehicle-pedestrian accident,1,Yes,99,Total,9,Total,99,Total,2022,3
A,Annual,ITF2,Molise,ROADACC,Road accidents with injuries,9,Total,9,Total,2,Vehicle-pedestrian accident,1,Yes,99,Total,9,Total,99,Total,2024,3
A,Annual,ITF2,Molise,ROADACC,Road accidents with injuries,9,Total,9,Total,2,Vehicle-pedestrian accident,9,Total,99,Total,9,Total,99,Total,2010,59
A,Annual,ITF2,Molise,ROADACC,Road accidents with injuries,9,Total,9,Total,2,Vehicle-pedestrian accident,9,Total,99,Total,9,Total,99,Total,2011,51
A,Annual,ITF2,Molise,ROADACC,Road accidents with injuries,9,Total,9,Total,2,Vehicle-pedestrian accident,9,Total,99,Total,9,Total,99,Total,2012,50
A,Annual,ITF2,Molise,ROADACC,Road accidents with injuries,9,Total,9,Total,2,Vehicle-pedestrian accident,9,Total,99,Total,9,Total,99,Total,2013,53
A,Annual,ITF2,Molise,ROADACC,Road accidents with injuries,9,Total,9,Total,2,Vehicle-pedestrian accident,9,Total,99,Total,9,Total,99,Total,2014,55
A,Annual,ITF2,Molise,ROADACC,Road accidents with injuries,9,Total,9,Total,2,Vehicle-pedestrian accident,9,Total,99,Total,9,Total,99,Total,2015,52
A,Annual,ITF2,Molise,ROADACC,Road accidents with injuries,9,Total,9,Total,2,Vehicle-pedestrian accident,9,Total,99,Total,9,Total,99,Total,2016,46
A,Annual,ITF2,Molise,ROADACC,Road accidents with injuries,9,Total,9,Total,2,Vehicle-pedestrian accident,9,Total,99,Total,9,Total,99,Total,2017,62
A,Annual,ITF2,Molise,ROADACC,Road accidents with injuries,9,Total,9,Total,2,Vehicle-pedestrian accident,9,Total,99,Total,9,Total,99,Total,2018,49
A,Annual,ITF2,Molise,ROADACC,Road accidents with injuries,9,Total,9,Total,2,Vehicle-pedestrian accident,9,Total,99,Total,9,Total,99,Total,2019,73
A,Annual,ITF2,Molise,ROADACC,Road accidents with injuries,9,Total,9,Total,2,Vehicle-pedestrian accident,9,Total,99,Total,9,Total,99,Total,2020,55
A,Annual,ITF2,Molise,ROADACC,Road accidents with injuries,9,Total,9,Total,2,Vehicle-pedestrian accident,9,Total,99,Total,9,Total,99,Total,2021,42
A,Annual,ITF2,Molise,ROADACC,Road accidents with injuries,9,Total,9,Total,2,Vehicle-pedestrian accident,9,Total,99,Total,9,Total,99,Total,2022,55
A,Annual,ITF2,Molise,ROADACC,Road accidents with injuries,9,Total,9,Total,2,Vehicle-pedestrian accident,9,Total,99,Total,9,Total,99,Total,2023,45
A,Annual,ITF2,Molise,ROADACC,Road accidents with injuries,9,Total,9,Total,2,Vehicle-pedestrian accident,9,Total,99,Total,9,Total,99,Total,2024,64
A,Annual,ITF2,Molise,ROADACC,Road accidents with injuries,9,Total,9,Total,3,Accidents involving a single vehicle,0,No,99,Total,9,Total,99,Total,2010,126
A,Annual,ITF2,Molise,ROADACC,Road accidents with injuries,9,Total,9,Total,3,Accidents involving a single vehicle,0,No,99,Total,9,Total,99,Total,2011,156
A,Annual,ITF2,Molise,ROADACC,Road accidents with injuries,9,Total,9,Total,3,Accidents involving a single vehicle,0,No,99,Total,9,Total,99,Total,2012,136
A,Annual,ITF2,Molise,ROADACC,Road accidents with injuries,9,Total,9,Total,3,Accidents involving a single vehicle,0,No,99,Total,9,Total,99,Total,2013,127
A,Annual,ITF2,Molise,ROADACC,Road accidents with injuries,9,Total,9,Total,3,Accidents involving a single vehicle,0,No,99,Total,9,Total,99,Total,2014,130
A,Annual,ITF2,Molise,ROADACC,Road accidents with injuries,9,Total,9,Total,3,Accidents involving a single vehicle,0,No,99,Total,9,Total,99,Total,2015,108
A,Annual,ITF2,Molise,ROADACC,Road accidents with injuries,9,Total,9,Total,3,Accidents involving a single vehicle,0,No,99,Total,9,Total,99,Total,2016,112
A,Annual,ITF2,Molise,ROADACC,Road accidents with injuries,9,Total,9,Total,3,Accidents involving a single vehicle,0,No,99,Total,9,Total,99,Total,2017,127
A,Annual,ITF2,Molise,ROADACC,Road accidents with injuries,9,Total,9,Total,3,Accidents involving a single vehicle,0,No,99,Total,9,Total,99,Total,2018,116
A,Annual,ITF2,Molise,ROADACC,Road accidents with injuries,9,Total,9,Total,3,Accidents involving a single vehicle,0,No,99,Total,9,Total,99,Total,2019,127
A,Annual,ITF2,Molise,ROADACC,Road accidents with injuries,9,Total,9,Total,3,Accidents involving a single vehicle,0,No,99,Total,9,Total,99,Total,2020,105
A,Annual,ITF2,Molise,ROADACC,Road accidents with injuries,9,Total,9,Total,3,Accidents involving a single vehicle,0,No,99,Total,9,Total,99,Total,2021,107
A,Annual,ITF2,Molise,ROADACC,Road accidents with injuries,9,Total,9,Total,3,Accidents involving a single vehicle,0,No,99,Total,9,Total,99,Total,2022,112
A,Annual,ITF2,Molise,ROADACC,Road accidents with injuries,9,Total,9,Total,3,Accidents involving a single vehicle,0,No,99,Total,9,Total,99,Total,2023,110
A,Annual,ITF2,Molise,ROADACC,Road accidents with injuries,9,Total,9,Total,3,Accidents involving a single vehicle,0,No,99,Total,9,Total,99,Total,2024,112
A,Annual,ITF2,Molise,ROADACC,Road accidents with injuries,9,Total,9,Total,3,Accidents involving a single vehicle,1,Yes,99,Total,9,Total,99,Total,2010,6
A,Annual,ITF2,Molise,ROADACC,Road accidents with injuries,9,Total,9,Total,3,Accidents involving a single vehicle,1,Yes,99,Total,9,Total,99,Total,2011,6
A,Annual,ITF2,Molise,ROADACC,Road accidents with injuries,9,Total,9,Total,3,Accidents involving a single vehicle,1,Yes,99,Total,9,Total,99,Total,2012,2
A,Annual,ITF2,Molise,ROADACC,Road accidents with injuries,9,Total,9,Total,3,Accidents involving a single vehicle,1,Yes,99,Total,9,Total,99,Total,2013,8
A,Annual,ITF2,Molise,ROADACC,Road accidents with injuries,9,Total,9,Total,3,Accidents involving a single vehicle,1,Yes,99,Total,9,Total,99,Total,2014,10
A,Annual,ITF2,Molise,ROADACC,Road accidents with injuries,9,Total,9,Total,3,Accidents involving a single vehicle,1,Yes,99,Total,9,Total,99,Total,2015,9
A,Annual,ITF2,Molise,ROADACC,Road accidents with injuries,9,Total,9,Total,3,Accidents involving a single vehicle,1,Yes,99,Total,9,Total,99,Total,2016,7
A,Annual,ITF2,Molise,ROADACC,Road accidents with injuries,9,Total,9,Total,3,Accidents involving a single vehicle,1,Yes,99,Total,9,Total,99,Total,2017,11
A,Annual,ITF2,Molise,ROADACC,Road accidents with injuries,9,Total,9,Total,3,Accidents involving a single vehicle,1,Yes,99,Total,9,Total,99,Total,2018,4
A,Annual,ITF2,Molise,ROADACC,Road accidents with injuries,9,Total,9,Total,3,Accidents involving a single vehicle,1,Yes,99,Total,9,Total,99,Total,2019,6
A,Annual,ITF2,Molise,ROADACC,Road accidents with injuries,9,Total,9,Total,3,Accidents involving a single vehicle,1,Yes,99,Total,9,Total,99,Total,2020,4
A,Annual,ITF2,Molise,ROADACC,Road accidents with injuries,9,Total,9,Total,3,Accidents involving a single vehicle,1,Yes,99,Total,9,Total,99,Total,2021,4
A,Annual,ITF2,Molise,ROADACC,Road accidents with injuries,9,Total,9,Total,3,Accidents involving a single vehicle,1,Yes,99,Total,9,Total,99,Total,2022,4
A,Annual,ITF2,Molise,ROADACC,Road accidents with injuries,9,Total,9,Total,3,Accidents involving a single vehicle,1,Yes,99,Total,9,Total,99,Total,2023,4
A,Annual,ITF2,Molise,ROADACC,Road accidents with injuries,9,Total,9,Total,3,Accidents involving a single vehicle,1,Yes,99,Total,9,Total,99,Total,2024,5
A,Annual,ITF2,Molise,ROADACC,Road accidents with injuries,9,Total,9,Total,3,Accidents involving a single vehicle,9,Total,99,Total,9,Total,99,Total,2010,132
A,Annual,ITF2,Molise,ROADACC,Road accidents with injuries,9,Total,9,Total,3,Accidents involving a single vehicle,9,Total,99,Total,9,Total,99,Total,2011,162
A,Annual,ITF2,Molise,ROADACC,Road accidents with injuries,9,Total,9,Total,3,Accidents involving a single vehicle,9,Total,99,Total,9,Total,99,Total,2012,138
A,Annual,ITF2,Molise,ROADACC,Road accidents with injuries,9,Total,9,Total,3,Accidents involving a single vehicle,9,Total,99,Total,9,Total,99,Total,2013,135
A,Annual,ITF2,Molise,ROADACC,Road accidents with injuries,9,Total,9,Total,3,Accidents involving a single vehicle,9,Total,99,Total,9,Total,99,Total,2014,140
A,Annual,ITF2,Molise,ROADACC,Road accidents with injuries,9,Total,9,Total,3,Accidents involving a single vehicle,9,Total,99,Total,9,Total,99,Total,2015,117
A,Annual,ITF2,Molise,ROADACC,Road accidents with injuries,9,Total,9,Total,3,Accidents involving a single vehicle,9,Total,99,Total,9,Total,99,Total,2016,119
A,Annual,ITF2,Molise,ROADACC,Road accidents with injuries,9,Total,9,Total,3,Accidents involving a single vehicle,9,Total,99,Total,9,Total,99,Total,2017,138
A,Annual,ITF2,Molise,ROADACC,Road accidents with injuries,9,Total,9,Total,3,Accidents involving a single vehicle,9,Total,99,Total,9,Total,99,Total,2018,120
A,Annual,ITF2,Molise,ROADACC,Road accidents with injuries,9,Total,9,Total,3,Accidents involving a single vehicle,9,Total,99,Total,9,Total,99,Total,2019,133
A,Annual,ITF2,Molise,ROADACC,Road accidents with injuries,9,Total,9,Total,3,Accidents involving a single vehicle,9,Total,99,Total,9,Total,99,Total,2020,109
A,Annual,ITF2,Molise,ROADACC,Road accidents with injuries,9,Total,9,Total,3,Accidents involving a single vehicle,9,Total,99,Total,9,Total,99,Total,2021,111
A,Annual,ITF2,Molise,ROADACC,Road accidents with injuries,9,Total,9,Total,3,Accidents involving a single vehicle,9,Total,99,Total,9,Total,99,Total,2022,116
A,Annual,ITF2,Molise,ROADACC,Road accidents with injuries,9,Total,9,Total,3,Accidents involving a single vehicle,9,Total,99,Total,9,Total,99,Total,2023,114
A,Annual,ITF2,Molise,ROADACC,Road accidents with injuries,9,Total,9,Total,3,Accidents involving a single vehicle,9,Total,99,Total,9,Total,99,Total,2024,117
A,Annual,ITF2,Molise,ROADACC,Road accidents with injuries,9,Total,9,Total,9,Total,0,No,99,Total,9,Total,99,Total,2010,630
A,Annual,ITF2,Molise,ROADACC,Road accidents with injuries,9,Total,9,Total,9,Total,0,No,99,Total,9,Total,99,Total,2011,621
A,Annual,ITF2,Molise,ROADACC,Road accidents with injuries,9,Total,9,Total,9,Total,0,No,99,Total,9,Total,99,Total,2012,564
A,Annual,ITF2,Molise,ROADACC,Road accidents with injuries,9,Total,9,Total,9,Total,0,No,99,Total,9,Total,99,Total,2013,485
A,Annual,ITF2,Molise,ROADACC,Road accidents with injuries,9,Total,9,Total,9,Total,0,No,99,Total,9,Total,99,Total,2014,486
A,Annual,ITF2,Molise,ROADACC,Road accidents with injuries,9,Total,9,Total,9,Total,0,No,99,Total,9,Total,99,Total,2015,440
A,Annual,ITF2,Molise,ROADACC,Road accidents with injuries,9,Total,9,Total,9,Total,0,No,99,Total,9,Total,99,Total,2016,464
A,Annual,ITF2,Molise,ROADACC,Road accidents with injuries,9,Total,9,Total,9,Total,0,No,99,Total,9,Total,99,Total,2017,483
A,Annual,ITF2,Molise,ROADACC,Road accidents with injuries,9,Total,9,Total,9,Total,0,No,99,Total,9,Total,99,Total,2018,466
A,Annual,ITF2,Molise,ROADACC,Road accidents with injuries,9,Total,9,Total,9,Total,0,No,99,Total,9,Total,99,Total,2019,534
A,Annual,ITF2,Molise,ROADACC,Road accidents with injuries,9,Total,9,Total,9,Total,0,No,99,Total,9,Total,99,Total,2020,354
A,Annual,ITF2,Molise,ROADACC,Road accidents with injuries,9,Total,9,Total,9,Total,0,No,99,Total,9,Total,99,Total,2021,406
A,Annual,ITF2,Molise,ROADACC,Road accidents with injuries,9,Total,9,Total,9,Total,0,No,99,Total,9,Total,99,Total,2022,428
A,Annual,ITF2,Molise,ROADACC,Road accidents with injuries,9,Total,9,Total,9,Total,0,No,99,Total,9,Total,99,Total,2023,461
A,Annual,ITF2,Molise,ROADACC,Road accidents with injuries,9,Total,9,Total,9,Total,0,No,99,Total,9,Total,99,Total,2024,475
A,Annual,ITF2,Molise,ROADACC,Road accidents with injuries,9,Total,9,Total,9,Total,1,Yes,99,Total,9,Total,99,Total,2010,27
A,Annual,ITF2,Molise,ROADACC,Road accidents with injuries,9,Total,9,Total,9,Total,1,Yes,99,Total,9,Total,99,Total,2011,18
A,Annual,ITF2,Molise,ROADACC,Road accidents with injuries,9,Total,9,Total,9,Total,1,Yes,99,Total,9,Total,99,Total,2012,17
A,Annual,ITF2,Molise,ROADACC,Road accidents with injuries,9,Total,9,Total,9,Total,1,Yes,99,Total,9,Total,99,Total,2013,22
A,Annual,ITF2,Molise,ROADACC,Road accidents with injuries,9,Total,9,Total,9,Total,1,Yes,99,Total,9,Total,99,Total,2014,25
A,Annual,ITF2,Molise,ROADACC,Road accidents with injuries,9,Total,9,Total,9,Total,1,Yes,99,Total,9,Total,99,Total,2015,21
A,Annual,ITF2,Molise,ROADACC,Road accidents with injuries,9,Total,9,Total,9,Total,1,Yes,99,Total,9,Total,99,Total,2016,15
A,Annual,ITF2,Molise,ROADACC,Road accidents with injuries,9,Total,9,Total,9,Total,1,Yes,99,Total,9,Total,99,Total,2017,27
A,Annual,ITF2,Molise,ROADACC,Road accidents with injuries,9,Total,9,Total,9,Total,1,Yes,99,Total,9,Total,99,Total,2018,12
A,Annual,ITF2,Molise,ROADACC,Road accidents with injuries,9,Total,9,Total,9,Total,1,Yes,99,Total,9,Total,99,Total,2019,21
A,Annual,ITF2,Molise,ROADACC,Road accidents with injuries,9,Total,9,Total,9,Total,1,Yes,99,Total,9,Total,99,Total,2020,24
A,Annual,ITF2,Molise,ROADACC,Road accidents with injuries,9,Total,9,Total,9,Total,1,Yes,99,Total,9,Total,99,Total,2021,15
A,Annual,ITF2,Molise,ROADACC,Road accidents with injuries,9,Total,9,Total,9,Total,1,Yes,99,Total,9,Total,99,Total,2022,14
A,Annual,ITF2,Molise,ROADACC,Road accidents with injuries,9,Total,9,Total,9,Total,1,Yes,99,Total,9,Total,99,Total,2023,15
A,Annual,ITF2,Molise,ROADACC,Road accidents with injuries,9,Total,9,Total,9,Total,1,Yes,99,Total,9,Total,99,Total,2024,12
A,Annual,ITF2,Molise,ROADACC,Road accidents with injuries,9,Total,9,Total,9,Total,9,Total,99,Total,9,Total,99,Total,2010,657
A,Annual,ITF2,Molise,ROADACC,Road accidents with injuries,9,Total,9,Total,9,Total,9,Total,99,Total,9,Total,99,Total,2011,639
A,Annual,ITF2,Molise,ROADACC,Road accidents with injuries,9,Total,9,Total,9,Total,9,Total,99,Total,9,Total,99,Total,2012,581
A,Annual,ITF2,Molise,ROADACC,Road accidents with injuries,9,Total,9,Total,9,Total,9,Total,99,Total,9,Total,99,Total,2013,507
A,Annual,ITF2,Molise,ROADACC,Road accidents with injuries,9,Total,9,Total,9,Total,9,Total,99,Total,9,Total,99,Total,2014,511
A,Annual,ITF2,Molise,ROADACC,Road accidents with injuries,9,Total,9,Total,9,Total,9,Total,99,Total,9,Total,99,Total,2015,461
A,Annual,ITF2,Molise,ROADACC,Road accidents with injuries,9,Total,9,Total,9,Total,9,Total,99,Total,9,Total,99,Total,2016,479
A,Annual,ITF2,Molise,ROADACC,Road accidents with injuries,9,Total,9,Total,9,Total,9,Total,99,Total,9,Total,99,Total,2017,510
A,Annual,ITF2,Molise,ROADACC,Road accidents with injuries,9,Total,9,Total,9,Total,9,Total,99,Total,9,Total,99,Total,2018,478
A,Annual,ITF2,Molise,ROADACC,Road accidents with injuries,9,Total,9,Total,9,Total,9,Total,99,Total,9,Total,99,Total,2019,555
A,Annual,ITF2,Molise,ROADACC,Road accidents with injuries,9,Total,9,Total,9,Total,9,Total,99,Total,9,Total,99,Total,2020,378
A,Annual,ITF2,Molise,ROADACC,Road accidents with injuries,9,Total,9,Total,9,Total,9,Total,99,Total,9,Total,99,Total,2021,421
A,Annual,ITF2,Molise,ROADACC,Road accidents with injuries,9,Total,9,Total,9,Total,9,Total,99,Total,9,Total,99,Total,2022,442
A,Annual,ITF2,Molise,ROADACC,Road accidents with injuries,9,Total,9,Total,9,Total,9,Total,99,Total,9,Total,99,Total,2023,476
A,Annual,ITF2,Molise,ROADACC,Road accidents with injuries,9,Total,9,Total,9,Total,9,Total,99,Total,9,Total,99,Total,2024,487
A,Annual,ITF3,Campania,ROADACC,Road accidents with injuries,9,Total,9,Total,1,Accidents between vehicles,0,No,99,Total,9,Total,99,Total,2010,8018
A,Annual,ITF3,Campania,ROADACC,Road accidents with injuries,9,Total,9,Total,1,Accidents between vehicles,0,No,99,Total,9,Total,99,Total,2011,7408
A,Annual,ITF3,Campania,ROADACC,Road accidents with injuries,9,Total,9,Total,1,Accidents between vehicles,0,No,99,Total,9,Total,99,Total,2012,6914
A,Annual,ITF3,Campania,ROADACC,Road accidents with injuries,9,Total,9,Total,1,Accidents between vehicles,0,No,99,Total,9,Total,99,Total,2013,6387
A,Annual,ITF3,Campania,ROADACC,Road accidents with injuries,9,Total,9,Total,1,Accidents between vehicles,0,No,99,Total,9,Total,99,Total,2014,6401
A,Annual,ITF3,Campania,ROADACC,Road accidents with injuries,9,Total,9,Total,1,Accidents between vehicles,0,No,99,Total,9,Total,99,Total,2015,6559
A,Annual,ITF3,Campania,ROADACC,Road accidents with injuries,9,Total,9,Total,1,Accidents between vehicles,0,No,99,Total,9,Total,99,Total,2016,7121
A,Annual,ITF3,Campania,ROADACC,Road accidents with injuries,9,Total,9,Total,1,Accidents between vehicles,0,No,99,Total,9,Total,99,Total,2017,7228
A,Annual,ITF3,Campania,ROADACC,Road accidents with injuries,9,Total,9,Total,1,Accidents between vehicles,0,No,99,Total,9,Total,99,Total,2018,7036
A,Annual,ITF3,Campania,ROADACC,Road accidents with injuries,9,Total,9,Total,1,Accidents between vehicles,0,No,99,Total,9,Total,99,Total,2019,7015
A,Annual,ITF3,Campania,ROADACC,Road accidents with injuries,9,Total,9,Total,1,Accidents between vehicles,0,No,99,Total,9,Total,99,Total,2020,4851
A,Annual,ITF3,Campania,ROADACC,Road accidents with injuries,9,Total,9,Total,1,Accidents between vehicles,0,No,99,Total,9,Total,99,Total,2021,6268
A,Annual,ITF3,Campania,ROADACC,Road accidents with injuries,9,Total,9,Total,1,Accidents between vehicles,0,No,99,Total,9,Total,99,Total,2022,6928
A,Annual,ITF3,Campania,ROADACC,Road accidents with injuries,9,Total,9,Total,1,Accidents between vehicles,0,No,99,Total,9,Total,99,Total,2023,7282
A,Annual,ITF3,Campania,ROADACC,Road accidents with injuries,9,Total,9,Total,1,Accidents between vehicles,0,No,99,Total,9,Total,99,Total,2024,7827
A,Annual,ITF3,Campania,ROADACC,Road accidents with injuries,9,Total,9,Total,1,Accidents between vehicles,1,Yes,99,Total,9,Total,99,Total,2010,136
A,Annual,ITF3,Campania,ROADACC,Road accidents with injuries,9,Total,9,Total,1,Accidents between vehicles,1,Yes,99,Total,9,Total,99,Total,2011,131
A,Annual,ITF3,Campania,ROADACC,Road accidents with injuries,9,Total,9,Total,1,Accidents between vehicles,1,Yes,99,Total,9,Total,99,Total,2012,122
A,Annual,ITF3,Campania,ROADACC,Road accidents with injuries,9,Total,9,Total,1,Accidents between vehicles,1,Yes,99,Total,9,Total,99,Total,2013,103
A,Annual,ITF3,Campania,ROADACC,Road accidents with injuries,9,Total,9,Total,1,Accidents between vehicles,1,Yes,99,Total,9,Total,99,Total,2014,117
A,Annual,ITF3,Campania,ROADACC,Road accidents with injuries,9,Total,9,Total,1,Accidents between vehicles,1,Yes,99,Total,9,Total,99,Total,2015,111
A,Annual,ITF3,Campania,ROADACC,Road accidents with injuries,9,Total,9,Total,1,Accidents between vehicles,1,Yes,99,Total,9,Total,99,Total,2016,122
A,Annual,ITF3,Campania,ROADACC,Road accidents with injuries,9,Total,9,Total,1,Accidents between vehicles,1,Yes,99,Total,9,Total,99,Total,2017,122
A,Annual,ITF3,Campania,ROADACC,Road accidents with injuries,9,Total,9,Total,1,Accidents between vehicles,1,Yes,99,Total,9,Total,99,Total,2018,113
A,Annual,ITF3,Campania,ROADACC,Road accidents with injuries,9,Total,9,Total,1,Accidents between vehicles,1,Yes,99,Total,9,Total,99,Total,2019,103
A,Annual,ITF3,Campania,ROADACC,Road accidents with injuries,9,Total,9,Total,1,Accidents between vehicles,1,Yes,99,Total,9,Total,99,Total,2020,82
A,Annual,ITF3,Campania,ROADACC,Road accidents with injuries,9,Total,9,Total,1,Accidents between vehicles,1,Yes,99,Total,9,Total,99,Total,2021,115
A,Annual,ITF3,Campania,ROADACC,Road accidents with injuries,9,Total,9,Total,1,Accidents between vehicles,1,Yes,99,Total,9,Total,99,Total,2022,126
A,Annual,ITF3,Campania,ROADACC,Road accidents with injuries,9,Total,9,Total,1,Accidents between vehicles,1,Yes,99,Total,9,Total,99,Total,2023,110
A,Annual,ITF3,Campania,ROADACC,Road accidents with injuries,9,Total,9,Total,1,Accidents between vehicles,1,Yes,99,Total,9,Total,99,Total,2024,135
A,Annual,ITF3,Campania,ROADACC,Road accidents with injuries,9,Total,9,Total,1,Accidents between vehicles,9,Total,99,Total,9,Total,99,Total,2010,8154
A,Annual,ITF3,Campania,ROADACC,Road accidents with injuries,9,Total,9,Total,1,Accidents between vehicles,9,Total,99,Total,9,Total,99,Total,2011,7539
A,Annual,ITF3,Campania,ROADACC,Road accidents with injuries,9,Total,9,Total,1,Accidents between vehicles,9,Total,99,Total,9,Total,99,Total,2012,7036
A,Annual,ITF3,Campania,ROADACC,Road accidents with injuries,9,Total,9,Total,1,Accidents between vehicles,9,Total,99,Total,9,Total,99,Total,2013,6490
A,Annual,ITF3,Campania,ROADACC,Road accidents with injuries,9,Total,9,Total,1,Accidents between vehicles,9,Total,99,Total,9,Total,99,Total,2014,6518
A,Annual,ITF3,Campania,ROADACC,Road accidents with injuries,9,Total,9,Total,1,Accidents between vehicles,9,Total,99,Total,9,Total,99,Total,2015,6670
A,Annual,ITF3,Campania,ROADACC,Road accidents with injuries,9,Total,9,Total,1,Accidents between vehicles,9,Total,99,Total,9,Total,99,Total,2016,7243
A,Annual,ITF3,Campania,ROADACC,Road accidents with injuries,9,Total,9,Total,1,Accidents between vehicles,9,Total,99,Total,9,Total,99,Total,2017,7350
A,Annual,ITF3,Campania,ROADACC,Road accidents with injuries,9,Total,9,Total,1,Accidents between vehicles,9,Total,99,Total,9,Total,99,Total,2018,7149
A,Annual,ITF3,Campania,ROADACC,Road accidents with injuries,9,Total,9,Total,1,Accidents between vehicles,9,Total,99,Total,9,Total,99,Total,2019,7118
A,Annual,ITF3,Campania,ROADACC,Road accidents with injuries,9,Total,9,Total,1,Accidents between vehicles,9,Total,99,Total,9,Total,99,Total,2020,4933
A,Annual,ITF3,Campania,ROADACC,Road accidents with injuries,9,Total,9,Total,1,Accidents between vehicles,9,Total,99,Total,9,Total,99,Total,2021,6383
A,Annual,ITF3,Campania,ROADACC,Road accidents with injuries,9,Total,9,Total,1,Accidents between vehicles,9,Total,99,Total,9,Total,99,Total,2022,7054
A,Annual,ITF3,Campania,ROADACC,Road accidents with injuries,9,Total,9,Total,1,Accidents between vehicles,9,Total,99,Total,9,Total,99,Total,2023,7392
A,Annual,ITF3,Campania,ROADACC,Road accidents with injuries,9,Total,9,Total,1,Accidents between vehicles,9,Total,99,Total,9,Total,99,Total,2024,7962
A,Annual,ITF3,Campania,ROADACC,Road accidents with injuries,9,Total,9,Total,2,Vehicle-pedestrian accident,0,No,99,Total,9,Total,99,Total,2010,939
A,Annual,ITF3,Campania,ROADACC,Road accidents with injuries,9,Total,9,Total,2,Vehicle-pedestrian accident,0,No,99,Total,9,Total,99,Total,2011,930
A,Annual,ITF3,Campania,ROADACC,Road accidents with injuries,9,Total,9,Total,2,Vehicle-pedestrian accident,0,No,99,Total,9,Total,99,Total,2012,961
A,Annual,ITF3,Campania,ROADACC,Road accidents with injuries,9,Total,9,Total,2,Vehicle-pedestrian accident,0,No,99,Total,9,Total,99,Total,2013,940
A,Annual,ITF3,Campania,ROADACC,Road accidents with injuries,9,Total,9,Total,2,Vehicle-pedestrian accident,0,No,99,Total,9,Total,99,Total,2014,1002
A,Annual,ITF3,Campania,ROADACC,Road accidents with injuries,9,Total,9,Total,2,Vehicle-pedestrian accident,0,No,99,Total,9,Total,99,Total,2015,852
A,Annual,ITF3,Campania,ROADACC,Road accidents with injuries,9,Total,9,Total,2,Vehicle-pedestrian accident,0,No,99,Total,9,Total,99,Total,2016,993
A,Annual,ITF3,Campania,ROADACC,Road accidents with injuries,9,Total,9,Total,2,Vehicle-pedestrian accident,0,No,99,Total,9,Total,99,Total,2017,1003
A,Annual,ITF3,Campania,ROADACC,Road accidents with injuries,9,Total,9,Total,2,Vehicle-pedestrian accident,0,No,99,Total,9,Total,99,Total,2018,945
A,Annual,ITF3,Campania,ROADACC,Road accidents with injuries,9,Total,9,Total,2,Vehicle-pedestrian accident,0,No,99,Total,9,Total,99,Total,2019,1085
A,Annual,ITF3,Campania,ROADACC,Road accidents with injuries,9,Total,9,Total,2,Vehicle-pedestrian accident,0,No,99,Total,9,Total,99,Total,2020,723
A,Annual,ITF3,Campania,ROADACC,Road accidents with injuries,9,Total,9,Total,2,Vehicle-pedestrian accident,0,No,99,Total,9,Total,99,Total,2021,881
A,Annual,ITF3,Campania,ROADACC,Road accidents with injuries,9,Total,9,Total,2,Vehicle-pedestrian accident,0,No,99,Total,9,Total,99,Total,2022,996
A,Annual,ITF3,Campania,ROADACC,Road accidents with injuries,9,Total,9,Total,2,Vehicle-pedestrian accident,0,No,99,Total,9,Total,99,Total,2023,1036
A,Annual,ITF3,Campania,ROADACC,Road accidents with injuries,9,Total,9,Total,2,Vehicle-pedestrian accident,0,No,99,Total,9,Total,99,Total,2024,1065
A,Annual,ITF3,Campania,ROADACC,Road accidents with injuries,9,Total,9,Total,2,Vehicle-pedestrian accident,1,Yes,99,Total,9,Total,99,Total,2010,29
A,Annual,ITF3,Campania,ROADACC,Road accidents with injuries,9,Total,9,Total,2,Vehicle-pedestrian accident,1,Yes,99,Total,9,Total,99,Total,2011,41
A,Annual,ITF3,Campania,ROADACC,Road accidents with injuries,9,Total,9,Total,2,Vehicle-pedestrian accident,1,Yes,99,Total,9,Total,99,Total,2012,31
A,Annual,ITF3,Campania,ROADACC,Road accidents with injuries,9,Total,9,Total,2,Vehicle-pedestrian accident,1,Yes,99,Total,9,Total,99,Total,2013,39
A,Annual,ITF3,Campania,ROADACC,Road accidents with injuries,9,Total,9,Total,2,Vehicle-pedestrian accident,1,Yes,99,Total,9,Total,99,Total,2014,39
A,Annual,ITF3,Campania,ROADACC,Road accidents with injuries,9,Total,9,Total,2,Vehicle-pedestrian accident,1,Yes,99,Total,9,Total,99,Total,2015,43
A,Annual,ITF3,Campania,ROADACC,Road accidents with injuries,9,Total,9,Total,2,Vehicle-pedestrian accident,1,Yes,99,Total,9,Total,99,Total,2016,33
A,Annual,ITF3,Campania,ROADACC,Road accidents with injuries,9,Total,9,Total,2,Vehicle-pedestrian accident,1,Yes,99,Total,9,Total,99,Total,2017,48
A,Annual,ITF3,Campania,ROADACC,Road accidents with injuries,9,Total,9,Total,2,Vehicle-pedestrian accident,1,Yes,99,Total,9,Total,99,Total,2018,34
A,Annual,ITF3,Campania,ROADACC,Road accidents with injuries,9,Total,9,Total,2,Vehicle-pedestrian accident,1,Yes,99,Total,9,Total,99,Total,2019,43
A,Annual,ITF3,Campania,ROADACC,Road accidents with injuries,9,Total,9,Total,2,Vehicle-pedestrian accident,1,Yes,99,Total,9,Total,99,Total,2020,34
A,Annual,ITF3,Campania,ROADACC,Road accidents with injuries,9,Total,9,Total,2,Vehicle-pedestrian accident,1,Yes,99,Total,9,Total,99,Total,2021,38
A,Annual,ITF3,Campania,ROADACC,Road accidents with injuries,9,Total,9,Total,2,Vehicle-pedestrian accident,1,Yes,99,Total,9,Total,99,Total,2022,34
A,Annual,ITF3,Campania,ROADACC,Road accidents with injuries,9,Total,9,Total,2,Vehicle-pedestrian accident,1,Yes,99,Total,9,Total,99,Total,2023,43
A,Annual,ITF3,Campania,ROADACC,Road accidents with injuries,9,Total,9,Total,2,Vehicle-pedestrian accident,1,Yes,99,Total,9,Total,99,Total,2024,39
A,Annual,ITF3,Campania,ROADACC,Road accidents with injuries,9,Total,9,Total,2,Vehicle-pedestrian accident,9,Total,99,Total,9,Total,99,Total,2010,968
A,Annual,ITF3,Campania,ROADACC,Road accidents with injuries,9,Total,9,Total,2,Vehicle-pedestrian accident,9,Total,99,Total,9,Total,99,Total,2011,971
A,Annual,ITF3,Campania,ROADACC,Road accidents with injuries,9,Total,9,Total,2,Vehicle-pedestrian accident,9,Total,99,Total,9,Total,99,Total,2012,992
A,Annual,ITF3,Campania,ROADACC,Road accidents with injuries,9,Total,9,Total,2,Vehicle-pedestrian accident,9,Total,99,Total,9,Total,99,Total,2013,979
A,Annual,ITF3,Campania,ROADACC,Road accidents with injuries,9,Total,9,Total,2,Vehicle-pedestrian accident,9,Total,99,Total,9,Total,99,Total,2014,1041
A,Annual,ITF3,Campania,ROADACC,Road accidents with injuries,9,Total,9,Total,2,Vehicle-pedestrian accident,9,Total,99,Total,9,Total,99,Total,2015,895
A,Annual,ITF3,Campania,ROADACC,Road accidents with injuries,9,Total,9,Total,2,Vehicle-pedestrian accident,9,Total,99,Total,9,Total,99,Total,2016,1026
A,Annual,ITF3,Campania,ROADACC,Road accidents with injuries,9,Total,9,Total,2,Vehicle-pedestrian accident,9,Total,99,Total,9,Total,99,Total,2017,1051
A,Annual,ITF3,Campania,ROADACC,Road accidents with injuries,9,Total,9,Total,2,Vehicle-pedestrian accident,9,Total,99,Total,9,Total,99,Total,2018,979
A,Annual,ITF3,Campania,ROADACC,Road accidents with injuries,9,Total,9,Total,2,Vehicle-pedestrian accident,9,Total,99,Total,9,Total,99,Total,2019,1128
A,Annual,ITF3,Campania,ROADACC,Road accidents with injuries,9,Total,9,Total,2,Vehicle-pedestrian accident,9,Total,99,Total,9,Total,99,Total,2020,757
A,Annual,ITF3,Campania,ROADACC,Road accidents with injuries,9,Total,9,Total,2,Vehicle-pedestrian accident,9,Total,99,Total,9,Total,99,Total,2021,919
A,Annual,ITF3,Campania,ROADACC,Road accidents with injuries,9,Total,9,Total,2,Vehicle-pedestrian accident,9,Total,99,Total,9,Total,99,Total,2022,1030
A,Annual,ITF3,Campania,ROADACC,Road accidents with injuries,9,Total,9,Total,2,Vehicle-pedestrian accident,9,Total,99,Total,9,Total,99,Total,2023,1079
A,Annual,ITF3,Campania,ROADACC,Road accidents with injuries,9,Total,9,Total,2,Vehicle-pedestrian accident,9,Total,99,Total,9,Total,99,Total,2024,1104
A,Annual,ITF3,Campania,ROADACC,Road accidents with injuries,9,Total,9,Total,3,Accidents involving a single vehicle,0,No,99,Total,9,Total,99,Total,2010,1937
A,Annual,ITF3,Campania,ROADACC,Road accidents with injuries,9,Total,9,Total,3,Accidents involving a single vehicle,0,No,99,Total,9,Total,99,Total,2011,1655
A,Annual,ITF3,Campania,ROADACC,Road accidents with injuries,9,Total,9,Total,3,Accidents involving a single vehicle,0,No,99,Total,9,Total,99,Total,2012,1594
A,Annual,ITF3,Campania,ROADACC,Road accidents with injuries,9,Total,9,Total,3,Accidents involving a single vehicle,0,No,99,Total,9,Total,99,Total,2013,1563
A,Annual,ITF3,Campania,ROADACC,Road accidents with injuries,9,Total,9,Total,3,Accidents involving a single vehicle,0,No,99,Total,9,Total,99,Total,2014,1571
A,Annual,ITF3,Campania,ROADACC,Road accidents with injuries,9,Total,9,Total,3,Accidents involving a single vehicle,0,No,99,Total,9,Total,99,Total,2015,1485
A,Annual,ITF3,Campania,ROADACC,Road accidents with injuries,9,Total,9,Total,3,Accidents involving a single vehicle,0,No,99,Total,9,Total,99,Total,2016,1458
A,Annual,ITF3,Campania,ROADACC,Road accidents with injuries,9,Total,9,Total,3,Accidents involving a single vehicle,0,No,99,Total,9,Total,99,Total,2017,1456
A,Annual,ITF3,Campania,ROADACC,Road accidents with injuries,9,Total,9,Total,3,Accidents involving a single vehicle,0,No,99,Total,9,Total,99,Total,2018,1547
A,Annual,ITF3,Campania,ROADACC,Road accidents with injuries,9,Total,9,Total,3,Accidents involving a single vehicle,0,No,99,Total,9,Total,99,Total,2019,1753
A,Annual,ITF3,Campania,ROADACC,Road accidents with injuries,9,Total,9,Total,3,Accidents involving a single vehicle,0,No,99,Total,9,Total,99,Total,2020,1344
A,Annual,ITF3,Campania,ROADACC,Road accidents with injuries,9,Total,9,Total,3,Accidents involving a single vehicle,0,No,99,Total,9,Total,99,Total,2021,1662
A,Annual,ITF3,Campania,ROADACC,Road accidents with injuries,9,Total,9,Total,3,Accidents involving a single vehicle,0,No,99,Total,9,Total,99,Total,2022,1685
A,Annual,ITF3,Campania,ROADACC,Road accidents with injuries,9,Total,9,Total,3,Accidents involving a single vehicle,0,No,99,Total,9,Total,99,Total,2023,1719
A,Annual,ITF3,Campania,ROADACC,Road accidents with injuries,9,Total,9,Total,3,Accidents involving a single vehicle,0,No,99,Total,9,Total,99,Total,2024,1738
A,Annual,ITF3,Campania,ROADACC,Road accidents with injuries,9,Total,9,Total,3,Accidents involving a single vehicle,1,Yes,99,Total,9,Total,99,Total,2010,70
A,Annual,ITF3,Campania,ROADACC,Road accidents with injuries,9,Total,9,Total,3,Accidents involving a single vehicle,1,Yes,99,Total,9,Total,99,Total,2011,60
A,Annual,ITF3,Campania,ROADACC,Road accidents with injuries,9,Total,9,Total,3,Accidents involving a single vehicle,1,Yes,99,Total,9,Total,99,Total,2012,76
A,Annual,ITF3,Campania,ROADACC,Road accidents with injuries,9,Total,9,Total,3,Accidents involving a single vehicle,1,Yes,99,Total,9,Total,99,Total,2013,71
A,Annual,ITF3,Campania,ROADACC,Road accidents with injuries,9,Total,9,Total,3,Accidents involving a single vehicle,1,Yes,99,Total,9,Total,99,Total,2014,52
A,Annual,ITF3,Campania,ROADACC,Road accidents with injuries,9,Total,9,Total,3,Accidents involving a single vehicle,1,Yes,99,Total,9,Total,99,Total,2015,61
A,Annual,ITF3,Campania,ROADACC,Road accidents with injuries,9,Total,9,Total,3,Accidents involving a single vehicle,1,Yes,99,Total,9,Total,99,Total,2016,53
A,Annual,ITF3,Campania,ROADACC,Road accidents with injuries,9,Total,9,Total,3,Accidents involving a single vehicle,1,Yes,99,Total,9,Total,99,Total,2017,65
A,Annual,ITF3,Campania,ROADACC,Road accidents with injuries,9,Total,9,Total,3,Accidents involving a single vehicle,1,Yes,99,Total,9,Total,99,Total,2018,46
A,Annual,ITF3,Campania,ROADACC,Road accidents with injuries,9,Total,9,Total,3,Accidents involving a single vehicle,1,Yes,99,Total,9,Total,99,Total,2019,59
A,Annual,ITF3,Campania,ROADACC,Road accidents with injuries,9,Total,9,Total,3,Accidents involving a single vehicle,1,Yes,99,Total,9,Total,99,Total,2020,54
A,Annual,ITF3,Campania,ROADACC,Road accidents with injuries,9,Total,9,Total,3,Accidents involving a single vehicle,1,Yes,99,Total,9,Total,99,Total,2021,50
A,Annual,ITF3,Campania,ROADACC,Road accidents with injuries,9,Total,9,Total,3,Accidents involving a single vehicle,1,Yes,99,Total,9,Total,99,Total,2022,52
A,Annual,ITF3,Campania,ROADACC,Road accidents with injuries,9,Total,9,Total,3,Accidents involving a single vehicle,1,Yes,99,Total,9,Total,99,Total,2023,52
A,Annual,ITF3,Campania,ROADACC,Road accidents with injuries,9,Total,9,Total,3,Accidents involving a single vehicle,1,Yes,99,Total,9,Total,99,Total,2024,70
A,Annual,ITF3,Campania,ROADACC,Road accidents with injuries,9,Total,9,Total,3,Accidents involving a single vehicle,9,Total,99,Total,9,Total,99,Total,2010,2007
A,Annual,ITF3,Campania,ROADACC,Road accidents with injuries,9,Total,9,Total,3,Accidents involving a single vehicle,9,Total,99,Total,9,Total,99,Total,2011,1715
A,Annual,ITF3,Campania,ROADACC,Road accidents with injuries,9,Total,9,Total,3,Accidents involving a single vehicle,9,Total,99,Total,9,Total,99,Total,2012,1670
A,Annual,ITF3,Campania,ROADACC,Road accidents with injuries,9,Total,9,Total,3,Accidents involving a single vehicle,9,Total,99,Total,9,Total,99,Total,2013,1634
A,Annual,ITF3,Campania,ROADACC,Road accidents with injuries,9,Total,9,Total,3,Accidents involving a single vehicle,9,Total,99,Total,9,Total,99,Total,2014,1623
A,Annual,ITF3,Campania,ROADACC,Road accidents with injuries,9,Total,9,Total,3,Accidents involving a single vehicle,9,Total,99,Total,9,Total,99,Total,2015,1546
A,Annual,ITF3,Campania,ROADACC,Road accidents with injuries,9,Total,9,Total,3,Accidents involving a single vehicle,9,Total,99,Total,9,Total,99,Total,2016,1511
A,Annual,ITF3,Campania,ROADACC,Road accidents with injuries,9,Total,9,Total,3,Accidents involving a single vehicle,9,Total,99,Total,9,Total,99,Total,2017,1521
A,Annual,ITF3,Campania,ROADACC,Road accidents with injuries,9,Total,9,Total,3,Accidents involving a single vehicle,9,Total,99,Total,9,Total,99,Total,2018,1593
A,Annual,ITF3,Campania,ROADACC,Road accidents with injuries,9,Total,9,Total,3,Accidents involving a single vehicle,9,Total,99,Total,9,Total,99,Total,2019,1812
A,Annual,ITF3,Campania,ROADACC,Road accidents with injuries,9,Total,9,Total,3,Accidents involving a single vehicle,9,Total,99,Total,9,Total,99,Total,2020,1398
A,Annual,ITF3,Campania,ROADACC,Road accidents with injuries,9,Total,9,Total,3,Accidents involving a single vehicle,9,Total,99,Total,9,Total,99,Total,2021,1712
A,Annual,ITF3,Campania,ROADACC,Road accidents with injuries,9,Total,9,Total,3,Accidents involving a single vehicle,9,Total,99,Total,9,Total,99,Total,2022,1737
A,Annual,ITF3,Campania,ROADACC,Road accidents with injuries,9,Total,9,Total,3,Accidents involving a single vehicle,9,Total,99,Total,9,Total,99,Total,2023,1771
A,Annual,ITF3,Campania,ROADACC,Road accidents with injuries,9,Total,9,Total,3,Accidents involving a single vehicle,9,Total,99,Total,9,Total,99,Total,2024,1808
A,Annual,ITF3,Campania,ROADACC,Road accidents with injuries,9,Total,9,Total,9,Total,0,No,99,Total,9,Total,99,Total,2010,10894
A,Annual,ITF3,Campania,ROADACC,Road accidents with injuries,9,Total,9,Total,9,Total,0,No,99,Total,9,Total,99,Total,2011,9993
A,Annual,ITF3,Campania,ROADACC,Road accidents with injuries,9,Total,9,Total,9,Total,0,No,99,Total,9,Total,99,Total,2012,9469
A,Annual,ITF3,Campania,ROADACC,Road accidents with injuries,9,Total,9,Total,9,Total,0,No,99,Total,9,Total,99,Total,2013,8890
A,Annual,ITF3,Campania,ROADACC,Road accidents with injuries,9,Total,9,Total,9,Total,0,No,99,Total,9,Total,99,Total,2014,8974
A,Annual,ITF3,Campania,ROADACC,Road accidents with injuries,9,Total,9,Total,9,Total,0,No,99,Total,9,Total,99,Total,2015,8896
A,Annual,ITF3,Campania,ROADACC,Road accidents with injuries,9,Total,9,Total,9,Total,0,No,99,Total,9,Total,99,Total,2016,9572
A,Annual,ITF3,Campania,ROADACC,Road accidents with injuries,9,Total,9,Total,9,Total,0,No,99,Total,9,Total,99,Total,2017,9687
A,Annual,ITF3,Campania,ROADACC,Road accidents with injuries,9,Total,9,Total,9,Total,0,No,99,Total,9,Total,99,Total,2018,9528
A,Annual,ITF3,Campania,ROADACC,Road accidents with injuries,9,Total,9,Total,9,Total,0,No,99,Total,9,Total,99,Total,2019,9853
A,Annual,ITF3,Campania,ROADACC,Road accidents with injuries,9,Total,9,Total,9,Total,0,No,99,Total,9,Total,99,Total,2020,6918
A,Annual,ITF3,Campania,ROADACC,Road accidents with injuries,9,Total,9,Total,9,Total,0,No,99,Total,9,Total,99,Total,2021,8811
A,Annual,ITF3,Campania,ROADACC,Road accidents with injuries,9,Total,9,Total,9,Total,0,No,99,Total,9,Total,99,Total,2022,9609
A,Annual,ITF3,Campania,ROADACC,Road accidents with injuries,9,Total,9,Total,9,Total,0,No,99,Total,9,Total,99,Total,2023,10037
A,Annual,ITF3,Campania,ROADACC,Road accidents with injuries,9,Total,9,Total,9,Total,0,No,99,Total,9,Total,99,Total,2024,10630
A,Annual,ITF3,Campania,ROADACC,Road accidents with injuries,9,Total,9,Total,9,Total,1,Yes,99,Total,9,Total,99,Total,2010,235
A,Annual,ITF3,Campania,ROADACC,Road accidents with injuries,9,Total,9,Total,9,Total,1,Yes,99,Total,9,Total,99,Total,2011,232
A,Annual,ITF3,Campania,ROADACC,Road accidents with injuries,9,Total,9,Total,9,Total,1,Yes,99,Total,9,Total,99,Total,2012,229
A,Annual,ITF3,Campania,ROADACC,Road accidents with injuries,9,Total,9,Total,9,Total,1,Yes,99,Total,9,Total,99,Total,2013,213
A,Annual,ITF3,Campania,ROADACC,Road accidents with injuries,9,Total,9,Total,9,Total,1,Yes,99,Total,9,Total,99,Total,2014,208
A,Annual,ITF3,Campania,ROADACC,Road accidents with injuries,9,Total,9,Total,9,Total,1,Yes,99,Total,9,Total,99,Total,2015,215
A,Annual,ITF3,Campania,ROADACC,Road accidents with injuries,9,Total,9,Total,9,Total,1,Yes,99,Total,9,Total,99,Total,2016,208
A,Annual,ITF3,Campania,ROADACC,Road accidents with injuries,9,Total,9,Total,9,Total,1,Yes,99,Total,9,Total,99,Total,2017,235
A,Annual,ITF3,Campania,ROADACC,Road accidents with injuries,9,Total,9,Total,9,Total,1,Yes,99,Total,9,Total,99,Total,2018,193
A,Annual,ITF3,Campania,ROADACC,Road accidents with injuries,9,Total,9,Total,9,Total,1,Yes,99,Total,9,Total,99,Total,2019,205
A,Annual,ITF3,Campania,ROADACC,Road accidents with injuries,9,Total,9,Total,9,Total,1,Yes,99,Total,9,Total,99,Total,2020,170
A,Annual,ITF3,Campania,ROADACC,Road accidents with injuries,9,Total,9,Total,9,Total,1,Yes,99,Total,9,Total,99,Total,2021,203
A,Annual,ITF3,Campania,ROADACC,Road accidents with injuries,9,Total,9,Total,9,Total,1,Yes,99,Total,9,Total,99,Total,2022,212
A,Annual,ITF3,Campania,ROADACC,Road accidents with injuries,9,Total,9,Total,9,Total,1,Yes,99,Total,9,Total,99,Total,2023,205
A,Annual,ITF3,Campania,ROADACC,Road accidents with injuries,9,Total,9,Total,9,Total,1,Yes,99,Total,9,Total,99,Total,2024,244
A,Annual,ITF3,Campania,ROADACC,Road accidents with injuries,9,Total,9,Total,9,Total,9,Total,99,Total,9,Total,99,Total,2010,11129
A,Annual,ITF3,Campania,ROADACC,Road accidents with injuries,9,Total,9,Total,9,Total,9,Total,99,Total,9,Total,99,Total,2011,10225
A,Annual,ITF3,Campania,ROADACC,Road accidents with injuries,9,Total,9,Total,9,Total,9,Total,99,Total,9,Total,99,Total,2012,9698
A,Annual,ITF3,Campania,ROADACC,Road accidents with injuries,9,Total,9,Total,9,Total,9,Total,99,Total,9,Total,99,Total,2013,9103
A,Annual,ITF3,Campania,ROADACC,Road accidents with injuries,9,Total,9,Total,9,Total,9,Total,99,Total,9,Total,99,Total,2014,9182
A,Annual,ITF3,Campania,ROADACC,Road accidents with injuries,9,Total,9,Total,9,Total,9,Total,99,Total,9,Total,99,Total,2015,9111
A,Annual,ITF3,Campania,ROADACC,Road accidents with injuries,9,Total,9,Total,9,Total,9,Total,99,Total,9,Total,99,Total,2016,9780
A,Annual,ITF3,Campania,ROADACC,Road accidents with injuries,9,Total,9,Total,9,Total,9,Total,99,Total,9,Total,99,Total,2017,9922
A,Annual,ITF3,Campania,ROADACC,Road accidents with injuries,9,Total,9,Total,9,Total,9,Total,99,Total,9,Total,99,Total,2018,9721
A,Annual,ITF3,Campania,ROADACC,Road accidents with injuries,9,Total,9,Total,9,Total,9,Total,99,Total,9,Total,99,Total,2019,10058
A,Annual,ITF3,Campania,ROADACC,Road accidents with injuries,9,Total,9,Total,9,Total,9,Total,99,Total,9,Total,99,Total,2020,7088
A,Annual,ITF3,Campania,ROADACC,Road accidents with injuries,9,Total,9,Total,9,Total,9,Total,99,Total,9,Total,99,Total,2021,9014
A,Annual,ITF3,Campania,ROADACC,Road accidents with injuries,9,Total,9,Total,9,Total,9,Total,99,Total,9,Total,99,Total,2022,9821
A,Annual,ITF3,Campania,ROADACC,Road accidents with injuries,9,Total,9,Total,9,Total,9,Total,99,Total,9,Total,99,Total,2023,10242
A,Annual,ITF3,Campania,ROADACC,Road accidents with injuries,9,Total,9,Total,9,Total,9,Total,99,Total,9,Total,99,Total,2024,10874
A,Annual,ITF4,Puglia,ROADACC,Road accidents with injuries,9,Total,9,Total,1,Accidents between vehicles,0,No,99,Total,9,Total,99,Total,2010,9704
A,Annual,ITF4,Puglia,ROADACC,Road accidents with injuries,9,Total,9,Total,1,Accidents between vehicles,0,No,99,Total,9,Total,99,Total,2011,9302
A,Annual,ITF4,Puglia,ROADACC,Road accidents with injuries,9,Total,9,Total,1,Accidents between vehicles,0,No,99,Total,9,Total,99,Total,2012,7799
A,Annual,ITF4,Puglia,ROADACC,Road accidents with injuries,9,Total,9,Total,1,Accidents between vehicles,0,No,99,Total,9,Total,99,Total,2013,7607
A,Annual,ITF4,Puglia,ROADACC,Road accidents with injuries,9,Total,9,Total,1,Accidents between vehicles,0,No,99,Total,9,Total,99,Total,2014,7131
A,Annual,ITF4,Puglia,ROADACC,Road accidents with injuries,9,Total,9,Total,1,Accidents between vehicles,0,No,99,Total,9,Total,99,Total,2015,7162
A,Annual,ITF4,Puglia,ROADACC,Road accidents with injuries,9,Total,9,Total,1,Accidents between vehicles,0,No,99,Total,9,Total,99,Total,2016,7400
A,Annual,ITF4,Puglia,ROADACC,Road accidents with injuries,9,Total,9,Total,1,Accidents between vehicles,0,No,99,Total,9,Total,99,Total,2017,7410
A,Annual,ITF4,Puglia,ROADACC,Road accidents with injuries,9,Total,9,Total,1,Accidents between vehicles,0,No,99,Total,9,Total,99,Total,2018,7328
A,Annual,ITF4,Puglia,ROADACC,Road accidents with injuries,9,Total,9,Total,1,Accidents between vehicles,0,No,99,Total,9,Total,99,Total,2019,7277
A,Annual,ITF4,Puglia,ROADACC,Road accidents with injuries,9,Total,9,Total,1,Accidents between vehicles,0,No,99,Total,9,Total,99,Total,2020,5467
A,Annual,ITF4,Puglia,ROADACC,Road accidents with injuries,9,Total,9,Total,1,Accidents between vehicles,0,No,99,Total,9,Total,99,Total,2021,6803
A,Annual,ITF4,Puglia,ROADACC,Road accidents with injuries,9,Total,9,Total,1,Accidents between vehicles,0,No,99,Total,9,Total,99,Total,2022,6906
A,Annual,ITF4,Puglia,ROADACC,Road accidents with injuries,9,Total,9,Total,1,Accidents between vehicles,0,No,99,Total,9,Total,99,Total,2023,7252
A,Annual,ITF4,Puglia,ROADACC,Road accidents with injuries,9,Total,9,Total,1,Accidents between vehicles,0,No,99,Total,9,Total,99,Total,2024,8213
A,Annual,ITF4,Puglia,ROADACC,Road accidents with injuries,9,Total,9,Total,1,Accidents between vehicles,1,Yes,99,Total,9,Total,99,Total,2010,155
A,Annual,ITF4,Puglia,ROADACC,Road accidents with injuries,9,Total,9,Total,1,Accidents between vehicles,1,Yes,99,Total,9,Total,99,Total,2011,132
A,Annual,ITF4,Puglia,ROADACC,Road accidents with injuries,9,Total,9,Total,1,Accidents between vehicles,1,Yes,99,Total,9,Total,99,Total,2012,124
A,Annual,ITF4,Puglia,ROADACC,Road accidents with injuries,9,Total,9,Total,1,Accidents between vehicles,1,Yes,99,Total,9,Total,99,Total,2013,117
A,Annual,ITF4,Puglia,ROADACC,Road accidents with injuries,9,Total,9,Total,1,Accidents between vehicles,1,Yes,99,Total,9,Total,99,Total,2014,128
A,Annual,ITF4,Puglia,ROADACC,Road accidents with injuries,9,Total,9,Total,1,Accidents between vehicles,1,Yes,99,Total,9,Total,99,Total,2015,116
A,Annual,ITF4,Puglia,ROADACC,Road accidents with injuries,9,Total,9,Total,1,Accidents between vehicles,1,Yes,99,Total,9,Total,99,Total,2016,124
A,Annual,ITF4,Puglia,ROADACC,Road accidents with injuries,9,Total,9,Total,1,Accidents between vehicles,1,Yes,99,Total,9,Total,99,Total,2017,124
A,Annual,ITF4,Puglia,ROADACC,Road accidents with injuries,9,Total,9,Total,1,Accidents between vehicles,1,Yes,99,Total,9,Total,99,Total,2018,100
A,Annual,ITF4,Puglia,ROADACC,Road accidents with injuries,9,Total,9,Total,1,Accidents between vehicles,1,Yes,99,Total,9,Total,99,Total,2019,103
A,Annual,ITF4,Puglia,ROADACC,Road accidents with injuries,9,Total,9,Total,1,Accidents between vehicles,1,Yes,99,Total,9,Total,99,Total,2020,81
A,Annual,ITF4,Puglia,ROADACC,Road accidents with injuries,9,Total,9,Total,1,Accidents between vehicles,1,Yes,99,Total,9,Total,99,Total,2021,112
A,Annual,ITF4,Puglia,ROADACC,Road accidents with injuries,9,Total,9,Total,1,Accidents between vehicles,1,Yes,99,Total,9,Total,99,Total,2022,112
A,Annual,ITF4,Puglia,ROADACC,Road accidents with injuries,9,Total,9,Total,1,Accidents between vehicles,1,Yes,99,Total,9,Total,99,Total,2023,121
A,Annual,ITF4,Puglia,ROADACC,Road accidents with injuries,9,Total,9,Total,1,Accidents between vehicles,1,Yes,99,Total,9,Total,99,Total,2024,120
A,Annual,ITF4,Puglia,ROADACC,Road accidents with injuries,9,Total,9,Total,1,Accidents between vehicles,9,Total,99,Total,9,Total,99,Total,2010,9859
A,Annual,ITF4,Puglia,ROADACC,Road accidents with injuries,9,Total,9,Total,1,Accidents between vehicles,9,Total,99,Total,9,Total,99,Total,2011,9434
A,Annual,ITF4,Puglia,ROADACC,Road accidents with injuries,9,Total,9,Total,1,Accidents between vehicles,9,Total,99,Total,9,Total,99,Total,2012,7923
A,Annual,ITF4,Puglia,ROADACC,Road accidents with injuries,9,Total,9,Total,1,Accidents between vehicles,9,Total,99,Total,9,Total,99,Total,2013,7724
A,Annual,ITF4,Puglia,ROADACC,Road accidents with injuries,9,Total,9,Total,1,Accidents between vehicles,9,Total,99,Total,9,Total,99,Total,2014,7259
A,Annual,ITF4,Puglia,ROADACC,Road accidents with injuries,9,Total,9,Total,1,Accidents between vehicles,9,Total,99,Total,9,Total,99,Total,2015,7278
A,Annual,ITF4,Puglia,ROADACC,Road accidents with injuries,9,Total,9,Total,1,Accidents between vehicles,9,Total,99,Total,9,Total,99,Total,2016,7524
A,Annual,ITF4,Puglia,ROADACC,Road accidents with injuries,9,Total,9,Total,1,Accidents between vehicles,9,Total,99,Total,9,Total,99,Total,2017,7534
A,Annual,ITF4,Puglia,ROADACC,Road accidents with injuries,9,Total,9,Total,1,Accidents between vehicles,9,Total,99,Total,9,Total,99,Total,2018,7428
A,Annual,ITF4,Puglia,ROADACC,Road accidents with injuries,9,Total,9,Total,1,Accidents between vehicles,9,Total,99,Total,9,Total,99,Total,2019,7380
A,Annual,ITF4,Puglia,ROADACC,Road accidents with injuries,9,Total,9,Total,1,Accidents between vehicles,9,Total,99,Total,9,Total,99,Total,2020,5548
A,Annual,ITF4,Puglia,ROADACC,Road accidents with injuries,9,Total,9,Total,1,Accidents between vehicles,9,Total,99,Total,9,Total,99,Total,2021,6915
A,Annual,ITF4,Puglia,ROADACC,Road accidents with injuries,9,Total,9,Total,1,Accidents between vehicles,9,Total,99,Total,9,Total,99,Total,2022,7018
A,Annual,ITF4,Puglia,ROADACC,Road accidents with injuries,9,Total,9,Total,1,Accidents between vehicles,9,Total,99,Total,9,Total,99,Total,2023,7373
A,Annual,ITF4,Puglia,ROADACC,Road accidents with injuries,9,Total,9,Total,1,Accidents between vehicles,9,Total,99,Total,9,Total,99,Total,2024,8333
A,Annual,ITF4,Puglia,ROADACC,Road accidents with injuries,9,Total,9,Total,2,Vehicle-pedestrian accident,0,No,99,Total,9,Total,99,Total,2010,824
A,Annual,ITF4,Puglia,ROADACC,Road accidents with injuries,9,Total,9,Total,2,Vehicle-pedestrian accident,0,No,99,Total,9,Total,99,Total,2011,883
A,Annual,ITF4,Puglia,ROADACC,Road accidents with injuries,9,Total,9,Total,2,Vehicle-pedestrian accident,0,No,99,Total,9,Total,99,Total,2012,833
A,Annual,ITF4,Puglia,ROADACC,Road accidents with injuries,9,Total,9,Total,2,Vehicle-pedestrian accident,0,No,99,Total,9,Total,99,Total,2013,927
A,Annual,ITF4,Puglia,ROADACC,Road accidents with injuries,9,Total,9,Total,2,Vehicle-pedestrian accident,0,No,99,Total,9,Total,99,Total,2014,886
A,Annual,ITF4,Puglia,ROADACC,Road accidents with injuries,9,Total,9,Total,2,Vehicle-pedestrian accident,0,No,99,Total,9,Total,99,Total,2015,935
A,Annual,ITF4,Puglia,ROADACC,Road accidents with injuries,9,Total,9,Total,2,Vehicle-pedestrian accident,0,No,99,Total,9,Total,99,Total,2016,922
A,Annual,ITF4,Puglia,ROADACC,Road accidents with injuries,9,Total,9,Total,2,Vehicle-pedestrian accident,0,No,99,Total,9,Total,99,Total,2017,892
A,Annual,ITF4,Puglia,ROADACC,Road accidents with injuries,9,Total,9,Total,2,Vehicle-pedestrian accident,0,No,99,Total,9,Total,99,Total,2018,912
A,Annual,ITF4,Puglia,ROADACC,Road accidents with injuries,9,Total,9,Total,2,Vehicle-pedestrian accident,0,No,99,Total,9,Total,99,Total,2019,908
A,Annual,ITF4,Puglia,ROADACC,Road accidents with injuries,9,Total,9,Total,2,Vehicle-pedestrian accident,0,No,99,Total,9,Total,99,Total,2020,644
A,Annual,ITF4,Puglia,ROADACC,Road accidents with injuries,9,Total,9,Total,2,Vehicle-pedestrian accident,0,No,99,Total,9,Total,99,Total,2021,876
A,Annual,ITF4,Puglia,ROADACC,Road accidents with injuries,9,Total,9,Total,2,Vehicle-pedestrian accident,0,No,99,Total,9,Total,99,Total,2022,912
A,Annual,ITF4,Puglia,ROADACC,Road accidents with injuries,9,Total,9,Total,2,Vehicle-pedestrian accident,0,No,99,Total,9,Total,99,Total,2023,997
A,Annual,ITF4,Puglia,ROADACC,Road accidents with injuries,9,Total,9,Total,2,Vehicle-pedestrian accident,0,No,99,Total,9,Total,99,Total,2024,1142
A,Annual,ITF4,Puglia,ROADACC,Road accidents with injuries,9,Total,9,Total,2,Vehicle-pedestrian accident,1,Yes,99,Total,9,Total,99,Total,2010,25
A,Annual,ITF4,Puglia,ROADACC,Road accidents with injuries,9,Total,9,Total,2,Vehicle-pedestrian accident,1,Yes,99,Total,9,Total,99,Total,2011,28
A,Annual,ITF4,Puglia,ROADACC,Road accidents with injuries,9,Total,9,Total,2,Vehicle-pedestrian accident,1,Yes,99,Total,9,Total,99,Total,2012,22
A,Annual,ITF4,Puglia,ROADACC,Road accidents with injuries,9,Total,9,Total,2,Vehicle-pedestrian accident,1,Yes,99,Total,9,Total,99,Total,2013,24
A,Annual,ITF4,Puglia,ROADACC,Road accidents with injuries,9,Total,9,Total,2,Vehicle-pedestrian accident,1,Yes,99,Total,9,Total,99,Total,2014,17
A,Annual,ITF4,Puglia,ROADACC,Road accidents with injuries,9,Total,9,Total,2,Vehicle-pedestrian accident,1,Yes,99,Total,9,Total,99,Total,2015,25
A,Annual,ITF4,Puglia,ROADACC,Road accidents with injuries,9,Total,9,Total,2,Vehicle-pedestrian accident,1,Yes,99,Total,9,Total,99,Total,2016,21
A,Annual,ITF4,Puglia,ROADACC,Road accidents with injuries,9,Total,9,Total,2,Vehicle-pedestrian accident,1,Yes,99,Total,9,Total,99,Total,2017,13
A,Annual,ITF4,Puglia,ROADACC,Road accidents with injuries,9,Total,9,Total,2,Vehicle-pedestrian accident,1,Yes,99,Total,9,Total,99,Total,2018,15
A,Annual,ITF4,Puglia,ROADACC,Road accidents with injuries,9,Total,9,Total,2,Vehicle-pedestrian accident,1,Yes,99,Total,9,Total,99,Total,2019,17
A,Annual,ITF4,Puglia,ROADACC,Road accidents with injuries,9,Total,9,Total,2,Vehicle-pedestrian accident,1,Yes,99,Total,9,Total,99,Total,2020,11
A,Annual,ITF4,Puglia,ROADACC,Road accidents with injuries,9,Total,9,Total,2,Vehicle-pedestrian accident,1,Yes,99,Total,9,Total,99,Total,2021,16
A,Annual,ITF4,Puglia,ROADACC,Road accidents with injuries,9,Total,9,Total,2,Vehicle-pedestrian accident,1,Yes,99,Total,9,Total,99,Total,2022,24
A,Annual,ITF4,Puglia,ROADACC,Road accidents with injuries,9,Total,9,Total,2,Vehicle-pedestrian accident,1,Yes,99,Total,9,Total,99,Total,2023,17
A,Annual,ITF4,Puglia,ROADACC,Road accidents with injuries,9,Total,9,Total,2,Vehicle-pedestrian accident,1,Yes,99,Total,9,Total,99,Total,2024,14
A,Annual,ITF4,Puglia,ROADACC,Road accidents with injuries,9,Total,9,Total,2,Vehicle-pedestrian accident,9,Total,99,Total,9,Total,99,Total,2010,849
A,Annual,ITF4,Puglia,ROADACC,Road accidents with injuries,9,Total,9,Total,2,Vehicle-pedestrian accident,9,Total,99,Total,9,Total,99,Total,2011,911
A,Annual,ITF4,Puglia,ROADACC,Road accidents with injuries,9,Total,9,Total,2,Vehicle-pedestrian accident,9,Total,99,Total,9,Total,99,Total,2012,855
A,Annual,ITF4,Puglia,ROADACC,Road accidents with injuries,9,Total,9,Total,2,Vehicle-pedestrian accident,9,Total,99,Total,9,Total,99,Total,2013,951
A,Annual,ITF4,Puglia,ROADACC,Road accidents with injuries,9,Total,9,Total,2,Vehicle-pedestrian accident,9,Total,99,Total,9,Total,99,Total,2014,903
A,Annual,ITF4,Puglia,ROADACC,Road accidents with injuries,9,Total,9,Total,2,Vehicle-pedestrian accident,9,Total,99,Total,9,Total,99,Total,2015,960
A,Annual,ITF4,Puglia,ROADACC,Road accidents with injuries,9,Total,9,Total,2,Vehicle-pedestrian accident,9,Total,99,Total,9,Total,99,Total,2016,943
A,Annual,ITF4,Puglia,ROADACC,Road accidents with injuries,9,Total,9,Total,2,Vehicle-pedestrian accident,9,Total,99,Total,9,Total,99,Total,2017,905
A,Annual,ITF4,Puglia,ROADACC,Road accidents with injuries,9,Total,9,Total,2,Vehicle-pedestrian accident,9,Total,99,Total,9,Total,99,Total,2018,927
A,Annual,ITF4,Puglia,ROADACC,Road accidents with injuries,9,Total,9,Total,2,Vehicle-pedestrian accident,9,Total,99,Total,9,Total,99,Total,2019,925
A,Annual,ITF4,Puglia,ROADACC,Road accidents with injuries,9,Total,9,Total,2,Vehicle-pedestrian accident,9,Total,99,Total,9,Total,99,Total,2020,655
A,Annual,ITF4,Puglia,ROADACC,Road accidents with injuries,9,Total,9,Total,2,Vehicle-pedestrian accident,9,Total,99,Total,9,Total,99,Total,2021,892
A,Annual,ITF4,Puglia,ROADACC,Road accidents with injuries,9,Total,9,Total,2,Vehicle-pedestrian accident,9,Total,99,Total,9,Total,99,Total,2022,936
A,Annual,ITF4,Puglia,ROADACC,Road accidents with injuries,9,Total,9,Total,2,Vehicle-pedestrian accident,9,Total,99,Total,9,Total,99,Total,2023,1014
A,Annual,ITF4,Puglia,ROADACC,Road accidents with injuries,9,Total,9,Total,2,Vehicle-pedestrian accident,9,Total,99,Total,9,Total,99,Total,2024,1156
A,Annual,ITF4,Puglia,ROADACC,Road accidents with injuries,9,Total,9,Total,3,Accidents involving a single vehicle,0,No,99,Total,9,Total,99,Total,2010,1686
A,Annual,ITF4,Puglia,ROADACC,Road accidents with injuries,9,Total,9,Total,3,Accidents involving a single vehicle,0,No,99,Total,9,Total,99,Total,2011,1673
A,Annual,ITF4,Puglia,ROADACC,Road accidents with injuries,9,Total,9,Total,3,Accidents involving a single vehicle,0,No,99,Total,9,Total,99,Total,2012,1423
A,Annual,ITF4,Puglia,ROADACC,Road accidents with injuries,9,Total,9,Total,3,Accidents involving a single vehicle,0,No,99,Total,9,Total,99,Total,2013,1454
A,Annual,ITF4,Puglia,ROADACC,Road accidents with injuries,9,Total,9,Total,3,Accidents involving a single vehicle,0,No,99,Total,9,Total,99,Total,2014,1273
A,Annual,ITF4,Puglia,ROADACC,Road accidents with injuries,9,Total,9,Total,3,Accidents involving a single vehicle,0,No,99,Total,9,Total,99,Total,2015,1212
A,Annual,ITF4,Puglia,ROADACC,Road accidents with injuries,9,Total,9,Total,3,Accidents involving a single vehicle,0,No,99,Total,9,Total,99,Total,2016,1305
A,Annual,ITF4,Puglia,ROADACC,Road accidents with injuries,9,Total,9,Total,3,Accidents involving a single vehicle,0,No,99,Total,9,Total,99,Total,2017,1274
A,Annual,ITF4,Puglia,ROADACC,Road accidents with injuries,9,Total,9,Total,3,Accidents involving a single vehicle,0,No,99,Total,9,Total,99,Total,2018,1286
A,Annual,ITF4,Puglia,ROADACC,Road accidents with injuries,9,Total,9,Total,3,Accidents involving a single vehicle,0,No,99,Total,9,Total,99,Total,2019,1312
A,Annual,ITF4,Puglia,ROADACC,Road accidents with injuries,9,Total,9,Total,3,Accidents involving a single vehicle,0,No,99,Total,9,Total,99,Total,2020,1009
A,Annual,ITF4,Puglia,ROADACC,Road accidents with injuries,9,Total,9,Total,3,Accidents involving a single vehicle,0,No,99,Total,9,Total,99,Total,2021,1216
A,Annual,ITF4,Puglia,ROADACC,Road accidents with injuries,9,Total,9,Total,3,Accidents involving a single vehicle,0,No,99,Total,9,Total,99,Total,2022,1267
A,Annual,ITF4,Puglia,ROADACC,Road accidents with injuries,9,Total,9,Total,3,Accidents involving a single vehicle,0,No,99,Total,9,Total,99,Total,2023,1388
A,Annual,ITF4,Puglia,ROADACC,Road accidents with injuries,9,Total,9,Total,3,Accidents involving a single vehicle,0,No,99,Total,9,Total,99,Total,2024,1450
A,Annual,ITF4,Puglia,ROADACC,Road accidents with injuries,9,Total,9,Total,3,Accidents involving a single vehicle,1,Yes,99,Total,9,Total,99,Total,2010,85
A,Annual,ITF4,Puglia,ROADACC,Road accidents with injuries,9,Total,9,Total,3,Accidents involving a single vehicle,1,Yes,99,Total,9,Total,99,Total,2011,83
A,Annual,ITF4,Puglia,ROADACC,Road accidents with injuries,9,Total,9,Total,3,Accidents involving a single vehicle,1,Yes,99,Total,9,Total,99,Total,2012,86
A,Annual,ITF4,Puglia,ROADACC,Road accidents with injuries,9,Total,9,Total,3,Accidents involving a single vehicle,1,Yes,99,Total,9,Total,99,Total,2013,73
A,Annual,ITF4,Puglia,ROADACC,Road accidents with injuries,9,Total,9,Total,3,Accidents involving a single vehicle,1,Yes,99,Total,9,Total,99,Total,2014,64
A,Annual,ITF4,Puglia,ROADACC,Road accidents with injuries,9,Total,9,Total,3,Accidents involving a single vehicle,1,Yes,99,Total,9,Total,99,Total,2015,74
A,Annual,ITF4,Puglia,ROADACC,Road accidents with injuries,9,Total,9,Total,3,Accidents involving a single vehicle,1,Yes,99,Total,9,Total,99,Total,2016,82
A,Annual,ITF4,Puglia,ROADACC,Road accidents with injuries,9,Total,9,Total,3,Accidents involving a single vehicle,1,Yes,99,Total,9,Total,99,Total,2017,73
A,Annual,ITF4,Puglia,ROADACC,Road accidents with injuries,9,Total,9,Total,3,Accidents involving a single vehicle,1,Yes,99,Total,9,Total,99,Total,2018,52
A,Annual,ITF4,Puglia,ROADACC,Road accidents with injuries,9,Total,9,Total,3,Accidents involving a single vehicle,1,Yes,99,Total,9,Total,99,Total,2019,62
A,Annual,ITF4,Puglia,ROADACC,Road accidents with injuries,9,Total,9,Total,3,Accidents involving a single vehicle,1,Yes,99,Total,9,Total,99,Total,2020,53
A,Annual,ITF4,Puglia,ROADACC,Road accidents with injuries,9,Total,9,Total,3,Accidents involving a single vehicle,1,Yes,99,Total,9,Total,99,Total,2021,63
A,Annual,ITF4,Puglia,ROADACC,Road accidents with injuries,9,Total,9,Total,3,Accidents involving a single vehicle,1,Yes,99,Total,9,Total,99,Total,2022,65
A,Annual,ITF4,Puglia,ROADACC,Road accidents with injuries,9,Total,9,Total,3,Accidents involving a single vehicle,1,Yes,99,Total,9,Total,99,Total,2023,68
A,Annual,ITF4,Puglia,ROADACC,Road accidents with injuries,9,Total,9,Total,3,Accidents involving a single vehicle,1,Yes,99,Total,9,Total,99,Total,2024,87
A,Annual,ITF4,Puglia,ROADACC,Road accidents with injuries,9,Total,9,Total,3,Accidents involving a single vehicle,9,Total,99,Total,9,Total,99,Total,2010,1771
A,Annual,ITF4,Puglia,ROADACC,Road accidents with injuries,9,Total,9,Total,3,Accidents involving a single vehicle,9,Total,99,Total,9,Total,99,Total,2011,1756
A,Annual,ITF4,Puglia,ROADACC,Road accidents with injuries,9,Total,9,Total,3,Accidents involving a single vehicle,9,Total,99,Total,9,Total,99,Total,2012,1509
A,Annual,ITF4,Puglia,ROADACC,Road accidents with injuries,9,Total,9,Total,3,Accidents involving a single vehicle,9,Total,99,Total,9,Total,99,Total,2013,1527
A,Annual,ITF4,Puglia,ROADACC,Road accidents with injuries,9,Total,9,Total,3,Accidents involving a single vehicle,9,Total,99,Total,9,Total,99,Total,2014,1337
A,Annual,ITF4,Puglia,ROADACC,Road accidents with injuries,9,Total,9,Total,3,Accidents involving a single vehicle,9,Total,99,Total,9,Total,99,Total,2015,1286
A,Annual,ITF4,Puglia,ROADACC,Road accidents with injuries,9,Total,9,Total,3,Accidents involving a single vehicle,9,Total,99,Total,9,Total,99,Total,2016,1387
A,Annual,ITF4,Puglia,ROADACC,Road accidents with injuries,9,Total,9,Total,3,Accidents involving a single vehicle,9,Total,99,Total,9,Total,99,Total,2017,1347
A,Annual,ITF4,Puglia,ROADACC,Road accidents with injuries,9,Total,9,Total,3,Accidents involving a single vehicle,9,Total,99,Total,9,Total,99,Total,2018,1338
A,Annual,ITF4,Puglia,ROADACC,Road accidents with injuries,9,Total,9,Total,3,Accidents involving a single vehicle,9,Total,99,Total,9,Total,99,Total,2019,1374
A,Annual,ITF4,Puglia,ROADACC,Road accidents with injuries,9,Total,9,Total,3,Accidents involving a single vehicle,9,Total,99,Total,9,Total,99,Total,2020,1062
A,Annual,ITF4,Puglia,ROADACC,Road accidents with injuries,9,Total,9,Total,3,Accidents involving a single vehicle,9,Total,99,Total,9,Total,99,Total,2021,1279
A,Annual,ITF4,Puglia,ROADACC,Road accidents with injuries,9,Total,9,Total,3,Accidents involving a single vehicle,9,Total,99,Total,9,Total,99,Total,2022,1332
A,Annual,ITF4,Puglia,ROADACC,Road accidents with injuries,9,Total,9,Total,3,Accidents involving a single vehicle,9,Total,99,Total,9,Total,99,Total,2023,1456
A,Annual,ITF4,Puglia,ROADACC,Road accidents with injuries,9,Total,9,Total,3,Accidents involving a single vehicle,9,Total,99,Total,9,Total,99,Total,2024,1537
A,Annual,ITF4,Puglia,ROADACC,Road accidents with injuries,9,Total,9,Total,9,Total,0,No,99,Total,9,Total,99,Total,2010,12214
A,Annual,ITF4,Puglia,ROADACC,Road accidents with injuries,9,Total,9,Total,9,Total,0,No,99,Total,9,Total,99,Total,2011,11858
A,Annual,ITF4,Puglia,ROADACC,Road accidents with injuries,9,Total,9,Total,9,Total,0,No,99,Total,9,Total,99,Total,2012,10055
A,Annual,ITF4,Puglia,ROADACC,Road accidents with injuries,9,Total,9,Total,9,Total,0,No,99,Total,9,Total,99,Total,2013,9988
A,Annual,ITF4,Puglia,ROADACC,Road accidents with injuries,9,Total,9,Total,9,Total,0,No,99,Total,9,Total,99,Total,2014,9290
A,Annual,ITF4,Puglia,ROADACC,Road accidents with injuries,9,Total,9,Total,9,Total,0,No,99,Total,9,Total,99,Total,2015,9309
A,Annual,ITF4,Puglia,ROADACC,Road accidents with injuries,9,Total,9,Total,9,Total,0,No,99,Total,9,Total,99,Total,2016,9627
A,Annual,ITF4,Puglia,ROADACC,Road accidents with injuries,9,Total,9,Total,9,Total,0,No,99,Total,9,Total,99,Total,2017,9576
A,Annual,ITF4,Puglia,ROADACC,Road accidents with injuries,9,Total,9,Total,9,Total,0,No,99,Total,9,Total,99,Total,2018,9526
A,Annual,ITF4,Puglia,ROADACC,Road accidents with injuries,9,Total,9,Total,9,Total,0,No,99,Total,9,Total,99,Total,2019,9497
A,Annual,ITF4,Puglia,ROADACC,Road accidents with injuries,9,Total,9,Total,9,Total,0,No,99,Total,9,Total,99,Total,2020,7120
A,Annual,ITF4,Puglia,ROADACC,Road accidents with injuries,9,Total,9,Total,9,Total,0,No,99,Total,9,Total,99,Total,2021,8895
A,Annual,ITF4,Puglia,ROADACC,Road accidents with injuries,9,Total,9,Total,9,Total,0,No,99,Total,9,Total,99,Total,2022,9085
A,Annual,ITF4,Puglia,ROADACC,Road accidents with injuries,9,Total,9,Total,9,Total,0,No,99,Total,9,Total,99,Total,2023,9637
A,Annual,ITF4,Puglia,ROADACC,Road accidents with injuries,9,Total,9,Total,9,Total,0,No,99,Total,9,Total,99,Total,2024,10805
A,Annual,ITF4,Puglia,ROADACC,Road accidents with injuries,9,Total,9,Total,9,Total,1,Yes,99,Total,9,Total,99,Total,2010,265
A,Annual,ITF4,Puglia,ROADACC,Road accidents with injuries,9,Total,9,Total,9,Total,1,Yes,99,Total,9,Total,99,Total,2011,243
A,Annual,ITF4,Puglia,ROADACC,Road accidents with injuries,9,Total,9,Total,9,Total,1,Yes,99,Total,9,Total,99,Total,2012,232
A,Annual,ITF4,Puglia,ROADACC,Road accidents with injuries,9,Total,9,Total,9,Total,1,Yes,99,Total,9,Total,99,Total,2013,214
A,Annual,ITF4,Puglia,ROADACC,Road accidents with injuries,9,Total,9,Total,9,Total,1,Yes,99,Total,9,Total,99,Total,2014,209
A,Annual,ITF4,Puglia,ROADACC,Road accidents with injuries,9,Total,9,Total,9,Total,1,Yes,99,Total,9,Total,99,Total,2015,215
A,Annual,ITF4,Puglia,ROADACC,Road accidents with injuries,9,Total,9,Total,9,Total,1,Yes,99,Total,9,Total,99,Total,2016,227
A,Annual,ITF4,Puglia,ROADACC,Road accidents with injuries,9,Total,9,Total,9,Total,1,Yes,99,Total,9,Total,99,Total,2017,210
A,Annual,ITF4,Puglia,ROADACC,Road accidents with injuries,9,Total,9,Total,9,Total,1,Yes,99,Total,9,Total,99,Total,2018,167
A,Annual,ITF4,Puglia,ROADACC,Road accidents with injuries,9,Total,9,Total,9,Total,1,Yes,99,Total,9,Total,99,Total,2019,182
A,Annual,ITF4,Puglia,ROADACC,Road accidents with injuries,9,Total,9,Total,9,Total,1,Yes,99,Total,9,Total,99,Total,2020,145
A,Annual,ITF4,Puglia,ROADACC,Road accidents with injuries,9,Total,9,Total,9,Total,1,Yes,99,Total,9,Total,99,Total,2021,191
A,Annual,ITF4,Puglia,ROADACC,Road accidents with injuries,9,Total,9,Total,9,Total,1,Yes,99,Total,9,Total,99,Total,2022,201
A,Annual,ITF4,Puglia,ROADACC,Road accidents with injuries,9,Total,9,Total,9,Total,1,Yes,99,Total,9,Total,99,Total,2023,206
A,Annual,ITF4,Puglia,ROADACC,Road accidents with injuries,9,Total,9,Total,9,Total,1,Yes,99,Total,9,Total,99,Total,2024,221
A,Annual,ITF4,Puglia,ROADACC,Road accidents with injuries,9,Total,9,Total,9,Total,9,Total,99,Total,9,Total,99,Total,2010,12479
A,Annual,ITF4,Puglia,ROADACC,Road accidents with injuries,9,Total,9,Total,9,Total,9,Total,99,Total,9,Total,99,Total,2011,12101
A,Annual,ITF4,Puglia,ROADACC,Road accidents with injuries,9,Total,9,Total,9,Total,9,Total,99,Total,9,Total,99,Total,2012,10287
A,Annual,ITF4,Puglia,ROADACC,Road accidents with injuries,9,Total,9,Total,9,Total,9,Total,99,Total,9,Total,99,Total,2013,10202
A,Annual,ITF4,Puglia,ROADACC,Road accidents with injuries,9,Total,9,Total,9,Total,9,Total,99,Total,9,Total,99,Total,2014,9499
A,Annual,ITF4,Puglia,ROADACC,Road accidents with injuries,9,Total,9,Total,9,Total,9,Total,99,Total,9,Total,99,Total,2015,9524
A,Annual,ITF4,Puglia,ROADACC,Road accidents with injuries,9,Total,9,Total,9,Total,9,Total,99,Total,9,Total,99,Total,2016,9854
A,Annual,ITF4,Puglia,ROADACC,Road accidents with injuries,9,Total,9,Total,9,Total,9,Total,99,Total,9,Total,99,Total,2017,9786
A,Annual,ITF4,Puglia,ROADACC,Road accidents with injuries,9,Total,9,Total,9,Total,9,Total,99,Total,9,Total,99,Total,2018,9693
A,Annual,ITF4,Puglia,ROADACC,Road accidents with injuries,9,Total,9,Total,9,Total,9,Total,99,Total,9,Total,99,Total,2019,9679
A,Annual,ITF4,Puglia,ROADACC,Road accidents with injuries,9,Total,9,Total,9,Total,9,Total,99,Total,9,Total,99,Total,2020,7265
A,Annual,ITF4,Puglia,ROADACC,Road accidents with injuries,9,Total,9,Total,9,Total,9,Total,99,Total,9,Total,99,Total,2021,9086
A,Annual,ITF4,Puglia,ROADACC,Road accidents with injuries,9,Total,9,Total,9,Total,9,Total,99,Total,9,Total,99,Total,2022,9286
A,Annual,ITF4,Puglia,ROADACC,Road accidents with injuries,9,Total,9,Total,9,Total,9,Total,99,Total,9,Total,99,Total,2023,9843
A,Annual,ITF4,Puglia,ROADACC,Road accidents with injuries,9,Total,9,Total,9,Total,9,Total,99,Total,9,Total,99,Total,2024,11026
A,Annual,ITF5,Basilicata,ROADACC,Road accidents with injuries,9,Total,9,Total,1,Accidents between vehicles,0,No,99,Total,9,Total,99,Total,2010,693
A,Annual,ITF5,Basilicata,ROADACC,Road accidents with injuries,9,Total,9,Total,1,Accidents between vehicles,0,No,99,Total,9,Total,99,Total,2011,652
A,Annual,ITF5,Basilicata,ROADACC,Road accidents with injuries,9,Total,9,Total,1,Accidents between vehicles,0,No,99,Total,9,Total,99,Total,2012,594
A,Annual,ITF5,Basilicata,ROADACC,Road accidents with injuries,9,Total,9,Total,1,Accidents between vehicles,0,No,99,Total,9,Total,99,Total,2013,499
A,Annual,ITF5,Basilicata,ROADACC,Road accidents with injuries,9,Total,9,Total,1,Accidents between vehicles,0,No,99,Total,9,Total,99,Total,2014,558
A,Annual,ITF5,Basilicata,ROADACC,Road accidents with injuries,9,Total,9,Total,1,Accidents between vehicles,0,No,99,Total,9,Total,99,Total,2015,518
A,Annual,ITF5,Basilicata,ROADACC,Road accidents with injuries,9,Total,9,Total,1,Accidents between vehicles,0,No,99,Total,9,Total,99,Total,2016,532
A,Annual,ITF5,Basilicata,ROADACC,Road accidents with injuries,9,Total,9,Total,1,Accidents between vehicles,0,No,99,Total,9,Total,99,Total,2017,471
A,Annual,ITF5,Basilicata,ROADACC,Road accidents with injuries,9,Total,9,Total,1,Accidents between vehicles,0,No,99,Total,9,Total,99,Total,2018,548
A,Annual,ITF5,Basilicata,ROADACC,Road accidents with injuries,9,Total,9,Total,1,Accidents between vehicles,0,No,99,Total,9,Total,99,Total,2019,525
A,Annual,ITF5,Basilicata,ROADACC,Road accidents with injuries,9,Total,9,Total,1,Accidents between vehicles,0,No,99,Total,9,Total,99,Total,2020,386
A,Annual,ITF5,Basilicata,ROADACC,Road accidents with injuries,9,Total,9,Total,1,Accidents between vehicles,0,No,99,Total,9,Total,99,Total,2021,502
A,Annual,ITF5,Basilicata,ROADACC,Road accidents with injuries,9,Total,9,Total,1,Accidents between vehicles,0,No,99,Total,9,Total,99,Total,2022,497
A,Annual,ITF5,Basilicata,ROADACC,Road accidents with injuries,9,Total,9,Total,1,Accidents between vehicles,0,No,99,Total,9,Total,99,Total,2023,568
A,Annual,ITF5,Basilicata,ROADACC,Road accidents with injuries,9,Total,9,Total,1,Accidents between vehicles,0,No,99,Total,9,Total,99,Total,2024,620
A,Annual,ITF5,Basilicata,ROADACC,Road accidents with injuries,9,Total,9,Total,1,Accidents between vehicles,1,Yes,99,Total,9,Total,99,Total,2010,23
A,Annual,ITF5,Basilicata,ROADACC,Road accidents with injuries,9,Total,9,Total,1,Accidents between vehicles,1,Yes,99,Total,9,Total,99,Total,2011,15
A,Annual,ITF5,Basilicata,ROADACC,Road accidents with injuries,9,Total,9,Total,1,Accidents between vehicles,1,Yes,99,Total,9,Total,99,Total,2012,19
A,Annual,ITF5,Basilicata,ROADACC,Road accidents with injuries,9,Total,9,Total,1,Accidents between vehicles,1,Yes,99,Total,9,Total,99,Total,2013,13
A,Annual,ITF5,Basilicata,ROADACC,Road accidents with injuries,9,Total,9,Total,1,Accidents between vehicles,1,Yes,99,Total,9,Total,99,Total,2014,23
A,Annual,ITF5,Basilicata,ROADACC,Road accidents with injuries,9,Total,9,Total,1,Accidents between vehicles,1,Yes,99,Total,9,Total,99,Total,2015,20
A,Annual,ITF5,Basilicata,ROADACC,Road accidents with injuries,9,Total,9,Total,1,Accidents between vehicles,1,Yes,99,Total,9,Total,99,Total,2016,22
A,Annual,ITF5,Basilicata,ROADACC,Road accidents with injuries,9,Total,9,Total,1,Accidents between vehicles,1,Yes,99,Total,9,Total,99,Total,2017,11
A,Annual,ITF5,Basilicata,ROADACC,Road accidents with injuries,9,Total,9,Total,1,Accidents between vehicles,1,Yes,99,Total,9,Total,99,Total,2018,25
A,Annual,ITF5,Basilicata,ROADACC,Road accidents with injuries,9,Total,9,Total,1,Accidents between vehicles,1,Yes,99,Total,9,Total,99,Total,2019,10
A,Annual,ITF5,Basilicata,ROADACC,Road accidents with injuries,9,Total,9,Total,1,Accidents between vehicles,1,Yes,99,Total,9,Total,99,Total,2020,8
A,Annual,ITF5,Basilicata,ROADACC,Road accidents with injuries,9,Total,9,Total,1,Accidents between vehicles,1,Yes,99,Total,9,Total,99,Total,2021,14
A,Annual,ITF5,Basilicata,ROADACC,Road accidents with injuries,9,Total,9,Total,1,Accidents between vehicles,1,Yes,99,Total,9,Total,99,Total,2022,20
A,Annual,ITF5,Basilicata,ROADACC,Road accidents with injuries,9,Total,9,Total,1,Accidents between vehicles,1,Yes,99,Total,9,Total,99,Total,2023,18
A,Annual,ITF5,Basilicata,ROADACC,Road accidents with injuries,9,Total,9,Total,1,Accidents between vehicles,1,Yes,99,Total,9,Total,99,Total,2024,14
A,Annual,ITF5,Basilicata,ROADACC,Road accidents with injuries,9,Total,9,Total,1,Accidents between vehicles,9,Total,99,Total,9,Total,99,Total,2010,716
A,Annual,ITF5,Basilicata,ROADACC,Road accidents with injuries,9,Total,9,Total,1,Accidents between vehicles,9,Total,99,Total,9,Total,99,Total,2011,667
A,Annual,ITF5,Basilicata,ROADACC,Road accidents with injuries,9,Total,9,Total,1,Accidents between vehicles,9,Total,99,Total,9,Total,99,Total,2012,613
A,Annual,ITF5,Basilicata,ROADACC,Road accidents with injuries,9,Total,9,Total,1,Accidents between vehicles,9,Total,99,Total,9,Total,99,Total,2013,512
A,Annual,ITF5,Basilicata,ROADACC,Road accidents with injuries,9,Total,9,Total,1,Accidents between vehicles,9,Total,99,Total,9,Total,99,Total,2014,581
A,Annual,ITF5,Basilicata,ROADACC,Road accidents with injuries,9,Total,9,Total,1,Accidents between vehicles,9,Total,99,Total,9,Total,99,Total,2015,538
A,Annual,ITF5,Basilicata,ROADACC,Road accidents with injuries,9,Total,9,Total,1,Accidents between vehicles,9,Total,99,Total,9,Total,99,Total,2016,554
A,Annual,ITF5,Basilicata,ROADACC,Road accidents with injuries,9,Total,9,Total,1,Accidents between vehicles,9,Total,99,Total,9,Total,99,Total,2017,482
A,Annual,ITF5,Basilicata,ROADACC,Road accidents with injuries,9,Total,9,Total,1,Accidents between vehicles,9,Total,99,Total,9,Total,99,Total,2018,573
A,Annual,ITF5,Basilicata,ROADACC,Road accidents with injuries,9,Total,9,Total,1,Accidents between vehicles,9,Total,99,Total,9,Total,99,Total,2019,535
A,Annual,ITF5,Basilicata,ROADACC,Road accidents with injuries,9,Total,9,Total,1,Accidents between vehicles,9,Total,99,Total,9,Total,99,Total,2020,394
A,Annual,ITF5,Basilicata,ROADACC,Road accidents with injuries,9,Total,9,Total,1,Accidents between vehicles,9,Total,99,Total,9,Total,99,Total,2021,516
A,Annual,ITF5,Basilicata,ROADACC,Road accidents with injuries,9,Total,9,Total,1,Accidents between vehicles,9,Total,99,Total,9,Total,99,Total,2022,517
A,Annual,ITF5,Basilicata,ROADACC,Road accidents with injuries,9,Total,9,Total,1,Accidents between vehicles,9,Total,99,Total,9,Total,99,Total,2023,586
A,Annual,ITF5,Basilicata,ROADACC,Road accidents with injuries,9,Total,9,Total,1,Accidents between vehicles,9,Total,99,Total,9,Total,99,Total,2024,634
A,Annual,ITF5,Basilicata,ROADACC,Road accidents with injuries,9,Total,9,Total,2,Vehicle-pedestrian accident,0,No,99,Total,9,Total,99,Total,2010,99
A,Annual,ITF5,Basilicata,ROADACC,Road accidents with injuries,9,Total,9,Total,2,Vehicle-pedestrian accident,0,No,99,Total,9,Total,99,Total,2011,100
A,Annual,ITF5,Basilicata,ROADACC,Road accidents with injuries,9,Total,9,Total,2,Vehicle-pedestrian accident,0,No,99,Total,9,Total,99,Total,2012,94
A,Annual,ITF5,Basilicata,ROADACC,Road accidents with injuries,9,Total,9,Total,2,Vehicle-pedestrian accident,0,No,99,Total,9,Total,99,Total,2013,99
A,Annual,ITF5,Basilicata,ROADACC,Road accidents with injuries,9,Total,9,Total,2,Vehicle-pedestrian accident,0,No,99,Total,9,Total,99,Total,2014,77
A,Annual,ITF5,Basilicata,ROADACC,Road accidents with injuries,9,Total,9,Total,2,Vehicle-pedestrian accident,0,No,99,Total,9,Total,99,Total,2015,109
A,Annual,ITF5,Basilicata,ROADACC,Road accidents with injuries,9,Total,9,Total,2,Vehicle-pedestrian accident,0,No,99,Total,9,Total,99,Total,2016,128
A,Annual,ITF5,Basilicata,ROADACC,Road accidents with injuries,9,Total,9,Total,2,Vehicle-pedestrian accident,0,No,99,Total,9,Total,99,Total,2017,107
A,Annual,ITF5,Basilicata,ROADACC,Road accidents with injuries,9,Total,9,Total,2,Vehicle-pedestrian accident,0,No,99,Total,9,Total,99,Total,2018,121
A,Annual,ITF5,Basilicata,ROADACC,Road accidents with injuries,9,Total,9,Total,2,Vehicle-pedestrian accident,0,No,99,Total,9,Total,99,Total,2019,102
A,Annual,ITF5,Basilicata,ROADACC,Road accidents with injuries,9,Total,9,Total,2,Vehicle-pedestrian accident,0,No,99,Total,9,Total,99,Total,2020,93
A,Annual,ITF5,Basilicata,ROADACC,Road accidents with injuries,9,Total,9,Total,2,Vehicle-pedestrian accident,0,No,99,Total,9,Total,99,Total,2021,90
A,Annual,ITF5,Basilicata,ROADACC,Road accidents with injuries,9,Total,9,Total,2,Vehicle-pedestrian accident,0,No,99,Total,9,Total,99,Total,2022,103
A,Annual,ITF5,Basilicata,ROADACC,Road accidents with injuries,9,Total,9,Total,2,Vehicle-pedestrian accident,0,No,99,Total,9,Total,99,Total,2023,123
A,Annual,ITF5,Basilicata,ROADACC,Road accidents with injuries,9,Total,9,Total,2,Vehicle-pedestrian accident,0,No,99,Total,9,Total,99,Total,2024,97
A,Annual,ITF5,Basilicata,ROADACC,Road accidents with injuries,9,Total,9,Total,2,Vehicle-pedestrian accident,1,Yes,99,Total,9,Total,99,Total,2010,5
A,Annual,ITF5,Basilicata,ROADACC,Road accidents with injuries,9,Total,9,Total,2,Vehicle-pedestrian accident,1,Yes,99,Total,9,Total,99,Total,2011,2
A,Annual,ITF5,Basilicata,ROADACC,Road accidents with injuries,9,Total,9,Total,2,Vehicle-pedestrian accident,1,Yes,99,Total,9,Total,99,Total,2012,5
A,Annual,ITF5,Basilicata,ROADACC,Road accidents with injuries,9,Total,9,Total,2,Vehicle-pedestrian accident,1,Yes,99,Total,9,Total,99,Total,2013,1
A,Annual,ITF5,Basilicata,ROADACC,Road accidents with injuries,9,Total,9,Total,2,Vehicle-pedestrian accident,1,Yes,99,Total,9,Total,99,Total,2014,1
A,Annual,ITF5,Basilicata,ROADACC,Road accidents with injuries,9,Total,9,Total,2,Vehicle-pedestrian accident,1,Yes,99,Total,9,Total,99,Total,2015,6
A,Annual,ITF5,Basilicata,ROADACC,Road accidents with injuries,9,Total,9,Total,2,Vehicle-pedestrian accident,1,Yes,99,Total,9,Total,99,Total,2016,3
A,Annual,ITF5,Basilicata,ROADACC,Road accidents with injuries,9,Total,9,Total,2,Vehicle-pedestrian accident,1,Yes,99,Total,9,Total,99,Total,2017,5
A,Annual,ITF5,Basilicata,ROADACC,Road accidents with injuries,9,Total,9,Total,2,Vehicle-pedestrian accident,1,Yes,99,Total,9,Total,99,Total,2018,4
A,Annual,ITF5,Basilicata,ROADACC,Road accidents with injuries,9,Total,9,Total,2,Vehicle-pedestrian accident,1,Yes,99,Total,9,Total,99,Total,2019,3
A,Annual,ITF5,Basilicata,ROADACC,Road accidents with injuries,9,Total,9,Total,2,Vehicle-pedestrian accident,1,Yes,99,Total,9,Total,99,Total,2020,3
A,Annual,ITF5,Basilicata,ROADACC,Road accidents with injuries,9,Total,9,Total,2,Vehicle-pedestrian accident,1,Yes,99,Total,9,Total,99,Total,2021,5
A,Annual,ITF5,Basilicata,ROADACC,Road accidents with injuries,9,Total,9,Total,2,Vehicle-pedestrian accident,1,Yes,99,Total,9,Total,99,Total,2022,7
A,Annual,ITF5,Basilicata,ROADACC,Road accidents with injuries,9,Total,9,Total,2,Vehicle-pedestrian accident,1,Yes,99,Total,9,Total,99,Total,2023,1
A,Annual,ITF5,Basilicata,ROADACC,Road accidents with injuries,9,Total,9,Total,2,Vehicle-pedestrian accident,1,Yes,99,Total,9,Total,99,Total,2024,2
A,Annual,ITF5,Basilicata,ROADACC,Road accidents with injuries,9,Total,9,Total,2,Vehicle-pedestrian accident,9,Total,99,Total,9,Total,99,Total,2010,104
A,Annual,ITF5,Basilicata,ROADACC,Road accidents with injuries,9,Total,9,Total,2,Vehicle-pedestrian accident,9,Total,99,Total,9,Total,99,Total,2011,102
A,Annual,ITF5,Basilicata,ROADACC,Road accidents with injuries,9,Total,9,Total,2,Vehicle-pedestrian accident,9,Total,99,Total,9,Total,99,Total,2012,99
A,Annual,ITF5,Basilicata,ROADACC,Road accidents with injuries,9,Total,9,Total,2,Vehicle-pedestrian accident,9,Total,99,Total,9,Total,99,Total,2013,100
A,Annual,ITF5,Basilicata,ROADACC,Road accidents with injuries,9,Total,9,Total,2,Vehicle-pedestrian accident,9,Total,99,Total,9,Total,99,Total,2014,78
A,Annual,ITF5,Basilicata,ROADACC,Road accidents with injuries,9,Total,9,Total,2,Vehicle-pedestrian accident,9,Total,99,Total,9,Total,99,Total,2015,115
A,Annual,ITF5,Basilicata,ROADACC,Road accidents with injuries,9,Total,9,Total,2,Vehicle-pedestrian accident,9,Total,99,Total,9,Total,99,Total,2016,131
A,Annual,ITF5,Basilicata,ROADACC,Road accidents with injuries,9,Total,9,Total,2,Vehicle-pedestrian accident,9,Total,99,Total,9,Total,99,Total,2017,112
A,Annual,ITF5,Basilicata,ROADACC,Road accidents with injuries,9,Total,9,Total,2,Vehicle-pedestrian accident,9,Total,99,Total,9,Total,99,Total,2018,125
A,Annual,ITF5,Basilicata,ROADACC,Road accidents with injuries,9,Total,9,Total,2,Vehicle-pedestrian accident,9,Total,99,Total,9,Total,99,Total,2019,105
A,Annual,ITF5,Basilicata,ROADACC,Road accidents with injuries,9,Total,9,Total,2,Vehicle-pedestrian accident,9,Total,99,Total,9,Total,99,Total,2020,96
A,Annual,ITF5,Basilicata,ROADACC,Road accidents with injuries,9,Total,9,Total,2,Vehicle-pedestrian accident,9,Total,99,Total,9,Total,99,Total,2021,95
A,Annual,ITF5,Basilicata,ROADACC,Road accidents with injuries,9,Total,9,Total,2,Vehicle-pedestrian accident,9,Total,99,Total,9,Total,99,Total,2022,110
A,Annual,ITF5,Basilicata,ROADACC,Road accidents with injuries,9,Total,9,Total,2,Vehicle-pedestrian accident,9,Total,99,Total,9,Total,99,Total,2023,124
A,Annual,ITF5,Basilicata,ROADACC,Road accidents with injuries,9,Total,9,Total,2,Vehicle-pedestrian accident,9,Total,99,Total,9,Total,99,Total,2024,99
A,Annual,ITF5,Basilicata,ROADACC,Road accidents with injuries,9,Total,9,Total,3,Accidents involving a single vehicle,0,No,99,Total,9,Total,99,Total,2010,310
A,Annual,ITF5,Basilicata,ROADACC,Road accidents with injuries,9,Total,9,Total,3,Accidents involving a single vehicle,0,No,99,Total,9,Total,99,Total,2011,271
A,Annual,ITF5,Basilicata,ROADACC,Road accidents with injuries,9,Total,9,Total,3,Accidents involving a single vehicle,0,No,99,Total,9,Total,99,Total,2012,219
A,Annual,ITF5,Basilicata,ROADACC,Road accidents with injuries,9,Total,9,Total,3,Accidents involving a single vehicle,0,No,99,Total,9,Total,99,Total,2013,270
A,Annual,ITF5,Basilicata,ROADACC,Road accidents with injuries,9,Total,9,Total,3,Accidents involving a single vehicle,0,No,99,Total,9,Total,99,Total,2014,262
A,Annual,ITF5,Basilicata,ROADACC,Road accidents with injuries,9,Total,9,Total,3,Accidents involving a single vehicle,0,No,99,Total,9,Total,99,Total,2015,269
A,Annual,ITF5,Basilicata,ROADACC,Road accidents with injuries,9,Total,9,Total,3,Accidents involving a single vehicle,0,No,99,Total,9,Total,99,Total,2016,245
A,Annual,ITF5,Basilicata,ROADACC,Road accidents with injuries,9,Total,9,Total,3,Accidents involving a single vehicle,0,No,99,Total,9,Total,99,Total,2017,241
A,Annual,ITF5,Basilicata,ROADACC,Road accidents with injuries,9,Total,9,Total,3,Accidents involving a single vehicle,0,No,99,Total,9,Total,99,Total,2018,274
A,Annual,ITF5,Basilicata,ROADACC,Road accidents with injuries,9,Total,9,Total,3,Accidents involving a single vehicle,0,No,99,Total,9,Total,99,Total,2019,250
A,Annual,ITF5,Basilicata,ROADACC,Road accidents with injuries,9,Total,9,Total,3,Accidents involving a single vehicle,0,No,99,Total,9,Total,99,Total,2020,180
A,Annual,ITF5,Basilicata,ROADACC,Road accidents with injuries,9,Total,9,Total,3,Accidents involving a single vehicle,0,No,99,Total,9,Total,99,Total,2021,293
A,Annual,ITF5,Basilicata,ROADACC,Road accidents with injuries,9,Total,9,Total,3,Accidents involving a single vehicle,0,No,99,Total,9,Total,99,Total,2022,272
A,Annual,ITF5,Basilicata,ROADACC,Road accidents with injuries,9,Total,9,Total,3,Accidents involving a single vehicle,0,No,99,Total,9,Total,99,Total,2023,252
A,Annual,ITF5,Basilicata,ROADACC,Road accidents with injuries,9,Total,9,Total,3,Accidents involving a single vehicle,0,No,99,Total,9,Total,99,Total,2024,225
A,Annual,ITF5,Basilicata,ROADACC,Road accidents with injuries,9,Total,9,Total,3,Accidents involving a single vehicle,1,Yes,99,Total,9,Total,99,Total,2010,17
A,Annual,ITF5,Basilicata,ROADACC,Road accidents with injuries,9,Total,9,Total,3,Accidents involving a single vehicle,1,Yes,99,Total,9,Total,99,Total,2011,14
A,Annual,ITF5,Basilicata,ROADACC,Road accidents with injuries,9,Total,9,Total,3,Accidents involving a single vehicle,1,Yes,99,Total,9,Total,99,Total,2012,18
A,Annual,ITF5,Basilicata,ROADACC,Road accidents with injuries,9,Total,9,Total,3,Accidents involving a single vehicle,1,Yes,99,Total,9,Total,99,Total,2013,6
A,Annual,ITF5,Basilicata,ROADACC,Road accidents with injuries,9,Total,9,Total,3,Accidents involving a single vehicle,1,Yes,99,Total,9,Total,99,Total,2014,15
A,Annual,ITF5,Basilicata,ROADACC,Road accidents with injuries,9,Total,9,Total,3,Accidents involving a single vehicle,1,Yes,99,Total,9,Total,99,Total,2015,14
A,Annual,ITF5,Basilicata,ROADACC,Road accidents with injuries,9,Total,9,Total,3,Accidents involving a single vehicle,1,Yes,99,Total,9,Total,99,Total,2016,15
A,Annual,ITF5,Basilicata,ROADACC,Road accidents with injuries,9,Total,9,Total,3,Accidents involving a single vehicle,1,Yes,99,Total,9,Total,99,Total,2017,13
A,Annual,ITF5,Basilicata,ROADACC,Road accidents with injuries,9,Total,9,Total,3,Accidents involving a single vehicle,1,Yes,99,Total,9,Total,99,Total,2018,7
A,Annual,ITF5,Basilicata,ROADACC,Road accidents with injuries,9,Total,9,Total,3,Accidents involving a single vehicle,1,Yes,99,Total,9,Total,99,Total,2019,13
A,Annual,ITF5,Basilicata,ROADACC,Road accidents with injuries,9,Total,9,Total,3,Accidents involving a single vehicle,1,Yes,99,Total,9,Total,99,Total,2020,7
A,Annual,ITF5,Basilicata,ROADACC,Road accidents with injuries,9,Total,9,Total,3,Accidents involving a single vehicle,1,Yes,99,Total,9,Total,99,Total,2021,14
A,Annual,ITF5,Basilicata,ROADACC,Road accidents with injuries,9,Total,9,Total,3,Accidents involving a single vehicle,1,Yes,99,Total,9,Total,99,Total,2022,15
A,Annual,ITF5,Basilicata,ROADACC,Road accidents with injuries,9,Total,9,Total,3,Accidents involving a single vehicle,1,Yes,99,Total,9,Total,99,Total,2023,6
A,Annual,ITF5,Basilicata,ROADACC,Road accidents with injuries,9,Total,9,Total,3,Accidents involving a single vehicle,1,Yes,99,Total,9,Total,99,Total,2024,9
A,Annual,ITF5,Basilicata,ROADACC,Road accidents with injuries,9,Total,9,Total,3,Accidents involving a single vehicle,9,Total,99,Total,9,Total,99,Total,2010,327
A,Annual,ITF5,Basilicata,ROADACC,Road accidents with injuries,9,Total,9,Total,3,Accidents involving a single vehicle,9,Total,99,Total,9,Total,99,Total,2011,285
A,Annual,ITF5,Basilicata,ROADACC,Road accidents with injuries,9,Total,9,Total,3,Accidents involving a single vehicle,9,Total,99,Total,9,Total,99,Total,2012,237
A,Annual,ITF5,Basilicata,ROADACC,Road accidents with injuries,9,Total,9,Total,3,Accidents involving a single vehicle,9,Total,99,Total,9,Total,99,Total,2013,276
A,Annual,ITF5,Basilicata,ROADACC,Road accidents with injuries,9,Total,9,Total,3,Accidents involving a single vehicle,9,Total,99,Total,9,Total,99,Total,2014,277
A,Annual,ITF5,Basilicata,ROADACC,Road accidents with injuries,9,Total,9,Total,3,Accidents involving a single vehicle,9,Total,99,Total,9,Total,99,Total,2015,283
A,Annual,ITF5,Basilicata,ROADACC,Road accidents with injuries,9,Total,9,Total,3,Accidents involving a single vehicle,9,Total,99,Total,9,Total,99,Total,2016,260
A,Annual,ITF5,Basilicata,ROADACC,Road accidents with injuries,9,Total,9,Total,3,Accidents involving a single vehicle,9,Total,99,Total,9,Total,99,Total,2017,254
A,Annual,ITF5,Basilicata,ROADACC,Road accidents with injuries,9,Total,9,Total,3,Accidents involving a single vehicle,9,Total,99,Total,9,Total,99,Total,2018,281
A,Annual,ITF5,Basilicata,ROADACC,Road accidents with injuries,9,Total,9,Total,3,Accidents involving a single vehicle,9,Total,99,Total,9,Total,99,Total,2019,263
A,Annual,ITF5,Basilicata,ROADACC,Road accidents with injuries,9,Total,9,Total,3,Accidents involving a single vehicle,9,Total,99,Total,9,Total,99,Total,2020,187
A,Annual,ITF5,Basilicata,ROADACC,Road accidents with injuries,9,Total,9,Total,3,Accidents involving a single vehicle,9,Total,99,Total,9,Total,99,Total,2021,307
A,Annual,ITF5,Basilicata,ROADACC,Road accidents with injuries,9,Total,9,Total,3,Accidents involving a single vehicle,9,Total,99,Total,9,Total,99,Total,2022,287
A,Annual,ITF5,Basilicata,ROADACC,Road accidents with injuries,9,Total,9,Total,3,Accidents involving a single vehicle,9,Total,99,Total,9,Total,99,Total,2023,258
A,Annual,ITF5,Basilicata,ROADACC,Road accidents with injuries,9,Total,9,Total,3,Accidents involving a single vehicle,9,Total,99,Total,9,Total,99,Total,2024,234
A,Annual,ITF5,Basilicata,ROADACC,Road accidents with injuries,9,Total,9,Total,9,Total,0,No,99,Total,9,Total,99,Total,2010,1102
A,Annual,ITF5,Basilicata,ROADACC,Road accidents with injuries,9,Total,9,Total,9,Total,0,No,99,Total,9,Total,99,Total,2011,1023
A,Annual,ITF5,Basilicata,ROADACC,Road accidents with injuries,9,Total,9,Total,9,Total,0,No,99,Total,9,Total,99,Total,2012,907
A,Annual,ITF5,Basilicata,ROADACC,Road accidents with injuries,9,Total,9,Total,9,Total,0,No,99,Total,9,Total,99,Total,2013,868
A,Annual,ITF5,Basilicata,ROADACC,Road accidents with injuries,9,Total,9,Total,9,Total,0,No,99,Total,9,Total,99,Total,2014,897
A,Annual,ITF5,Basilicata,ROADACC,Road accidents with injuries,9,Total,9,Total,9,Total,0,No,99,Total,9,Total,99,Total,2015,896
A,Annual,ITF5,Basilicata,ROADACC,Road accidents with injuries,9,Total,9,Total,9,Total,0,No,99,Total,9,Total,99,Total,2016,905
A,Annual,ITF5,Basilicata,ROADACC,Road accidents with injuries,9,Total,9,Total,9,Total,0,No,99,Total,9,Total,99,Total,2017,819
A,Annual,ITF5,Basilicata,ROADACC,Road accidents with injuries,9,Total,9,Total,9,Total,0,No,99,Total,9,Total,99,Total,2018,943
A,Annual,ITF5,Basilicata,ROADACC,Road accidents with injuries,9,Total,9,Total,9,Total,0,No,99,Total,9,Total,99,Total,2019,877
A,Annual,ITF5,Basilicata,ROADACC,Road accidents with injuries,9,Total,9,Total,9,Total,0,No,99,Total,9,Total,99,Total,2020,659
A,Annual,ITF5,Basilicata,ROADACC,Road accidents with injuries,9,Total,9,Total,9,Total,0,No,99,Total,9,Total,99,Total,2021,885
A,Annual,ITF5,Basilicata,ROADACC,Road accidents with injuries,9,Total,9,Total,9,Total,0,No,99,Total,9,Total,99,Total,2022,872
A,Annual,ITF5,Basilicata,ROADACC,Road accidents with injuries,9,Total,9,Total,9,Total,0,No,99,Total,9,Total,99,Total,2023,943
A,Annual,ITF5,Basilicata,ROADACC,Road accidents with injuries,9,Total,9,Total,9,Total,0,No,99,Total,9,Total,99,Total,2024,942
A,Annual,ITF5,Basilicata,ROADACC,Road accidents with injuries,9,Total,9,Total,9,Total,1,Yes,99,Total,9,Total,99,Total,2010,45
A,Annual,ITF5,Basilicata,ROADACC,Road accidents with injuries,9,Total,9,Total,9,Total,1,Yes,99,Total,9,Total,99,Total,2011,31
A,Annual,ITF5,Basilicata,ROADACC,Road accidents with injuries,9,Total,9,Total,9,Total,1,Yes,99,Total,9,Total,99,Total,2012,42
A,Annual,ITF5,Basilicata,ROADACC,Road accidents with injuries,9,Total,9,Total,9,Total,1,Yes,99,Total,9,Total,99,Total,2013,20
A,Annual,ITF5,Basilicata,ROADACC,Road accidents with injuries,9,Total,9,Total,9,Total,1,Yes,99,Total,9,Total,99,Total,2014,39
A,Annual,ITF5,Basilicata,ROADACC,Road accidents with injuries,9,Total,9,Total,9,Total,1,Yes,99,Total,9,Total,99,Total,2015,40
A,Annual,ITF5,Basilicata,ROADACC,Road accidents with injuries,9,Total,9,Total,9,Total,1,Yes,99,Total,9,Total,99,Total,2016,40
A,Annual,ITF5,Basilicata,ROADACC,Road accidents with injuries,9,Total,9,Total,9,Total,1,Yes,99,Total,9,Total,99,Total,2017,29
A,Annual,ITF5,Basilicata,ROADACC,Road accidents with injuries,9,Total,9,Total,9,Total,1,Yes,99,Total,9,Total,99,Total,2018,36
A,Annual,ITF5,Basilicata,ROADACC,Road accidents with injuries,9,Total,9,Total,9,Total,1,Yes,99,Total,9,Total,99,Total,2019,26
A,Annual,ITF5,Basilicata,ROADACC,Road accidents with injuries,9,Total,9,Total,9,Total,1,Yes,99,Total,9,Total,99,Total,2020,18
A,Annual,ITF5,Basilicata,ROADACC,Road accidents with injuries,9,Total,9,Total,9,Total,1,Yes,99,Total,9,Total,99,Total,2021,33
A,Annual,ITF5,Basilicata,ROADACC,Road accidents with injuries,9,Total,9,Total,9,Total,1,Yes,99,Total,9,Total,99,Total,2022,42
A,Annual,ITF5,Basilicata,ROADACC,Road accidents with injuries,9,Total,9,Total,9,Total,1,Yes,99,Total,9,Total,99,Total,2023,25
A,Annual,ITF5,Basilicata,ROADACC,Road accidents with injuries,9,Total,9,Total,9,Total,1,Yes,99,Total,9,Total,99,Total,2024,25
A,Annual,ITF5,Basilicata,ROADACC,Road accidents with injuries,9,Total,9,Total,9,Total,9,Total,99,Total,9,Total,99,Total,2010,1147
A,Annual,ITF5,Basilicata,ROADACC,Road accidents with injuries,9,Total,9,Total,9,Total,9,Total,99,Total,9,Total,99,Total,2011,1054
A,Annual,ITF5,Basilicata,ROADACC,Road accidents with injuries,9,Total,9,Total,9,Total,9,Total,99,Total,9,Total,99,Total,2012,949
A,Annual,ITF5,Basilicata,ROADACC,Road accidents with injuries,9,Total,9,Total,9,Total,9,Total,99,Total,9,Total,99,Total,2013,888
A,Annual,ITF5,Basilicata,ROADACC,Road accidents with injuries,9,Total,9,Total,9,Total,9,Total,99,Total,9,Total,99,Total,2014,936
A,Annual,ITF5,Basilicata,ROADACC,Road accidents with injuries,9,Total,9,Total,9,Total,9,Total,99,Total,9,Total,99,Total,2015,936
A,Annual,ITF5,Basilicata,ROADACC,Road accidents with injuries,9,Total,9,Total,9,Total,9,Total,99,Total,9,Total,99,Total,2016,945
A,Annual,ITF5,Basilicata,ROADACC,Road accidents with injuries,9,Total,9,Total,9,Total,9,Total,99,Total,9,Total,99,Total,2017,848
A,Annual,ITF5,Basilicata,ROADACC,Road accidents with injuries,9,Total,9,Total,9,Total,9,Total,99,Total,9,Total,99,Total,2018,979
A,Annual,ITF5,Basilicata,ROADACC,Road accidents with injuries,9,Total,9,Total,9,Total,9,Total,99,Total,9,Total,99,Total,2019,903
A,Annual,ITF5,Basilicata,ROADACC,Road accidents with injuries,9,Total,9,Total,9,Total,9,Total,99,Total,9,Total,99,Total,2020,677
A,Annual,ITF5,Basilicata,ROADACC,Road accidents with injuries,9,Total,9,Total,9,Total,9,Total,99,Total,9,Total,99,Total,2021,918
A,Annual,ITF5,Basilicata,ROADACC,Road accidents with injuries,9,Total,9,Total,9,Total,9,Total,99,Total,9,Total,99,Total,2022,914
A,Annual,ITF5,Basilicata,ROADACC,Road accidents with injuries,9,Total,9,Total,9,Total,9,Total,99,Total,9,Total,99,Total,2023,968
A,Annual,ITF5,Basilicata,ROADACC,Road accidents with injuries,9,Total,9,Total,9,Total,9,Total,99,Total,9,Total,99,Total,2024,967
A,Annual,ITF6,Calabria,ROADACC,Road accidents with injuries,9,Total,9,Total,1,Accidents between vehicles,0,No,99,Total,9,Total,99,Total,2010,2437
A,Annual,ITF6,Calabria,ROADACC,Road accidents with injuries,9,Total,9,Total,1,Accidents between vehicles,0,No,99,Total,9,Total,99,Total,2011,2182
A,Annual,ITF6,Calabria,ROADACC,Road accidents with injuries,9,Total,9,Total,1,Accidents between vehicles,0,No,99,Total,9,Total,99,Total,2012,1931
A,Annual,ITF6,Calabria,ROADACC,Road accidents with injuries,9,Total,9,Total,1,Accidents between vehicles,0,No,99,Total,9,Total,99,Total,2013,1911
A,Annual,ITF6,Calabria,ROADACC,Road accidents with injuries,9,Total,9,Total,1,Accidents between vehicles,0,No,99,Total,9,Total,99,Total,2014,1869
A,Annual,ITF6,Calabria,ROADACC,Road accidents with injuries,9,Total,9,Total,1,Accidents between vehicles,0,No,99,Total,9,Total,99,Total,2015,1820
A,Annual,ITF6,Calabria,ROADACC,Road accidents with injuries,9,Total,9,Total,1,Accidents between vehicles,0,No,99,Total,9,Total,99,Total,2016,1913
A,Annual,ITF6,Calabria,ROADACC,Road accidents with injuries,9,Total,9,Total,1,Accidents between vehicles,0,No,99,Total,9,Total,99,Total,2017,1976
A,Annual,ITF6,Calabria,ROADACC,Road accidents with injuries,9,Total,9,Total,1,Accidents between vehicles,0,No,99,Total,9,Total,99,Total,2018,2012
A,Annual,ITF6,Calabria,ROADACC,Road accidents with injuries,9,Total,9,Total,1,Accidents between vehicles,0,No,99,Total,9,Total,99,Total,2019,1909
A,Annual,ITF6,Calabria,ROADACC,Road accidents with injuries,9,Total,9,Total,1,Accidents between vehicles,0,No,99,Total,9,Total,99,Total,2020,1419
A,Annual,ITF6,Calabria,ROADACC,Road accidents with injuries,9,Total,9,Total,1,Accidents between vehicles,0,No,99,Total,9,Total,99,Total,2021,1792
A,Annual,ITF6,Calabria,ROADACC,Road accidents with injuries,9,Total,9,Total,1,Accidents between vehicles,0,No,99,Total,9,Total,99,Total,2022,1940
A,Annual,ITF6,Calabria,ROADACC,Road accidents with injuries,9,Total,9,Total,1,Accidents between vehicles,0,No,99,Total,9,Total,99,Total,2023,1951
A,Annual,ITF6,Calabria,ROADACC,Road accidents with injuries,9,Total,9,Total,1,Accidents between vehicles,0,No,99,Total,9,Total,99,Total,2024,2151
A,Annual,ITF6,Calabria,ROADACC,Road accidents with injuries,9,Total,9,Total,1,Accidents between vehicles,1,Yes,99,Total,9,Total,99,Total,2010,70
A,Annual,ITF6,Calabria,ROADACC,Road accidents with injuries,9,Total,9,Total,1,Accidents between vehicles,1,Yes,99,Total,9,Total,99,Total,2011,44
A,Annual,ITF6,Calabria,ROADACC,Road accidents with injuries,9,Total,9,Total,1,Accidents between vehicles,1,Yes,99,Total,9,Total,99,Total,2012,66
A,Annual,ITF6,Calabria,ROADACC,Road accidents with injuries,9,Total,9,Total,1,Accidents between vehicles,1,Yes,99,Total,9,Total,99,Total,2013,44
A,Annual,ITF6,Calabria,ROADACC,Road accidents with injuries,9,Total,9,Total,1,Accidents between vehicles,1,Yes,99,Total,9,Total,99,Total,2014,48
A,Annual,ITF6,Calabria,ROADACC,Road accidents with injuries,9,Total,9,Total,1,Accidents between vehicles,1,Yes,99,Total,9,Total,99,Total,2015,39
A,Annual,ITF6,Calabria,ROADACC,Road accidents with injuries,9,Total,9,Total,1,Accidents between vehicles,1,Yes,99,Total,9,Total,99,Total,2016,54
A,Annual,ITF6,Calabria,ROADACC,Road accidents with injuries,9,Total,9,Total,1,Accidents between vehicles,1,Yes,99,Total,9,Total,99,Total,2017,44
A,Annual,ITF6,Calabria,ROADACC,Road accidents with injuries,9,Total,9,Total,1,Accidents between vehicles,1,Yes,99,Total,9,Total,99,Total,2018,66
A,Annual,ITF6,Calabria,ROADACC,Road accidents with injuries,9,Total,9,Total,1,Accidents between vehicles,1,Yes,99,Total,9,Total,99,Total,2019,54
A,Annual,ITF6,Calabria,ROADACC,Road accidents with injuries,9,Total,9,Total,1,Accidents between vehicles,1,Yes,99,Total,9,Total,99,Total,2020,27
A,Annual,ITF6,Calabria,ROADACC,Road accidents with injuries,9,Total,9,Total,1,Accidents between vehicles,1,Yes,99,Total,9,Total,99,Total,2021,40
A,Annual,ITF6,Calabria,ROADACC,Road accidents with injuries,9,Total,9,Total,1,Accidents between vehicles,1,Yes,99,Total,9,Total,99,Total,2022,35
A,Annual,ITF6,Calabria,ROADACC,Road accidents with injuries,9,Total,9,Total,1,Accidents between vehicles,1,Yes,99,Total,9,Total,99,Total,2023,51
A,Annual,ITF6,Calabria,ROADACC,Road accidents with injuries,9,Total,9,Total,1,Accidents between vehicles,1,Yes,99,Total,9,Total,99,Total,2024,53
A,Annual,ITF6,Calabria,ROADACC,Road accidents with injuries,9,Total,9,Total,1,Accidents between vehicles,9,Total,99,Total,9,Total,99,Total,2010,2507
A,Annual,ITF6,Calabria,ROADACC,Road accidents with injuries,9,Total,9,Total,1,Accidents between vehicles,9,Total,99,Total,9,Total,99,Total,2011,2226
A,Annual,ITF6,Calabria,ROADACC,Road accidents with injuries,9,Total,9,Total,1,Accidents between vehicles,9,Total,99,Total,9,Total,99,Total,2012,1997
A,Annual,ITF6,Calabria,ROADACC,Road accidents with injuries,9,Total,9,Total,1,Accidents between vehicles,9,Total,99,Total,9,Total,99,Total,2013,1955
A,Annual,ITF6,Calabria,ROADACC,Road accidents with injuries,9,Total,9,Total,1,Accidents between vehicles,9,Total,99,Total,9,Total,99,Total,2014,1917
A,Annual,ITF6,Calabria,ROADACC,Road accidents with injuries,9,Total,9,Total,1,Accidents between vehicles,9,Total,99,Total,9,Total,99,Total,2015,1859
A,Annual,ITF6,Calabria,ROADACC,Road accidents with injuries,9,Total,9,Total,1,Accidents between vehicles,9,Total,99,Total,9,Total,99,Total,2016,1967
A,Annual,ITF6,Calabria,ROADACC,Road accidents with injuries,9,Total,9,Total,1,Accidents between vehicles,9,Total,99,Total,9,Total,99,Total,2017,2020
A,Annual,ITF6,Calabria,ROADACC,Road accidents with injuries,9,Total,9,Total,1,Accidents between vehicles,9,Total,99,Total,9,Total,99,Total,2018,2078
A,Annual,ITF6,Calabria,ROADACC,Road accidents with injuries,9,Total,9,Total,1,Accidents between vehicles,9,Total,99,Total,9,Total,99,Total,2019,1963
A,Annual,ITF6,Calabria,ROADACC,Road accidents with injuries,9,Total,9,Total,1,Accidents between vehicles,9,Total,99,Total,9,Total,99,Total,2020,1446
A,Annual,ITF6,Calabria,ROADACC,Road accidents with injuries,9,Total,9,Total,1,Accidents between vehicles,9,Total,99,Total,9,Total,99,Total,2021,1832
A,Annual,ITF6,Calabria,ROADACC,Road accidents with injuries,9,Total,9,Total,1,Accidents between vehicles,9,Total,99,Total,9,Total,99,Total,2022,1975
A,Annual,ITF6,Calabria,ROADACC,Road accidents with injuries,9,Total,9,Total,1,Accidents between vehicles,9,Total,99,Total,9,Total,99,Total,2023,2002
A,Annual,ITF6,Calabria,ROADACC,Road accidents with injuries,9,Total,9,Total,1,Accidents between vehicles,9,Total,99,Total,9,Total,99,Total,2024,2204
A,Annual,ITF6,Calabria,ROADACC,Road accidents with injuries,9,Total,9,Total,2,Vehicle-pedestrian accident,0,No,99,Total,9,Total,99,Total,2010,199
A,Annual,ITF6,Calabria,ROADACC,Road accidents with injuries,9,Total,9,Total,2,Vehicle-pedestrian accident,0,No,99,Total,9,Total,99,Total,2011,185
A,Annual,ITF6,Calabria,ROADACC,Road accidents with injuries,9,Total,9,Total,2,Vehicle-pedestrian accident,0,No,99,Total,9,Total,99,Total,2012,245
A,Annual,ITF6,Calabria,ROADACC,Road accidents with injuries,9,Total,9,Total,2,Vehicle-pedestrian accident,0,No,99,Total,9,Total,99,Total,2013,218
A,Annual,ITF6,Calabria,ROADACC,Road accidents with injuries,9,Total,9,Total,2,Vehicle-pedestrian accident,0,No,99,Total,9,Total,99,Total,2014,229
A,Annual,ITF6,Calabria,ROADACC,Road accidents with injuries,9,Total,9,Total,2,Vehicle-pedestrian accident,0,No,99,Total,9,Total,99,Total,2015,233
A,Annual,ITF6,Calabria,ROADACC,Road accidents with injuries,9,Total,9,Total,2,Vehicle-pedestrian accident,0,No,99,Total,9,Total,99,Total,2016,236
A,Annual,ITF6,Calabria,ROADACC,Road accidents with injuries,9,Total,9,Total,2,Vehicle-pedestrian accident,0,No,99,Total,9,Total,99,Total,2017,246
A,Annual,ITF6,Calabria,ROADACC,Road accidents with injuries,9,Total,9,Total,2,Vehicle-pedestrian accident,0,No,99,Total,9,Total,99,Total,2018,236
A,Annual,ITF6,Calabria,ROADACC,Road accidents with injuries,9,Total,9,Total,2,Vehicle-pedestrian accident,0,No,99,Total,9,Total,99,Total,2019,261
A,Annual,ITF6,Calabria,ROADACC,Road accidents with injuries,9,Total,9,Total,2,Vehicle-pedestrian accident,0,No,99,Total,9,Total,99,Total,2020,195
A,Annual,ITF6,Calabria,ROADACC,Road accidents with injuries,9,Total,9,Total,2,Vehicle-pedestrian accident,0,No,99,Total,9,Total,99,Total,2021,196
A,Annual,ITF6,Calabria,ROADACC,Road accidents with injuries,9,Total,9,Total,2,Vehicle-pedestrian accident,0,No,99,Total,9,Total,99,Total,2022,285
A,Annual,ITF6,Calabria,ROADACC,Road accidents with injuries,9,Total,9,Total,2,Vehicle-pedestrian accident,0,No,99,Total,9,Total,99,Total,2023,240
A,Annual,ITF6,Calabria,ROADACC,Road accidents with injuries,9,Total,9,Total,2,Vehicle-pedestrian accident,0,No,99,Total,9,Total,99,Total,2024,269
A,Annual,ITF6,Calabria,ROADACC,Road accidents with injuries,9,Total,9,Total,2,Vehicle-pedestrian accident,1,Yes,99,Total,9,Total,99,Total,2010,12
A,Annual,ITF6,Calabria,ROADACC,Road accidents with injuries,9,Total,9,Total,2,Vehicle-pedestrian accident,1,Yes,99,Total,9,Total,99,Total,2011,12
A,Annual,ITF6,Calabria,ROADACC,Road accidents with injuries,9,Total,9,Total,2,Vehicle-pedestrian accident,1,Yes,99,Total,9,Total,99,Total,2012,16
A,Annual,ITF6,Calabria,ROADACC,Road accidents with injuries,9,Total,9,Total,2,Vehicle-pedestrian accident,1,Yes,99,Total,9,Total,99,Total,2013,11
A,Annual,ITF6,Calabria,ROADACC,Road accidents with injuries,9,Total,9,Total,2,Vehicle-pedestrian accident,1,Yes,99,Total,9,Total,99,Total,2014,9
A,Annual,ITF6,Calabria,ROADACC,Road accidents with injuries,9,Total,9,Total,2,Vehicle-pedestrian accident,1,Yes,99,Total,9,Total,99,Total,2015,14
A,Annual,ITF6,Calabria,ROADACC,Road accidents with injuries,9,Total,9,Total,2,Vehicle-pedestrian accident,1,Yes,99,Total,9,Total,99,Total,2016,15
A,Annual,ITF6,Calabria,ROADACC,Road accidents with injuries,9,Total,9,Total,2,Vehicle-pedestrian accident,1,Yes,99,Total,9,Total,99,Total,2017,20
A,Annual,ITF6,Calabria,ROADACC,Road accidents with injuries,9,Total,9,Total,2,Vehicle-pedestrian accident,1,Yes,99,Total,9,Total,99,Total,2018,19
A,Annual,ITF6,Calabria,ROADACC,Road accidents with injuries,9,Total,9,Total,2,Vehicle-pedestrian accident,1,Yes,99,Total,9,Total,99,Total,2019,12
A,Annual,ITF6,Calabria,ROADACC,Road accidents with injuries,9,Total,9,Total,2,Vehicle-pedestrian accident,1,Yes,99,Total,9,Total,99,Total,2020,13
A,Annual,ITF6,Calabria,ROADACC,Road accidents with injuries,9,Total,9,Total,2,Vehicle-pedestrian accident,1,Yes,99,Total,9,Total,99,Total,2021,9
A,Annual,ITF6,Calabria,ROADACC,Road accidents with injuries,9,Total,9,Total,2,Vehicle-pedestrian accident,1,Yes,99,Total,9,Total,99,Total,2022,10
A,Annual,ITF6,Calabria,ROADACC,Road accidents with injuries,9,Total,9,Total,2,Vehicle-pedestrian accident,1,Yes,99,Total,9,Total,99,Total,2023,12
A,Annual,ITF6,Calabria,ROADACC,Road accidents with injuries,9,Total,9,Total,2,Vehicle-pedestrian accident,1,Yes,99,Total,9,Total,99,Total,2024,11
A,Annual,ITF6,Calabria,ROADACC,Road accidents with injuries,9,Total,9,Total,2,Vehicle-pedestrian accident,9,Total,99,Total,9,Total,99,Total,2010,211
A,Annual,ITF6,Calabria,ROADACC,Road accidents with injuries,9,Total,9,Total,2,Vehicle-pedestrian accident,9,Total,99,Total,9,Total,99,Total,2011,197
A,Annual,ITF6,Calabria,ROADACC,Road accidents with injuries,9,Total,9,Total,2,Vehicle-pedestrian accident,9,Total,99,Total,9,Total,99,Total,2012,261
A,Annual,ITF6,Calabria,ROADACC,Road accidents with injuries,9,Total,9,Total,2,Vehicle-pedestrian accident,9,Total,99,Total,9,Total,99,Total,2013,229
A,Annual,ITF6,Calabria,ROADACC,Road accidents with injuries,9,Total,9,Total,2,Vehicle-pedestrian accident,9,Total,99,Total,9,Total,99,Total,2014,238
A,Annual,ITF6,Calabria,ROADACC,Road accidents with injuries,9,Total,9,Total,2,Vehicle-pedestrian accident,9,Total,99,Total,9,Total,99,Total,2015,247
A,Annual,ITF6,Calabria,ROADACC,Road accidents with injuries,9,Total,9,Total,2,Vehicle-pedestrian accident,9,Total,99,Total,9,Total,99,Total,2016,251
A,Annual,ITF6,Calabria,ROADACC,Road accidents with injuries,9,Total,9,Total,2,Vehicle-pedestrian accident,9,Total,99,Total,9,Total,99,Total,2017,266
A,Annual,ITF6,Calabria,ROADACC,Road accidents with injuries,9,Total,9,Total,2,Vehicle-pedestrian accident,9,Total,99,Total,9,Total,99,Total,2018,255
A,Annual,ITF6,Calabria,ROADACC,Road accidents with injuries,9,Total,9,Total,2,Vehicle-pedestrian accident,9,Total,99,Total,9,Total,99,Total,2019,273
A,Annual,ITF6,Calabria,ROADACC,Road accidents with injuries,9,Total,9,Total,2,Vehicle-pedestrian accident,9,Total,99,Total,9,Total,99,Total,2020,208
A,Annual,ITF6,Calabria,ROADACC,Road accidents with injuries,9,Total,9,Total,2,Vehicle-pedestrian accident,9,Total,99,Total,9,Total,99,Total,2021,205
A,Annual,ITF6,Calabria,ROADACC,Road accidents with injuries,9,Total,9,Total,2,Vehicle-pedestrian accident,9,Total,99,Total,9,Total,99,Total,2022,295
A,Annual,ITF6,Calabria,ROADACC,Road accidents with injuries,9,Total,9,Total,2,Vehicle-pedestrian accident,9,Total,99,Total,9,Total,99,Total,2023,252
A,Annual,ITF6,Calabria,ROADACC,Road accidents with injuries,9,Total,9,Total,2,Vehicle-pedestrian accident,9,Total,99,Total,9,Total,99,Total,2024,280
A,Annual,ITF6,Calabria,ROADACC,Road accidents with injuries,9,Total,9,Total,3,Accidents involving a single vehicle,0,No,99,Total,9,Total,99,Total,2010,616
A,Annual,ITF6,Calabria,ROADACC,Road accidents with injuries,9,Total,9,Total,3,Accidents involving a single vehicle,0,No,99,Total,9,Total,99,Total,2011,533
A,Annual,ITF6,Calabria,ROADACC,Road accidents with injuries,9,Total,9,Total,3,Accidents involving a single vehicle,0,No,99,Total,9,Total,99,Total,2012,485
A,Annual,ITF6,Calabria,ROADACC,Road accidents with injuries,9,Total,9,Total,3,Accidents involving a single vehicle,0,No,99,Total,9,Total,99,Total,2013,556
A,Annual,ITF6,Calabria,ROADACC,Road accidents with injuries,9,Total,9,Total,3,Accidents involving a single vehicle,0,No,99,Total,9,Total,99,Total,2014,472
A,Annual,ITF6,Calabria,ROADACC,Road accidents with injuries,9,Total,9,Total,3,Accidents involving a single vehicle,0,No,99,Total,9,Total,99,Total,2015,592
A,Annual,ITF6,Calabria,ROADACC,Road accidents with injuries,9,Total,9,Total,3,Accidents involving a single vehicle,0,No,99,Total,9,Total,99,Total,2016,604
A,Annual,ITF6,Calabria,ROADACC,Road accidents with injuries,9,Total,9,Total,3,Accidents involving a single vehicle,0,No,99,Total,9,Total,99,Total,2017,594
A,Annual,ITF6,Calabria,ROADACC,Road accidents with injuries,9,Total,9,Total,3,Accidents involving a single vehicle,0,No,99,Total,9,Total,99,Total,2018,564
A,Annual,ITF6,Calabria,ROADACC,Road accidents with injuries,9,Total,9,Total,3,Accidents involving a single vehicle,0,No,99,Total,9,Total,99,Total,2019,506
A,Annual,ITF6,Calabria,ROADACC,Road accidents with injuries,9,Total,9,Total,3,Accidents involving a single vehicle,0,No,99,Total,9,Total,99,Total,2020,408
A,Annual,ITF6,Calabria,ROADACC,Road accidents with injuries,9,Total,9,Total,3,Accidents involving a single vehicle,0,No,99,Total,9,Total,99,Total,2021,522
A,Annual,ITF6,Calabria,ROADACC,Road accidents with injuries,9,Total,9,Total,3,Accidents involving a single vehicle,0,No,99,Total,9,Total,99,Total,2022,556
A,Annual,ITF6,Calabria,ROADACC,Road accidents with injuries,9,Total,9,Total,3,Accidents involving a single vehicle,0,No,99,Total,9,Total,99,Total,2023,549
A,Annual,ITF6,Calabria,ROADACC,Road accidents with injuries,9,Total,9,Total,3,Accidents involving a single vehicle,0,No,99,Total,9,Total,99,Total,2024,602
A,Annual,ITF6,Calabria,ROADACC,Road accidents with injuries,9,Total,9,Total,3,Accidents involving a single vehicle,1,Yes,99,Total,9,Total,99,Total,2010,44
A,Annual,ITF6,Calabria,ROADACC,Road accidents with injuries,9,Total,9,Total,3,Accidents involving a single vehicle,1,Yes,99,Total,9,Total,99,Total,2011,33
A,Annual,ITF6,Calabria,ROADACC,Road accidents with injuries,9,Total,9,Total,3,Accidents involving a single vehicle,1,Yes,99,Total,9,Total,99,Total,2012,29
A,Annual,ITF6,Calabria,ROADACC,Road accidents with injuries,9,Total,9,Total,3,Accidents involving a single vehicle,1,Yes,99,Total,9,Total,99,Total,2013,33
A,Annual,ITF6,Calabria,ROADACC,Road accidents with injuries,9,Total,9,Total,3,Accidents involving a single vehicle,1,Yes,99,Total,9,Total,99,Total,2014,32
A,Annual,ITF6,Calabria,ROADACC,Road accidents with injuries,9,Total,9,Total,3,Accidents involving a single vehicle,1,Yes,99,Total,9,Total,99,Total,2015,35
A,Annual,ITF6,Calabria,ROADACC,Road accidents with injuries,9,Total,9,Total,3,Accidents involving a single vehicle,1,Yes,99,Total,9,Total,99,Total,2016,29
A,Annual,ITF6,Calabria,ROADACC,Road accidents with injuries,9,Total,9,Total,3,Accidents involving a single vehicle,1,Yes,99,Total,9,Total,99,Total,2017,30
A,Annual,ITF6,Calabria,ROADACC,Road accidents with injuries,9,Total,9,Total,3,Accidents involving a single vehicle,1,Yes,99,Total,9,Total,99,Total,2018,32
A,Annual,ITF6,Calabria,ROADACC,Road accidents with injuries,9,Total,9,Total,3,Accidents involving a single vehicle,1,Yes,99,Total,9,Total,99,Total,2019,29
A,Annual,ITF6,Calabria,ROADACC,Road accidents with injuries,9,Total,9,Total,3,Accidents involving a single vehicle,1,Yes,99,Total,9,Total,99,Total,2020,17
A,Annual,ITF6,Calabria,ROADACC,Road accidents with injuries,9,Total,9,Total,3,Accidents involving a single vehicle,1,Yes,99,Total,9,Total,99,Total,2021,28
A,Annual,ITF6,Calabria,ROADACC,Road accidents with injuries,9,Total,9,Total,3,Accidents involving a single vehicle,1,Yes,99,Total,9,Total,99,Total,2022,21
A,Annual,ITF6,Calabria,ROADACC,Road accidents with injuries,9,Total,9,Total,3,Accidents involving a single vehicle,1,Yes,99,Total,9,Total,99,Total,2023,37
A,Annual,ITF6,Calabria,ROADACC,Road accidents with injuries,9,Total,9,Total,3,Accidents involving a single vehicle,1,Yes,99,Total,9,Total,99,Total,2024,21
A,Annual,ITF6,Calabria,ROADACC,Road accidents with injuries,9,Total,9,Total,3,Accidents involving a single vehicle,9,Total,99,Total,9,Total,99,Total,2010,660
A,Annual,ITF6,Calabria,ROADACC,Road accidents with injuries,9,Total,9,Total,3,Accidents involving a single vehicle,9,Total,99,Total,9,Total,99,Total,2011,566
A,Annual,ITF6,Calabria,ROADACC,Road accidents with injuries,9,Total,9,Total,3,Accidents involving a single vehicle,9,Total,99,Total,9,Total,99,Total,2012,514
A,Annual,ITF6,Calabria,ROADACC,Road accidents with injuries,9,Total,9,Total,3,Accidents involving a single vehicle,9,Total,99,Total,9,Total,99,Total,2013,589
A,Annual,ITF6,Calabria,ROADACC,Road accidents with injuries,9,Total,9,Total,3,Accidents involving a single vehicle,9,Total,99,Total,9,Total,99,Total,2014,504
A,Annual,ITF6,Calabria,ROADACC,Road accidents with injuries,9,Total,9,Total,3,Accidents involving a single vehicle,9,Total,99,Total,9,Total,99,Total,2015,627
A,Annual,ITF6,Calabria,ROADACC,Road accidents with injuries,9,Total,9,Total,3,Accidents involving a single vehicle,9,Total,99,Total,9,Total,99,Total,2016,633
A,Annual,ITF6,Calabria,ROADACC,Road accidents with injuries,9,Total,9,Total,3,Accidents involving a single vehicle,9,Total,99,Total,9,Total,99,Total,2017,624
A,Annual,ITF6,Calabria,ROADACC,Road accidents with injuries,9,Total,9,Total,3,Accidents involving a single vehicle,9,Total,99,Total,9,Total,99,Total,2018,596
A,Annual,ITF6,Calabria,ROADACC,Road accidents with injuries,9,Total,9,Total,3,Accidents involving a single vehicle,9,Total,99,Total,9,Total,99,Total,2019,535
A,Annual,ITF6,Calabria,ROADACC,Road accidents with injuries,9,Total,9,Total,3,Accidents involving a single vehicle,9,Total,99,Total,9,Total,99,Total,2020,425
A,Annual,ITF6,Calabria,ROADACC,Road accidents with injuries,9,Total,9,Total,3,Accidents involving a single vehicle,9,Total,99,Total,9,Total,99,Total,2021,550
A,Annual,ITF6,Calabria,ROADACC,Road accidents with injuries,9,Total,9,Total,3,Accidents involving a single vehicle,9,Total,99,Total,9,Total,99,Total,2022,577
A,Annual,ITF6,Calabria,ROADACC,Road accidents with injuries,9,Total,9,Total,3,Accidents involving a single vehicle,9,Total,99,Total,9,Total,99,Total,2023,586
A,Annual,ITF6,Calabria,ROADACC,Road accidents with injuries,9,Total,9,Total,3,Accidents involving a single vehicle,9,Total,99,Total,9,Total,99,Total,2024,623
A,Annual,ITF6,Calabria,ROADACC,Road accidents with injuries,9,Total,9,Total,9,Total,0,No,99,Total,9,Total,99,Total,2010,3252
A,Annual,ITF6,Calabria,ROADACC,Road accidents with injuries,9,Total,9,Total,9,Total,0,No,99,Total,9,Total,99,Total,2011,2900
A,Annual,ITF6,Calabria,ROADACC,Road accidents with injuries,9,Total,9,Total,9,Total,0,No,99,Total,9,Total,99,Total,2012,2661
A,Annual,ITF6,Calabria,ROADACC,Road accidents with injuries,9,Total,9,Total,9,Total,0,No,99,Total,9,Total,99,Total,2013,2685
A,Annual,ITF6,Calabria,ROADACC,Road accidents with injuries,9,Total,9,Total,9,Total,0,No,99,Total,9,Total,99,Total,2014,2570
A,Annual,ITF6,Calabria,ROADACC,Road accidents with injuries,9,Total,9,Total,9,Total,0,No,99,Total,9,Total,99,Total,2015,2645
A,Annual,ITF6,Calabria,ROADACC,Road accidents with injuries,9,Total,9,Total,9,Total,0,No,99,Total,9,Total,99,Total,2016,2753
A,Annual,ITF6,Calabria,ROADACC,Road accidents with injuries,9,Total,9,Total,9,Total,0,No,99,Total,9,Total,99,Total,2017,2816
A,Annual,ITF6,Calabria,ROADACC,Road accidents with injuries,9,Total,9,Total,9,Total,0,No,99,Total,9,Total,99,Total,2018,2812
A,Annual,ITF6,Calabria,ROADACC,Road accidents with injuries,9,Total,9,Total,9,Total,0,No,99,Total,9,Total,99,Total,2019,2676
A,Annual,ITF6,Calabria,ROADACC,Road accidents with injuries,9,Total,9,Total,9,Total,0,No,99,Total,9,Total,99,Total,2020,2022
A,Annual,ITF6,Calabria,ROADACC,Road accidents with injuries,9,Total,9,Total,9,Total,0,No,99,Total,9,Total,99,Total,2021,2510
A,Annual,ITF6,Calabria,ROADACC,Road accidents with injuries,9,Total,9,Total,9,Total,0,No,99,Total,9,Total,99,Total,2022,2781
A,Annual,ITF6,Calabria,ROADACC,Road accidents with injuries,9,Total,9,Total,9,Total,0,No,99,Total,9,Total,99,Total,2023,2740
A,Annual,ITF6,Calabria,ROADACC,Road accidents with injuries,9,Total,9,Total,9,Total,0,No,99,Total,9,Total,99,Total,2024,3022
A,Annual,ITF6,Calabria,ROADACC,Road accidents with injuries,9,Total,9,Total,9,Total,1,Yes,99,Total,9,Total,99,Total,2010,126
A,Annual,ITF6,Calabria,ROADACC,Road accidents with injuries,9,Total,9,Total,9,Total,1,Yes,99,Total,9,Total,99,Total,2011,89
A,Annual,ITF6,Calabria,ROADACC,Road accidents with injuries,9,Total,9,Total,9,Total,1,Yes,99,Total,9,Total,99,Total,2012,111
A,Annual,ITF6,Calabria,ROADACC,Road accidents with injuries,9,Total,9,Total,9,Total,1,Yes,99,Total,9,Total,99,Total,2013,88
A,Annual,ITF6,Calabria,ROADACC,Road accidents with injuries,9,Total,9,Total,9,Total,1,Yes,99,Total,9,Total,99,Total,2014,89
A,Annual,ITF6,Calabria,ROADACC,Road accidents with injuries,9,Total,9,Total,9,Total,1,Yes,99,Total,9,Total,99,Total,2015,88
A,Annual,ITF6,Calabria,ROADACC,Road accidents with injuries,9,Total,9,Total,9,Total,1,Yes,99,Total,9,Total,99,Total,2016,98
A,Annual,ITF6,Calabria,ROADACC,Road accidents with injuries,9,Total,9,Total,9,Total,1,Yes,99,Total,9,Total,99,Total,2017,94
A,Annual,ITF6,Calabria,ROADACC,Road accidents with injuries,9,Total,9,Total,9,Total,1,Yes,99,Total,9,Total,99,Total,2018,117
A,Annual,ITF6,Calabria,ROADACC,Road accidents with injuries,9,Total,9,Total,9,Total,1,Yes,99,Total,9,Total,99,Total,2019,95
A,Annual,ITF6,Calabria,ROADACC,Road accidents with injuries,9,Total,9,Total,9,Total,1,Yes,99,Total,9,Total,99,Total,2020,57
A,Annual,ITF6,Calabria,ROADACC,Road accidents with injuries,9,Total,9,Total,9,Total,1,Yes,99,Total,9,Total,99,Total,2021,77
A,Annual,ITF6,Calabria,ROADACC,Road accidents with injuries,9,Total,9,Total,9,Total,1,Yes,99,Total,9,Total,99,Total,2022,66
A,Annual,ITF6,Calabria,ROADACC,Road accidents with injuries,9,Total,9,Total,9,Total,1,Yes,99,Total,9,Total,99,Total,2023,100
A,Annual,ITF6,Calabria,ROADACC,Road accidents with injuries,9,Total,9,Total,9,Total,1,Yes,99,Total,9,Total,99,Total,2024,85
A,Annual,ITF6,Calabria,ROADACC,Road accidents with injuries,9,Total,9,Total,9,Total,9,Total,99,Total,9,Total,99,Total,2010,3378
A,Annual,ITF6,Calabria,ROADACC,Road accidents with injuries,9,Total,9,Total,9,Total,9,Total,99,Total,9,Total,99,Total,2011,2989
A,Annual,ITF6,Calabria,ROADACC,Road accidents with injuries,9,Total,9,Total,9,Total,9,Total,99,Total,9,Total,99,Total,2012,2772
A,Annual,ITF6,Calabria,ROADACC,Road accidents with injuries,9,Total,9,Total,9,Total,9,Total,99,Total,9,Total,99,Total,2013,2773
A,Annual,ITF6,Calabria,ROADACC,Road accidents with injuries,9,Total,9,Total,9,Total,9,Total,99,Total,9,Total,99,Total,2014,2659
A,Annual,ITF6,Calabria,ROADACC,Road accidents with injuries,9,Total,9,Total,9,Total,9,Total,99,Total,9,Total,99,Total,2015,2733
A,Annual,ITF6,Calabria,ROADACC,Road accidents with injuries,9,Total,9,Total,9,Total,9,Total,99,Total,9,Total,99,Total,2016,2851
A,Annual,ITF6,Calabria,ROADACC,Road accidents with injuries,9,Total,9,Total,9,Total,9,Total,99,Total,9,Total,99,Total,2017,2910
A,Annual,ITF6,Calabria,ROADACC,Road accidents with injuries,9,Total,9,Total,9,Total,9,Total,99,Total,9,Total,99,Total,2018,2929
A,Annual,ITF6,Calabria,ROADACC,Road accidents with injuries,9,Total,9,Total,9,Total,9,Total,99,Total,9,Total,99,Total,2019,2771
A,Annual,ITF6,Calabria,ROADACC,Road accidents with injuries,9,Total,9,Total,9,Total,9,Total,99,Total,9,Total,99,Total,2020,2079
A,Annual,ITF6,Calabria,ROADACC,Road accidents with injuries,9,Total,9,Total,9,Total,9,Total,99,Total,9,Total,99,Total,2021,2587
A,Annual,ITF6,Calabria,ROADACC,Road accidents with injuries,9,Total,9,Total,9,Total,9,Total,99,Total,9,Total,99,Total,2022,2847
A,Annual,ITF6,Calabria,ROADACC,Road accidents with injuries,9,Total,9,Total,9,Total,9,Total,99,Total,9,Total,99,Total,2023,2840
A,Annual,ITF6,Calabria,ROADACC,Road accidents with injuries,9,Total,9,Total,9,Total,9,Total,99,Total,9,Total,99,Total,2024,3107
A,Annual,ITG1,Sicilia,ROADACC,Road accidents with injuries,9,Total,9,Total,1,Accidents between vehicles,0,No,99,Total,9,Total,99,Total,2010,10958
A,Annual,ITG1,Sicilia,ROADACC,Road accidents with injuries,9,Total,9,Total,1,Accidents between vehicles,0,No,99,Total,9,Total,99,Total,2011,9965
A,Annual,ITG1,Sicilia,ROADACC,Road accidents with injuries,9,Total,9,Total,1,Accidents between vehicles,0,No,99,Total,9,Total,99,Total,2012,8814
A,Annual,ITG1,Sicilia,ROADACC,Road accidents with injuries,9,Total,9,Total,1,Accidents between vehicles,0,No,99,Total,9,Total,99,Total,2013,8667
A,Annual,ITG1,Sicilia,ROADACC,Road accidents with injuries,9,Total,9,Total,1,Accidents between vehicles,0,No,99,Total,9,Total,99,Total,2014,8470
A,Annual,ITG1,Sicilia,ROADACC,Road accidents with injuries,9,Total,9,Total,1,Accidents between vehicles,0,No,99,Total,9,Total,99,Total,2015,7874
A,Annual,ITG1,Sicilia,ROADACC,Road accidents with injuries,9,Total,9,Total,1,Accidents between vehicles,0,No,99,Total,9,Total,99,Total,2016,8254
A,Annual,ITG1,Sicilia,ROADACC,Road accidents with injuries,9,Total,9,Total,1,Accidents between vehicles,0,No,99,Total,9,Total,99,Total,2017,8061
A,Annual,ITG1,Sicilia,ROADACC,Road accidents with injuries,9,Total,9,Total,1,Accidents between vehicles,0,No,99,Total,9,Total,99,Total,2018,8103
A,Annual,ITG1,Sicilia,ROADACC,Road accidents with injuries,9,Total,9,Total,1,Accidents between vehicles,0,No,99,Total,9,Total,99,Total,2019,7665
A,Annual,ITG1,Sicilia,ROADACC,Road accidents with injuries,9,Total,9,Total,1,Accidents between vehicles,0,No,99,Total,9,Total,99,Total,2020,5682
A,Annual,ITG1,Sicilia,ROADACC,Road accidents with injuries,9,Total,9,Total,1,Accidents between vehicles,0,No,99,Total,9,Total,99,Total,2021,7150
A,Annual,ITG1,Sicilia,ROADACC,Road accidents with injuries,9,Total,9,Total,1,Accidents between vehicles,0,No,99,Total,9,Total,99,Total,2022,7543
A,Annual,ITG1,Sicilia,ROADACC,Road accidents with injuries,9,Total,9,Total,1,Accidents between vehicles,0,No,99,Total,9,Total,99,Total,2023,7772
A,Annual,ITG1,Sicilia,ROADACC,Road accidents with injuries,9,Total,9,Total,1,Accidents between vehicles,0,No,99,Total,9,Total,99,Total,2024,8293
A,Annual,ITG1,Sicilia,ROADACC,Road accidents with injuries,9,Total,9,Total,1,Accidents between vehicles,1,Yes,99,Total,9,Total,99,Total,2010,146
A,Annual,ITG1,Sicilia,ROADACC,Road accidents with injuries,9,Total,9,Total,1,Accidents between vehicles,1,Yes,99,Total,9,Total,99,Total,2011,126
A,Annual,ITG1,Sicilia,ROADACC,Road accidents with injuries,9,Total,9,Total,1,Accidents between vehicles,1,Yes,99,Total,9,Total,99,Total,2012,106
A,Annual,ITG1,Sicilia,ROADACC,Road accidents with injuries,9,Total,9,Total,1,Accidents between vehicles,1,Yes,99,Total,9,Total,99,Total,2013,115
A,Annual,ITG1,Sicilia,ROADACC,Road accidents with injuries,9,Total,9,Total,1,Accidents between vehicles,1,Yes,99,Total,9,Total,99,Total,2014,100
A,Annual,ITG1,Sicilia,ROADACC,Road accidents with injuries,9,Total,9,Total,1,Accidents between vehicles,1,Yes,99,Total,9,Total,99,Total,2015,111
A,Annual,ITG1,Sicilia,ROADACC,Road accidents with injuries,9,Total,9,Total,1,Accidents between vehicles,1,Yes,99,Total,9,Total,99,Total,2016,94
A,Annual,ITG1,Sicilia,ROADACC,Road accidents with injuries,9,Total,9,Total,1,Accidents between vehicles,1,Yes,99,Total,9,Total,99,Total,2017,95
A,Annual,ITG1,Sicilia,ROADACC,Road accidents with injuries,9,Total,9,Total,1,Accidents between vehicles,1,Yes,99,Total,9,Total,99,Total,2018,98
A,Annual,ITG1,Sicilia,ROADACC,Road accidents with injuries,9,Total,9,Total,1,Accidents between vehicles,1,Yes,99,Total,9,Total,99,Total,2019,85
A,Annual,ITG1,Sicilia,ROADACC,Road accidents with injuries,9,Total,9,Total,1,Accidents between vehicles,1,Yes,99,Total,9,Total,99,Total,2020,85
A,Annual,ITG1,Sicilia,ROADACC,Road accidents with injuries,9,Total,9,Total,1,Accidents between vehicles,1,Yes,99,Total,9,Total,99,Total,2021,106
A,Annual,ITG1,Sicilia,ROADACC,Road accidents with injuries,9,Total,9,Total,1,Accidents between vehicles,1,Yes,99,Total,9,Total,99,Total,2022,96
A,Annual,ITG1,Sicilia,ROADACC,Road accidents with injuries,9,Total,9,Total,1,Accidents between vehicles,1,Yes,99,Total,9,Total,99,Total,2023,112
A,Annual,ITG1,Sicilia,ROADACC,Road accidents with injuries,9,Total,9,Total,1,Accidents between vehicles,1,Yes,99,Total,9,Total,99,Total,2024,114
A,Annual,ITG1,Sicilia,ROADACC,Road accidents with injuries,9,Total,9,Total,1,Accidents between vehicles,9,Total,99,Total,9,Total,99,Total,2010,11104
A,Annual,ITG1,Sicilia,ROADACC,Road accidents with injuries,9,Total,9,Total,1,Accidents between vehicles,9,Total,99,Total,9,Total,99,Total,2011,10091
A,Annual,ITG1,Sicilia,ROADACC,Road accidents with injuries,9,Total,9,Total,1,Accidents between vehicles,9,Total,99,Total,9,Total,99,Total,2012,8920
A,Annual,ITG1,Sicilia,ROADACC,Road accidents with injuries,9,Total,9,Total,1,Accidents between vehicles,9,Total,99,Total,9,Total,99,Total,2013,8782
A,Annual,ITG1,Sicilia,ROADACC,Road accidents with injuries,9,Total,9,Total,1,Accidents between vehicles,9,Total,99,Total,9,Total,99,Total,2014,8570
A,Annual,ITG1,Sicilia,ROADACC,Road accidents with injuries,9,Total,9,Total,1,Accidents between vehicles,9,Total,99,Total,9,Total,99,Total,2015,7985
A,Annual,ITG1,Sicilia,ROADACC,Road accidents with injuries,9,Total,9,Total,1,Accidents between vehicles,9,Total,99,Total,9,Total,99,Total,2016,8348
A,Annual,ITG1,Sicilia,ROADACC,Road accidents with injuries,9,Total,9,Total,1,Accidents between vehicles,9,Total,99,Total,9,Total,99,Total,2017,8156
A,Annual,ITG1,Sicilia,ROADACC,Road accidents with injuries,9,Total,9,Total,1,Accidents between vehicles,9,Total,99,Total,9,Total,99,Total,2018,8201
A,Annual,ITG1,Sicilia,ROADACC,Road accidents with injuries,9,Total,9,Total,1,Accidents between vehicles,9,Total,99,Total,9,Total,99,Total,2019,7750
A,Annual,ITG1,Sicilia,ROADACC,Road accidents with injuries,9,Total,9,Total,1,Accidents between vehicles,9,Total,99,Total,9,Total,99,Total,2020,5767
A,Annual,ITG1,Sicilia,ROADACC,Road accidents with injuries,9,Total,9,Total,1,Accidents between vehicles,9,Total,99,Total,9,Total,99,Total,2021,7256
A,Annual,ITG1,Sicilia,ROADACC,Road accidents with injuries,9,Total,9,Total,1,Accidents between vehicles,9,Total,99,Total,9,Total,99,Total,2022,7639
A,Annual,ITG1,Sicilia,ROADACC,Road accidents with injuries,9,Total,9,Total,1,Accidents between vehicles,9,Total,99,Total,9,Total,99,Total,2023,7884
A,Annual,ITG1,Sicilia,ROADACC,Road accidents with injuries,9,Total,9,Total,1,Accidents between vehicles,9,Total,99,Total,9,Total,99,Total,2024,8407
A,Annual,ITG1,Sicilia,ROADACC,Road accidents with injuries,9,Total,9,Total,2,Vehicle-pedestrian accident,0,No,99,Total,9,Total,99,Total,2010,1056
A,Annual,ITG1,Sicilia,ROADACC,Road accidents with injuries,9,Total,9,Total,2,Vehicle-pedestrian accident,0,No,99,Total,9,Total,99,Total,2011,988
A,Annual,ITG1,Sicilia,ROADACC,Road accidents with injuries,9,Total,9,Total,2,Vehicle-pedestrian accident,0,No,99,Total,9,Total,99,Total,2012,960
A,Annual,ITG1,Sicilia,ROADACC,Road accidents with injuries,9,Total,9,Total,2,Vehicle-pedestrian accident,0,No,99,Total,9,Total,99,Total,2013,1009
A,Annual,ITG1,Sicilia,ROADACC,Road accidents with injuries,9,Total,9,Total,2,Vehicle-pedestrian accident,0,No,99,Total,9,Total,99,Total,2014,968
A,Annual,ITG1,Sicilia,ROADACC,Road accidents with injuries,9,Total,9,Total,2,Vehicle-pedestrian accident,0,No,99,Total,9,Total,99,Total,2015,977
A,Annual,ITG1,Sicilia,ROADACC,Road accidents with injuries,9,Total,9,Total,2,Vehicle-pedestrian accident,0,No,99,Total,9,Total,99,Total,2016,938
A,Annual,ITG1,Sicilia,ROADACC,Road accidents with injuries,9,Total,9,Total,2,Vehicle-pedestrian accident,0,No,99,Total,9,Total,99,Total,2017,1100
A,Annual,ITG1,Sicilia,ROADACC,Road accidents with injuries,9,Total,9,Total,2,Vehicle-pedestrian accident,0,No,99,Total,9,Total,99,Total,2018,1079
A,Annual,ITG1,Sicilia,ROADACC,Road accidents with injuries,9,Total,9,Total,2,Vehicle-pedestrian accident,0,No,99,Total,9,Total,99,Total,2019,1016
A,Annual,ITG1,Sicilia,ROADACC,Road accidents with injuries,9,Total,9,Total,2,Vehicle-pedestrian accident,0,No,99,Total,9,Total,99,Total,2020,713
A,Annual,ITG1,Sicilia,ROADACC,Road accidents with injuries,9,Total,9,Total,2,Vehicle-pedestrian accident,0,No,99,Total,9,Total,99,Total,2021,870
A,Annual,ITG1,Sicilia,ROADACC,Road accidents with injuries,9,Total,9,Total,2,Vehicle-pedestrian accident,0,No,99,Total,9,Total,99,Total,2022,829
A,Annual,ITG1,Sicilia,ROADACC,Road accidents with injuries,9,Total,9,Total,2,Vehicle-pedestrian accident,0,No,99,Total,9,Total,99,Total,2023,921
A,Annual,ITG1,Sicilia,ROADACC,Road accidents with injuries,9,Total,9,Total,2,Vehicle-pedestrian accident,0,No,99,Total,9,Total,99,Total,2024,927
A,Annual,ITG1,Sicilia,ROADACC,Road accidents with injuries,9,Total,9,Total,2,Vehicle-pedestrian accident,1,Yes,99,Total,9,Total,99,Total,2010,42
A,Annual,ITG1,Sicilia,ROADACC,Road accidents with injuries,9,Total,9,Total,2,Vehicle-pedestrian accident,1,Yes,99,Total,9,Total,99,Total,2011,39
A,Annual,ITG1,Sicilia,ROADACC,Road accidents with injuries,9,Total,9,Total,2,Vehicle-pedestrian accident,1,Yes,99,Total,9,Total,99,Total,2012,38
A,Annual,ITG1,Sicilia,ROADACC,Road accidents with injuries,9,Total,9,Total,2,Vehicle-pedestrian accident,1,Yes,99,Total,9,Total,99,Total,2013,33
A,Annual,ITG1,Sicilia,ROADACC,Road accidents with injuries,9,Total,9,Total,2,Vehicle-pedestrian accident,1,Yes,99,Total,9,Total,99,Total,2014,28
A,Annual,ITG1,Sicilia,ROADACC,Road accidents with injuries,9,Total,9,Total,2,Vehicle-pedestrian accident,1,Yes,99,Total,9,Total,99,Total,2015,41
A,Annual,ITG1,Sicilia,ROADACC,Road accidents with injuries,9,Total,9,Total,2,Vehicle-pedestrian accident,1,Yes,99,Total,9,Total,99,Total,2016,30
A,Annual,ITG1,Sicilia,ROADACC,Road accidents with injuries,9,Total,9,Total,2,Vehicle-pedestrian accident,1,Yes,99,Total,9,Total,99,Total,2017,33
A,Annual,ITG1,Sicilia,ROADACC,Road accidents with injuries,9,Total,9,Total,2,Vehicle-pedestrian accident,1,Yes,99,Total,9,Total,99,Total,2018,39
A,Annual,ITG1,Sicilia,ROADACC,Road accidents with injuries,9,Total,9,Total,2,Vehicle-pedestrian accident,1,Yes,99,Total,9,Total,99,Total,2019,34
A,Annual,ITG1,Sicilia,ROADACC,Road accidents with injuries,9,Total,9,Total,2,Vehicle-pedestrian accident,1,Yes,99,Total,9,Total,99,Total,2020,24
A,Annual,ITG1,Sicilia,ROADACC,Road accidents with injuries,9,Total,9,Total,2,Vehicle-pedestrian accident,1,Yes,99,Total,9,Total,99,Total,2021,26
A,Annual,ITG1,Sicilia,ROADACC,Road accidents with injuries,9,Total,9,Total,2,Vehicle-pedestrian accident,1,Yes,99,Total,9,Total,99,Total,2022,38
A,Annual,ITG1,Sicilia,ROADACC,Road accidents with injuries,9,Total,9,Total,2,Vehicle-pedestrian accident,1,Yes,99,Total,9,Total,99,Total,2023,38
A,Annual,ITG1,Sicilia,ROADACC,Road accidents with injuries,9,Total,9,Total,2,Vehicle-pedestrian accident,1,Yes,99,Total,9,Total,99,Total,2024,33
A,Annual,ITG1,Sicilia,ROADACC,Road accidents with injuries,9,Total,9,Total,2,Vehicle-pedestrian accident,9,Total,99,Total,9,Total,99,Total,2010,1098
A,Annual,ITG1,Sicilia,ROADACC,Road accidents with injuries,9,Total,9,Total,2,Vehicle-pedestrian accident,9,Total,99,Total,9,Total,99,Total,2011,1027
A,Annual,ITG1,Sicilia,ROADACC,Road accidents with injuries,9,Total,9,Total,2,Vehicle-pedestrian accident,9,Total,99,Total,9,Total,99,Total,2012,998
A,Annual,ITG1,Sicilia,ROADACC,Road accidents with injuries,9,Total,9,Total,2,Vehicle-pedestrian accident,9,Total,99,Total,9,Total,99,Total,2013,1042
A,Annual,ITG1,Sicilia,ROADACC,Road accidents with injuries,9,Total,9,Total,2,Vehicle-pedestrian accident,9,Total,99,Total,9,Total,99,Total,2014,996
A,Annual,ITG1,Sicilia,ROADACC,Road accidents with injuries,9,Total,9,Total,2,Vehicle-pedestrian accident,9,Total,99,Total,9,Total,99,Total,2015,1018
A,Annual,ITG1,Sicilia,ROADACC,Road accidents with injuries,9,Total,9,Total,2,Vehicle-pedestrian accident,9,Total,99,Total,9,Total,99,Total,2016,968
A,Annual,ITG1,Sicilia,ROADACC,Road accidents with injuries,9,Total,9,Total,2,Vehicle-pedestrian accident,9,Total,99,Total,9,Total,99,Total,2017,1133
A,Annual,ITG1,Sicilia,ROADACC,Road accidents with injuries,9,Total,9,Total,2,Vehicle-pedestrian accident,9,Total,99,Total,9,Total,99,Total,2018,1118
A,Annual,ITG1,Sicilia,ROADACC,Road accidents with injuries,9,Total,9,Total,2,Vehicle-pedestrian accident,9,Total,99,Total,9,Total,99,Total,2019,1050
A,Annual,ITG1,Sicilia,ROADACC,Road accidents with injuries,9,Total,9,Total,2,Vehicle-pedestrian accident,9,Total,99,Total,9,Total,99,Total,2020,737
A,Annual,ITG1,Sicilia,ROADACC,Road accidents with injuries,9,Total,9,Total,2,Vehicle-pedestrian accident,9,Total,99,Total,9,Total,99,Total,2021,896
A,Annual,ITG1,Sicilia,ROADACC,Road accidents with injuries,9,Total,9,Total,2,Vehicle-pedestrian accident,9,Total,99,Total,9,Total,99,Total,2022,867
A,Annual,ITG1,Sicilia,ROADACC,Road accidents with injuries,9,Total,9,Total,2,Vehicle-pedestrian accident,9,Total,99,Total,9,Total,99,Total,2023,959
A,Annual,ITG1,Sicilia,ROADACC,Road accidents with injuries,9,Total,9,Total,2,Vehicle-pedestrian accident,9,Total,99,Total,9,Total,99,Total,2024,960
A,Annual,ITG1,Sicilia,ROADACC,Road accidents with injuries,9,Total,9,Total,3,Accidents involving a single vehicle,0,No,99,Total,9,Total,99,Total,2010,1981
A,Annual,ITG1,Sicilia,ROADACC,Road accidents with injuries,9,Total,9,Total,3,Accidents involving a single vehicle,0,No,99,Total,9,Total,99,Total,2011,2083
A,Annual,ITG1,Sicilia,ROADACC,Road accidents with injuries,9,Total,9,Total,3,Accidents involving a single vehicle,0,No,99,Total,9,Total,99,Total,2012,1805
A,Annual,ITG1,Sicilia,ROADACC,Road accidents with injuries,9,Total,9,Total,3,Accidents involving a single vehicle,0,No,99,Total,9,Total,99,Total,2013,1918
A,Annual,ITG1,Sicilia,ROADACC,Road accidents with injuries,9,Total,9,Total,3,Accidents involving a single vehicle,0,No,99,Total,9,Total,99,Total,2014,1736
A,Annual,ITG1,Sicilia,ROADACC,Road accidents with injuries,9,Total,9,Total,3,Accidents involving a single vehicle,0,No,99,Total,9,Total,99,Total,2015,1802
A,Annual,ITG1,Sicilia,ROADACC,Road accidents with injuries,9,Total,9,Total,3,Accidents involving a single vehicle,0,No,99,Total,9,Total,99,Total,2016,1696
A,Annual,ITG1,Sicilia,ROADACC,Road accidents with injuries,9,Total,9,Total,3,Accidents involving a single vehicle,0,No,99,Total,9,Total,99,Total,2017,1698
A,Annual,ITG1,Sicilia,ROADACC,Road accidents with injuries,9,Total,9,Total,3,Accidents involving a single vehicle,0,No,99,Total,9,Total,99,Total,2018,1642
A,Annual,ITG1,Sicilia,ROADACC,Road accidents with injuries,9,Total,9,Total,3,Accidents involving a single vehicle,0,No,99,Total,9,Total,99,Total,2019,1827
A,Annual,ITG1,Sicilia,ROADACC,Road accidents with injuries,9,Total,9,Total,3,Accidents involving a single vehicle,0,No,99,Total,9,Total,99,Total,2020,1503
A,Annual,ITG1,Sicilia,ROADACC,Road accidents with injuries,9,Total,9,Total,3,Accidents involving a single vehicle,0,No,99,Total,9,Total,99,Total,2021,1718
A,Annual,ITG1,Sicilia,ROADACC,Road accidents with injuries,9,Total,9,Total,3,Accidents involving a single vehicle,0,No,99,Total,9,Total,99,Total,2022,1861
A,Annual,ITG1,Sicilia,ROADACC,Road accidents with injuries,9,Total,9,Total,3,Accidents involving a single vehicle,0,No,99,Total,9,Total,99,Total,2023,1916
A,Annual,ITG1,Sicilia,ROADACC,Road accidents with injuries,9,Total,9,Total,3,Accidents involving a single vehicle,0,No,99,Total,9,Total,99,Total,2024,1947
A,Annual,ITG1,Sicilia,ROADACC,Road accidents with injuries,9,Total,9,Total,3,Accidents involving a single vehicle,1,Yes,99,Total,9,Total,99,Total,2010,72
A,Annual,ITG1,Sicilia,ROADACC,Road accidents with injuries,9,Total,9,Total,3,Accidents involving a single vehicle,1,Yes,99,Total,9,Total,99,Total,2011,82
A,Annual,ITG1,Sicilia,ROADACC,Road accidents with injuries,9,Total,9,Total,3,Accidents involving a single vehicle,1,Yes,99,Total,9,Total,99,Total,2012,67
A,Annual,ITG1,Sicilia,ROADACC,Road accidents with injuries,9,Total,9,Total,3,Accidents involving a single vehicle,1,Yes,99,Total,9,Total,99,Total,2013,81
A,Annual,ITG1,Sicilia,ROADACC,Road accidents with injuries,9,Total,9,Total,3,Accidents involving a single vehicle,1,Yes,99,Total,9,Total,99,Total,2014,64
A,Annual,ITG1,Sicilia,ROADACC,Road accidents with injuries,9,Total,9,Total,3,Accidents involving a single vehicle,1,Yes,99,Total,9,Total,99,Total,2015,59
A,Annual,ITG1,Sicilia,ROADACC,Road accidents with injuries,9,Total,9,Total,3,Accidents involving a single vehicle,1,Yes,99,Total,9,Total,99,Total,2016,55
A,Annual,ITG1,Sicilia,ROADACC,Road accidents with injuries,9,Total,9,Total,3,Accidents involving a single vehicle,1,Yes,99,Total,9,Total,99,Total,2017,69
A,Annual,ITG1,Sicilia,ROADACC,Road accidents with injuries,9,Total,9,Total,3,Accidents involving a single vehicle,1,Yes,99,Total,9,Total,99,Total,2018,58
A,Annual,ITG1,Sicilia,ROADACC,Road accidents with injuries,9,Total,9,Total,3,Accidents involving a single vehicle,1,Yes,99,Total,9,Total,99,Total,2019,75
A,Annual,ITG1,Sicilia,ROADACC,Road accidents with injuries,9,Total,9,Total,3,Accidents involving a single vehicle,1,Yes,99,Total,9,Total,99,Total,2020,46
A,Annual,ITG1,Sicilia,ROADACC,Road accidents with injuries,9,Total,9,Total,3,Accidents involving a single vehicle,1,Yes,99,Total,9,Total,99,Total,2021,73
A,Annual,ITG1,Sicilia,ROADACC,Road accidents with injuries,9,Total,9,Total,3,Accidents involving a single vehicle,1,Yes,99,Total,9,Total,99,Total,2022,77
A,Annual,ITG1,Sicilia,ROADACC,Road accidents with injuries,9,Total,9,Total,3,Accidents involving a single vehicle,1,Yes,99,Total,9,Total,99,Total,2023,71
A,Annual,ITG1,Sicilia,ROADACC,Road accidents with injuries,9,Total,9,Total,3,Accidents involving a single vehicle,1,Yes,99,Total,9,Total,99,Total,2024,77
A,Annual,ITG1,Sicilia,ROADACC,Road accidents with injuries,9,Total,9,Total,3,Accidents involving a single vehicle,9,Total,99,Total,9,Total,99,Total,2010,2053
A,Annual,ITG1,Sicilia,ROADACC,Road accidents with injuries,9,Total,9,Total,3,Accidents involving a single vehicle,9,Total,99,Total,9,Total,99,Total,2011,2165
A,Annual,ITG1,Sicilia,ROADACC,Road accidents with injuries,9,Total,9,Total,3,Accidents involving a single vehicle,9,Total,99,Total,9,Total,99,Total,2012,1872
A,Annual,ITG1,Sicilia,ROADACC,Road accidents with injuries,9,Total,9,Total,3,Accidents involving a single vehicle,9,Total,99,Total,9,Total,99,Total,2013,1999
A,Annual,ITG1,Sicilia,ROADACC,Road accidents with injuries,9,Total,9,Total,3,Accidents involving a single vehicle,9,Total,99,Total,9,Total,99,Total,2014,1800
A,Annual,ITG1,Sicilia,ROADACC,Road accidents with injuries,9,Total,9,Total,3,Accidents involving a single vehicle,9,Total,99,Total,9,Total,99,Total,2015,1861
A,Annual,ITG1,Sicilia,ROADACC,Road accidents with injuries,9,Total,9,Total,3,Accidents involving a single vehicle,9,Total,99,Total,9,Total,99,Total,2016,1751
A,Annual,ITG1,Sicilia,ROADACC,Road accidents with injuries,9,Total,9,Total,3,Accidents involving a single vehicle,9,Total,99,Total,9,Total,99,Total,2017,1767
A,Annual,ITG1,Sicilia,ROADACC,Road accidents with injuries,9,Total,9,Total,3,Accidents involving a single vehicle,9,Total,99,Total,9,Total,99,Total,2018,1700
A,Annual,ITG1,Sicilia,ROADACC,Road accidents with injuries,9,Total,9,Total,3,Accidents involving a single vehicle,9,Total,99,Total,9,Total,99,Total,2019,1902
A,Annual,ITG1,Sicilia,ROADACC,Road accidents with injuries,9,Total,9,Total,3,Accidents involving a single vehicle,9,Total,99,Total,9,Total,99,Total,2020,1549
A,Annual,ITG1,Sicilia,ROADACC,Road accidents with injuries,9,Total,9,Total,3,Accidents involving a single vehicle,9,Total,99,Total,9,Total,99,Total,2021,1791
A,Annual,ITG1,Sicilia,ROADACC,Road accidents with injuries,9,Total,9,Total,3,Accidents involving a single vehicle,9,Total,99,Total,9,Total,99,Total,2022,1938
A,Annual,ITG1,Sicilia,ROADACC,Road accidents with injuries,9,Total,9,Total,3,Accidents involving a single vehicle,9,Total,99,Total,9,Total,99,Total,2023,1987
A,Annual,ITG1,Sicilia,ROADACC,Road accidents with injuries,9,Total,9,Total,3,Accidents involving a single vehicle,9,Total,99,Total,9,Total,99,Total,2024,2024
A,Annual,ITG1,Sicilia,ROADACC,Road accidents with injuries,9,Total,9,Total,9,Total,0,No,99,Total,9,Total,99,Total,2010,13995
A,Annual,ITG1,Sicilia,ROADACC,Road accidents with injuries,9,Total,9,Total,9,Total,0,No,99,Total,9,Total,99,Total,2011,13036
A,Annual,ITG1,Sicilia,ROADACC,Road accidents with injuries,9,Total,9,Total,9,Total,0,No,99,Total,9,Total,99,Total,2012,11579
A,Annual,ITG1,Sicilia,ROADACC,Road accidents with injuries,9,Total,9,Total,9,Total,0,No,99,Total,9,Total,99,Total,2013,11594
A,Annual,ITG1,Sicilia,ROADACC,Road accidents with injuries,9,Total,9,Total,9,Total,0,No,99,Total,9,Total,99,Total,2014,11174
A,Annual,ITG1,Sicilia,ROADACC,Road accidents with injuries,9,Total,9,Total,9,Total,0,No,99,Total,9,Total,99,Total,2015,10653
A,Annual,ITG1,Sicilia,ROADACC,Road accidents with injuries,9,Total,9,Total,9,Total,0,No,99,Total,9,Total,99,Total,2016,10888
A,Annual,ITG1,Sicilia,ROADACC,Road accidents with injuries,9,Total,9,Total,9,Total,0,No,99,Total,9,Total,99,Total,2017,10859
A,Annual,ITG1,Sicilia,ROADACC,Road accidents with injuries,9,Total,9,Total,9,Total,0,No,99,Total,9,Total,99,Total,2018,10824
A,Annual,ITG1,Sicilia,ROADACC,Road accidents with injuries,9,Total,9,Total,9,Total,0,No,99,Total,9,Total,99,Total,2019,10508
A,Annual,ITG1,Sicilia,ROADACC,Road accidents with injuries,9,Total,9,Total,9,Total,0,No,99,Total,9,Total,99,Total,2020,7898
A,Annual,ITG1,Sicilia,ROADACC,Road accidents with injuries,9,Total,9,Total,9,Total,0,No,99,Total,9,Total,99,Total,2021,9738
A,Annual,ITG1,Sicilia,ROADACC,Road accidents with injuries,9,Total,9,Total,9,Total,0,No,99,Total,9,Total,99,Total,2022,10233
A,Annual,ITG1,Sicilia,ROADACC,Road accidents with injuries,9,Total,9,Total,9,Total,0,No,99,Total,9,Total,99,Total,2023,10609
A,Annual,ITG1,Sicilia,ROADACC,Road accidents with injuries,9,Total,9,Total,9,Total,0,No,99,Total,9,Total,99,Total,2024,11167
A,Annual,ITG1,Sicilia,ROADACC,Road accidents with injuries,9,Total,9,Total,9,Total,1,Yes,99,Total,9,Total,99,Total,2010,260
A,Annual,ITG1,Sicilia,ROADACC,Road accidents with injuries,9,Total,9,Total,9,Total,1,Yes,99,Total,9,Total,99,Total,2011,247
A,Annual,ITG1,Sicilia,ROADACC,Road accidents with injuries,9,Total,9,Total,9,Total,1,Yes,99,Total,9,Total,99,Total,2012,211
A,Annual,ITG1,Sicilia,ROADACC,Road accidents with injuries,9,Total,9,Total,9,Total,1,Yes,99,Total,9,Total,99,Total,2013,229
A,Annual,ITG1,Sicilia,ROADACC,Road accidents with injuries,9,Total,9,Total,9,Total,1,Yes,99,Total,9,Total,99,Total,2014,192
A,Annual,ITG1,Sicilia,ROADACC,Road accidents with injuries,9,Total,9,Total,9,Total,1,Yes,99,Total,9,Total,99,Total,2015,211
A,Annual,ITG1,Sicilia,ROADACC,Road accidents with injuries,9,Total,9,Total,9,Total,1,Yes,99,Total,9,Total,99,Total,2016,179
A,Annual,ITG1,Sicilia,ROADACC,Road accidents with injuries,9,Total,9,Total,9,Total,1,Yes,99,Total,9,Total,99,Total,2017,197
A,Annual,ITG1,Sicilia,ROADACC,Road accidents with injuries,9,Total,9,Total,9,Total,1,Yes,99,Total,9,Total,99,Total,2018,195
A,Annual,ITG1,Sicilia,ROADACC,Road accidents with injuries,9,Total,9,Total,9,Total,1,Yes,99,Total,9,Total,99,Total,2019,194
A,Annual,ITG1,Sicilia,ROADACC,Road accidents with injuries,9,Total,9,Total,9,Total,1,Yes,99,Total,9,Total,99,Total,2020,155
A,Annual,ITG1,Sicilia,ROADACC,Road accidents with injuries,9,Total,9,Total,9,Total,1,Yes,99,Total,9,Total,99,Total,2021,205
A,Annual,ITG1,Sicilia,ROADACC,Road accidents with injuries,9,Total,9,Total,9,Total,1,Yes,99,Total,9,Total,99,Total,2022,211
A,Annual,ITG1,Sicilia,ROADACC,Road accidents with injuries,9,Total,9,Total,9,Total,1,Yes,99,Total,9,Total,99,Total,2023,221
A,Annual,ITG1,Sicilia,ROADACC,Road accidents with injuries,9,Total,9,Total,9,Total,1,Yes,99,Total,9,Total,99,Total,2024,224
A,Annual,ITG1,Sicilia,ROADACC,Road accidents with injuries,9,Total,9,Total,9,Total,9,Total,99,Total,9,Total,99,Total,2010,14255
A,Annual,ITG1,Sicilia,ROADACC,Road accidents with injuries,9,Total,9,Total,9,Total,9,Total,99,Total,9,Total,99,Total,2011,13283
A,Annual,ITG1,Sicilia,ROADACC,Road accidents with injuries,9,Total,9,Total,9,Total,9,Total,99,Total,9,Total,99,Total,2012,11790
A,Annual,ITG1,Sicilia,ROADACC,Road accidents with injuries,9,Total,9,Total,9,Total,9,Total,99,Total,9,Total,99,Total,2013,11823
A,Annual,ITG1,Sicilia,ROADACC,Road accidents with injuries,9,Total,9,Total,9,Total,9,Total,99,Total,9,Total,99,Total,2014,11366
A,Annual,ITG1,Sicilia,ROADACC,Road accidents with injuries,9,Total,9,Total,9,Total,9,Total,99,Total,9,Total,99,Total,2015,10864
A,Annual,ITG1,Sicilia,ROADACC,Road accidents with injuries,9,Total,9,Total,9,Total,9,Total,99,Total,9,Total,99,Total,2016,11067
A,Annual,ITG1,Sicilia,ROADACC,Road accidents with injuries,9,Total,9,Total,9,Total,9,Total,99,Total,9,Total,99,Total,2017,11056
A,Annual,ITG1,Sicilia,ROADACC,Road accidents with injuries,9,Total,9,Total,9,Total,9,Total,99,Total,9,Total,99,Total,2018,11019
A,Annual,ITG1,Sicilia,ROADACC,Road accidents with injuries,9,Total,9,Total,9,Total,9,Total,99,Total,9,Total,99,Total,2019,10702
A,Annual,ITG1,Sicilia,ROADACC,Road accidents with injuries,9,Total,9,Total,9,Total,9,Total,99,Total,9,Total,99,Total,2020,8053
A,Annual,ITG1,Sicilia,ROADACC,Road accidents with injuries,9,Total,9,Total,9,Total,9,Total,99,Total,9,Total,99,Total,2021,9943
A,Annual,ITG1,Sicilia,ROADACC,Road accidents with injuries,9,Total,9,Total,9,Total,9,Total,99,Total,9,Total,99,Total,2022,10444
A,Annual,ITG1,Sicilia,ROADACC,Road accidents with injuries,9,Total,9,Total,9,Total,9,Total,99,Total,9,Total,99,Total,2023,10830
A,Annual,ITG1,Sicilia,ROADACC,Road accidents with injuries,9,Total,9,Total,9,Total,9,Total,99,Total,9,Total,99,Total,2024,11391
A,Annual,ITG2,Sardegna,ROADACC,Road accidents with injuries,9,Total,9,Total,1,Accidents between vehicles,0,No,99,Total,9,Total,99,Total,2010,2904
A,Annual,ITG2,Sardegna,ROADACC,Road accidents with injuries,9,Total,9,Total,1,Accidents between vehicles,0,No,99,Total,9,Total,99,Total,2011,2649
A,Annual,ITG2,Sardegna,ROADACC,Road accidents with injuries,9,Total,9,Total,1,Accidents between vehicles,0,No,99,Total,9,Total,99,Total,2012,2303
A,Annual,ITG2,Sardegna,ROADACC,Road accidents with injuries,9,Total,9,Total,1,Accidents between vehicles,0,No,99,Total,9,Total,99,Total,2013,2406
A,Annual,ITG2,Sardegna,ROADACC,Road accidents with injuries,9,Total,9,Total,1,Accidents between vehicles,0,No,99,Total,9,Total,99,Total,2014,2324
A,Annual,ITG2,Sardegna,ROADACC,Road accidents with injuries,9,Total,9,Total,1,Accidents between vehicles,0,No,99,Total,9,Total,99,Total,2015,2366
A,Annual,ITG2,Sardegna,ROADACC,Road accidents with injuries,9,Total,9,Total,1,Accidents between vehicles,0,No,99,Total,9,Total,99,Total,2016,2297
A,Annual,ITG2,Sardegna,ROADACC,Road accidents with injuries,9,Total,9,Total,1,Accidents between vehicles,0,No,99,Total,9,Total,99,Total,2017,2273
A,Annual,ITG2,Sardegna,ROADACC,Road accidents with injuries,9,Total,9,Total,1,Accidents between vehicles,0,No,99,Total,9,Total,99,Total,2018,2219
A,Annual,ITG2,Sardegna,ROADACC,Road accidents with injuries,9,Total,9,Total,1,Accidents between vehicles,0,No,99,Total,9,Total,99,Total,2019,2368
A,Annual,ITG2,Sardegna,ROADACC,Road accidents with injuries,9,Total,9,Total,1,Accidents between vehicles,0,No,99,Total,9,Total,99,Total,2020,1526
A,Annual,ITG2,Sardegna,ROADACC,Road accidents with injuries,9,Total,9,Total,1,Accidents between vehicles,0,No,99,Total,9,Total,99,Total,2021,2021
A,Annual,ITG2,Sardegna,ROADACC,Road accidents with injuries,9,Total,9,Total,1,Accidents between vehicles,0,No,99,Total,9,Total,99,Total,2022,2132
A,Annual,ITG2,Sardegna,ROADACC,Road accidents with injuries,9,Total,9,Total,1,Accidents between vehicles,0,No,99,Total,9,Total,99,Total,2023,2160
A,Annual,ITG2,Sardegna,ROADACC,Road accidents with injuries,9,Total,9,Total,1,Accidents between vehicles,0,No,99,Total,9,Total,99,Total,2024,2260
A,Annual,ITG2,Sardegna,ROADACC,Road accidents with injuries,9,Total,9,Total,1,Accidents between vehicles,1,Yes,99,Total,9,Total,99,Total,2010,55
A,Annual,ITG2,Sardegna,ROADACC,Road accidents with injuries,9,Total,9,Total,1,Accidents between vehicles,1,Yes,99,Total,9,Total,99,Total,2011,40
A,Annual,ITG2,Sardegna,ROADACC,Road accidents with injuries,9,Total,9,Total,1,Accidents between vehicles,1,Yes,99,Total,9,Total,99,Total,2012,43
A,Annual,ITG2,Sardegna,ROADACC,Road accidents with injuries,9,Total,9,Total,1,Accidents between vehicles,1,Yes,99,Total,9,Total,99,Total,2013,57
A,Annual,ITG2,Sardegna,ROADACC,Road accidents with injuries,9,Total,9,Total,1,Accidents between vehicles,1,Yes,99,Total,9,Total,99,Total,2014,49
A,Annual,ITG2,Sardegna,ROADACC,Road accidents with injuries,9,Total,9,Total,1,Accidents between vehicles,1,Yes,99,Total,9,Total,99,Total,2015,53
A,Annual,ITG2,Sardegna,ROADACC,Road accidents with injuries,9,Total,9,Total,1,Accidents between vehicles,1,Yes,99,Total,9,Total,99,Total,2016,42
A,Annual,ITG2,Sardegna,ROADACC,Road accidents with injuries,9,Total,9,Total,1,Accidents between vehicles,1,Yes,99,Total,9,Total,99,Total,2017,44
A,Annual,ITG2,Sardegna,ROADACC,Road accidents with injuries,9,Total,9,Total,1,Accidents between vehicles,1,Yes,99,Total,9,Total,99,Total,2018,43
A,Annual,ITG2,Sardegna,ROADACC,Road accidents with injuries,9,Total,9,Total,1,Accidents between vehicles,1,Yes,99,Total,9,Total,99,Total,2019,35
A,Annual,ITG2,Sardegna,ROADACC,Road accidents with injuries,9,Total,9,Total,1,Accidents between vehicles,1,Yes,99,Total,9,Total,99,Total,2020,39
A,Annual,ITG2,Sardegna,ROADACC,Road accidents with injuries,9,Total,9,Total,1,Accidents between vehicles,1,Yes,99,Total,9,Total,99,Total,2021,34
A,Annual,ITG2,Sardegna,ROADACC,Road accidents with injuries,9,Total,9,Total,1,Accidents between vehicles,1,Yes,99,Total,9,Total,99,Total,2022,52
A,Annual,ITG2,Sardegna,ROADACC,Road accidents with injuries,9,Total,9,Total,1,Accidents between vehicles,1,Yes,99,Total,9,Total,99,Total,2023,47
A,Annual,ITG2,Sardegna,ROADACC,Road accidents with injuries,9,Total,9,Total,1,Accidents between vehicles,1,Yes,99,Total,9,Total,99,Total,2024,47
A,Annual,ITG2,Sardegna,ROADACC,Road accidents with injuries,9,Total,9,Total,1,Accidents between vehicles,9,Total,99,Total,9,Total,99,Total,2010,2959
A,Annual,ITG2,Sardegna,ROADACC,Road accidents with injuries,9,Total,9,Total,1,Accidents between vehicles,9,Total,99,Total,9,Total,99,Total,2011,2689
A,Annual,ITG2,Sardegna,ROADACC,Road accidents with injuries,9,Total,9,Total,1,Accidents between vehicles,9,Total,99,Total,9,Total,99,Total,2012,2346
A,Annual,ITG2,Sardegna,ROADACC,Road accidents with injuries,9,Total,9,Total,1,Accidents between vehicles,9,Total,99,Total,9,Total,99,Total,2013,2463
A,Annual,ITG2,Sardegna,ROADACC,Road accidents with injuries,9,Total,9,Total,1,Accidents between vehicles,9,Total,99,Total,9,Total,99,Total,2014,2373
A,Annual,ITG2,Sardegna,ROADACC,Road accidents with injuries,9,Total,9,Total,1,Accidents between vehicles,9,Total,99,Total,9,Total,99,Total,2015,2419
A,Annual,ITG2,Sardegna,ROADACC,Road accidents with injuries,9,Total,9,Total,1,Accidents between vehicles,9,Total,99,Total,9,Total,99,Total,2016,2339
A,Annual,ITG2,Sardegna,ROADACC,Road accidents with injuries,9,Total,9,Total,1,Accidents between vehicles,9,Total,99,Total,9,Total,99,Total,2017,2317
A,Annual,ITG2,Sardegna,ROADACC,Road accidents with injuries,9,Total,9,Total,1,Accidents between vehicles,9,Total,99,Total,9,Total,99,Total,2018,2262
A,Annual,ITG2,Sardegna,ROADACC,Road accidents with injuries,9,Total,9,Total,1,Accidents between vehicles,9,Total,99,Total,9,Total,99,Total,2019,2403
A,Annual,ITG2,Sardegna,ROADACC,Road accidents with injuries,9,Total,9,Total,1,Accidents between vehicles,9,Total,99,Total,9,Total,99,Total,2020,1565
A,Annual,ITG2,Sardegna,ROADACC,Road accidents with injuries,9,Total,9,Total,1,Accidents between vehicles,9,Total,99,Total,9,Total,99,Total,2021,2055
A,Annual,ITG2,Sardegna,ROADACC,Road accidents with injuries,9,Total,9,Total,1,Accidents between vehicles,9,Total,99,Total,9,Total,99,Total,2022,2184
A,Annual,ITG2,Sardegna,ROADACC,Road accidents with injuries,9,Total,9,Total,1,Accidents between vehicles,9,Total,99,Total,9,Total,99,Total,2023,2207
A,Annual,ITG2,Sardegna,ROADACC,Road accidents with injuries,9,Total,9,Total,1,Accidents between vehicles,9,Total,99,Total,9,Total,99,Total,2024,2307
A,Annual,ITG2,Sardegna,ROADACC,Road accidents with injuries,9,Total,9,Total,2,Vehicle-pedestrian accident,0,No,99,Total,9,Total,99,Total,2010,428
A,Annual,ITG2,Sardegna,ROADACC,Road accidents with injuries,9,Total,9,Total,2,Vehicle-pedestrian accident,0,No,99,Total,9,Total,99,Total,2011,392
A,Annual,ITG2,Sardegna,ROADACC,Road accidents with injuries,9,Total,9,Total,2,Vehicle-pedestrian accident,0,No,99,Total,9,Total,99,Total,2012,420
A,Annual,ITG2,Sardegna,ROADACC,Road accidents with injuries,9,Total,9,Total,2,Vehicle-pedestrian accident,0,No,99,Total,9,Total,99,Total,2013,461
A,Annual,ITG2,Sardegna,ROADACC,Road accidents with injuries,9,Total,9,Total,2,Vehicle-pedestrian accident,0,No,99,Total,9,Total,99,Total,2014,415
A,Annual,ITG2,Sardegna,ROADACC,Road accidents with injuries,9,Total,9,Total,2,Vehicle-pedestrian accident,0,No,99,Total,9,Total,99,Total,2015,422
A,Annual,ITG2,Sardegna,ROADACC,Road accidents with injuries,9,Total,9,Total,2,Vehicle-pedestrian accident,0,No,99,Total,9,Total,99,Total,2016,476
A,Annual,ITG2,Sardegna,ROADACC,Road accidents with injuries,9,Total,9,Total,2,Vehicle-pedestrian accident,0,No,99,Total,9,Total,99,Total,2017,449
A,Annual,ITG2,Sardegna,ROADACC,Road accidents with injuries,9,Total,9,Total,2,Vehicle-pedestrian accident,0,No,99,Total,9,Total,99,Total,2018,453
A,Annual,ITG2,Sardegna,ROADACC,Road accidents with injuries,9,Total,9,Total,2,Vehicle-pedestrian accident,0,No,99,Total,9,Total,99,Total,2019,440
A,Annual,ITG2,Sardegna,ROADACC,Road accidents with injuries,9,Total,9,Total,2,Vehicle-pedestrian accident,0,No,99,Total,9,Total,99,Total,2020,308
A,Annual,ITG2,Sardegna,ROADACC,Road accidents with injuries,9,Total,9,Total,2,Vehicle-pedestrian accident,0,No,99,Total,9,Total,99,Total,2021,374
A,Annual,ITG2,Sardegna,ROADACC,Road accidents with injuries,9,Total,9,Total,2,Vehicle-pedestrian accident,0,No,99,Total,9,Total,99,Total,2022,383
A,Annual,ITG2,Sardegna,ROADACC,Road accidents with injuries,9,Total,9,Total,2,Vehicle-pedestrian accident,0,No,99,Total,9,Total,99,Total,2023,424
A,Annual,ITG2,Sardegna,ROADACC,Road accidents with injuries,9,Total,9,Total,2,Vehicle-pedestrian accident,0,No,99,Total,9,Total,99,Total,2024,446
A,Annual,ITG2,Sardegna,ROADACC,Road accidents with injuries,9,Total,9,Total,2,Vehicle-pedestrian accident,1,Yes,99,Total,9,Total,99,Total,2010,10
A,Annual,ITG2,Sardegna,ROADACC,Road accidents with injuries,9,Total,9,Total,2,Vehicle-pedestrian accident,1,Yes,99,Total,9,Total,99,Total,2011,12
A,Annual,ITG2,Sardegna,ROADACC,Road accidents with injuries,9,Total,9,Total,2,Vehicle-pedestrian accident,1,Yes,99,Total,9,Total,99,Total,2012,10
A,Annual,ITG2,Sardegna,ROADACC,Road accidents with injuries,9,Total,9,Total,2,Vehicle-pedestrian accident,1,Yes,99,Total,9,Total,99,Total,2013,11
A,Annual,ITG2,Sardegna,ROADACC,Road accidents with injuries,9,Total,9,Total,2,Vehicle-pedestrian accident,1,Yes,99,Total,9,Total,99,Total,2014,11
A,Annual,ITG2,Sardegna,ROADACC,Road accidents with injuries,9,Total,9,Total,2,Vehicle-pedestrian accident,1,Yes,99,Total,9,Total,99,Total,2015,16
A,Annual,ITG2,Sardegna,ROADACC,Road accidents with injuries,9,Total,9,Total,2,Vehicle-pedestrian accident,1,Yes,99,Total,9,Total,99,Total,2016,10
A,Annual,ITG2,Sardegna,ROADACC,Road accidents with injuries,9,Total,9,Total,2,Vehicle-pedestrian accident,1,Yes,99,Total,9,Total,99,Total,2017,11
A,Annual,ITG2,Sardegna,ROADACC,Road accidents with injuries,9,Total,9,Total,2,Vehicle-pedestrian accident,1,Yes,99,Total,9,Total,99,Total,2018,19
A,Annual,ITG2,Sardegna,ROADACC,Road accidents with injuries,9,Total,9,Total,2,Vehicle-pedestrian accident,1,Yes,99,Total,9,Total,99,Total,2019,10
A,Annual,ITG2,Sardegna,ROADACC,Road accidents with injuries,9,Total,9,Total,2,Vehicle-pedestrian accident,1,Yes,99,Total,9,Total,99,Total,2020,17
A,Annual,ITG2,Sardegna,ROADACC,Road accidents with injuries,9,Total,9,Total,2,Vehicle-pedestrian accident,1,Yes,99,Total,9,Total,99,Total,2021,15
A,Annual,ITG2,Sardegna,ROADACC,Road accidents with injuries,9,Total,9,Total,2,Vehicle-pedestrian accident,1,Yes,99,Total,9,Total,99,Total,2022,8
A,Annual,ITG2,Sardegna,ROADACC,Road accidents with injuries,9,Total,9,Total,2,Vehicle-pedestrian accident,1,Yes,99,Total,9,Total,99,Total,2023,16
A,Annual,ITG2,Sardegna,ROADACC,Road accidents with injuries,9,Total,9,Total,2,Vehicle-pedestrian accident,1,Yes,99,Total,9,Total,99,Total,2024,13
A,Annual,ITG2,Sardegna,ROADACC,Road accidents with injuries,9,Total,9,Total,2,Vehicle-pedestrian accident,9,Total,99,Total,9,Total,99,Total,2010,438
A,Annual,ITG2,Sardegna,ROADACC,Road accidents with injuries,9,Total,9,Total,2,Vehicle-pedestrian accident,9,Total,99,Total,9,Total,99,Total,2011,404
A,Annual,ITG2,Sardegna,ROADACC,Road accidents with injuries,9,Total,9,Total,2,Vehicle-pedestrian accident,9,Total,99,Total,9,Total,99,Total,2012,430
A,Annual,ITG2,Sardegna,ROADACC,Road accidents with injuries,9,Total,9,Total,2,Vehicle-pedestrian accident,9,Total,99,Total,9,Total,99,Total,2013,472
A,Annual,ITG2,Sardegna,ROADACC,Road accidents with injuries,9,Total,9,Total,2,Vehicle-pedestrian accident,9,Total,99,Total,9,Total,99,Total,2014,426
A,Annual,ITG2,Sardegna,ROADACC,Road accidents with injuries,9,Total,9,Total,2,Vehicle-pedestrian accident,9,Total,99,Total,9,Total,99,Total,2015,438
A,Annual,ITG2,Sardegna,ROADACC,Road accidents with injuries,9,Total,9,Total,2,Vehicle-pedestrian accident,9,Total,99,Total,9,Total,99,Total,2016,486
A,Annual,ITG2,Sardegna,ROADACC,Road accidents with injuries,9,Total,9,Total,2,Vehicle-pedestrian accident,9,Total,99,Total,9,Total,99,Total,2017,460
A,Annual,ITG2,Sardegna,ROADACC,Road accidents with injuries,9,Total,9,Total,2,Vehicle-pedestrian accident,9,Total,99,Total,9,Total,99,Total,2018,472
A,Annual,ITG2,Sardegna,ROADACC,Road accidents with injuries,9,Total,9,Total,2,Vehicle-pedestrian accident,9,Total,99,Total,9,Total,99,Total,2019,450
A,Annual,ITG2,Sardegna,ROADACC,Road accidents with injuries,9,Total,9,Total,2,Vehicle-pedestrian accident,9,Total,99,Total,9,Total,99,Total,2020,325
A,Annual,ITG2,Sardegna,ROADACC,Road accidents with injuries,9,Total,9,Total,2,Vehicle-pedestrian accident,9,Total,99,Total,9,Total,99,Total,2021,389
A,Annual,ITG2,Sardegna,ROADACC,Road accidents with injuries,9,Total,9,Total,2,Vehicle-pedestrian accident,9,Total,99,Total,9,Total,99,Total,2022,391
A,Annual,ITG2,Sardegna,ROADACC,Road accidents with injuries,9,Total,9,Total,2,Vehicle-pedestrian accident,9,Total,99,Total,9,Total,99,Total,2023,440
A,Annual,ITG2,Sardegna,ROADACC,Road accidents with injuries,9,Total,9,Total,2,Vehicle-pedestrian accident,9,Total,99,Total,9,Total,99,Total,2024,459
A,Annual,ITG2,Sardegna,ROADACC,Road accidents with injuries,9,Total,9,Total,3,Accidents involving a single vehicle,0,No,99,Total,9,Total,99,Total,2010,777
A,Annual,ITG2,Sardegna,ROADACC,Road accidents with injuries,9,Total,9,Total,3,Accidents involving a single vehicle,0,No,99,Total,9,Total,99,Total,2011,653
A,Annual,ITG2,Sardegna,ROADACC,Road accidents with injuries,9,Total,9,Total,3,Accidents involving a single vehicle,0,No,99,Total,9,Total,99,Total,2012,659
A,Annual,ITG2,Sardegna,ROADACC,Road accidents with injuries,9,Total,9,Total,3,Accidents involving a single vehicle,0,No,99,Total,9,Total,99,Total,2013,686
A,Annual,ITG2,Sardegna,ROADACC,Road accidents with injuries,9,Total,9,Total,3,Accidents involving a single vehicle,0,No,99,Total,9,Total,99,Total,2014,662
A,Annual,ITG2,Sardegna,ROADACC,Road accidents with injuries,9,Total,9,Total,3,Accidents involving a single vehicle,0,No,99,Total,9,Total,99,Total,2015,646
A,Annual,ITG2,Sardegna,ROADACC,Road accidents with injuries,9,Total,9,Total,3,Accidents involving a single vehicle,0,No,99,Total,9,Total,99,Total,2016,636
A,Annual,ITG2,Sardegna,ROADACC,Road accidents with injuries,9,Total,9,Total,3,Accidents involving a single vehicle,0,No,99,Total,9,Total,99,Total,2017,619
A,Annual,ITG2,Sardegna,ROADACC,Road accidents with injuries,9,Total,9,Total,3,Accidents involving a single vehicle,0,No,99,Total,9,Total,99,Total,2018,690
A,Annual,ITG2,Sardegna,ROADACC,Road accidents with injuries,9,Total,9,Total,3,Accidents involving a single vehicle,0,No,99,Total,9,Total,99,Total,2019,756
A,Annual,ITG2,Sardegna,ROADACC,Road accidents with injuries,9,Total,9,Total,3,Accidents involving a single vehicle,0,No,99,Total,9,Total,99,Total,2020,556
A,Annual,ITG2,Sardegna,ROADACC,Road accidents with injuries,9,Total,9,Total,3,Accidents involving a single vehicle,0,No,99,Total,9,Total,99,Total,2021,719
A,Annual,ITG2,Sardegna,ROADACC,Road accidents with injuries,9,Total,9,Total,3,Accidents involving a single vehicle,0,No,99,Total,9,Total,99,Total,2022,698
A,Annual,ITG2,Sardegna,ROADACC,Road accidents with injuries,9,Total,9,Total,3,Accidents involving a single vehicle,0,No,99,Total,9,Total,99,Total,2023,706
A,Annual,ITG2,Sardegna,ROADACC,Road accidents with injuries,9,Total,9,Total,3,Accidents involving a single vehicle,0,No,99,Total,9,Total,99,Total,2024,777
A,Annual,ITG2,Sardegna,ROADACC,Road accidents with injuries,9,Total,9,Total,3,Accidents involving a single vehicle,1,Yes,99,Total,9,Total,99,Total,2010,32
A,Annual,ITG2,Sardegna,ROADACC,Road accidents with injuries,9,Total,9,Total,3,Accidents involving a single vehicle,1,Yes,99,Total,9,Total,99,Total,2011,39
A,Annual,ITG2,Sardegna,ROADACC,Road accidents with injuries,9,Total,9,Total,3,Accidents involving a single vehicle,1,Yes,99,Total,9,Total,99,Total,2012,37
A,Annual,ITG2,Sardegna,ROADACC,Road accidents with injuries,9,Total,9,Total,3,Accidents involving a single vehicle,1,Yes,99,Total,9,Total,99,Total,2013,43
A,Annual,ITG2,Sardegna,ROADACC,Road accidents with injuries,9,Total,9,Total,3,Accidents involving a single vehicle,1,Yes,99,Total,9,Total,99,Total,2014,31
A,Annual,ITG2,Sardegna,ROADACC,Road accidents with injuries,9,Total,9,Total,3,Accidents involving a single vehicle,1,Yes,99,Total,9,Total,99,Total,2015,34
A,Annual,ITG2,Sardegna,ROADACC,Road accidents with injuries,9,Total,9,Total,3,Accidents involving a single vehicle,1,Yes,99,Total,9,Total,99,Total,2016,47
A,Annual,ITG2,Sardegna,ROADACC,Road accidents with injuries,9,Total,9,Total,3,Accidents involving a single vehicle,1,Yes,99,Total,9,Total,99,Total,2017,29
A,Annual,ITG2,Sardegna,ROADACC,Road accidents with injuries,9,Total,9,Total,3,Accidents involving a single vehicle,1,Yes,99,Total,9,Total,99,Total,2018,37
A,Annual,ITG2,Sardegna,ROADACC,Road accidents with injuries,9,Total,9,Total,3,Accidents involving a single vehicle,1,Yes,99,Total,9,Total,99,Total,2019,24
A,Annual,ITG2,Sardegna,ROADACC,Road accidents with injuries,9,Total,9,Total,3,Accidents involving a single vehicle,1,Yes,99,Total,9,Total,99,Total,2020,33
A,Annual,ITG2,Sardegna,ROADACC,Road accidents with injuries,9,Total,9,Total,3,Accidents involving a single vehicle,1,Yes,99,Total,9,Total,99,Total,2021,37
A,Annual,ITG2,Sardegna,ROADACC,Road accidents with injuries,9,Total,9,Total,3,Accidents involving a single vehicle,1,Yes,99,Total,9,Total,99,Total,2022,40
A,Annual,ITG2,Sardegna,ROADACC,Road accidents with injuries,9,Total,9,Total,3,Accidents involving a single vehicle,1,Yes,99,Total,9,Total,99,Total,2023,38
A,Annual,ITG2,Sardegna,ROADACC,Road accidents with injuries,9,Total,9,Total,3,Accidents involving a single vehicle,1,Yes,99,Total,9,Total,99,Total,2024,40
A,Annual,ITG2,Sardegna,ROADACC,Road accidents with injuries,9,Total,9,Total,3,Accidents involving a single vehicle,9,Total,99,Total,9,Total,99,Total,2010,809
A,Annual,ITG2,Sardegna,ROADACC,Road accidents with injuries,9,Total,9,Total,3,Accidents involving a single vehicle,9,Total,99,Total,9,Total,99,Total,2011,692
A,Annual,ITG2,Sardegna,ROADACC,Road accidents with injuries,9,Total,9,Total,3,Accidents involving a single vehicle,9,Total,99,Total,9,Total,99,Total,2012,696
A,Annual,ITG2,Sardegna,ROADACC,Road accidents with injuries,9,Total,9,Total,3,Accidents involving a single vehicle,9,Total,99,Total,9,Total,99,Total,2013,729
A,Annual,ITG2,Sardegna,ROADACC,Road accidents with injuries,9,Total,9,Total,3,Accidents involving a single vehicle,9,Total,99,Total,9,Total,99,Total,2014,693
A,Annual,ITG2,Sardegna,ROADACC,Road accidents with injuries,9,Total,9,Total,3,Accidents involving a single vehicle,9,Total,99,Total,9,Total,99,Total,2015,680
A,Annual,ITG2,Sardegna,ROADACC,Road accidents with injuries,9,Total,9,Total,3,Accidents involving a single vehicle,9,Total,99,Total,9,Total,99,Total,2016,683
A,Annual,ITG2,Sardegna,ROADACC,Road accidents with injuries,9,Total,9,Total,3,Accidents involving a single vehicle,9,Total,99,Total,9,Total,99,Total,2017,648
A,Annual,ITG2,Sardegna,ROADACC,Road accidents with injuries,9,Total,9,Total,3,Accidents involving a single vehicle,9,Total,99,Total,9,Total,99,Total,2018,727
A,Annual,ITG2,Sardegna,ROADACC,Road accidents with injuries,9,Total,9,Total,3,Accidents involving a single vehicle,9,Total,99,Total,9,Total,99,Total,2019,780
A,Annual,ITG2,Sardegna,ROADACC,Road accidents with injuries,9,Total,9,Total,3,Accidents involving a single vehicle,9,Total,99,Total,9,Total,99,Total,2020,589
A,Annual,ITG2,Sardegna,ROADACC,Road accidents with injuries,9,Total,9,Total,3,Accidents involving a single vehicle,9,Total,99,Total,9,Total,99,Total,2021,756
A,Annual,ITG2,Sardegna,ROADACC,Road accidents with injuries,9,Total,9,Total,3,Accidents involving a single vehicle,9,Total,99,Total,9,Total,99,Total,2022,738
A,Annual,ITG2,Sardegna,ROADACC,Road accidents with injuries,9,Total,9,Total,3,Accidents involving a single vehicle,9,Total,99,Total,9,Total,99,Total,2023,744
A,Annual,ITG2,Sardegna,ROADACC,Road accidents with injuries,9,Total,9,Total,3,Accidents involving a single vehicle,9,Total,99,Total,9,Total,99,Total,2024,817
A,Annual,ITG2,Sardegna,ROADACC,Road accidents with injuries,9,Total,9,Total,9,Total,0,No,99,Total,9,Total,99,Total,2010,4109
A,Annual,ITG2,Sardegna,ROADACC,Road accidents with injuries,9,Total,9,Total,9,Total,0,No,99,Total,9,Total,99,Total,2011,3694
A,Annual,ITG2,Sardegna,ROADACC,Road accidents with injuries,9,Total,9,Total,9,Total,0,No,99,Total,9,Total,99,Total,2012,3382
A,Annual,ITG2,Sardegna,ROADACC,Road accidents with injuries,9,Total,9,Total,9,Total,0,No,99,Total,9,Total,99,Total,2013,3553
A,Annual,ITG2,Sardegna,ROADACC,Road accidents with injuries,9,Total,9,Total,9,Total,0,No,99,Total,9,Total,99,Total,2014,3401
A,Annual,ITG2,Sardegna,ROADACC,Road accidents with injuries,9,Total,9,Total,9,Total,0,No,99,Total,9,Total,99,Total,2015,3434
A,Annual,ITG2,Sardegna,ROADACC,Road accidents with injuries,9,Total,9,Total,9,Total,0,No,99,Total,9,Total,99,Total,2016,3409
A,Annual,ITG2,Sardegna,ROADACC,Road accidents with injuries,9,Total,9,Total,9,Total,0,No,99,Total,9,Total,99,Total,2017,3341
A,Annual,ITG2,Sardegna,ROADACC,Road accidents with injuries,9,Total,9,Total,9,Total,0,No,99,Total,9,Total,99,Total,2018,3362
A,Annual,ITG2,Sardegna,ROADACC,Road accidents with injuries,9,Total,9,Total,9,Total,0,No,99,Total,9,Total,99,Total,2019,3564
A,Annual,ITG2,Sardegna,ROADACC,Road accidents with injuries,9,Total,9,Total,9,Total,0,No,99,Total,9,Total,99,Total,2020,2390
A,Annual,ITG2,Sardegna,ROADACC,Road accidents with injuries,9,Total,9,Total,9,Total,0,No,99,Total,9,Total,99,Total,2021,3114
A,Annual,ITG2,Sardegna,ROADACC,Road accidents with injuries,9,Total,9,Total,9,Total,0,No,99,Total,9,Total,99,Total,2022,3213
A,Annual,ITG2,Sardegna,ROADACC,Road accidents with injuries,9,Total,9,Total,9,Total,0,No,99,Total,9,Total,99,Total,2023,3290
A,Annual,ITG2,Sardegna,ROADACC,Road accidents with injuries,9,Total,9,Total,9,Total,0,No,99,Total,9,Total,99,Total,2024,3483
A,Annual,ITG2,Sardegna,ROADACC,Road accidents with injuries,9,Total,9,Total,9,Total,1,Yes,99,Total,9,Total,99,Total,2010,97
A,Annual,ITG2,Sardegna,ROADACC,Road accidents with injuries,9,Total,9,Total,9,Total,1,Yes,99,Total,9,Total,99,Total,2011,91
A,Annual,ITG2,Sardegna,ROADACC,Road accidents with injuries,9,Total,9,Total,9,Total,1,Yes,99,Total,9,Total,99,Total,2012,90
A,Annual,ITG2,Sardegna,ROADACC,Road accidents with injuries,9,Total,9,Total,9,Total,1,Yes,99,Total,9,Total,99,Total,2013,111
A,Annual,ITG2,Sardegna,ROADACC,Road accidents with injuries,9,Total,9,Total,9,Total,1,Yes,99,Total,9,Total,99,Total,2014,91
A,Annual,ITG2,Sardegna,ROADACC,Road accidents with injuries,9,Total,9,Total,9,Total,1,Yes,99,Total,9,Total,99,Total,2015,103
A,Annual,ITG2,Sardegna,ROADACC,Road accidents with injuries,9,Total,9,Total,9,Total,1,Yes,99,Total,9,Total,99,Total,2016,99
A,Annual,ITG2,Sardegna,ROADACC,Road accidents with injuries,9,Total,9,Total,9,Total,1,Yes,99,Total,9,Total,99,Total,2017,84
A,Annual,ITG2,Sardegna,ROADACC,Road accidents with injuries,9,Total,9,Total,9,Total,1,Yes,99,Total,9,Total,99,Total,2018,99
A,Annual,ITG2,Sardegna,ROADACC,Road accidents with injuries,9,Total,9,Total,9,Total,1,Yes,99,Total,9,Total,99,Total,2019,69
A,Annual,ITG2,Sardegna,ROADACC,Road accidents with injuries,9,Total,9,Total,9,Total,1,Yes,99,Total,9,Total,99,Total,2020,89
A,Annual,ITG2,Sardegna,ROADACC,Road accidents with injuries,9,Total,9,Total,9,Total,1,Yes,99,Total,9,Total,99,Total,2021,86
A,Annual,ITG2,Sardegna,ROADACC,Road accidents with injuries,9,Total,9,Total,9,Total,1,Yes,99,Total,9,Total,99,Total,2022,100
A,Annual,ITG2,Sardegna,ROADACC,Road accidents with injuries,9,Total,9,Total,9,Total,1,Yes,99,Total,9,Total,99,Total,2023,101
A,Annual,ITG2,Sardegna,ROADACC,Road accidents with injuries,9,Total,9,Total,9,Total,1,Yes,99,Total,9,Total,99,Total,2024,100
A,Annual,ITG2,Sardegna,ROADACC,Road accidents with injuries,9,Total,9,Total,9,Total,9,Total,99,Total,9,Total,99,Total,2010,4206
A,Annual,ITG2,Sardegna,ROADACC,Road accidents with injuries,9,Total,9,Total,9,Total,9,Total,99,Total,9,Total,99,Total,2011,3785
A,Annual,ITG2,Sardegna,ROADACC,Road accidents with injuries,9,Total,9,Total,9,Total,9,Total,99,Total,9,Total,99,Total,2012,3472
A,Annual,ITG2,Sardegna,ROADACC,Road accidents with injuries,9,Total,9,Total,9,Total,9,Total,99,Total,9,Total,99,Total,2013,3664
A,Annual,ITG2,Sardegna,ROADACC,Road accidents with injuries,9,Total,9,Total,9,Total,9,Total,99,Total,9,Total,99,Total,2014,3492
A,Annual,ITG2,Sardegna,ROADACC,Road accidents with injuries,9,Total,9,Total,9,Total,9,Total,99,Total,9,Total,99,Total,2015,3537
A,Annual,ITG2,Sardegna,ROADACC,Road accidents with injuries,9,Total,9,Total,9,Total,9,Total,99,Total,9,Total,99,Total,2016,3508
A,Annual,ITG2,Sardegna,ROADACC,Road accidents with injuries,9,Total,9,Total,9,Total,9,Total,99,Total,9,Total,99,Total,2017,3425
A,Annual,ITG2,Sardegna,ROADACC,Road accidents with injuries,9,Total,9,Total,9,Total,9,Total,99,Total,9,Total,99,Total,2018,3461
A,Annual,ITG2,Sardegna,ROADACC,Road accidents with injuries,9,Total,9,Total,9,Total,9,Total,99,Total,9,Total,99,Total,2019,3633
A,Annual,ITG2,Sardegna,ROADACC,Road accidents with injuries,9,Total,9,Total,9,Total,9,Total,99,Total,9,Total,99,Total,2020,2479
A,Annual,ITG2,Sardegna,ROADACC,Road accidents with injuries,9,Total,9,Total,9,Total,9,Total,99,Total,9,Total,99,Total,2021,3200
A,Annual,ITG2,Sardegna,ROADACC,Road accidents with injuries,9,Total,9,Total,9,Total,9,Total,99,Total,9,Total,99,Total,2022,3313
A,Annual,ITG2,Sardegna,ROADACC,Road accidents with injuries,9,Total,9,Total,9,Total,9,Total,99,Total,9,Total,99,Total,2023,3391
A,Annual,ITG2,Sardegna,ROADACC,Road accidents with injuries,9,Total,9,Total,9,Total,9,Total,99,Total,9,Total,99,Total,2024,3583
