FREQ,Frequency,REF_AREA,Territory,DATA_TYPE,Indicator,VEHICLE_TYPE,Vehicle type,TIME_PERIOD,Observation
A,Annual,ITC1,Piemonte,VEHICFLEET,Vehicles fleet,1,Motor cars,2010,2782541
A,Annual,ITC1,Piemonte,VEHICFLEET,Vehicles fleet,1,Motor cars,2011,2806330
A,Annual,ITC1,Piemonte,VEHICFLEET,Vehicles fleet,1,Motor cars,2012,2813266
A,Annual,ITC1,Piemonte,VEHICFLEET,Vehicles fleet,1,Motor cars,2013,2824985
A,Annual,ITC1,Piemonte,VEHICFLEET,Vehicles fleet,1,Motor cars,2014,2833499
A,Annual,ITC1,Piemonte,VEHICFLEET,Vehicles fleet,1,Motor cars,2015,2844680
A,Annual,ITC1,Piemonte,VEHICFLEET,Vehicles fleet,1,Motor cars,2016,2883412
A,Annual,ITC1,Piemonte,VEHICFLEET,Vehicles fleet,1,Motor cars,2017,2939164
A,Annual,ITC1,Piemonte,VEHICFLEET,Vehicles fleet,1,Motor cars,2018,2938884
A,Annual,ITC1,Piemonte,VEHICFLEET,Vehicles fleet,1,Motor cars,2019,2938022
A,Annual,ITC1,Piemonte,VEHICFLEET,Vehicles fleet,1,Motor cars,2020,2915687
A,Annual,ITC1,Piemonte,VEHICFLEET,Vehicles fleet,1,Motor cars,2021,2878450
A,Annual,ITC1,Piemonte,VEHICFLEET,Vehicles fleet,1,Motor cars,2022,2900449
A,Annual,ITC1,Piemonte,VEHICFLEET,Vehicles fleet,1,Motor cars,2023,2997121
A,Annual,ITC1,Piemonte,VEHICFLEET,Vehicles fleet,1,Motor cars,2024,3075162
A,Annual,ITC1,Piemonte,VEHICFLEET,Vehicles fleet,2,Bus or trolley-bus,2010,6413
A,Annual,ITC1,Piemonte,VEHICFLEET,Vehicles fleet,2,Bus or trolley-bus,2011,6419
A,Annual,ITC1,Piemonte,VEHICFLEET,Vehicles fleet,2,Bus or trolley-bus,2012,6339
A,Annual,ITC1,Piemonte,VEHICFLEET,Vehicles fleet,2,Bus or trolley-bus,2013,6268
A,Annual,ITC1,Piemonte,VEHICFLEET,Vehicles fleet,2,Bus or trolley-bus,2014,6184
A,Annual,ITC1,Piemonte,VEHICFLEET,Vehicles fleet,2,Bus or trolley-bus,2015,6211
A,Annual,ITC1,Piemonte,VEHICFLEET,Vehicles fleet,2,Bus or trolley-bus,2016,5993
A,Annual,ITC1,Piemonte,VEHICFLEET,Vehicles fleet,2,Bus or trolley-bus,2017,6063
A,Annual,ITC1,Piemonte,VEHICFLEET,Vehicles fleet,2,Bus or trolley-bus,2018,6157
A,Annual,ITC1,Piemonte,VEHICFLEET,Vehicles fleet,2,Bus or trolley-bus,2019,6196
A,Annual,ITC1,Piemonte,VEHICFLEET,Vehicles fleet,2,Bus or trolley-bus,2020,6024
A,Annual,ITC1,Piemonte,VEHICFLEET,Vehicles fleet,2,Bus or trolley-bus,2021,5771
A,Annual,ITC1,Piemonte,VEHICFLEET,Vehicles fleet,2,Bus or trolley-bus,2022,5626
A,Annual,ITC1,Piemonte,VEHICFLEET,Vehicles fleet,2,Bus or trolley-bus,2023,5537
A,Annual,ITC1,Piemonte,VEHICFLEET,Vehicles fleet,2,Bus or trolley-bus,2024,5464
A,Annual,ITC1,Piemonte,VEHICFLEET,Vehicles fleet,10,Trucks,2010,382169
A,Annual,ITC1,Piemonte,VEHICFLEET,Vehicles fleet,10,Trucks,2011,384666
A,Annual,ITC1,Piemonte,VEHICFLEET,Vehicles fleet,10,Trucks,2012,383407
A,Annual,ITC1,Piemonte,VEHICFLEET,Vehicles fleet,10,Trucks,2013,382382
A,Annual,ITC1,Piemonte,VEHICFLEET,Vehicles fleet,10,Trucks,2014,380337
A,Annual,ITC1,Piemonte,VEHICFLEET,Vehicles fleet,10,Trucks,2015,379875
A,Annual,ITC1,Piemonte,VEHICFLEET,Vehicles fleet,10,Trucks,2016,386027
A,Annual,ITC1,Piemonte,VEHICFLEET,Vehicles fleet,10,Trucks,2017,388049
A,Annual,ITC1,Piemonte,VEHICFLEET,Vehicles fleet,10,Trucks,2018,388788
A,Annual,ITC1,Piemonte,VEHICFLEET,Vehicles fleet,10,Trucks,2019,388401
A,Annual,ITC1,Piemonte,VEHICFLEET,Vehicles fleet,10,Trucks,2020,389289
A,Annual,ITC1,Piemonte,VEHICFLEET,Vehicles fleet,10,Trucks,2021,391768
A,Annual,ITC1,Piemonte,VEHICFLEET,Vehicles fleet,10,Trucks,2022,395671
A,Annual,ITC1,Piemonte,VEHICFLEET,Vehicles fleet,10,Trucks,2023,413376
A,Annual,ITC1,Piemonte,VEHICFLEET,Vehicles fleet,10,Trucks,2024,434353
A,Annual,ITC1,Piemonte,VEHICFLEET,Vehicles fleet,11,Motor units,2010,11395
A,Annual,ITC1,Piemonte,VEHICFLEET,Vehicles fleet,11,Motor units,2011,11310
A,Annual,ITC1,Piemonte,VEHICFLEET,Vehicles fleet,11,Motor units,2012,10915
A,Annual,ITC1,Piemonte,VEHICFLEET,Vehicles fleet,11,Motor units,2013,10550
A,Annual,ITC1,Piemonte,VEHICFLEET,Vehicles fleet,11,Motor units,2014,10589
A,Annual,ITC1,Piemonte,VEHICFLEET,Vehicles fleet,11,Motor units,2015,10692
A,Annual,ITC1,Piemonte,VEHICFLEET,Vehicles fleet,11,Motor units,2016,11099
A,Annual,ITC1,Piemonte,VEHICFLEET,Vehicles fleet,11,Motor units,2017,11692
A,Annual,ITC1,Piemonte,VEHICFLEET,Vehicles fleet,11,Motor units,2018,12498
A,Annual,ITC1,Piemonte,VEHICFLEET,Vehicles fleet,11,Motor units,2019,12743
A,Annual,ITC1,Piemonte,VEHICFLEET,Vehicles fleet,11,Motor units,2020,12827
A,Annual,ITC1,Piemonte,VEHICFLEET,Vehicles fleet,11,Motor units,2021,13372
A,Annual,ITC1,Piemonte,VEHICFLEET,Vehicles fleet,11,Motor units,2022,13753
A,Annual,ITC1,Piemonte,VEHICFLEET,Vehicles fleet,11,Motor units,2023,13966
A,Annual,ITC1,Piemonte,VEHICFLEET,Vehicles fleet,11,Motor units,2024,14378
A,Annual,ITC1,Piemonte,VEHICFLEET,Vehicles fleet,12,Trailer,2010,25692
A,Annual,ITC1,Piemonte,VEHICFLEET,Vehicles fleet,12,Trailer,2011,25998
A,Annual,ITC1,Piemonte,VEHICFLEET,Vehicles fleet,12,Trailer,2012,25696
A,Annual,ITC1,Piemonte,VEHICFLEET,Vehicles fleet,12,Trailer,2013,25276
A,Annual,ITC1,Piemonte,VEHICFLEET,Vehicles fleet,12,Trailer,2014,24643
A,Annual,ITC1,Piemonte,VEHICFLEET,Vehicles fleet,12,Trailer,2015,24913
A,Annual,ITC1,Piemonte,VEHICFLEET,Vehicles fleet,12,Trailer,2016,25397
A,Annual,ITC1,Piemonte,VEHICFLEET,Vehicles fleet,12,Trailer,2017,25985
A,Annual,ITC1,Piemonte,VEHICFLEET,Vehicles fleet,12,Trailer,2018,26702
A,Annual,ITC1,Piemonte,VEHICFLEET,Vehicles fleet,12,Trailer,2019,27039
A,Annual,ITC1,Piemonte,VEHICFLEET,Vehicles fleet,12,Trailer,2020,27153
A,Annual,ITC1,Piemonte,VEHICFLEET,Vehicles fleet,12,Trailer,2021,27652
A,Annual,ITC1,Piemonte,VEHICFLEET,Vehicles fleet,12,Trailer,2022,28401
A,Annual,ITC1,Piemonte,VEHICFLEET,Vehicles fleet,12,Trailer,2023,29007
A,Annual,ITC1,Piemonte,VEHICFLEET,Vehicles fleet,12,Trailer,2024,29507
A,Annual,ITC1,Piemonte,VEHICFLEET,Vehicles fleet,7,Motorcycles,2010,404648
A,Annual,ITC1,Piemonte,VEHICFLEET,Vehicles fleet,7,Motorcycles,2011,417475
A,Annual,ITC1,Piemonte,VEHICFLEET,Vehicles fleet,7,Motorcycles,2012,425213
A,Annual,ITC1,Piemonte,VEHICFLEET,Vehicles fleet,7,Motorcycles,2013,429578
A,Annual,ITC1,Piemonte,VEHICFLEET,Vehicles fleet,7,Motorcycles,2014,434749
A,Annual,ITC1,Piemonte,VEHICFLEET,Vehicles fleet,7,Motorcycles,2015,439922
A,Annual,ITC1,Piemonte,VEHICFLEET,Vehicles fleet,7,Motorcycles,2016,445679
A,Annual,ITC1,Piemonte,VEHICFLEET,Vehicles fleet,7,Motorcycles,2017,451883
A,Annual,ITC1,Piemonte,VEHICFLEET,Vehicles fleet,7,Motorcycles,2018,459357
A,Annual,ITC1,Piemonte,VEHICFLEET,Vehicles fleet,7,Motorcycles,2019,468337
A,Annual,ITC1,Piemonte,VEHICFLEET,Vehicles fleet,7,Motorcycles,2020,474996
A,Annual,ITC1,Piemonte,VEHICFLEET,Vehicles fleet,7,Motorcycles,2021,484414
A,Annual,ITC1,Piemonte,VEHICFLEET,Vehicles fleet,7,Motorcycles,2022,494009
A,Annual,ITC1,Piemonte,VEHICFLEET,Vehicles fleet,7,Motorcycles,2023,506794
A,Annual,ITC1,Piemonte,VEHICFLEET,Vehicles fleet,7,Motorcycles,2024,521871
A,Annual,ITC1,Piemonte,VEHICFLEET,Vehicles fleet,8,Three-wheeler or motor-van,2010,19642
A,Annual,ITC1,Piemonte,VEHICFLEET,Vehicles fleet,8,Three-wheeler or motor-van,2011,19876
A,Annual,ITC1,Piemonte,VEHICFLEET,Vehicles fleet,8,Three-wheeler or motor-van,2012,20122
A,Annual,ITC1,Piemonte,VEHICFLEET,Vehicles fleet,8,Three-wheeler or motor-van,2013,20118
A,Annual,ITC1,Piemonte,VEHICFLEET,Vehicles fleet,8,Three-wheeler or motor-van,2014,20181
A,Annual,ITC1,Piemonte,VEHICFLEET,Vehicles fleet,8,Three-wheeler or motor-van,2015,20178
A,Annual,ITC1,Piemonte,VEHICFLEET,Vehicles fleet,8,Three-wheeler or motor-van,2016,20236
A,Annual,ITC1,Piemonte,VEHICFLEET,Vehicles fleet,8,Three-wheeler or motor-van,2017,20296
A,Annual,ITC1,Piemonte,VEHICFLEET,Vehicles fleet,8,Three-wheeler or motor-van,2018,20432
A,Annual,ITC1,Piemonte,VEHICFLEET,Vehicles fleet,8,Three-wheeler or motor-van,2019,20444
A,Annual,ITC1,Piemonte,VEHICFLEET,Vehicles fleet,8,Three-wheeler or motor-van,2020,20488
A,Annual,ITC1,Piemonte,VEHICFLEET,Vehicles fleet,8,Three-wheeler or motor-van,2021,20571
A,Annual,ITC1,Piemonte,VEHICFLEET,Vehicles fleet,8,Three-wheeler or motor-van,2022,20577
A,Annual,ITC1,Piemonte,VEHICFLEET,Vehicles fleet,8,Three-wheeler or motor-van,2023,20674
A,Annual,ITC1,Piemonte,VEHICFLEET,Vehicles fleet,8,Three-wheeler or motor-van,2024,20778
A,Annual,ITC1,Piemonte,VEHICFLEET,Vehicles fleet,9,Other vehicles,2010,18
A,Annual,ITC1,Piemonte,VEHICFLEET,Vehicles fleet,9,Other vehicles,2011,1
A,Annual,ITC1,Piemonte,VEHICFLEET,Vehicles fleet,9,Other vehicles,2012,1
A,Annual,ITC1,Piemonte,VEHICFLEET,Vehicles fleet,9,Other vehicles,2013,1
A,Annual,ITC1,Piemonte,VEHICFLEET,Vehicles fleet,9,Other vehicles,2014,1
A,Annual,ITC1,Piemonte,VEHICFLEET,Vehicles fleet,9,Other vehicles,2015,1
A,Annual,ITC1,Piemonte,VEHICFLEET,Vehicles fleet,9,Other vehicles,2016,1
A,Annual,ITC1,Piemonte,VEHICFLEET,Vehicles fleet,9,Other vehicles,2017,1
A,Annual,ITC1,Piemonte,VEHICFLEET,Vehicles fleet,9,Other vehicles,2018,1
A,Annual,ITC1,Piemonte,VEHICFLEET,Vehicles fleet,9,Other vehicles,2019,1
A,Annual,ITC1,Piemonte,VEHICFLEET,Vehicles fleet,9,Other vehicles,2020,1
A,Annual,ITC1,Piemonte,VEHICFLEET,Vehicles fleet,9,Other vehicles,2021,1
A,Annual,ITC1,Piemonte,VEHICFLEET,Vehicles fleet,9,Other vehicles,2022,1
A,Annual,ITC1,Piemonte,VEHICFLEET,Vehicles fleet,9,Other vehicles,2023,1
A,Annual,ITC1,Piemonte,VEHICFLEET,Vehicles fleet,9,Other vehicles,2024,1
A,Annual,ITC1,Piemonte,VEHICFLEET,Vehicles fleet,99,Totale,2010,3632518
A,Annual,ITC1,Piemonte,VEHICFLEET,Vehicles fleet,99,Totale,2011,3672075
A,Annual,ITC1,Piemonte,VEHICFLEET,Vehicles fleet,99,Totale,2012,3684959
A,Annual,ITC1,Piemonte,VEHICFLEET,Vehicles fleet,99,Totale,2013,3699158
A,Annual,ITC1,Piemonte,VEHICFLEET,Vehicles fleet,99,Totale,2014,3710183
A,Annual,ITC1,Piemonte,VEHICFLEET,Vehicles fleet,99,Totale,2015,3726472
A,Annual,ITC1,Piemonte,VEHICFLEET,Vehicles fleet,99,Totale,2016,3777844
A,Annual,ITC1,Piemonte,VEHICFLEET,Vehicles fleet,99,Totale,2017,3843133
A,Annual,ITC1,Piemonte,VEHICFLEET,Vehicles fleet,99,Totale,2018,3852819
A,Annual,ITC1,Piemonte,VEHICFLEET,Vehicles fleet,99,Totale,2019,3861183
A,Annual,ITC1,Piemonte,VEHICFLEET,Vehicles fleet,99,Totale,2020,3846465
A,Annual,ITC1,Piemonte,VEHICFLEET,Vehicles fleet,99,Totale,2021,3821999
A,Annual,ITC1,Piemonte,VEHICFLEET,Vehicles fleet,99,Totale,2022,3858487
A,Annual,ITC1,Piemonte,VEHICFLEET,Vehicles fleet,99,Totale,2023,3986476
A,Annual,ITC1,Piemonte,VEHICFLEET,Vehicles fleet,99,Totale,2024,4101514
A,Annual,ITC2,"'Valle d""'Aosta / Vallée d""'Aoste'",VEHICFLEET,Vehicles fleet,1,Motor cars,2010,134836
A,Annual,ITC2,"'Valle d""'Aosta / Vallée d""'Aoste'",VEHICFLEET,Vehicles fleet,1,Motor cars,2011,144292
A,Annual,ITC2,"'Valle d""'Aosta / Vallée d""'Aoste'",VEHICFLEET,Vehicles fleet,1,Motor cars,2012,154213
A,Annual,ITC2,"'Valle d""'Aosta / Vallée d""'Aoste'",VEHICFLEET,Vehicles fleet,1,Motor cars,2013,135186
A,Annual,ITC2,"'Valle d""'Aosta / Vallée d""'Aoste'",VEHICFLEET,Vehicles fleet,1,Motor cars,2014,147147
A,Annual,ITC2,"'Valle d""'Aosta / Vallée d""'Aoste'",VEHICFLEET,Vehicles fleet,1,Motor cars,2015,145266
A,Annual,ITC2,"'Valle d""'Aosta / Vallée d""'Aoste'",VEHICFLEET,Vehicles fleet,1,Motor cars,2016,148866
A,Annual,ITC2,"'Valle d""'Aosta / Vallée d""'Aoste'",VEHICFLEET,Vehicles fleet,1,Motor cars,2017,167269
A,Annual,ITC2,"'Valle d""'Aosta / Vallée d""'Aoste'",VEHICFLEET,Vehicles fleet,1,Motor cars,2018,187005
A,Annual,ITC2,"'Valle d""'Aosta / Vallée d""'Aoste'",VEHICFLEET,Vehicles fleet,1,Motor cars,2019,213904
A,Annual,ITC2,"'Valle d""'Aosta / Vallée d""'Aoste'",VEHICFLEET,Vehicles fleet,1,Motor cars,2020,221721
A,Annual,ITC2,"'Valle d""'Aosta / Vallée d""'Aoste'",VEHICFLEET,Vehicles fleet,1,Motor cars,2021,249376
A,Annual,ITC2,"'Valle d""'Aosta / Vallée d""'Aoste'",VEHICFLEET,Vehicles fleet,1,Motor cars,2022,287951
A,Annual,ITC2,"'Valle d""'Aosta / Vallée d""'Aoste'",VEHICFLEET,Vehicles fleet,1,Motor cars,2023,282019
A,Annual,ITC2,"'Valle d""'Aosta / Vallée d""'Aoste'",VEHICFLEET,Vehicles fleet,1,Motor cars,2024,237162
A,Annual,ITC2,"'Valle d""'Aosta / Vallée d""'Aoste'",VEHICFLEET,Vehicles fleet,2,Bus or trolley-bus,2010,353
A,Annual,ITC2,"'Valle d""'Aosta / Vallée d""'Aoste'",VEHICFLEET,Vehicles fleet,2,Bus or trolley-bus,2011,348
A,Annual,ITC2,"'Valle d""'Aosta / Vallée d""'Aoste'",VEHICFLEET,Vehicles fleet,2,Bus or trolley-bus,2012,340
A,Annual,ITC2,"'Valle d""'Aosta / Vallée d""'Aoste'",VEHICFLEET,Vehicles fleet,2,Bus or trolley-bus,2013,330
A,Annual,ITC2,"'Valle d""'Aosta / Vallée d""'Aoste'",VEHICFLEET,Vehicles fleet,2,Bus or trolley-bus,2014,327
A,Annual,ITC2,"'Valle d""'Aosta / Vallée d""'Aoste'",VEHICFLEET,Vehicles fleet,2,Bus or trolley-bus,2015,337
A,Annual,ITC2,"'Valle d""'Aosta / Vallée d""'Aoste'",VEHICFLEET,Vehicles fleet,2,Bus or trolley-bus,2016,348
A,Annual,ITC2,"'Valle d""'Aosta / Vallée d""'Aoste'",VEHICFLEET,Vehicles fleet,2,Bus or trolley-bus,2017,341
A,Annual,ITC2,"'Valle d""'Aosta / Vallée d""'Aoste'",VEHICFLEET,Vehicles fleet,2,Bus or trolley-bus,2018,345
A,Annual,ITC2,"'Valle d""'Aosta / Vallée d""'Aoste'",VEHICFLEET,Vehicles fleet,2,Bus or trolley-bus,2019,344
A,Annual,ITC2,"'Valle d""'Aosta / Vallée d""'Aoste'",VEHICFLEET,Vehicles fleet,2,Bus or trolley-bus,2020,355
A,Annual,ITC2,"'Valle d""'Aosta / Vallée d""'Aoste'",VEHICFLEET,Vehicles fleet,2,Bus or trolley-bus,2021,250
A,Annual,ITC2,"'Valle d""'Aosta / Vallée d""'Aoste'",VEHICFLEET,Vehicles fleet,2,Bus or trolley-bus,2022,253
A,Annual,ITC2,"'Valle d""'Aosta / Vallée d""'Aoste'",VEHICFLEET,Vehicles fleet,2,Bus or trolley-bus,2023,250
A,Annual,ITC2,"'Valle d""'Aosta / Vallée d""'Aoste'",VEHICFLEET,Vehicles fleet,2,Bus or trolley-bus,2024,257
A,Annual,ITC2,"'Valle d""'Aosta / Vallée d""'Aoste'",VEHICFLEET,Vehicles fleet,10,Trucks,2010,32682
A,Annual,ITC2,"'Valle d""'Aosta / Vallée d""'Aoste'",VEHICFLEET,Vehicles fleet,10,Trucks,2011,32729
A,Annual,ITC2,"'Valle d""'Aosta / Vallée d""'Aoste'",VEHICFLEET,Vehicles fleet,10,Trucks,2012,33212
A,Annual,ITC2,"'Valle d""'Aosta / Vallée d""'Aoste'",VEHICFLEET,Vehicles fleet,10,Trucks,2013,30495
A,Annual,ITC2,"'Valle d""'Aosta / Vallée d""'Aoste'",VEHICFLEET,Vehicles fleet,10,Trucks,2014,33165
A,Annual,ITC2,"'Valle d""'Aosta / Vallée d""'Aoste'",VEHICFLEET,Vehicles fleet,10,Trucks,2015,35289
A,Annual,ITC2,"'Valle d""'Aosta / Vallée d""'Aoste'",VEHICFLEET,Vehicles fleet,10,Trucks,2016,44591
A,Annual,ITC2,"'Valle d""'Aosta / Vallée d""'Aoste'",VEHICFLEET,Vehicles fleet,10,Trucks,2017,49976
A,Annual,ITC2,"'Valle d""'Aosta / Vallée d""'Aoste'",VEHICFLEET,Vehicles fleet,10,Trucks,2018,53028
A,Annual,ITC2,"'Valle d""'Aosta / Vallée d""'Aoste'",VEHICFLEET,Vehicles fleet,10,Trucks,2019,57476
A,Annual,ITC2,"'Valle d""'Aosta / Vallée d""'Aoste'",VEHICFLEET,Vehicles fleet,10,Trucks,2020,60894
A,Annual,ITC2,"'Valle d""'Aosta / Vallée d""'Aoste'",VEHICFLEET,Vehicles fleet,10,Trucks,2021,67065
A,Annual,ITC2,"'Valle d""'Aosta / Vallée d""'Aoste'",VEHICFLEET,Vehicles fleet,10,Trucks,2022,73957
A,Annual,ITC2,"'Valle d""'Aosta / Vallée d""'Aoste'",VEHICFLEET,Vehicles fleet,10,Trucks,2023,72020
A,Annual,ITC2,"'Valle d""'Aosta / Vallée d""'Aoste'",VEHICFLEET,Vehicles fleet,10,Trucks,2024,63716
A,Annual,ITC2,"'Valle d""'Aosta / Vallée d""'Aoste'",VEHICFLEET,Vehicles fleet,11,Motor units,2010,258
A,Annual,ITC2,"'Valle d""'Aosta / Vallée d""'Aoste'",VEHICFLEET,Vehicles fleet,11,Motor units,2011,263
A,Annual,ITC2,"'Valle d""'Aosta / Vallée d""'Aoste'",VEHICFLEET,Vehicles fleet,11,Motor units,2012,252
A,Annual,ITC2,"'Valle d""'Aosta / Vallée d""'Aoste'",VEHICFLEET,Vehicles fleet,11,Motor units,2013,240
A,Annual,ITC2,"'Valle d""'Aosta / Vallée d""'Aoste'",VEHICFLEET,Vehicles fleet,11,Motor units,2014,241
A,Annual,ITC2,"'Valle d""'Aosta / Vallée d""'Aoste'",VEHICFLEET,Vehicles fleet,11,Motor units,2015,251
A,Annual,ITC2,"'Valle d""'Aosta / Vallée d""'Aoste'",VEHICFLEET,Vehicles fleet,11,Motor units,2016,263
A,Annual,ITC2,"'Valle d""'Aosta / Vallée d""'Aoste'",VEHICFLEET,Vehicles fleet,11,Motor units,2017,260
A,Annual,ITC2,"'Valle d""'Aosta / Vallée d""'Aoste'",VEHICFLEET,Vehicles fleet,11,Motor units,2018,268
A,Annual,ITC2,"'Valle d""'Aosta / Vallée d""'Aoste'",VEHICFLEET,Vehicles fleet,11,Motor units,2019,259
A,Annual,ITC2,"'Valle d""'Aosta / Vallée d""'Aoste'",VEHICFLEET,Vehicles fleet,11,Motor units,2020,267
A,Annual,ITC2,"'Valle d""'Aosta / Vallée d""'Aoste'",VEHICFLEET,Vehicles fleet,11,Motor units,2021,280
A,Annual,ITC2,"'Valle d""'Aosta / Vallée d""'Aoste'",VEHICFLEET,Vehicles fleet,11,Motor units,2022,273
A,Annual,ITC2,"'Valle d""'Aosta / Vallée d""'Aoste'",VEHICFLEET,Vehicles fleet,11,Motor units,2023,259
A,Annual,ITC2,"'Valle d""'Aosta / Vallée d""'Aoste'",VEHICFLEET,Vehicles fleet,11,Motor units,2024,257
A,Annual,ITC2,"'Valle d""'Aosta / Vallée d""'Aoste'",VEHICFLEET,Vehicles fleet,12,Trailer,2010,633
A,Annual,ITC2,"'Valle d""'Aosta / Vallée d""'Aoste'",VEHICFLEET,Vehicles fleet,12,Trailer,2011,622
A,Annual,ITC2,"'Valle d""'Aosta / Vallée d""'Aoste'",VEHICFLEET,Vehicles fleet,12,Trailer,2012,618
A,Annual,ITC2,"'Valle d""'Aosta / Vallée d""'Aoste'",VEHICFLEET,Vehicles fleet,12,Trailer,2013,631
A,Annual,ITC2,"'Valle d""'Aosta / Vallée d""'Aoste'",VEHICFLEET,Vehicles fleet,12,Trailer,2014,643
A,Annual,ITC2,"'Valle d""'Aosta / Vallée d""'Aoste'",VEHICFLEET,Vehicles fleet,12,Trailer,2015,649
A,Annual,ITC2,"'Valle d""'Aosta / Vallée d""'Aoste'",VEHICFLEET,Vehicles fleet,12,Trailer,2016,654
A,Annual,ITC2,"'Valle d""'Aosta / Vallée d""'Aoste'",VEHICFLEET,Vehicles fleet,12,Trailer,2017,636
A,Annual,ITC2,"'Valle d""'Aosta / Vallée d""'Aoste'",VEHICFLEET,Vehicles fleet,12,Trailer,2018,644
A,Annual,ITC2,"'Valle d""'Aosta / Vallée d""'Aoste'",VEHICFLEET,Vehicles fleet,12,Trailer,2019,648
A,Annual,ITC2,"'Valle d""'Aosta / Vallée d""'Aoste'",VEHICFLEET,Vehicles fleet,12,Trailer,2020,652
A,Annual,ITC2,"'Valle d""'Aosta / Vallée d""'Aoste'",VEHICFLEET,Vehicles fleet,12,Trailer,2021,659
A,Annual,ITC2,"'Valle d""'Aosta / Vallée d""'Aoste'",VEHICFLEET,Vehicles fleet,12,Trailer,2022,658
A,Annual,ITC2,"'Valle d""'Aosta / Vallée d""'Aoste'",VEHICFLEET,Vehicles fleet,12,Trailer,2023,646
A,Annual,ITC2,"'Valle d""'Aosta / Vallée d""'Aoste'",VEHICFLEET,Vehicles fleet,12,Trailer,2024,633
A,Annual,ITC2,"'Valle d""'Aosta / Vallée d""'Aoste'",VEHICFLEET,Vehicles fleet,7,Motorcycles,2010,15009
A,Annual,ITC2,"'Valle d""'Aosta / Vallée d""'Aoste'",VEHICFLEET,Vehicles fleet,7,Motorcycles,2011,15415
A,Annual,ITC2,"'Valle d""'Aosta / Vallée d""'Aoste'",VEHICFLEET,Vehicles fleet,7,Motorcycles,2012,15676
A,Annual,ITC2,"'Valle d""'Aosta / Vallée d""'Aoste'",VEHICFLEET,Vehicles fleet,7,Motorcycles,2013,15925
A,Annual,ITC2,"'Valle d""'Aosta / Vallée d""'Aoste'",VEHICFLEET,Vehicles fleet,7,Motorcycles,2014,16101
A,Annual,ITC2,"'Valle d""'Aosta / Vallée d""'Aoste'",VEHICFLEET,Vehicles fleet,7,Motorcycles,2015,16135
A,Annual,ITC2,"'Valle d""'Aosta / Vallée d""'Aoste'",VEHICFLEET,Vehicles fleet,7,Motorcycles,2016,16255
A,Annual,ITC2,"'Valle d""'Aosta / Vallée d""'Aoste'",VEHICFLEET,Vehicles fleet,7,Motorcycles,2017,16305
A,Annual,ITC2,"'Valle d""'Aosta / Vallée d""'Aoste'",VEHICFLEET,Vehicles fleet,7,Motorcycles,2018,16406
A,Annual,ITC2,"'Valle d""'Aosta / Vallée d""'Aoste'",VEHICFLEET,Vehicles fleet,7,Motorcycles,2019,16640
A,Annual,ITC2,"'Valle d""'Aosta / Vallée d""'Aoste'",VEHICFLEET,Vehicles fleet,7,Motorcycles,2020,16868
A,Annual,ITC2,"'Valle d""'Aosta / Vallée d""'Aoste'",VEHICFLEET,Vehicles fleet,7,Motorcycles,2021,17160
A,Annual,ITC2,"'Valle d""'Aosta / Vallée d""'Aoste'",VEHICFLEET,Vehicles fleet,7,Motorcycles,2022,17422
A,Annual,ITC2,"'Valle d""'Aosta / Vallée d""'Aoste'",VEHICFLEET,Vehicles fleet,7,Motorcycles,2023,17773
A,Annual,ITC2,"'Valle d""'Aosta / Vallée d""'Aoste'",VEHICFLEET,Vehicles fleet,7,Motorcycles,2024,18158
A,Annual,ITC2,"'Valle d""'Aosta / Vallée d""'Aoste'",VEHICFLEET,Vehicles fleet,8,Three-wheeler or motor-van,2010,4196
A,Annual,ITC2,"'Valle d""'Aosta / Vallée d""'Aoste'",VEHICFLEET,Vehicles fleet,8,Three-wheeler or motor-van,2011,4113
A,Annual,ITC2,"'Valle d""'Aosta / Vallée d""'Aoste'",VEHICFLEET,Vehicles fleet,8,Three-wheeler or motor-van,2012,4030
A,Annual,ITC2,"'Valle d""'Aosta / Vallée d""'Aoste'",VEHICFLEET,Vehicles fleet,8,Three-wheeler or motor-van,2013,3980
A,Annual,ITC2,"'Valle d""'Aosta / Vallée d""'Aoste'",VEHICFLEET,Vehicles fleet,8,Three-wheeler or motor-van,2014,3940
A,Annual,ITC2,"'Valle d""'Aosta / Vallée d""'Aoste'",VEHICFLEET,Vehicles fleet,8,Three-wheeler or motor-van,2015,4035
A,Annual,ITC2,"'Valle d""'Aosta / Vallée d""'Aoste'",VEHICFLEET,Vehicles fleet,8,Three-wheeler or motor-van,2016,4346
A,Annual,ITC2,"'Valle d""'Aosta / Vallée d""'Aoste'",VEHICFLEET,Vehicles fleet,8,Three-wheeler or motor-van,2017,4069
A,Annual,ITC2,"'Valle d""'Aosta / Vallée d""'Aoste'",VEHICFLEET,Vehicles fleet,8,Three-wheeler or motor-van,2018,3738
A,Annual,ITC2,"'Valle d""'Aosta / Vallée d""'Aoste'",VEHICFLEET,Vehicles fleet,8,Three-wheeler or motor-van,2019,3672
A,Annual,ITC2,"'Valle d""'Aosta / Vallée d""'Aoste'",VEHICFLEET,Vehicles fleet,8,Three-wheeler or motor-van,2020,3615
A,Annual,ITC2,"'Valle d""'Aosta / Vallée d""'Aoste'",VEHICFLEET,Vehicles fleet,8,Three-wheeler or motor-van,2021,3576
A,Annual,ITC2,"'Valle d""'Aosta / Vallée d""'Aoste'",VEHICFLEET,Vehicles fleet,8,Three-wheeler or motor-van,2022,3679
A,Annual,ITC2,"'Valle d""'Aosta / Vallée d""'Aoste'",VEHICFLEET,Vehicles fleet,8,Three-wheeler or motor-van,2023,3649
A,Annual,ITC2,"'Valle d""'Aosta / Vallée d""'Aoste'",VEHICFLEET,Vehicles fleet,8,Three-wheeler or motor-van,2024,3596
A,Annual,ITC2,"'Valle d""'Aosta / Vallée d""'Aoste'",VEHICFLEET,Vehicles fleet,9,Other vehicles,2010,0
A,Annual,ITC2,"'Valle d""'Aosta / Vallée d""'Aoste'",VEHICFLEET,Vehicles fleet,9,Other vehicles,2011,0
A,Annual,ITC2,"'Valle d""'Aosta / Vallée d""'Aoste'",VEHICFLEET,Vehicles fleet,9,Other vehicles,2012,0
A,Annual,ITC2,"'Valle d""'Aosta / Vallée d""'Aoste'",VEHICFLEET,Vehicles fleet,9,Other vehicles,2013,0
A,Annual,ITC2,"'Valle d""'Aosta / Vallée d""'Aoste'",VEHICFLEET,Vehicles fleet,9,Other vehicles,2014,0
A,Annual,ITC2,"'Valle d""'Aosta / Vallée d""'Aoste'",VEHICFLEET,Vehicles fleet,9,Other vehicles,2015,0
A,Annual,ITC2,"'Valle d""'Aosta / Vallée d""'Aoste'",VEHICFLEET,Vehicles fleet,9,Other vehicles,2016,0
A,Annual,ITC2,"'Valle d""'Aosta / Vallée d""'Aoste'",VEHICFLEET,Vehicles fleet,9,Other vehicles,2017,0
A,Annual,ITC2,"'Valle d""'Aosta / Vallée d""'Aoste'",VEHICFLEET,Vehicles fleet,9,Other vehicles,2018,0
A,Annual,ITC2,"'Valle d""'Aosta / Vallée d""'Aoste'",VEHICFLEET,Vehicles fleet,9,Other vehicles,2019,0
A,Annual,ITC2,"'Valle d""'Aosta / Vallée d""'Aoste'",VEHICFLEET,Vehicles fleet,9,Other vehicles,2020,0
A,Annual,ITC2,"'Valle d""'Aosta / Vallée d""'Aoste'",VEHICFLEET,Vehicles fleet,9,Other vehicles,2021,0
A,Annual,ITC2,"'Valle d""'Aosta / Vallée d""'Aoste'",VEHICFLEET,Vehicles fleet,9,Other vehicles,2022,0
A,Annual,ITC2,"'Valle d""'Aosta / Vallée d""'Aoste'",VEHICFLEET,Vehicles fleet,9,Other vehicles,2023,0
A,Annual,ITC2,"'Valle d""'Aosta / Vallée d""'Aoste'",VEHICFLEET,Vehicles fleet,9,Other vehicles,2024,0
A,Annual,ITC2,"'Valle d""'Aosta / Vallée d""'Aoste'",VEHICFLEET,Vehicles fleet,99,Totale,2010,187967
A,Annual,ITC2,"'Valle d""'Aosta / Vallée d""'Aoste'",VEHICFLEET,Vehicles fleet,99,Totale,2011,197782
A,Annual,ITC2,"'Valle d""'Aosta / Vallée d""'Aoste'",VEHICFLEET,Vehicles fleet,99,Totale,2012,208341
A,Annual,ITC2,"'Valle d""'Aosta / Vallée d""'Aoste'",VEHICFLEET,Vehicles fleet,99,Totale,2013,186787
A,Annual,ITC2,"'Valle d""'Aosta / Vallée d""'Aoste'",VEHICFLEET,Vehicles fleet,99,Totale,2014,201564
A,Annual,ITC2,"'Valle d""'Aosta / Vallée d""'Aoste'",VEHICFLEET,Vehicles fleet,99,Totale,2015,201962
A,Annual,ITC2,"'Valle d""'Aosta / Vallée d""'Aoste'",VEHICFLEET,Vehicles fleet,99,Totale,2016,215323
A,Annual,ITC2,"'Valle d""'Aosta / Vallée d""'Aoste'",VEHICFLEET,Vehicles fleet,99,Totale,2017,238856
A,Annual,ITC2,"'Valle d""'Aosta / Vallée d""'Aoste'",VEHICFLEET,Vehicles fleet,99,Totale,2018,261434
A,Annual,ITC2,"'Valle d""'Aosta / Vallée d""'Aoste'",VEHICFLEET,Vehicles fleet,99,Totale,2019,292943
A,Annual,ITC2,"'Valle d""'Aosta / Vallée d""'Aoste'",VEHICFLEET,Vehicles fleet,99,Totale,2020,304372
A,Annual,ITC2,"'Valle d""'Aosta / Vallée d""'Aoste'",VEHICFLEET,Vehicles fleet,99,Totale,2021,338366
A,Annual,ITC2,"'Valle d""'Aosta / Vallée d""'Aoste'",VEHICFLEET,Vehicles fleet,99,Totale,2022,384193
A,Annual,ITC2,"'Valle d""'Aosta / Vallée d""'Aoste'",VEHICFLEET,Vehicles fleet,99,Totale,2023,376616
A,Annual,ITC2,"'Valle d""'Aosta / Vallée d""'Aoste'",VEHICFLEET,Vehicles fleet,99,Totale,2024,323779
A,Annual,ITC3,Liguria,VEHICFLEET,Vehicles fleet,1,Motor cars,2010,841795
A,Annual,ITC3,Liguria,VEHICFLEET,Vehicles fleet,1,Motor cars,2011,844862
A,Annual,ITC3,Liguria,VEHICFLEET,Vehicles fleet,1,Motor cars,2012,840092
A,Annual,ITC3,Liguria,VEHICFLEET,Vehicles fleet,1,Motor cars,2013,832081
A,Annual,ITC3,Liguria,VEHICFLEET,Vehicles fleet,1,Motor cars,2014,829292
A,Annual,ITC3,Liguria,VEHICFLEET,Vehicles fleet,1,Motor cars,2015,828022
A,Annual,ITC3,Liguria,VEHICFLEET,Vehicles fleet,1,Motor cars,2016,832304
A,Annual,ITC3,Liguria,VEHICFLEET,Vehicles fleet,1,Motor cars,2017,838182
A,Annual,ITC3,Liguria,VEHICFLEET,Vehicles fleet,1,Motor cars,2018,841578
A,Annual,ITC3,Liguria,VEHICFLEET,Vehicles fleet,1,Motor cars,2019,845602
A,Annual,ITC3,Liguria,VEHICFLEET,Vehicles fleet,1,Motor cars,2020,845474
A,Annual,ITC3,Liguria,VEHICFLEET,Vehicles fleet,1,Motor cars,2021,843818
A,Annual,ITC3,Liguria,VEHICFLEET,Vehicles fleet,1,Motor cars,2022,843142
A,Annual,ITC3,Liguria,VEHICFLEET,Vehicles fleet,1,Motor cars,2023,847692
A,Annual,ITC3,Liguria,VEHICFLEET,Vehicles fleet,1,Motor cars,2024,850098
A,Annual,ITC3,Liguria,VEHICFLEET,Vehicles fleet,2,Bus or trolley-bus,2010,2516
A,Annual,ITC3,Liguria,VEHICFLEET,Vehicles fleet,2,Bus or trolley-bus,2011,2493
A,Annual,ITC3,Liguria,VEHICFLEET,Vehicles fleet,2,Bus or trolley-bus,2012,2484
A,Annual,ITC3,Liguria,VEHICFLEET,Vehicles fleet,2,Bus or trolley-bus,2013,2467
A,Annual,ITC3,Liguria,VEHICFLEET,Vehicles fleet,2,Bus or trolley-bus,2014,2418
A,Annual,ITC3,Liguria,VEHICFLEET,Vehicles fleet,2,Bus or trolley-bus,2015,2440
A,Annual,ITC3,Liguria,VEHICFLEET,Vehicles fleet,2,Bus or trolley-bus,2016,2492
A,Annual,ITC3,Liguria,VEHICFLEET,Vehicles fleet,2,Bus or trolley-bus,2017,2498
A,Annual,ITC3,Liguria,VEHICFLEET,Vehicles fleet,2,Bus or trolley-bus,2018,2488
A,Annual,ITC3,Liguria,VEHICFLEET,Vehicles fleet,2,Bus or trolley-bus,2019,2421
A,Annual,ITC3,Liguria,VEHICFLEET,Vehicles fleet,2,Bus or trolley-bus,2020,2377
A,Annual,ITC3,Liguria,VEHICFLEET,Vehicles fleet,2,Bus or trolley-bus,2021,2419
A,Annual,ITC3,Liguria,VEHICFLEET,Vehicles fleet,2,Bus or trolley-bus,2022,2443
A,Annual,ITC3,Liguria,VEHICFLEET,Vehicles fleet,2,Bus or trolley-bus,2023,2473
A,Annual,ITC3,Liguria,VEHICFLEET,Vehicles fleet,2,Bus or trolley-bus,2024,2490
A,Annual,ITC3,Liguria,VEHICFLEET,Vehicles fleet,10,Trucks,2010,102834
A,Annual,ITC3,Liguria,VEHICFLEET,Vehicles fleet,10,Trucks,2011,103157
A,Annual,ITC3,Liguria,VEHICFLEET,Vehicles fleet,10,Trucks,2012,102135
A,Annual,ITC3,Liguria,VEHICFLEET,Vehicles fleet,10,Trucks,2013,100511
A,Annual,ITC3,Liguria,VEHICFLEET,Vehicles fleet,10,Trucks,2014,99786
A,Annual,ITC3,Liguria,VEHICFLEET,Vehicles fleet,10,Trucks,2015,99221
A,Annual,ITC3,Liguria,VEHICFLEET,Vehicles fleet,10,Trucks,2016,99944
A,Annual,ITC3,Liguria,VEHICFLEET,Vehicles fleet,10,Trucks,2017,100537
A,Annual,ITC3,Liguria,VEHICFLEET,Vehicles fleet,10,Trucks,2018,101256
A,Annual,ITC3,Liguria,VEHICFLEET,Vehicles fleet,10,Trucks,2019,102176
A,Annual,ITC3,Liguria,VEHICFLEET,Vehicles fleet,10,Trucks,2020,102772
A,Annual,ITC3,Liguria,VEHICFLEET,Vehicles fleet,10,Trucks,2021,104198
A,Annual,ITC3,Liguria,VEHICFLEET,Vehicles fleet,10,Trucks,2022,105571
A,Annual,ITC3,Liguria,VEHICFLEET,Vehicles fleet,10,Trucks,2023,107194
A,Annual,ITC3,Liguria,VEHICFLEET,Vehicles fleet,10,Trucks,2024,108884
A,Annual,ITC3,Liguria,VEHICFLEET,Vehicles fleet,11,Motor units,2010,2969
A,Annual,ITC3,Liguria,VEHICFLEET,Vehicles fleet,11,Motor units,2011,2998
A,Annual,ITC3,Liguria,VEHICFLEET,Vehicles fleet,11,Motor units,2012,2862
A,Annual,ITC3,Liguria,VEHICFLEET,Vehicles fleet,11,Motor units,2013,2703
A,Annual,ITC3,Liguria,VEHICFLEET,Vehicles fleet,11,Motor units,2014,2716
A,Annual,ITC3,Liguria,VEHICFLEET,Vehicles fleet,11,Motor units,2015,2737
A,Annual,ITC3,Liguria,VEHICFLEET,Vehicles fleet,11,Motor units,2016,2809
A,Annual,ITC3,Liguria,VEHICFLEET,Vehicles fleet,11,Motor units,2017,2959
A,Annual,ITC3,Liguria,VEHICFLEET,Vehicles fleet,11,Motor units,2018,3135
A,Annual,ITC3,Liguria,VEHICFLEET,Vehicles fleet,11,Motor units,2019,3159
A,Annual,ITC3,Liguria,VEHICFLEET,Vehicles fleet,11,Motor units,2020,3163
A,Annual,ITC3,Liguria,VEHICFLEET,Vehicles fleet,11,Motor units,2021,3300
A,Annual,ITC3,Liguria,VEHICFLEET,Vehicles fleet,11,Motor units,2022,3447
A,Annual,ITC3,Liguria,VEHICFLEET,Vehicles fleet,11,Motor units,2023,3421
A,Annual,ITC3,Liguria,VEHICFLEET,Vehicles fleet,11,Motor units,2024,3425
A,Annual,ITC3,Liguria,VEHICFLEET,Vehicles fleet,12,Trailer,2010,6345
A,Annual,ITC3,Liguria,VEHICFLEET,Vehicles fleet,12,Trailer,2011,6361
A,Annual,ITC3,Liguria,VEHICFLEET,Vehicles fleet,12,Trailer,2012,6131
A,Annual,ITC3,Liguria,VEHICFLEET,Vehicles fleet,12,Trailer,2013,5857
A,Annual,ITC3,Liguria,VEHICFLEET,Vehicles fleet,12,Trailer,2014,5794
A,Annual,ITC3,Liguria,VEHICFLEET,Vehicles fleet,12,Trailer,2015,5827
A,Annual,ITC3,Liguria,VEHICFLEET,Vehicles fleet,12,Trailer,2016,5904
A,Annual,ITC3,Liguria,VEHICFLEET,Vehicles fleet,12,Trailer,2017,6111
A,Annual,ITC3,Liguria,VEHICFLEET,Vehicles fleet,12,Trailer,2018,6239
A,Annual,ITC3,Liguria,VEHICFLEET,Vehicles fleet,12,Trailer,2019,6417
A,Annual,ITC3,Liguria,VEHICFLEET,Vehicles fleet,12,Trailer,2020,6548
A,Annual,ITC3,Liguria,VEHICFLEET,Vehicles fleet,12,Trailer,2021,6714
A,Annual,ITC3,Liguria,VEHICFLEET,Vehicles fleet,12,Trailer,2022,6899
A,Annual,ITC3,Liguria,VEHICFLEET,Vehicles fleet,12,Trailer,2023,6895
A,Annual,ITC3,Liguria,VEHICFLEET,Vehicles fleet,12,Trailer,2024,6954
A,Annual,ITC3,Liguria,VEHICFLEET,Vehicles fleet,7,Motorcycles,2010,363253
A,Annual,ITC3,Liguria,VEHICFLEET,Vehicles fleet,7,Motorcycles,2011,369411
A,Annual,ITC3,Liguria,VEHICFLEET,Vehicles fleet,7,Motorcycles,2012,371094
A,Annual,ITC3,Liguria,VEHICFLEET,Vehicles fleet,7,Motorcycles,2013,371244
A,Annual,ITC3,Liguria,VEHICFLEET,Vehicles fleet,7,Motorcycles,2014,372391
A,Annual,ITC3,Liguria,VEHICFLEET,Vehicles fleet,7,Motorcycles,2015,374227
A,Annual,ITC3,Liguria,VEHICFLEET,Vehicles fleet,7,Motorcycles,2016,378495
A,Annual,ITC3,Liguria,VEHICFLEET,Vehicles fleet,7,Motorcycles,2017,383802
A,Annual,ITC3,Liguria,VEHICFLEET,Vehicles fleet,7,Motorcycles,2018,390245
A,Annual,ITC3,Liguria,VEHICFLEET,Vehicles fleet,7,Motorcycles,2019,397111
A,Annual,ITC3,Liguria,VEHICFLEET,Vehicles fleet,7,Motorcycles,2020,401592
A,Annual,ITC3,Liguria,VEHICFLEET,Vehicles fleet,7,Motorcycles,2021,408514
A,Annual,ITC3,Liguria,VEHICFLEET,Vehicles fleet,7,Motorcycles,2022,416168
A,Annual,ITC3,Liguria,VEHICFLEET,Vehicles fleet,7,Motorcycles,2023,426438
A,Annual,ITC3,Liguria,VEHICFLEET,Vehicles fleet,7,Motorcycles,2024,436534
A,Annual,ITC3,Liguria,VEHICFLEET,Vehicles fleet,8,Three-wheeler or motor-van,2010,17005
A,Annual,ITC3,Liguria,VEHICFLEET,Vehicles fleet,8,Three-wheeler or motor-van,2011,16865
A,Annual,ITC3,Liguria,VEHICFLEET,Vehicles fleet,8,Three-wheeler or motor-van,2012,16581
A,Annual,ITC3,Liguria,VEHICFLEET,Vehicles fleet,8,Three-wheeler or motor-van,2013,16352
A,Annual,ITC3,Liguria,VEHICFLEET,Vehicles fleet,8,Three-wheeler or motor-van,2014,16156
A,Annual,ITC3,Liguria,VEHICFLEET,Vehicles fleet,8,Three-wheeler or motor-van,2015,15908
A,Annual,ITC3,Liguria,VEHICFLEET,Vehicles fleet,8,Three-wheeler or motor-van,2016,15826
A,Annual,ITC3,Liguria,VEHICFLEET,Vehicles fleet,8,Three-wheeler or motor-van,2017,15600
A,Annual,ITC3,Liguria,VEHICFLEET,Vehicles fleet,8,Three-wheeler or motor-van,2018,15327
A,Annual,ITC3,Liguria,VEHICFLEET,Vehicles fleet,8,Three-wheeler or motor-van,2019,15080
A,Annual,ITC3,Liguria,VEHICFLEET,Vehicles fleet,8,Three-wheeler or motor-van,2020,14906
A,Annual,ITC3,Liguria,VEHICFLEET,Vehicles fleet,8,Three-wheeler or motor-van,2021,14685
A,Annual,ITC3,Liguria,VEHICFLEET,Vehicles fleet,8,Three-wheeler or motor-van,2022,14588
A,Annual,ITC3,Liguria,VEHICFLEET,Vehicles fleet,8,Three-wheeler or motor-van,2023,14483
A,Annual,ITC3,Liguria,VEHICFLEET,Vehicles fleet,8,Three-wheeler or motor-van,2024,14332
A,Annual,ITC3,Liguria,VEHICFLEET,Vehicles fleet,9,Other vehicles,2010,10
A,Annual,ITC3,Liguria,VEHICFLEET,Vehicles fleet,9,Other vehicles,2011,0
A,Annual,ITC3,Liguria,VEHICFLEET,Vehicles fleet,9,Other vehicles,2012,0
A,Annual,ITC3,Liguria,VEHICFLEET,Vehicles fleet,9,Other vehicles,2013,0
A,Annual,ITC3,Liguria,VEHICFLEET,Vehicles fleet,9,Other vehicles,2014,0
A,Annual,ITC3,Liguria,VEHICFLEET,Vehicles fleet,9,Other vehicles,2015,0
A,Annual,ITC3,Liguria,VEHICFLEET,Vehicles fleet,9,Other vehicles,2016,0
A,Annual,ITC3,Liguria,VEHICFLEET,Vehicles fleet,9,Other vehicles,2017,0
A,Annual,ITC3,Liguria,VEHICFLEET,Vehicles fleet,9,Other vehicles,2018,1
A,Annual,ITC3,Liguria,VEHICFLEET,Vehicles fleet,9,Other vehicles,2019,1
A,Annual,ITC3,Liguria,VEHICFLEET,Vehicles fleet,9,Other vehicles,2020,0
A,Annual,ITC3,Liguria,VEHICFLEET,Vehicles fleet,9,Other vehicles,2021,0
A,Annual,ITC3,Liguria,VEHICFLEET,Vehicles fleet,9,Other vehicles,2022,0
A,Annual,ITC3,Liguria,VEHICFLEET,Vehicles fleet,9,Other vehicles,2023,1
A,Annual,ITC3,Liguria,VEHICFLEET,Vehicles fleet,9,Other vehicles,2024,1
A,Annual,ITC3,Liguria,VEHICFLEET,Vehicles fleet,99,Totale,2010,1336727
A,Annual,ITC3,Liguria,VEHICFLEET,Vehicles fleet,99,Totale,2011,1346147
A,Annual,ITC3,Liguria,VEHICFLEET,Vehicles fleet,99,Totale,2012,1341379
A,Annual,ITC3,Liguria,VEHICFLEET,Vehicles fleet,99,Totale,2013,1331215
A,Annual,ITC3,Liguria,VEHICFLEET,Vehicles fleet,99,Totale,2014,1328553
A,Annual,ITC3,Liguria,VEHICFLEET,Vehicles fleet,99,Totale,2015,1328382
A,Annual,ITC3,Liguria,VEHICFLEET,Vehicles fleet,99,Totale,2016,1337774
A,Annual,ITC3,Liguria,VEHICFLEET,Vehicles fleet,99,Totale,2017,1349689
A,Annual,ITC3,Liguria,VEHICFLEET,Vehicles fleet,99,Totale,2018,1360269
A,Annual,ITC3,Liguria,VEHICFLEET,Vehicles fleet,99,Totale,2019,1371967
A,Annual,ITC3,Liguria,VEHICFLEET,Vehicles fleet,99,Totale,2020,1376832
A,Annual,ITC3,Liguria,VEHICFLEET,Vehicles fleet,99,Totale,2021,1383648
A,Annual,ITC3,Liguria,VEHICFLEET,Vehicles fleet,99,Totale,2022,1392258
A,Annual,ITC3,Liguria,VEHICFLEET,Vehicles fleet,99,Totale,2023,1408597
A,Annual,ITC3,Liguria,VEHICFLEET,Vehicles fleet,99,Totale,2024,1422718
A,Annual,ITC4,Lombardia,VEHICFLEET,Vehicles fleet,1,Motor cars,2010,5808621
A,Annual,ITC4,Lombardia,VEHICFLEET,Vehicles fleet,1,Motor cars,2011,5875403
A,Annual,ITC4,Lombardia,VEHICFLEET,Vehicles fleet,1,Motor cars,2012,5875329
A,Annual,ITC4,Lombardia,VEHICFLEET,Vehicles fleet,1,Motor cars,2013,5863709
A,Annual,ITC4,Lombardia,VEHICFLEET,Vehicles fleet,1,Motor cars,2014,5879632
A,Annual,ITC4,Lombardia,VEHICFLEET,Vehicles fleet,1,Motor cars,2015,5923849
A,Annual,ITC4,Lombardia,VEHICFLEET,Vehicles fleet,1,Motor cars,2016,5998536
A,Annual,ITC4,Lombardia,VEHICFLEET,Vehicles fleet,1,Motor cars,2017,6083733
A,Annual,ITC4,Lombardia,VEHICFLEET,Vehicles fleet,1,Motor cars,2018,6145609
A,Annual,ITC4,Lombardia,VEHICFLEET,Vehicles fleet,1,Motor cars,2019,6212479
A,Annual,ITC4,Lombardia,VEHICFLEET,Vehicles fleet,1,Motor cars,2020,6231939
A,Annual,ITC4,Lombardia,VEHICFLEET,Vehicles fleet,1,Motor cars,2021,6222101
A,Annual,ITC4,Lombardia,VEHICFLEET,Vehicles fleet,1,Motor cars,2022,6272187
A,Annual,ITC4,Lombardia,VEHICFLEET,Vehicles fleet,1,Motor cars,2023,6374904
A,Annual,ITC4,Lombardia,VEHICFLEET,Vehicles fleet,1,Motor cars,2024,6426326
A,Annual,ITC4,Lombardia,VEHICFLEET,Vehicles fleet,2,Bus or trolley-bus,2010,11553
A,Annual,ITC4,Lombardia,VEHICFLEET,Vehicles fleet,2,Bus or trolley-bus,2011,11562
A,Annual,ITC4,Lombardia,VEHICFLEET,Vehicles fleet,2,Bus or trolley-bus,2012,11346
A,Annual,ITC4,Lombardia,VEHICFLEET,Vehicles fleet,2,Bus or trolley-bus,2013,11028
A,Annual,ITC4,Lombardia,VEHICFLEET,Vehicles fleet,2,Bus or trolley-bus,2014,10906
A,Annual,ITC4,Lombardia,VEHICFLEET,Vehicles fleet,2,Bus or trolley-bus,2015,10853
A,Annual,ITC4,Lombardia,VEHICFLEET,Vehicles fleet,2,Bus or trolley-bus,2016,10673
A,Annual,ITC4,Lombardia,VEHICFLEET,Vehicles fleet,2,Bus or trolley-bus,2017,10635
A,Annual,ITC4,Lombardia,VEHICFLEET,Vehicles fleet,2,Bus or trolley-bus,2018,10896
A,Annual,ITC4,Lombardia,VEHICFLEET,Vehicles fleet,2,Bus or trolley-bus,2019,10855
A,Annual,ITC4,Lombardia,VEHICFLEET,Vehicles fleet,2,Bus or trolley-bus,2020,10775
A,Annual,ITC4,Lombardia,VEHICFLEET,Vehicles fleet,2,Bus or trolley-bus,2021,10995
A,Annual,ITC4,Lombardia,VEHICFLEET,Vehicles fleet,2,Bus or trolley-bus,2022,10882
A,Annual,ITC4,Lombardia,VEHICFLEET,Vehicles fleet,2,Bus or trolley-bus,2023,10851
A,Annual,ITC4,Lombardia,VEHICFLEET,Vehicles fleet,2,Bus or trolley-bus,2024,10864
A,Annual,ITC4,Lombardia,VEHICFLEET,Vehicles fleet,10,Trucks,2010,717448
A,Annual,ITC4,Lombardia,VEHICFLEET,Vehicles fleet,10,Trucks,2011,721671
A,Annual,ITC4,Lombardia,VEHICFLEET,Vehicles fleet,10,Trucks,2012,711061
A,Annual,ITC4,Lombardia,VEHICFLEET,Vehicles fleet,10,Trucks,2013,698676
A,Annual,ITC4,Lombardia,VEHICFLEET,Vehicles fleet,10,Trucks,2014,693966
A,Annual,ITC4,Lombardia,VEHICFLEET,Vehicles fleet,10,Trucks,2015,694151
A,Annual,ITC4,Lombardia,VEHICFLEET,Vehicles fleet,10,Trucks,2016,702526
A,Annual,ITC4,Lombardia,VEHICFLEET,Vehicles fleet,10,Trucks,2017,711562
A,Annual,ITC4,Lombardia,VEHICFLEET,Vehicles fleet,10,Trucks,2018,715477
A,Annual,ITC4,Lombardia,VEHICFLEET,Vehicles fleet,10,Trucks,2019,716992
A,Annual,ITC4,Lombardia,VEHICFLEET,Vehicles fleet,10,Trucks,2020,720588
A,Annual,ITC4,Lombardia,VEHICFLEET,Vehicles fleet,10,Trucks,2021,727769
A,Annual,ITC4,Lombardia,VEHICFLEET,Vehicles fleet,10,Trucks,2022,738264
A,Annual,ITC4,Lombardia,VEHICFLEET,Vehicles fleet,10,Trucks,2023,755901
A,Annual,ITC4,Lombardia,VEHICFLEET,Vehicles fleet,10,Trucks,2024,764430
A,Annual,ITC4,Lombardia,VEHICFLEET,Vehicles fleet,11,Motor units,2010,22597
A,Annual,ITC4,Lombardia,VEHICFLEET,Vehicles fleet,11,Motor units,2011,22743
A,Annual,ITC4,Lombardia,VEHICFLEET,Vehicles fleet,11,Motor units,2012,22136
A,Annual,ITC4,Lombardia,VEHICFLEET,Vehicles fleet,11,Motor units,2013,21522
A,Annual,ITC4,Lombardia,VEHICFLEET,Vehicles fleet,11,Motor units,2014,21698
A,Annual,ITC4,Lombardia,VEHICFLEET,Vehicles fleet,11,Motor units,2015,22346
A,Annual,ITC4,Lombardia,VEHICFLEET,Vehicles fleet,11,Motor units,2016,23552
A,Annual,ITC4,Lombardia,VEHICFLEET,Vehicles fleet,11,Motor units,2017,25325
A,Annual,ITC4,Lombardia,VEHICFLEET,Vehicles fleet,11,Motor units,2018,26704
A,Annual,ITC4,Lombardia,VEHICFLEET,Vehicles fleet,11,Motor units,2019,27535
A,Annual,ITC4,Lombardia,VEHICFLEET,Vehicles fleet,11,Motor units,2020,28175
A,Annual,ITC4,Lombardia,VEHICFLEET,Vehicles fleet,11,Motor units,2021,29776
A,Annual,ITC4,Lombardia,VEHICFLEET,Vehicles fleet,11,Motor units,2022,31294
A,Annual,ITC4,Lombardia,VEHICFLEET,Vehicles fleet,11,Motor units,2023,32458
A,Annual,ITC4,Lombardia,VEHICFLEET,Vehicles fleet,11,Motor units,2024,33335
A,Annual,ITC4,Lombardia,VEHICFLEET,Vehicles fleet,12,Trailer,2010,50928
A,Annual,ITC4,Lombardia,VEHICFLEET,Vehicles fleet,12,Trailer,2011,51312
A,Annual,ITC4,Lombardia,VEHICFLEET,Vehicles fleet,12,Trailer,2012,51590
A,Annual,ITC4,Lombardia,VEHICFLEET,Vehicles fleet,12,Trailer,2013,50525
A,Annual,ITC4,Lombardia,VEHICFLEET,Vehicles fleet,12,Trailer,2014,51130
A,Annual,ITC4,Lombardia,VEHICFLEET,Vehicles fleet,12,Trailer,2015,52077
A,Annual,ITC4,Lombardia,VEHICFLEET,Vehicles fleet,12,Trailer,2016,53645
A,Annual,ITC4,Lombardia,VEHICFLEET,Vehicles fleet,12,Trailer,2017,55692
A,Annual,ITC4,Lombardia,VEHICFLEET,Vehicles fleet,12,Trailer,2018,58083
A,Annual,ITC4,Lombardia,VEHICFLEET,Vehicles fleet,12,Trailer,2019,59842
A,Annual,ITC4,Lombardia,VEHICFLEET,Vehicles fleet,12,Trailer,2020,60985
A,Annual,ITC4,Lombardia,VEHICFLEET,Vehicles fleet,12,Trailer,2021,62977
A,Annual,ITC4,Lombardia,VEHICFLEET,Vehicles fleet,12,Trailer,2022,65362
A,Annual,ITC4,Lombardia,VEHICFLEET,Vehicles fleet,12,Trailer,2023,67746
A,Annual,ITC4,Lombardia,VEHICFLEET,Vehicles fleet,12,Trailer,2024,68837
A,Annual,ITC4,Lombardia,VEHICFLEET,Vehicles fleet,7,Motorcycles,2010,952558
A,Annual,ITC4,Lombardia,VEHICFLEET,Vehicles fleet,7,Motorcycles,2011,977602
A,Annual,ITC4,Lombardia,VEHICFLEET,Vehicles fleet,7,Motorcycles,2012,991753
A,Annual,ITC4,Lombardia,VEHICFLEET,Vehicles fleet,7,Motorcycles,2013,998675
A,Annual,ITC4,Lombardia,VEHICFLEET,Vehicles fleet,7,Motorcycles,2014,1008332
A,Annual,ITC4,Lombardia,VEHICFLEET,Vehicles fleet,7,Motorcycles,2015,1020842
A,Annual,ITC4,Lombardia,VEHICFLEET,Vehicles fleet,7,Motorcycles,2016,1034445
A,Annual,ITC4,Lombardia,VEHICFLEET,Vehicles fleet,7,Motorcycles,2017,1050224
A,Annual,ITC4,Lombardia,VEHICFLEET,Vehicles fleet,7,Motorcycles,2018,1070319
A,Annual,ITC4,Lombardia,VEHICFLEET,Vehicles fleet,7,Motorcycles,2019,1095681
A,Annual,ITC4,Lombardia,VEHICFLEET,Vehicles fleet,7,Motorcycles,2020,1115691
A,Annual,ITC4,Lombardia,VEHICFLEET,Vehicles fleet,7,Motorcycles,2021,1140925
A,Annual,ITC4,Lombardia,VEHICFLEET,Vehicles fleet,7,Motorcycles,2022,1167548
A,Annual,ITC4,Lombardia,VEHICFLEET,Vehicles fleet,7,Motorcycles,2023,1201312
A,Annual,ITC4,Lombardia,VEHICFLEET,Vehicles fleet,7,Motorcycles,2024,1235450
A,Annual,ITC4,Lombardia,VEHICFLEET,Vehicles fleet,8,Three-wheeler or motor-van,2010,26280
A,Annual,ITC4,Lombardia,VEHICFLEET,Vehicles fleet,8,Three-wheeler or motor-van,2011,26761
A,Annual,ITC4,Lombardia,VEHICFLEET,Vehicles fleet,8,Three-wheeler or motor-van,2012,27228
A,Annual,ITC4,Lombardia,VEHICFLEET,Vehicles fleet,8,Three-wheeler or motor-van,2013,27209
A,Annual,ITC4,Lombardia,VEHICFLEET,Vehicles fleet,8,Three-wheeler or motor-van,2014,27385
A,Annual,ITC4,Lombardia,VEHICFLEET,Vehicles fleet,8,Three-wheeler or motor-van,2015,27650
A,Annual,ITC4,Lombardia,VEHICFLEET,Vehicles fleet,8,Three-wheeler or motor-van,2016,27807
A,Annual,ITC4,Lombardia,VEHICFLEET,Vehicles fleet,8,Three-wheeler or motor-van,2017,27778
A,Annual,ITC4,Lombardia,VEHICFLEET,Vehicles fleet,8,Three-wheeler or motor-van,2018,27637
A,Annual,ITC4,Lombardia,VEHICFLEET,Vehicles fleet,8,Three-wheeler or motor-van,2019,27538
A,Annual,ITC4,Lombardia,VEHICFLEET,Vehicles fleet,8,Three-wheeler or motor-van,2020,27532
A,Annual,ITC4,Lombardia,VEHICFLEET,Vehicles fleet,8,Three-wheeler or motor-van,2021,27657
A,Annual,ITC4,Lombardia,VEHICFLEET,Vehicles fleet,8,Three-wheeler or motor-van,2022,27939
A,Annual,ITC4,Lombardia,VEHICFLEET,Vehicles fleet,8,Three-wheeler or motor-van,2023,28232
A,Annual,ITC4,Lombardia,VEHICFLEET,Vehicles fleet,8,Three-wheeler or motor-van,2024,28181
A,Annual,ITC4,Lombardia,VEHICFLEET,Vehicles fleet,9,Other vehicles,2010,70
A,Annual,ITC4,Lombardia,VEHICFLEET,Vehicles fleet,9,Other vehicles,2011,5
A,Annual,ITC4,Lombardia,VEHICFLEET,Vehicles fleet,9,Other vehicles,2012,4
A,Annual,ITC4,Lombardia,VEHICFLEET,Vehicles fleet,9,Other vehicles,2013,4
A,Annual,ITC4,Lombardia,VEHICFLEET,Vehicles fleet,9,Other vehicles,2014,4
A,Annual,ITC4,Lombardia,VEHICFLEET,Vehicles fleet,9,Other vehicles,2015,5
A,Annual,ITC4,Lombardia,VEHICFLEET,Vehicles fleet,9,Other vehicles,2016,4
A,Annual,ITC4,Lombardia,VEHICFLEET,Vehicles fleet,9,Other vehicles,2017,3
A,Annual,ITC4,Lombardia,VEHICFLEET,Vehicles fleet,9,Other vehicles,2018,3
A,Annual,ITC4,Lombardia,VEHICFLEET,Vehicles fleet,9,Other vehicles,2019,3
A,Annual,ITC4,Lombardia,VEHICFLEET,Vehicles fleet,9,Other vehicles,2020,3
A,Annual,ITC4,Lombardia,VEHICFLEET,Vehicles fleet,9,Other vehicles,2021,3
A,Annual,ITC4,Lombardia,VEHICFLEET,Vehicles fleet,9,Other vehicles,2022,2
A,Annual,ITC4,Lombardia,VEHICFLEET,Vehicles fleet,9,Other vehicles,2023,2
A,Annual,ITC4,Lombardia,VEHICFLEET,Vehicles fleet,9,Other vehicles,2024,2
A,Annual,ITC4,Lombardia,VEHICFLEET,Vehicles fleet,99,Totale,2010,7590055
A,Annual,ITC4,Lombardia,VEHICFLEET,Vehicles fleet,99,Totale,2011,7687059
A,Annual,ITC4,Lombardia,VEHICFLEET,Vehicles fleet,99,Totale,2012,7690447
A,Annual,ITC4,Lombardia,VEHICFLEET,Vehicles fleet,99,Totale,2013,7671348
A,Annual,ITC4,Lombardia,VEHICFLEET,Vehicles fleet,99,Totale,2014,7693053
A,Annual,ITC4,Lombardia,VEHICFLEET,Vehicles fleet,99,Totale,2015,7751773
A,Annual,ITC4,Lombardia,VEHICFLEET,Vehicles fleet,99,Totale,2016,7851188
A,Annual,ITC4,Lombardia,VEHICFLEET,Vehicles fleet,99,Totale,2017,7964952
A,Annual,ITC4,Lombardia,VEHICFLEET,Vehicles fleet,99,Totale,2018,8054728
A,Annual,ITC4,Lombardia,VEHICFLEET,Vehicles fleet,99,Totale,2019,8150925
A,Annual,ITC4,Lombardia,VEHICFLEET,Vehicles fleet,99,Totale,2020,8195688
A,Annual,ITC4,Lombardia,VEHICFLEET,Vehicles fleet,99,Totale,2021,8222203
A,Annual,ITC4,Lombardia,VEHICFLEET,Vehicles fleet,99,Totale,2022,8313478
A,Annual,ITC4,Lombardia,VEHICFLEET,Vehicles fleet,99,Totale,2023,8471406
A,Annual,ITC4,Lombardia,VEHICFLEET,Vehicles fleet,99,Totale,2024,8567425
A,Annual,ITDA,Trentino Alto Adige / Südtirol,VEHICFLEET,Vehicles fleet,1,Motor cars,2010,566833
A,Annual,ITDA,Trentino Alto Adige / Südtirol,VEHICFLEET,Vehicles fleet,1,Motor cars,2011,580997
A,Annual,ITDA,Trentino Alto Adige / Südtirol,VEHICFLEET,Vehicles fleet,1,Motor cars,2012,696822
A,Annual,ITDA,Trentino Alto Adige / Südtirol,VEHICFLEET,Vehicles fleet,1,Motor cars,2013,746883
A,Annual,ITDA,Trentino Alto Adige / Südtirol,VEHICFLEET,Vehicles fleet,1,Motor cars,2014,814026
A,Annual,ITDA,Trentino Alto Adige / Südtirol,VEHICFLEET,Vehicles fleet,1,Motor cars,2015,885769
A,Annual,ITDA,Trentino Alto Adige / Südtirol,VEHICFLEET,Vehicles fleet,1,Motor cars,2016,957856
A,Annual,ITDA,Trentino Alto Adige / Südtirol,VEHICFLEET,Vehicles fleet,1,Motor cars,2017,1052472
A,Annual,ITDA,Trentino Alto Adige / Südtirol,VEHICFLEET,Vehicles fleet,1,Motor cars,2018,1116978
A,Annual,ITDA,Trentino Alto Adige / Südtirol,VEHICFLEET,Vehicles fleet,1,Motor cars,2019,1173169
A,Annual,ITDA,Trentino Alto Adige / Südtirol,VEHICFLEET,Vehicles fleet,1,Motor cars,2020,1162970
A,Annual,ITDA,Trentino Alto Adige / Südtirol,VEHICFLEET,Vehicles fleet,1,Motor cars,2021,1214564
A,Annual,ITDA,Trentino Alto Adige / Südtirol,VEHICFLEET,Vehicles fleet,1,Motor cars,2022,1276378
A,Annual,ITDA,Trentino Alto Adige / Südtirol,VEHICFLEET,Vehicles fleet,1,Motor cars,2023,1320718
A,Annual,ITDA,Trentino Alto Adige / Südtirol,VEHICFLEET,Vehicles fleet,1,Motor cars,2024,1291248
A,Annual,ITDA,Trentino Alto Adige / Südtirol,VEHICFLEET,Vehicles fleet,2,Bus or trolley-bus,2010,2350
A,Annual,ITDA,Trentino Alto Adige / Südtirol,VEHICFLEET,Vehicles fleet,2,Bus or trolley-bus,2011,2436
A,Annual,ITDA,Trentino Alto Adige / Südtirol,VEHICFLEET,Vehicles fleet,2,Bus or trolley-bus,2012,2399
A,Annual,ITDA,Trentino Alto Adige / Südtirol,VEHICFLEET,Vehicles fleet,2,Bus or trolley-bus,2013,2338
A,Annual,ITDA,Trentino Alto Adige / Südtirol,VEHICFLEET,Vehicles fleet,2,Bus or trolley-bus,2014,2370
A,Annual,ITDA,Trentino Alto Adige / Südtirol,VEHICFLEET,Vehicles fleet,2,Bus or trolley-bus,2015,2373
A,Annual,ITDA,Trentino Alto Adige / Südtirol,VEHICFLEET,Vehicles fleet,2,Bus or trolley-bus,2016,2349
A,Annual,ITDA,Trentino Alto Adige / Südtirol,VEHICFLEET,Vehicles fleet,2,Bus or trolley-bus,2017,2333
A,Annual,ITDA,Trentino Alto Adige / Südtirol,VEHICFLEET,Vehicles fleet,2,Bus or trolley-bus,2018,2371
A,Annual,ITDA,Trentino Alto Adige / Südtirol,VEHICFLEET,Vehicles fleet,2,Bus or trolley-bus,2019,2358
A,Annual,ITDA,Trentino Alto Adige / Südtirol,VEHICFLEET,Vehicles fleet,2,Bus or trolley-bus,2020,2427
A,Annual,ITDA,Trentino Alto Adige / Südtirol,VEHICFLEET,Vehicles fleet,2,Bus or trolley-bus,2021,2463
A,Annual,ITDA,Trentino Alto Adige / Südtirol,VEHICFLEET,Vehicles fleet,2,Bus or trolley-bus,2022,2508
A,Annual,ITDA,Trentino Alto Adige / Südtirol,VEHICFLEET,Vehicles fleet,2,Bus or trolley-bus,2023,2493
A,Annual,ITDA,Trentino Alto Adige / Südtirol,VEHICFLEET,Vehicles fleet,2,Bus or trolley-bus,2024,2510
A,Annual,ITDA,Trentino Alto Adige / Südtirol,VEHICFLEET,Vehicles fleet,10,Trucks,2010,82253
A,Annual,ITDA,Trentino Alto Adige / Südtirol,VEHICFLEET,Vehicles fleet,10,Trucks,2011,84450
A,Annual,ITDA,Trentino Alto Adige / Südtirol,VEHICFLEET,Vehicles fleet,10,Trucks,2012,98396
A,Annual,ITDA,Trentino Alto Adige / Südtirol,VEHICFLEET,Vehicles fleet,10,Trucks,2013,102439
A,Annual,ITDA,Trentino Alto Adige / Südtirol,VEHICFLEET,Vehicles fleet,10,Trucks,2014,111059
A,Annual,ITDA,Trentino Alto Adige / Südtirol,VEHICFLEET,Vehicles fleet,10,Trucks,2015,122206
A,Annual,ITDA,Trentino Alto Adige / Südtirol,VEHICFLEET,Vehicles fleet,10,Trucks,2016,136686
A,Annual,ITDA,Trentino Alto Adige / Südtirol,VEHICFLEET,Vehicles fleet,10,Trucks,2017,156570
A,Annual,ITDA,Trentino Alto Adige / Südtirol,VEHICFLEET,Vehicles fleet,10,Trucks,2018,170523
A,Annual,ITDA,Trentino Alto Adige / Südtirol,VEHICFLEET,Vehicles fleet,10,Trucks,2019,181508
A,Annual,ITDA,Trentino Alto Adige / Südtirol,VEHICFLEET,Vehicles fleet,10,Trucks,2020,188917
A,Annual,ITDA,Trentino Alto Adige / Südtirol,VEHICFLEET,Vehicles fleet,10,Trucks,2021,204330
A,Annual,ITDA,Trentino Alto Adige / Südtirol,VEHICFLEET,Vehicles fleet,10,Trucks,2022,212268
A,Annual,ITDA,Trentino Alto Adige / Südtirol,VEHICFLEET,Vehicles fleet,10,Trucks,2023,221147
A,Annual,ITDA,Trentino Alto Adige / Südtirol,VEHICFLEET,Vehicles fleet,10,Trucks,2024,220929
A,Annual,ITDA,Trentino Alto Adige / Südtirol,VEHICFLEET,Vehicles fleet,11,Motor units,2010,3809
A,Annual,ITDA,Trentino Alto Adige / Südtirol,VEHICFLEET,Vehicles fleet,11,Motor units,2011,3579
A,Annual,ITDA,Trentino Alto Adige / Südtirol,VEHICFLEET,Vehicles fleet,11,Motor units,2012,3416
A,Annual,ITDA,Trentino Alto Adige / Südtirol,VEHICFLEET,Vehicles fleet,11,Motor units,2013,3180
A,Annual,ITDA,Trentino Alto Adige / Südtirol,VEHICFLEET,Vehicles fleet,11,Motor units,2014,3028
A,Annual,ITDA,Trentino Alto Adige / Südtirol,VEHICFLEET,Vehicles fleet,11,Motor units,2015,3011
A,Annual,ITDA,Trentino Alto Adige / Südtirol,VEHICFLEET,Vehicles fleet,11,Motor units,2016,3196
A,Annual,ITDA,Trentino Alto Adige / Südtirol,VEHICFLEET,Vehicles fleet,11,Motor units,2017,3762
A,Annual,ITDA,Trentino Alto Adige / Südtirol,VEHICFLEET,Vehicles fleet,11,Motor units,2018,4371
A,Annual,ITDA,Trentino Alto Adige / Südtirol,VEHICFLEET,Vehicles fleet,11,Motor units,2019,4794
A,Annual,ITDA,Trentino Alto Adige / Südtirol,VEHICFLEET,Vehicles fleet,11,Motor units,2020,5106
A,Annual,ITDA,Trentino Alto Adige / Südtirol,VEHICFLEET,Vehicles fleet,11,Motor units,2021,5762
A,Annual,ITDA,Trentino Alto Adige / Südtirol,VEHICFLEET,Vehicles fleet,11,Motor units,2022,6762
A,Annual,ITDA,Trentino Alto Adige / Südtirol,VEHICFLEET,Vehicles fleet,11,Motor units,2023,7907
A,Annual,ITDA,Trentino Alto Adige / Südtirol,VEHICFLEET,Vehicles fleet,11,Motor units,2024,8917
A,Annual,ITDA,Trentino Alto Adige / Südtirol,VEHICFLEET,Vehicles fleet,12,Trailer,2010,9297
A,Annual,ITDA,Trentino Alto Adige / Südtirol,VEHICFLEET,Vehicles fleet,12,Trailer,2011,9421
A,Annual,ITDA,Trentino Alto Adige / Südtirol,VEHICFLEET,Vehicles fleet,12,Trailer,2012,9058
A,Annual,ITDA,Trentino Alto Adige / Südtirol,VEHICFLEET,Vehicles fleet,12,Trailer,2013,9074
A,Annual,ITDA,Trentino Alto Adige / Südtirol,VEHICFLEET,Vehicles fleet,12,Trailer,2014,8995
A,Annual,ITDA,Trentino Alto Adige / Südtirol,VEHICFLEET,Vehicles fleet,12,Trailer,2015,9213
A,Annual,ITDA,Trentino Alto Adige / Südtirol,VEHICFLEET,Vehicles fleet,12,Trailer,2016,9729
A,Annual,ITDA,Trentino Alto Adige / Südtirol,VEHICFLEET,Vehicles fleet,12,Trailer,2017,10450
A,Annual,ITDA,Trentino Alto Adige / Südtirol,VEHICFLEET,Vehicles fleet,12,Trailer,2018,11777
A,Annual,ITDA,Trentino Alto Adige / Südtirol,VEHICFLEET,Vehicles fleet,12,Trailer,2019,12520
A,Annual,ITDA,Trentino Alto Adige / Südtirol,VEHICFLEET,Vehicles fleet,12,Trailer,2020,12963
A,Annual,ITDA,Trentino Alto Adige / Südtirol,VEHICFLEET,Vehicles fleet,12,Trailer,2021,14458
A,Annual,ITDA,Trentino Alto Adige / Südtirol,VEHICFLEET,Vehicles fleet,12,Trailer,2022,16283
A,Annual,ITDA,Trentino Alto Adige / Südtirol,VEHICFLEET,Vehicles fleet,12,Trailer,2023,17836
A,Annual,ITDA,Trentino Alto Adige / Südtirol,VEHICFLEET,Vehicles fleet,12,Trailer,2024,18842
A,Annual,ITDA,Trentino Alto Adige / Südtirol,VEHICFLEET,Vehicles fleet,7,Motorcycles,2010,92250
A,Annual,ITDA,Trentino Alto Adige / Südtirol,VEHICFLEET,Vehicles fleet,7,Motorcycles,2011,95810
A,Annual,ITDA,Trentino Alto Adige / Südtirol,VEHICFLEET,Vehicles fleet,7,Motorcycles,2012,98826
A,Annual,ITDA,Trentino Alto Adige / Südtirol,VEHICFLEET,Vehicles fleet,7,Motorcycles,2013,100832
A,Annual,ITDA,Trentino Alto Adige / Südtirol,VEHICFLEET,Vehicles fleet,7,Motorcycles,2014,103245
A,Annual,ITDA,Trentino Alto Adige / Südtirol,VEHICFLEET,Vehicles fleet,7,Motorcycles,2015,105497
A,Annual,ITDA,Trentino Alto Adige / Südtirol,VEHICFLEET,Vehicles fleet,7,Motorcycles,2016,108774
A,Annual,ITDA,Trentino Alto Adige / Südtirol,VEHICFLEET,Vehicles fleet,7,Motorcycles,2017,113198
A,Annual,ITDA,Trentino Alto Adige / Südtirol,VEHICFLEET,Vehicles fleet,7,Motorcycles,2018,119055
A,Annual,ITDA,Trentino Alto Adige / Südtirol,VEHICFLEET,Vehicles fleet,7,Motorcycles,2019,123734
A,Annual,ITDA,Trentino Alto Adige / Südtirol,VEHICFLEET,Vehicles fleet,7,Motorcycles,2020,125356
A,Annual,ITDA,Trentino Alto Adige / Südtirol,VEHICFLEET,Vehicles fleet,7,Motorcycles,2021,127588
A,Annual,ITDA,Trentino Alto Adige / Südtirol,VEHICFLEET,Vehicles fleet,7,Motorcycles,2022,130962
A,Annual,ITDA,Trentino Alto Adige / Südtirol,VEHICFLEET,Vehicles fleet,7,Motorcycles,2023,136159
A,Annual,ITDA,Trentino Alto Adige / Südtirol,VEHICFLEET,Vehicles fleet,7,Motorcycles,2024,141275
A,Annual,ITDA,Trentino Alto Adige / Südtirol,VEHICFLEET,Vehicles fleet,8,Three-wheeler or motor-van,2010,6833
A,Annual,ITDA,Trentino Alto Adige / Südtirol,VEHICFLEET,Vehicles fleet,8,Three-wheeler or motor-van,2011,6964
A,Annual,ITDA,Trentino Alto Adige / Südtirol,VEHICFLEET,Vehicles fleet,8,Three-wheeler or motor-van,2012,7095
A,Annual,ITDA,Trentino Alto Adige / Südtirol,VEHICFLEET,Vehicles fleet,8,Three-wheeler or motor-van,2013,7239
A,Annual,ITDA,Trentino Alto Adige / Südtirol,VEHICFLEET,Vehicles fleet,8,Three-wheeler or motor-van,2014,7343
A,Annual,ITDA,Trentino Alto Adige / Südtirol,VEHICFLEET,Vehicles fleet,8,Three-wheeler or motor-van,2015,7483
A,Annual,ITDA,Trentino Alto Adige / Südtirol,VEHICFLEET,Vehicles fleet,8,Three-wheeler or motor-van,2016,7644
A,Annual,ITDA,Trentino Alto Adige / Südtirol,VEHICFLEET,Vehicles fleet,8,Three-wheeler or motor-van,2017,7565
A,Annual,ITDA,Trentino Alto Adige / Südtirol,VEHICFLEET,Vehicles fleet,8,Three-wheeler or motor-van,2018,7470
A,Annual,ITDA,Trentino Alto Adige / Südtirol,VEHICFLEET,Vehicles fleet,8,Three-wheeler or motor-van,2019,7372
A,Annual,ITDA,Trentino Alto Adige / Südtirol,VEHICFLEET,Vehicles fleet,8,Three-wheeler or motor-van,2020,7324
A,Annual,ITDA,Trentino Alto Adige / Südtirol,VEHICFLEET,Vehicles fleet,8,Three-wheeler or motor-van,2021,7393
A,Annual,ITDA,Trentino Alto Adige / Südtirol,VEHICFLEET,Vehicles fleet,8,Three-wheeler or motor-van,2022,8000
A,Annual,ITDA,Trentino Alto Adige / Südtirol,VEHICFLEET,Vehicles fleet,8,Three-wheeler or motor-van,2023,8198
A,Annual,ITDA,Trentino Alto Adige / Südtirol,VEHICFLEET,Vehicles fleet,8,Three-wheeler or motor-van,2024,8233
A,Annual,ITDA,Trentino Alto Adige / Südtirol,VEHICFLEET,Vehicles fleet,9,Other vehicles,2010,0
A,Annual,ITDA,Trentino Alto Adige / Südtirol,VEHICFLEET,Vehicles fleet,9,Other vehicles,2011,0
A,Annual,ITDA,Trentino Alto Adige / Südtirol,VEHICFLEET,Vehicles fleet,9,Other vehicles,2012,0
A,Annual,ITDA,Trentino Alto Adige / Südtirol,VEHICFLEET,Vehicles fleet,9,Other vehicles,2013,0
A,Annual,ITDA,Trentino Alto Adige / Südtirol,VEHICFLEET,Vehicles fleet,9,Other vehicles,2014,0
A,Annual,ITDA,Trentino Alto Adige / Südtirol,VEHICFLEET,Vehicles fleet,9,Other vehicles,2015,0
A,Annual,ITDA,Trentino Alto Adige / Südtirol,VEHICFLEET,Vehicles fleet,9,Other vehicles,2016,0
A,Annual,ITDA,Trentino Alto Adige / Südtirol,VEHICFLEET,Vehicles fleet,9,Other vehicles,2017,0
A,Annual,ITDA,Trentino Alto Adige / Südtirol,VEHICFLEET,Vehicles fleet,9,Other vehicles,2018,0
A,Annual,ITDA,Trentino Alto Adige / Südtirol,VEHICFLEET,Vehicles fleet,9,Other vehicles,2019,0
A,Annual,ITDA,Trentino Alto Adige / Südtirol,VEHICFLEET,Vehicles fleet,9,Other vehicles,2020,0
A,Annual,ITDA,Trentino Alto Adige / Südtirol,VEHICFLEET,Vehicles fleet,9,Other vehicles,2021,0
A,Annual,ITDA,Trentino Alto Adige / Südtirol,VEHICFLEET,Vehicles fleet,9,Other vehicles,2022,0
A,Annual,ITDA,Trentino Alto Adige / Südtirol,VEHICFLEET,Vehicles fleet,9,Other vehicles,2023,0
A,Annual,ITDA,Trentino Alto Adige / Südtirol,VEHICFLEET,Vehicles fleet,9,Other vehicles,2024,0
A,Annual,ITDA,Trentino Alto Adige / Südtirol,VEHICFLEET,Vehicles fleet,99,Totale,2010,763625
A,Annual,ITDA,Trentino Alto Adige / Südtirol,VEHICFLEET,Vehicles fleet,99,Totale,2011,783657
A,Annual,ITDA,Trentino Alto Adige / Südtirol,VEHICFLEET,Vehicles fleet,99,Totale,2012,916012
A,Annual,ITDA,Trentino Alto Adige / Südtirol,VEHICFLEET,Vehicles fleet,99,Totale,2013,971985
A,Annual,ITDA,Trentino Alto Adige / Südtirol,VEHICFLEET,Vehicles fleet,99,Totale,2014,1050066
A,Annual,ITDA,Trentino Alto Adige / Südtirol,VEHICFLEET,Vehicles fleet,99,Totale,2015,1135552
A,Annual,ITDA,Trentino Alto Adige / Südtirol,VEHICFLEET,Vehicles fleet,99,Totale,2016,1226234
A,Annual,ITDA,Trentino Alto Adige / Südtirol,VEHICFLEET,Vehicles fleet,99,Totale,2017,1346350
A,Annual,ITDA,Trentino Alto Adige / Südtirol,VEHICFLEET,Vehicles fleet,99,Totale,2018,1432545
A,Annual,ITDA,Trentino Alto Adige / Südtirol,VEHICFLEET,Vehicles fleet,99,Totale,2019,1505455
A,Annual,ITDA,Trentino Alto Adige / Südtirol,VEHICFLEET,Vehicles fleet,99,Totale,2020,1505063
A,Annual,ITDA,Trentino Alto Adige / Südtirol,VEHICFLEET,Vehicles fleet,99,Totale,2021,1576558
A,Annual,ITDA,Trentino Alto Adige / Südtirol,VEHICFLEET,Vehicles fleet,99,Totale,2022,1653161
A,Annual,ITDA,Trentino Alto Adige / Südtirol,VEHICFLEET,Vehicles fleet,99,Totale,2023,1714458
A,Annual,ITDA,Trentino Alto Adige / Südtirol,VEHICFLEET,Vehicles fleet,99,Totale,2024,1691954
A,Annual,ITD1,Provincia Autonoma Bolzano / Bozen,VEHICFLEET,Vehicles fleet,1,Motor cars,2010,264984
A,Annual,ITD1,Provincia Autonoma Bolzano / Bozen,VEHICFLEET,Vehicles fleet,1,Motor cars,2011,269232
A,Annual,ITD1,Provincia Autonoma Bolzano / Bozen,VEHICFLEET,Vehicles fleet,1,Motor cars,2012,319947
A,Annual,ITD1,Provincia Autonoma Bolzano / Bozen,VEHICFLEET,Vehicles fleet,1,Motor cars,2013,350615
A,Annual,ITD1,Provincia Autonoma Bolzano / Bozen,VEHICFLEET,Vehicles fleet,1,Motor cars,2014,387988
A,Annual,ITD1,Provincia Autonoma Bolzano / Bozen,VEHICFLEET,Vehicles fleet,1,Motor cars,2015,423652
A,Annual,ITD1,Provincia Autonoma Bolzano / Bozen,VEHICFLEET,Vehicles fleet,1,Motor cars,2016,459378
A,Annual,ITD1,Provincia Autonoma Bolzano / Bozen,VEHICFLEET,Vehicles fleet,1,Motor cars,2017,503218
A,Annual,ITD1,Provincia Autonoma Bolzano / Bozen,VEHICFLEET,Vehicles fleet,1,Motor cars,2018,491357
A,Annual,ITD1,Provincia Autonoma Bolzano / Bozen,VEHICFLEET,Vehicles fleet,1,Motor cars,2019,496555
A,Annual,ITD1,Provincia Autonoma Bolzano / Bozen,VEHICFLEET,Vehicles fleet,1,Motor cars,2020,466068
A,Annual,ITD1,Provincia Autonoma Bolzano / Bozen,VEHICFLEET,Vehicles fleet,1,Motor cars,2021,479662
A,Annual,ITD1,Provincia Autonoma Bolzano / Bozen,VEHICFLEET,Vehicles fleet,1,Motor cars,2022,499336
A,Annual,ITD1,Provincia Autonoma Bolzano / Bozen,VEHICFLEET,Vehicles fleet,1,Motor cars,2023,491628
A,Annual,ITD1,Provincia Autonoma Bolzano / Bozen,VEHICFLEET,Vehicles fleet,1,Motor cars,2024,411523
A,Annual,ITD1,Provincia Autonoma Bolzano / Bozen,VEHICFLEET,Vehicles fleet,2,Bus or trolley-bus,2010,997
A,Annual,ITD1,Provincia Autonoma Bolzano / Bozen,VEHICFLEET,Vehicles fleet,2,Bus or trolley-bus,2011,1029
A,Annual,ITD1,Provincia Autonoma Bolzano / Bozen,VEHICFLEET,Vehicles fleet,2,Bus or trolley-bus,2012,1015
A,Annual,ITD1,Provincia Autonoma Bolzano / Bozen,VEHICFLEET,Vehicles fleet,2,Bus or trolley-bus,2013,1023
A,Annual,ITD1,Provincia Autonoma Bolzano / Bozen,VEHICFLEET,Vehicles fleet,2,Bus or trolley-bus,2014,1058
A,Annual,ITD1,Provincia Autonoma Bolzano / Bozen,VEHICFLEET,Vehicles fleet,2,Bus or trolley-bus,2015,1060
A,Annual,ITD1,Provincia Autonoma Bolzano / Bozen,VEHICFLEET,Vehicles fleet,2,Bus or trolley-bus,2016,1059
A,Annual,ITD1,Provincia Autonoma Bolzano / Bozen,VEHICFLEET,Vehicles fleet,2,Bus or trolley-bus,2017,1041
A,Annual,ITD1,Provincia Autonoma Bolzano / Bozen,VEHICFLEET,Vehicles fleet,2,Bus or trolley-bus,2018,1078
A,Annual,ITD1,Provincia Autonoma Bolzano / Bozen,VEHICFLEET,Vehicles fleet,2,Bus or trolley-bus,2019,1071
A,Annual,ITD1,Provincia Autonoma Bolzano / Bozen,VEHICFLEET,Vehicles fleet,2,Bus or trolley-bus,2020,1097
A,Annual,ITD1,Provincia Autonoma Bolzano / Bozen,VEHICFLEET,Vehicles fleet,2,Bus or trolley-bus,2021,1119
A,Annual,ITD1,Provincia Autonoma Bolzano / Bozen,VEHICFLEET,Vehicles fleet,2,Bus or trolley-bus,2022,1159
A,Annual,ITD1,Provincia Autonoma Bolzano / Bozen,VEHICFLEET,Vehicles fleet,2,Bus or trolley-bus,2023,1166
A,Annual,ITD1,Provincia Autonoma Bolzano / Bozen,VEHICFLEET,Vehicles fleet,2,Bus or trolley-bus,2024,1159
A,Annual,ITD1,Provincia Autonoma Bolzano / Bozen,VEHICFLEET,Vehicles fleet,10,Trucks,2010,36602
A,Annual,ITD1,Provincia Autonoma Bolzano / Bozen,VEHICFLEET,Vehicles fleet,10,Trucks,2011,37267
A,Annual,ITD1,Provincia Autonoma Bolzano / Bozen,VEHICFLEET,Vehicles fleet,10,Trucks,2012,40765
A,Annual,ITD1,Provincia Autonoma Bolzano / Bozen,VEHICFLEET,Vehicles fleet,10,Trucks,2013,43102
A,Annual,ITD1,Provincia Autonoma Bolzano / Bozen,VEHICFLEET,Vehicles fleet,10,Trucks,2014,48308
A,Annual,ITD1,Provincia Autonoma Bolzano / Bozen,VEHICFLEET,Vehicles fleet,10,Trucks,2015,53947
A,Annual,ITD1,Provincia Autonoma Bolzano / Bozen,VEHICFLEET,Vehicles fleet,10,Trucks,2016,60938
A,Annual,ITD1,Provincia Autonoma Bolzano / Bozen,VEHICFLEET,Vehicles fleet,10,Trucks,2017,68807
A,Annual,ITD1,Provincia Autonoma Bolzano / Bozen,VEHICFLEET,Vehicles fleet,10,Trucks,2018,68965
A,Annual,ITD1,Provincia Autonoma Bolzano / Bozen,VEHICFLEET,Vehicles fleet,10,Trucks,2019,70477
A,Annual,ITD1,Provincia Autonoma Bolzano / Bozen,VEHICFLEET,Vehicles fleet,10,Trucks,2020,70321
A,Annual,ITD1,Provincia Autonoma Bolzano / Bozen,VEHICFLEET,Vehicles fleet,10,Trucks,2021,71200
A,Annual,ITD1,Provincia Autonoma Bolzano / Bozen,VEHICFLEET,Vehicles fleet,10,Trucks,2022,71388
A,Annual,ITD1,Provincia Autonoma Bolzano / Bozen,VEHICFLEET,Vehicles fleet,10,Trucks,2023,73403
A,Annual,ITD1,Provincia Autonoma Bolzano / Bozen,VEHICFLEET,Vehicles fleet,10,Trucks,2024,70277
A,Annual,ITD1,Provincia Autonoma Bolzano / Bozen,VEHICFLEET,Vehicles fleet,11,Motor units,2010,1487
A,Annual,ITD1,Provincia Autonoma Bolzano / Bozen,VEHICFLEET,Vehicles fleet,11,Motor units,2011,1453
A,Annual,ITD1,Provincia Autonoma Bolzano / Bozen,VEHICFLEET,Vehicles fleet,11,Motor units,2012,1392
A,Annual,ITD1,Provincia Autonoma Bolzano / Bozen,VEHICFLEET,Vehicles fleet,11,Motor units,2013,1281
A,Annual,ITD1,Provincia Autonoma Bolzano / Bozen,VEHICFLEET,Vehicles fleet,11,Motor units,2014,1227
A,Annual,ITD1,Provincia Autonoma Bolzano / Bozen,VEHICFLEET,Vehicles fleet,11,Motor units,2015,1215
A,Annual,ITD1,Provincia Autonoma Bolzano / Bozen,VEHICFLEET,Vehicles fleet,11,Motor units,2016,1288
A,Annual,ITD1,Provincia Autonoma Bolzano / Bozen,VEHICFLEET,Vehicles fleet,11,Motor units,2017,1557
A,Annual,ITD1,Provincia Autonoma Bolzano / Bozen,VEHICFLEET,Vehicles fleet,11,Motor units,2018,1876
A,Annual,ITD1,Provincia Autonoma Bolzano / Bozen,VEHICFLEET,Vehicles fleet,11,Motor units,2019,2144
A,Annual,ITD1,Provincia Autonoma Bolzano / Bozen,VEHICFLEET,Vehicles fleet,11,Motor units,2020,2381
A,Annual,ITD1,Provincia Autonoma Bolzano / Bozen,VEHICFLEET,Vehicles fleet,11,Motor units,2021,2850
A,Annual,ITD1,Provincia Autonoma Bolzano / Bozen,VEHICFLEET,Vehicles fleet,11,Motor units,2022,3373
A,Annual,ITD1,Provincia Autonoma Bolzano / Bozen,VEHICFLEET,Vehicles fleet,11,Motor units,2023,3823
A,Annual,ITD1,Provincia Autonoma Bolzano / Bozen,VEHICFLEET,Vehicles fleet,11,Motor units,2024,4241
A,Annual,ITD1,Provincia Autonoma Bolzano / Bozen,VEHICFLEET,Vehicles fleet,12,Trailer,2010,3405
A,Annual,ITD1,Provincia Autonoma Bolzano / Bozen,VEHICFLEET,Vehicles fleet,12,Trailer,2011,3516
A,Annual,ITD1,Provincia Autonoma Bolzano / Bozen,VEHICFLEET,Vehicles fleet,12,Trailer,2012,3473
A,Annual,ITD1,Provincia Autonoma Bolzano / Bozen,VEHICFLEET,Vehicles fleet,12,Trailer,2013,3507
A,Annual,ITD1,Provincia Autonoma Bolzano / Bozen,VEHICFLEET,Vehicles fleet,12,Trailer,2014,3508
A,Annual,ITD1,Provincia Autonoma Bolzano / Bozen,VEHICFLEET,Vehicles fleet,12,Trailer,2015,3572
A,Annual,ITD1,Provincia Autonoma Bolzano / Bozen,VEHICFLEET,Vehicles fleet,12,Trailer,2016,3864
A,Annual,ITD1,Provincia Autonoma Bolzano / Bozen,VEHICFLEET,Vehicles fleet,12,Trailer,2017,4221
A,Annual,ITD1,Provincia Autonoma Bolzano / Bozen,VEHICFLEET,Vehicles fleet,12,Trailer,2018,4772
A,Annual,ITD1,Provincia Autonoma Bolzano / Bozen,VEHICFLEET,Vehicles fleet,12,Trailer,2019,5191
A,Annual,ITD1,Provincia Autonoma Bolzano / Bozen,VEHICFLEET,Vehicles fleet,12,Trailer,2020,5371
A,Annual,ITD1,Provincia Autonoma Bolzano / Bozen,VEHICFLEET,Vehicles fleet,12,Trailer,2021,5893
A,Annual,ITD1,Provincia Autonoma Bolzano / Bozen,VEHICFLEET,Vehicles fleet,12,Trailer,2022,6538
A,Annual,ITD1,Provincia Autonoma Bolzano / Bozen,VEHICFLEET,Vehicles fleet,12,Trailer,2023,6723
A,Annual,ITD1,Provincia Autonoma Bolzano / Bozen,VEHICFLEET,Vehicles fleet,12,Trailer,2024,6815
A,Annual,ITD1,Provincia Autonoma Bolzano / Bozen,VEHICFLEET,Vehicles fleet,7,Motorcycles,2010,42553
A,Annual,ITD1,Provincia Autonoma Bolzano / Bozen,VEHICFLEET,Vehicles fleet,7,Motorcycles,2011,44480
A,Annual,ITD1,Provincia Autonoma Bolzano / Bozen,VEHICFLEET,Vehicles fleet,7,Motorcycles,2012,46241
A,Annual,ITD1,Provincia Autonoma Bolzano / Bozen,VEHICFLEET,Vehicles fleet,7,Motorcycles,2013,47534
A,Annual,ITD1,Provincia Autonoma Bolzano / Bozen,VEHICFLEET,Vehicles fleet,7,Motorcycles,2014,49200
A,Annual,ITD1,Provincia Autonoma Bolzano / Bozen,VEHICFLEET,Vehicles fleet,7,Motorcycles,2015,50772
A,Annual,ITD1,Provincia Autonoma Bolzano / Bozen,VEHICFLEET,Vehicles fleet,7,Motorcycles,2016,52618
A,Annual,ITD1,Provincia Autonoma Bolzano / Bozen,VEHICFLEET,Vehicles fleet,7,Motorcycles,2017,54495
A,Annual,ITD1,Provincia Autonoma Bolzano / Bozen,VEHICFLEET,Vehicles fleet,7,Motorcycles,2018,56592
A,Annual,ITD1,Provincia Autonoma Bolzano / Bozen,VEHICFLEET,Vehicles fleet,7,Motorcycles,2019,58831
A,Annual,ITD1,Provincia Autonoma Bolzano / Bozen,VEHICFLEET,Vehicles fleet,7,Motorcycles,2020,60761
A,Annual,ITD1,Provincia Autonoma Bolzano / Bozen,VEHICFLEET,Vehicles fleet,7,Motorcycles,2021,62624
A,Annual,ITD1,Provincia Autonoma Bolzano / Bozen,VEHICFLEET,Vehicles fleet,7,Motorcycles,2022,64705
A,Annual,ITD1,Provincia Autonoma Bolzano / Bozen,VEHICFLEET,Vehicles fleet,7,Motorcycles,2023,67313
A,Annual,ITD1,Provincia Autonoma Bolzano / Bozen,VEHICFLEET,Vehicles fleet,7,Motorcycles,2024,70087
A,Annual,ITD1,Provincia Autonoma Bolzano / Bozen,VEHICFLEET,Vehicles fleet,8,Three-wheeler or motor-van,2010,1663
A,Annual,ITD1,Provincia Autonoma Bolzano / Bozen,VEHICFLEET,Vehicles fleet,8,Three-wheeler or motor-van,2011,1687
A,Annual,ITD1,Provincia Autonoma Bolzano / Bozen,VEHICFLEET,Vehicles fleet,8,Three-wheeler or motor-van,2012,1727
A,Annual,ITD1,Provincia Autonoma Bolzano / Bozen,VEHICFLEET,Vehicles fleet,8,Three-wheeler or motor-van,2013,1793
A,Annual,ITD1,Provincia Autonoma Bolzano / Bozen,VEHICFLEET,Vehicles fleet,8,Three-wheeler or motor-van,2014,1889
A,Annual,ITD1,Provincia Autonoma Bolzano / Bozen,VEHICFLEET,Vehicles fleet,8,Three-wheeler or motor-van,2015,1960
A,Annual,ITD1,Provincia Autonoma Bolzano / Bozen,VEHICFLEET,Vehicles fleet,8,Three-wheeler or motor-van,2016,2017
A,Annual,ITD1,Provincia Autonoma Bolzano / Bozen,VEHICFLEET,Vehicles fleet,8,Three-wheeler or motor-van,2017,2039
A,Annual,ITD1,Provincia Autonoma Bolzano / Bozen,VEHICFLEET,Vehicles fleet,8,Three-wheeler or motor-van,2018,2056
A,Annual,ITD1,Provincia Autonoma Bolzano / Bozen,VEHICFLEET,Vehicles fleet,8,Three-wheeler or motor-van,2019,2098
A,Annual,ITD1,Provincia Autonoma Bolzano / Bozen,VEHICFLEET,Vehicles fleet,8,Three-wheeler or motor-van,2020,2100
A,Annual,ITD1,Provincia Autonoma Bolzano / Bozen,VEHICFLEET,Vehicles fleet,8,Three-wheeler or motor-van,2021,2107
A,Annual,ITD1,Provincia Autonoma Bolzano / Bozen,VEHICFLEET,Vehicles fleet,8,Three-wheeler or motor-van,2022,2120
A,Annual,ITD1,Provincia Autonoma Bolzano / Bozen,VEHICFLEET,Vehicles fleet,8,Three-wheeler or motor-van,2023,2116
A,Annual,ITD1,Provincia Autonoma Bolzano / Bozen,VEHICFLEET,Vehicles fleet,8,Three-wheeler or motor-van,2024,2102
A,Annual,ITD1,Provincia Autonoma Bolzano / Bozen,VEHICFLEET,Vehicles fleet,9,Other vehicles,2010,0
A,Annual,ITD1,Provincia Autonoma Bolzano / Bozen,VEHICFLEET,Vehicles fleet,9,Other vehicles,2011,0
A,Annual,ITD1,Provincia Autonoma Bolzano / Bozen,VEHICFLEET,Vehicles fleet,9,Other vehicles,2012,0
A,Annual,ITD1,Provincia Autonoma Bolzano / Bozen,VEHICFLEET,Vehicles fleet,9,Other vehicles,2013,0
A,Annual,ITD1,Provincia Autonoma Bolzano / Bozen,VEHICFLEET,Vehicles fleet,9,Other vehicles,2014,0
A,Annual,ITD1,Provincia Autonoma Bolzano / Bozen,VEHICFLEET,Vehicles fleet,9,Other vehicles,2015,0
A,Annual,ITD1,Provincia Autonoma Bolzano / Bozen,VEHICFLEET,Vehicles fleet,9,Other vehicles,2016,0
A,Annual,ITD1,Provincia Autonoma Bolzano / Bozen,VEHICFLEET,Vehicles fleet,9,Other vehicles,2017,0
A,Annual,ITD1,Provincia Autonoma Bolzano / Bozen,VEHICFLEET,Vehicles fleet,9,Other vehicles,2018,0
A,Annual,ITD1,Provincia Autonoma Bolzano / Bozen,VEHICFLEET,Vehicles fleet,9,Other vehicles,2019,0
A,Annual,ITD1,Provincia Autonoma Bolzano / Bozen,VEHICFLEET,Vehicles fleet,9,Other vehicles,2020,0
A,Annual,ITD1,Provincia Autonoma Bolzano / Bozen,VEHICFLEET,Vehicles fleet,9,Other vehicles,2021,0
A,Annual,ITD1,Provincia Autonoma Bolzano / Bozen,VEHICFLEET,Vehicles fleet,9,Other vehicles,2022,0
A,Annual,ITD1,Provincia Autonoma Bolzano / Bozen,VEHICFLEET,Vehicles fleet,9,Other vehicles,2023,0
A,Annual,ITD1,Provincia Autonoma Bolzano / Bozen,VEHICFLEET,Vehicles fleet,9,Other vehicles,2024,0
A,Annual,ITD1,Provincia Autonoma Bolzano / Bozen,VEHICFLEET,Vehicles fleet,99,Totale,2010,351691
A,Annual,ITD1,Provincia Autonoma Bolzano / Bozen,VEHICFLEET,Vehicles fleet,99,Totale,2011,358664
A,Annual,ITD1,Provincia Autonoma Bolzano / Bozen,VEHICFLEET,Vehicles fleet,99,Totale,2012,414560
A,Annual,ITD1,Provincia Autonoma Bolzano / Bozen,VEHICFLEET,Vehicles fleet,99,Totale,2013,448855
A,Annual,ITD1,Provincia Autonoma Bolzano / Bozen,VEHICFLEET,Vehicles fleet,99,Totale,2014,493178
A,Annual,ITD1,Provincia Autonoma Bolzano / Bozen,VEHICFLEET,Vehicles fleet,99,Totale,2015,536178
A,Annual,ITD1,Provincia Autonoma Bolzano / Bozen,VEHICFLEET,Vehicles fleet,99,Totale,2016,581162
A,Annual,ITD1,Provincia Autonoma Bolzano / Bozen,VEHICFLEET,Vehicles fleet,99,Totale,2017,635378
A,Annual,ITD1,Provincia Autonoma Bolzano / Bozen,VEHICFLEET,Vehicles fleet,99,Totale,2018,626696
A,Annual,ITD1,Provincia Autonoma Bolzano / Bozen,VEHICFLEET,Vehicles fleet,99,Totale,2019,636367
A,Annual,ITD1,Provincia Autonoma Bolzano / Bozen,VEHICFLEET,Vehicles fleet,99,Totale,2020,608099
A,Annual,ITD1,Provincia Autonoma Bolzano / Bozen,VEHICFLEET,Vehicles fleet,99,Totale,2021,625455
A,Annual,ITD1,Provincia Autonoma Bolzano / Bozen,VEHICFLEET,Vehicles fleet,99,Totale,2022,648619
A,Annual,ITD1,Provincia Autonoma Bolzano / Bozen,VEHICFLEET,Vehicles fleet,99,Totale,2023,646172
A,Annual,ITD1,Provincia Autonoma Bolzano / Bozen,VEHICFLEET,Vehicles fleet,99,Totale,2024,566204
A,Annual,ITD2,Provincia Autonoma Trento,VEHICFLEET,Vehicles fleet,1,Motor cars,2010,301849
A,Annual,ITD2,Provincia Autonoma Trento,VEHICFLEET,Vehicles fleet,1,Motor cars,2011,311765
A,Annual,ITD2,Provincia Autonoma Trento,VEHICFLEET,Vehicles fleet,1,Motor cars,2012,376875
A,Annual,ITD2,Provincia Autonoma Trento,VEHICFLEET,Vehicles fleet,1,Motor cars,2013,396268
A,Annual,ITD2,Provincia Autonoma Trento,VEHICFLEET,Vehicles fleet,1,Motor cars,2014,426038
A,Annual,ITD2,Provincia Autonoma Trento,VEHICFLEET,Vehicles fleet,1,Motor cars,2015,462117
A,Annual,ITD2,Provincia Autonoma Trento,VEHICFLEET,Vehicles fleet,1,Motor cars,2016,498478
A,Annual,ITD2,Provincia Autonoma Trento,VEHICFLEET,Vehicles fleet,1,Motor cars,2017,549254
A,Annual,ITD2,Provincia Autonoma Trento,VEHICFLEET,Vehicles fleet,1,Motor cars,2018,625621
A,Annual,ITD2,Provincia Autonoma Trento,VEHICFLEET,Vehicles fleet,1,Motor cars,2019,676614
A,Annual,ITD2,Provincia Autonoma Trento,VEHICFLEET,Vehicles fleet,1,Motor cars,2020,696902
A,Annual,ITD2,Provincia Autonoma Trento,VEHICFLEET,Vehicles fleet,1,Motor cars,2021,734902
A,Annual,ITD2,Provincia Autonoma Trento,VEHICFLEET,Vehicles fleet,1,Motor cars,2022,777042
A,Annual,ITD2,Provincia Autonoma Trento,VEHICFLEET,Vehicles fleet,1,Motor cars,2023,829090
A,Annual,ITD2,Provincia Autonoma Trento,VEHICFLEET,Vehicles fleet,1,Motor cars,2024,879725
A,Annual,ITD2,Provincia Autonoma Trento,VEHICFLEET,Vehicles fleet,2,Bus or trolley-bus,2010,1353
A,Annual,ITD2,Provincia Autonoma Trento,VEHICFLEET,Vehicles fleet,2,Bus or trolley-bus,2011,1407
A,Annual,ITD2,Provincia Autonoma Trento,VEHICFLEET,Vehicles fleet,2,Bus or trolley-bus,2012,1384
A,Annual,ITD2,Provincia Autonoma Trento,VEHICFLEET,Vehicles fleet,2,Bus or trolley-bus,2013,1315
A,Annual,ITD2,Provincia Autonoma Trento,VEHICFLEET,Vehicles fleet,2,Bus or trolley-bus,2014,1312
A,Annual,ITD2,Provincia Autonoma Trento,VEHICFLEET,Vehicles fleet,2,Bus or trolley-bus,2015,1313
A,Annual,ITD2,Provincia Autonoma Trento,VEHICFLEET,Vehicles fleet,2,Bus or trolley-bus,2016,1290
A,Annual,ITD2,Provincia Autonoma Trento,VEHICFLEET,Vehicles fleet,2,Bus or trolley-bus,2017,1292
A,Annual,ITD2,Provincia Autonoma Trento,VEHICFLEET,Vehicles fleet,2,Bus or trolley-bus,2018,1293
A,Annual,ITD2,Provincia Autonoma Trento,VEHICFLEET,Vehicles fleet,2,Bus or trolley-bus,2019,1287
A,Annual,ITD2,Provincia Autonoma Trento,VEHICFLEET,Vehicles fleet,2,Bus or trolley-bus,2020,1330
A,Annual,ITD2,Provincia Autonoma Trento,VEHICFLEET,Vehicles fleet,2,Bus or trolley-bus,2021,1344
A,Annual,ITD2,Provincia Autonoma Trento,VEHICFLEET,Vehicles fleet,2,Bus or trolley-bus,2022,1349
A,Annual,ITD2,Provincia Autonoma Trento,VEHICFLEET,Vehicles fleet,2,Bus or trolley-bus,2023,1327
A,Annual,ITD2,Provincia Autonoma Trento,VEHICFLEET,Vehicles fleet,2,Bus or trolley-bus,2024,1351
A,Annual,ITD2,Provincia Autonoma Trento,VEHICFLEET,Vehicles fleet,10,Trucks,2010,45651
A,Annual,ITD2,Provincia Autonoma Trento,VEHICFLEET,Vehicles fleet,10,Trucks,2011,47183
A,Annual,ITD2,Provincia Autonoma Trento,VEHICFLEET,Vehicles fleet,10,Trucks,2012,57631
A,Annual,ITD2,Provincia Autonoma Trento,VEHICFLEET,Vehicles fleet,10,Trucks,2013,59337
A,Annual,ITD2,Provincia Autonoma Trento,VEHICFLEET,Vehicles fleet,10,Trucks,2014,62751
A,Annual,ITD2,Provincia Autonoma Trento,VEHICFLEET,Vehicles fleet,10,Trucks,2015,68259
A,Annual,ITD2,Provincia Autonoma Trento,VEHICFLEET,Vehicles fleet,10,Trucks,2016,75748
A,Annual,ITD2,Provincia Autonoma Trento,VEHICFLEET,Vehicles fleet,10,Trucks,2017,87763
A,Annual,ITD2,Provincia Autonoma Trento,VEHICFLEET,Vehicles fleet,10,Trucks,2018,101558
A,Annual,ITD2,Provincia Autonoma Trento,VEHICFLEET,Vehicles fleet,10,Trucks,2019,111031
A,Annual,ITD2,Provincia Autonoma Trento,VEHICFLEET,Vehicles fleet,10,Trucks,2020,118596
A,Annual,ITD2,Provincia Autonoma Trento,VEHICFLEET,Vehicles fleet,10,Trucks,2021,133130
A,Annual,ITD2,Provincia Autonoma Trento,VEHICFLEET,Vehicles fleet,10,Trucks,2022,140880
A,Annual,ITD2,Provincia Autonoma Trento,VEHICFLEET,Vehicles fleet,10,Trucks,2023,147744
A,Annual,ITD2,Provincia Autonoma Trento,VEHICFLEET,Vehicles fleet,10,Trucks,2024,150652
A,Annual,ITD2,Provincia Autonoma Trento,VEHICFLEET,Vehicles fleet,11,Motor units,2010,2322
A,Annual,ITD2,Provincia Autonoma Trento,VEHICFLEET,Vehicles fleet,11,Motor units,2011,2126
A,Annual,ITD2,Provincia Autonoma Trento,VEHICFLEET,Vehicles fleet,11,Motor units,2012,2024
A,Annual,ITD2,Provincia Autonoma Trento,VEHICFLEET,Vehicles fleet,11,Motor units,2013,1899
A,Annual,ITD2,Provincia Autonoma Trento,VEHICFLEET,Vehicles fleet,11,Motor units,2014,1801
A,Annual,ITD2,Provincia Autonoma Trento,VEHICFLEET,Vehicles fleet,11,Motor units,2015,1796
A,Annual,ITD2,Provincia Autonoma Trento,VEHICFLEET,Vehicles fleet,11,Motor units,2016,1908
A,Annual,ITD2,Provincia Autonoma Trento,VEHICFLEET,Vehicles fleet,11,Motor units,2017,2205
A,Annual,ITD2,Provincia Autonoma Trento,VEHICFLEET,Vehicles fleet,11,Motor units,2018,2495
A,Annual,ITD2,Provincia Autonoma Trento,VEHICFLEET,Vehicles fleet,11,Motor units,2019,2650
A,Annual,ITD2,Provincia Autonoma Trento,VEHICFLEET,Vehicles fleet,11,Motor units,2020,2725
A,Annual,ITD2,Provincia Autonoma Trento,VEHICFLEET,Vehicles fleet,11,Motor units,2021,2912
A,Annual,ITD2,Provincia Autonoma Trento,VEHICFLEET,Vehicles fleet,11,Motor units,2022,3389
A,Annual,ITD2,Provincia Autonoma Trento,VEHICFLEET,Vehicles fleet,11,Motor units,2023,4084
A,Annual,ITD2,Provincia Autonoma Trento,VEHICFLEET,Vehicles fleet,11,Motor units,2024,4676
A,Annual,ITD2,Provincia Autonoma Trento,VEHICFLEET,Vehicles fleet,12,Trailer,2010,5892
A,Annual,ITD2,Provincia Autonoma Trento,VEHICFLEET,Vehicles fleet,12,Trailer,2011,5905
A,Annual,ITD2,Provincia Autonoma Trento,VEHICFLEET,Vehicles fleet,12,Trailer,2012,5585
A,Annual,ITD2,Provincia Autonoma Trento,VEHICFLEET,Vehicles fleet,12,Trailer,2013,5567
A,Annual,ITD2,Provincia Autonoma Trento,VEHICFLEET,Vehicles fleet,12,Trailer,2014,5487
A,Annual,ITD2,Provincia Autonoma Trento,VEHICFLEET,Vehicles fleet,12,Trailer,2015,5641
A,Annual,ITD2,Provincia Autonoma Trento,VEHICFLEET,Vehicles fleet,12,Trailer,2016,5865
A,Annual,ITD2,Provincia Autonoma Trento,VEHICFLEET,Vehicles fleet,12,Trailer,2017,6229
A,Annual,ITD2,Provincia Autonoma Trento,VEHICFLEET,Vehicles fleet,12,Trailer,2018,7005
A,Annual,ITD2,Provincia Autonoma Trento,VEHICFLEET,Vehicles fleet,12,Trailer,2019,7329
A,Annual,ITD2,Provincia Autonoma Trento,VEHICFLEET,Vehicles fleet,12,Trailer,2020,7592
A,Annual,ITD2,Provincia Autonoma Trento,VEHICFLEET,Vehicles fleet,12,Trailer,2021,8565
A,Annual,ITD2,Provincia Autonoma Trento,VEHICFLEET,Vehicles fleet,12,Trailer,2022,9745
A,Annual,ITD2,Provincia Autonoma Trento,VEHICFLEET,Vehicles fleet,12,Trailer,2023,11113
A,Annual,ITD2,Provincia Autonoma Trento,VEHICFLEET,Vehicles fleet,12,Trailer,2024,12027
A,Annual,ITD2,Provincia Autonoma Trento,VEHICFLEET,Vehicles fleet,7,Motorcycles,2010,49697
A,Annual,ITD2,Provincia Autonoma Trento,VEHICFLEET,Vehicles fleet,7,Motorcycles,2011,51330
A,Annual,ITD2,Provincia Autonoma Trento,VEHICFLEET,Vehicles fleet,7,Motorcycles,2012,52585
A,Annual,ITD2,Provincia Autonoma Trento,VEHICFLEET,Vehicles fleet,7,Motorcycles,2013,53298
A,Annual,ITD2,Provincia Autonoma Trento,VEHICFLEET,Vehicles fleet,7,Motorcycles,2014,54045
A,Annual,ITD2,Provincia Autonoma Trento,VEHICFLEET,Vehicles fleet,7,Motorcycles,2015,54725
A,Annual,ITD2,Provincia Autonoma Trento,VEHICFLEET,Vehicles fleet,7,Motorcycles,2016,56156
A,Annual,ITD2,Provincia Autonoma Trento,VEHICFLEET,Vehicles fleet,7,Motorcycles,2017,58703
A,Annual,ITD2,Provincia Autonoma Trento,VEHICFLEET,Vehicles fleet,7,Motorcycles,2018,62463
A,Annual,ITD2,Provincia Autonoma Trento,VEHICFLEET,Vehicles fleet,7,Motorcycles,2019,64903
A,Annual,ITD2,Provincia Autonoma Trento,VEHICFLEET,Vehicles fleet,7,Motorcycles,2020,64595
A,Annual,ITD2,Provincia Autonoma Trento,VEHICFLEET,Vehicles fleet,7,Motorcycles,2021,64964
A,Annual,ITD2,Provincia Autonoma Trento,VEHICFLEET,Vehicles fleet,7,Motorcycles,2022,66257
A,Annual,ITD2,Provincia Autonoma Trento,VEHICFLEET,Vehicles fleet,7,Motorcycles,2023,68846
A,Annual,ITD2,Provincia Autonoma Trento,VEHICFLEET,Vehicles fleet,7,Motorcycles,2024,71188
A,Annual,ITD2,Provincia Autonoma Trento,VEHICFLEET,Vehicles fleet,8,Three-wheeler or motor-van,2010,5170
A,Annual,ITD2,Provincia Autonoma Trento,VEHICFLEET,Vehicles fleet,8,Three-wheeler or motor-van,2011,5277
A,Annual,ITD2,Provincia Autonoma Trento,VEHICFLEET,Vehicles fleet,8,Three-wheeler or motor-van,2012,5368
A,Annual,ITD2,Provincia Autonoma Trento,VEHICFLEET,Vehicles fleet,8,Three-wheeler or motor-van,2013,5446
A,Annual,ITD2,Provincia Autonoma Trento,VEHICFLEET,Vehicles fleet,8,Three-wheeler or motor-van,2014,5454
A,Annual,ITD2,Provincia Autonoma Trento,VEHICFLEET,Vehicles fleet,8,Three-wheeler or motor-van,2015,5523
A,Annual,ITD2,Provincia Autonoma Trento,VEHICFLEET,Vehicles fleet,8,Three-wheeler or motor-van,2016,5627
A,Annual,ITD2,Provincia Autonoma Trento,VEHICFLEET,Vehicles fleet,8,Three-wheeler or motor-van,2017,5526
A,Annual,ITD2,Provincia Autonoma Trento,VEHICFLEET,Vehicles fleet,8,Three-wheeler or motor-van,2018,5414
A,Annual,ITD2,Provincia Autonoma Trento,VEHICFLEET,Vehicles fleet,8,Three-wheeler or motor-van,2019,5274
A,Annual,ITD2,Provincia Autonoma Trento,VEHICFLEET,Vehicles fleet,8,Three-wheeler or motor-van,2020,5224
A,Annual,ITD2,Provincia Autonoma Trento,VEHICFLEET,Vehicles fleet,8,Three-wheeler or motor-van,2021,5286
A,Annual,ITD2,Provincia Autonoma Trento,VEHICFLEET,Vehicles fleet,8,Three-wheeler or motor-van,2022,5880
A,Annual,ITD2,Provincia Autonoma Trento,VEHICFLEET,Vehicles fleet,8,Three-wheeler or motor-van,2023,6082
A,Annual,ITD2,Provincia Autonoma Trento,VEHICFLEET,Vehicles fleet,8,Three-wheeler or motor-van,2024,6131
A,Annual,ITD2,Provincia Autonoma Trento,VEHICFLEET,Vehicles fleet,9,Other vehicles,2010,0
A,Annual,ITD2,Provincia Autonoma Trento,VEHICFLEET,Vehicles fleet,9,Other vehicles,2011,0
A,Annual,ITD2,Provincia Autonoma Trento,VEHICFLEET,Vehicles fleet,9,Other vehicles,2012,0
A,Annual,ITD2,Provincia Autonoma Trento,VEHICFLEET,Vehicles fleet,9,Other vehicles,2013,0
A,Annual,ITD2,Provincia Autonoma Trento,VEHICFLEET,Vehicles fleet,9,Other vehicles,2014,0
A,Annual,ITD2,Provincia Autonoma Trento,VEHICFLEET,Vehicles fleet,9,Other vehicles,2015,0
A,Annual,ITD2,Provincia Autonoma Trento,VEHICFLEET,Vehicles fleet,9,Other vehicles,2016,0
A,Annual,ITD2,Provincia Autonoma Trento,VEHICFLEET,Vehicles fleet,9,Other vehicles,2017,0
A,Annual,ITD2,Provincia Autonoma Trento,VEHICFLEET,Vehicles fleet,9,Other vehicles,2018,0
A,Annual,ITD2,Provincia Autonoma Trento,VEHICFLEET,Vehicles fleet,9,Other vehicles,2019,0
A,Annual,ITD2,Provincia Autonoma Trento,VEHICFLEET,Vehicles fleet,9,Other vehicles,2020,0
A,Annual,ITD2,Provincia Autonoma Trento,VEHICFLEET,Vehicles fleet,9,Other vehicles,2021,0
A,Annual,ITD2,Provincia Autonoma Trento,VEHICFLEET,Vehicles fleet,9,Other vehicles,2022,0
A,Annual,ITD2,Provincia Autonoma Trento,VEHICFLEET,Vehicles fleet,9,Other vehicles,2023,0
A,Annual,ITD2,Provincia Autonoma Trento,VEHICFLEET,Vehicles fleet,9,Other vehicles,2024,0
A,Annual,ITD2,Provincia Autonoma Trento,VEHICFLEET,Vehicles fleet,99,Totale,2010,411934
A,Annual,ITD2,Provincia Autonoma Trento,VEHICFLEET,Vehicles fleet,99,Totale,2011,424993
A,Annual,ITD2,Provincia Autonoma Trento,VEHICFLEET,Vehicles fleet,99,Totale,2012,501452
A,Annual,ITD2,Provincia Autonoma Trento,VEHICFLEET,Vehicles fleet,99,Totale,2013,523130
A,Annual,ITD2,Provincia Autonoma Trento,VEHICFLEET,Vehicles fleet,99,Totale,2014,556888
A,Annual,ITD2,Provincia Autonoma Trento,VEHICFLEET,Vehicles fleet,99,Totale,2015,599374
A,Annual,ITD2,Provincia Autonoma Trento,VEHICFLEET,Vehicles fleet,99,Totale,2016,645072
A,Annual,ITD2,Provincia Autonoma Trento,VEHICFLEET,Vehicles fleet,99,Totale,2017,710972
A,Annual,ITD2,Provincia Autonoma Trento,VEHICFLEET,Vehicles fleet,99,Totale,2018,805849
A,Annual,ITD2,Provincia Autonoma Trento,VEHICFLEET,Vehicles fleet,99,Totale,2019,869088
A,Annual,ITD2,Provincia Autonoma Trento,VEHICFLEET,Vehicles fleet,99,Totale,2020,896964
A,Annual,ITD2,Provincia Autonoma Trento,VEHICFLEET,Vehicles fleet,99,Totale,2021,951103
A,Annual,ITD2,Provincia Autonoma Trento,VEHICFLEET,Vehicles fleet,99,Totale,2022,1004542
A,Annual,ITD2,Provincia Autonoma Trento,VEHICFLEET,Vehicles fleet,99,Totale,2023,1068286
A,Annual,ITD2,Provincia Autonoma Trento,VEHICFLEET,Vehicles fleet,99,Totale,2024,1125750
A,Annual,ITD3,Veneto,VEHICFLEET,Vehicles fleet,1,Motor cars,2010,2939099
A,Annual,ITD3,Veneto,VEHICFLEET,Vehicles fleet,1,Motor cars,2011,2969555
A,Annual,ITD3,Veneto,VEHICFLEET,Vehicles fleet,1,Motor cars,2012,2969055
A,Annual,ITD3,Veneto,VEHICFLEET,Vehicles fleet,1,Motor cars,2013,2967989
A,Annual,ITD3,Veneto,VEHICFLEET,Vehicles fleet,1,Motor cars,2014,2983814
A,Annual,ITD3,Veneto,VEHICFLEET,Vehicles fleet,1,Motor cars,2015,3011316
A,Annual,ITD3,Veneto,VEHICFLEET,Vehicles fleet,1,Motor cars,2016,3059360
A,Annual,ITD3,Veneto,VEHICFLEET,Vehicles fleet,1,Motor cars,2017,3104735
A,Annual,ITD3,Veneto,VEHICFLEET,Vehicles fleet,1,Motor cars,2018,3149335
A,Annual,ITD3,Veneto,VEHICFLEET,Vehicles fleet,1,Motor cars,2019,3185227
A,Annual,ITD3,Veneto,VEHICFLEET,Vehicles fleet,1,Motor cars,2020,3198100
A,Annual,ITD3,Veneto,VEHICFLEET,Vehicles fleet,1,Motor cars,2021,3200406
A,Annual,ITD3,Veneto,VEHICFLEET,Vehicles fleet,1,Motor cars,2022,3221693
A,Annual,ITD3,Veneto,VEHICFLEET,Vehicles fleet,1,Motor cars,2023,3265239
A,Annual,ITD3,Veneto,VEHICFLEET,Vehicles fleet,1,Motor cars,2024,3302750
A,Annual,ITD3,Veneto,VEHICFLEET,Vehicles fleet,2,Bus or trolley-bus,2010,7366
A,Annual,ITD3,Veneto,VEHICFLEET,Vehicles fleet,2,Bus or trolley-bus,2011,6960
A,Annual,ITD3,Veneto,VEHICFLEET,Vehicles fleet,2,Bus or trolley-bus,2012,6827
A,Annual,ITD3,Veneto,VEHICFLEET,Vehicles fleet,2,Bus or trolley-bus,2013,6671
A,Annual,ITD3,Veneto,VEHICFLEET,Vehicles fleet,2,Bus or trolley-bus,2014,6610
A,Annual,ITD3,Veneto,VEHICFLEET,Vehicles fleet,2,Bus or trolley-bus,2015,6950
A,Annual,ITD3,Veneto,VEHICFLEET,Vehicles fleet,2,Bus or trolley-bus,2016,6935
A,Annual,ITD3,Veneto,VEHICFLEET,Vehicles fleet,2,Bus or trolley-bus,2017,7084
A,Annual,ITD3,Veneto,VEHICFLEET,Vehicles fleet,2,Bus or trolley-bus,2018,7150
A,Annual,ITD3,Veneto,VEHICFLEET,Vehicles fleet,2,Bus or trolley-bus,2019,7037
A,Annual,ITD3,Veneto,VEHICFLEET,Vehicles fleet,2,Bus or trolley-bus,2020,7111
A,Annual,ITD3,Veneto,VEHICFLEET,Vehicles fleet,2,Bus or trolley-bus,2021,7152
A,Annual,ITD3,Veneto,VEHICFLEET,Vehicles fleet,2,Bus or trolley-bus,2022,7019
A,Annual,ITD3,Veneto,VEHICFLEET,Vehicles fleet,2,Bus or trolley-bus,2023,6927
A,Annual,ITD3,Veneto,VEHICFLEET,Vehicles fleet,2,Bus or trolley-bus,2024,6852
A,Annual,ITD3,Veneto,VEHICFLEET,Vehicles fleet,10,Trucks,2010,391678
A,Annual,ITD3,Veneto,VEHICFLEET,Vehicles fleet,10,Trucks,2011,394374
A,Annual,ITD3,Veneto,VEHICFLEET,Vehicles fleet,10,Trucks,2012,391205
A,Annual,ITD3,Veneto,VEHICFLEET,Vehicles fleet,10,Trucks,2013,386583
A,Annual,ITD3,Veneto,VEHICFLEET,Vehicles fleet,10,Trucks,2014,385882
A,Annual,ITD3,Veneto,VEHICFLEET,Vehicles fleet,10,Trucks,2015,387136
A,Annual,ITD3,Veneto,VEHICFLEET,Vehicles fleet,10,Trucks,2016,392833
A,Annual,ITD3,Veneto,VEHICFLEET,Vehicles fleet,10,Trucks,2017,399591
A,Annual,ITD3,Veneto,VEHICFLEET,Vehicles fleet,10,Trucks,2018,405198
A,Annual,ITD3,Veneto,VEHICFLEET,Vehicles fleet,10,Trucks,2019,408872
A,Annual,ITD3,Veneto,VEHICFLEET,Vehicles fleet,10,Trucks,2020,412814
A,Annual,ITD3,Veneto,VEHICFLEET,Vehicles fleet,10,Trucks,2021,418048
A,Annual,ITD3,Veneto,VEHICFLEET,Vehicles fleet,10,Trucks,2022,425784
A,Annual,ITD3,Veneto,VEHICFLEET,Vehicles fleet,10,Trucks,2023,436002
A,Annual,ITD3,Veneto,VEHICFLEET,Vehicles fleet,10,Trucks,2024,446893
A,Annual,ITD3,Veneto,VEHICFLEET,Vehicles fleet,11,Motor units,2010,16432
A,Annual,ITD3,Veneto,VEHICFLEET,Vehicles fleet,11,Motor units,2011,16379
A,Annual,ITD3,Veneto,VEHICFLEET,Vehicles fleet,11,Motor units,2012,15871
A,Annual,ITD3,Veneto,VEHICFLEET,Vehicles fleet,11,Motor units,2013,15459
A,Annual,ITD3,Veneto,VEHICFLEET,Vehicles fleet,11,Motor units,2014,15718
A,Annual,ITD3,Veneto,VEHICFLEET,Vehicles fleet,11,Motor units,2015,16282
A,Annual,ITD3,Veneto,VEHICFLEET,Vehicles fleet,11,Motor units,2016,17182
A,Annual,ITD3,Veneto,VEHICFLEET,Vehicles fleet,11,Motor units,2017,18263
A,Annual,ITD3,Veneto,VEHICFLEET,Vehicles fleet,11,Motor units,2018,19356
A,Annual,ITD3,Veneto,VEHICFLEET,Vehicles fleet,11,Motor units,2019,20117
A,Annual,ITD3,Veneto,VEHICFLEET,Vehicles fleet,11,Motor units,2020,20721
A,Annual,ITD3,Veneto,VEHICFLEET,Vehicles fleet,11,Motor units,2021,21819
A,Annual,ITD3,Veneto,VEHICFLEET,Vehicles fleet,11,Motor units,2022,22786
A,Annual,ITD3,Veneto,VEHICFLEET,Vehicles fleet,11,Motor units,2023,23539
A,Annual,ITD3,Veneto,VEHICFLEET,Vehicles fleet,11,Motor units,2024,24091
A,Annual,ITD3,Veneto,VEHICFLEET,Vehicles fleet,12,Trailer,2010,37065
A,Annual,ITD3,Veneto,VEHICFLEET,Vehicles fleet,12,Trailer,2011,37729
A,Annual,ITD3,Veneto,VEHICFLEET,Vehicles fleet,12,Trailer,2012,37370
A,Annual,ITD3,Veneto,VEHICFLEET,Vehicles fleet,12,Trailer,2013,36719
A,Annual,ITD3,Veneto,VEHICFLEET,Vehicles fleet,12,Trailer,2014,36712
A,Annual,ITD3,Veneto,VEHICFLEET,Vehicles fleet,12,Trailer,2015,37152
A,Annual,ITD3,Veneto,VEHICFLEET,Vehicles fleet,12,Trailer,2016,38405
A,Annual,ITD3,Veneto,VEHICFLEET,Vehicles fleet,12,Trailer,2017,39809
A,Annual,ITD3,Veneto,VEHICFLEET,Vehicles fleet,12,Trailer,2018,41108
A,Annual,ITD3,Veneto,VEHICFLEET,Vehicles fleet,12,Trailer,2019,42408
A,Annual,ITD3,Veneto,VEHICFLEET,Vehicles fleet,12,Trailer,2020,43478
A,Annual,ITD3,Veneto,VEHICFLEET,Vehicles fleet,12,Trailer,2021,45088
A,Annual,ITD3,Veneto,VEHICFLEET,Vehicles fleet,12,Trailer,2022,46460
A,Annual,ITD3,Veneto,VEHICFLEET,Vehicles fleet,12,Trailer,2023,47701
A,Annual,ITD3,Veneto,VEHICFLEET,Vehicles fleet,12,Trailer,2024,48615
A,Annual,ITD3,Veneto,VEHICFLEET,Vehicles fleet,7,Motorcycles,2010,435010
A,Annual,ITD3,Veneto,VEHICFLEET,Vehicles fleet,7,Motorcycles,2011,447297
A,Annual,ITD3,Veneto,VEHICFLEET,Vehicles fleet,7,Motorcycles,2012,453552
A,Annual,ITD3,Veneto,VEHICFLEET,Vehicles fleet,7,Motorcycles,2013,457257
A,Annual,ITD3,Veneto,VEHICFLEET,Vehicles fleet,7,Motorcycles,2014,463082
A,Annual,ITD3,Veneto,VEHICFLEET,Vehicles fleet,7,Motorcycles,2015,469348
A,Annual,ITD3,Veneto,VEHICFLEET,Vehicles fleet,7,Motorcycles,2016,476997
A,Annual,ITD3,Veneto,VEHICFLEET,Vehicles fleet,7,Motorcycles,2017,484710
A,Annual,ITD3,Veneto,VEHICFLEET,Vehicles fleet,7,Motorcycles,2018,493168
A,Annual,ITD3,Veneto,VEHICFLEET,Vehicles fleet,7,Motorcycles,2019,501887
A,Annual,ITD3,Veneto,VEHICFLEET,Vehicles fleet,7,Motorcycles,2020,509627
A,Annual,ITD3,Veneto,VEHICFLEET,Vehicles fleet,7,Motorcycles,2021,518846
A,Annual,ITD3,Veneto,VEHICFLEET,Vehicles fleet,7,Motorcycles,2022,529031
A,Annual,ITD3,Veneto,VEHICFLEET,Vehicles fleet,7,Motorcycles,2023,541999
A,Annual,ITD3,Veneto,VEHICFLEET,Vehicles fleet,7,Motorcycles,2024,556865
A,Annual,ITD3,Veneto,VEHICFLEET,Vehicles fleet,8,Three-wheeler or motor-van,2010,11332
A,Annual,ITD3,Veneto,VEHICFLEET,Vehicles fleet,8,Three-wheeler or motor-van,2011,11469
A,Annual,ITD3,Veneto,VEHICFLEET,Vehicles fleet,8,Three-wheeler or motor-van,2012,11428
A,Annual,ITD3,Veneto,VEHICFLEET,Vehicles fleet,8,Three-wheeler or motor-van,2013,11392
A,Annual,ITD3,Veneto,VEHICFLEET,Vehicles fleet,8,Three-wheeler or motor-van,2014,11401
A,Annual,ITD3,Veneto,VEHICFLEET,Vehicles fleet,8,Three-wheeler or motor-van,2015,11329
A,Annual,ITD3,Veneto,VEHICFLEET,Vehicles fleet,8,Three-wheeler or motor-van,2016,11397
A,Annual,ITD3,Veneto,VEHICFLEET,Vehicles fleet,8,Three-wheeler or motor-van,2017,11384
A,Annual,ITD3,Veneto,VEHICFLEET,Vehicles fleet,8,Three-wheeler or motor-van,2018,11195
A,Annual,ITD3,Veneto,VEHICFLEET,Vehicles fleet,8,Three-wheeler or motor-van,2019,11136
A,Annual,ITD3,Veneto,VEHICFLEET,Vehicles fleet,8,Three-wheeler or motor-van,2020,11177
A,Annual,ITD3,Veneto,VEHICFLEET,Vehicles fleet,8,Three-wheeler or motor-van,2021,11308
A,Annual,ITD3,Veneto,VEHICFLEET,Vehicles fleet,8,Three-wheeler or motor-van,2022,11520
A,Annual,ITD3,Veneto,VEHICFLEET,Vehicles fleet,8,Three-wheeler or motor-van,2023,11638
A,Annual,ITD3,Veneto,VEHICFLEET,Vehicles fleet,8,Three-wheeler or motor-van,2024,11742
A,Annual,ITD3,Veneto,VEHICFLEET,Vehicles fleet,9,Other vehicles,2010,16
A,Annual,ITD3,Veneto,VEHICFLEET,Vehicles fleet,9,Other vehicles,2011,0
A,Annual,ITD3,Veneto,VEHICFLEET,Vehicles fleet,9,Other vehicles,2012,0
A,Annual,ITD3,Veneto,VEHICFLEET,Vehicles fleet,9,Other vehicles,2013,1
A,Annual,ITD3,Veneto,VEHICFLEET,Vehicles fleet,9,Other vehicles,2014,1
A,Annual,ITD3,Veneto,VEHICFLEET,Vehicles fleet,9,Other vehicles,2015,1
A,Annual,ITD3,Veneto,VEHICFLEET,Vehicles fleet,9,Other vehicles,2016,1
A,Annual,ITD3,Veneto,VEHICFLEET,Vehicles fleet,9,Other vehicles,2017,1
A,Annual,ITD3,Veneto,VEHICFLEET,Vehicles fleet,9,Other vehicles,2018,1
A,Annual,ITD3,Veneto,VEHICFLEET,Vehicles fleet,9,Other vehicles,2019,1
A,Annual,ITD3,Veneto,VEHICFLEET,Vehicles fleet,9,Other vehicles,2020,1
A,Annual,ITD3,Veneto,VEHICFLEET,Vehicles fleet,9,Other vehicles,2021,1
A,Annual,ITD3,Veneto,VEHICFLEET,Vehicles fleet,9,Other vehicles,2022,1
A,Annual,ITD3,Veneto,VEHICFLEET,Vehicles fleet,9,Other vehicles,2023,1
A,Annual,ITD3,Veneto,VEHICFLEET,Vehicles fleet,9,Other vehicles,2024,0
A,Annual,ITD3,Veneto,VEHICFLEET,Vehicles fleet,99,Totale,2010,3837998
A,Annual,ITD3,Veneto,VEHICFLEET,Vehicles fleet,99,Totale,2011,3883763
A,Annual,ITD3,Veneto,VEHICFLEET,Vehicles fleet,99,Totale,2012,3885308
A,Annual,ITD3,Veneto,VEHICFLEET,Vehicles fleet,99,Totale,2013,3882071
A,Annual,ITD3,Veneto,VEHICFLEET,Vehicles fleet,99,Totale,2014,3903220
A,Annual,ITD3,Veneto,VEHICFLEET,Vehicles fleet,99,Totale,2015,3939514
A,Annual,ITD3,Veneto,VEHICFLEET,Vehicles fleet,99,Totale,2016,4003110
A,Annual,ITD3,Veneto,VEHICFLEET,Vehicles fleet,99,Totale,2017,4065577
A,Annual,ITD3,Veneto,VEHICFLEET,Vehicles fleet,99,Totale,2018,4126511
A,Annual,ITD3,Veneto,VEHICFLEET,Vehicles fleet,99,Totale,2019,4176685
A,Annual,ITD3,Veneto,VEHICFLEET,Vehicles fleet,99,Totale,2020,4203029
A,Annual,ITD3,Veneto,VEHICFLEET,Vehicles fleet,99,Totale,2021,4222668
A,Annual,ITD3,Veneto,VEHICFLEET,Vehicles fleet,99,Totale,2022,4264294
A,Annual,ITD3,Veneto,VEHICFLEET,Vehicles fleet,99,Totale,2023,4333046
A,Annual,ITD3,Veneto,VEHICFLEET,Vehicles fleet,99,Totale,2024,4397808
A,Annual,ITD4,Friuli-Venezia Giulia,VEHICFLEET,Vehicles fleet,1,Motor cars,2010,763144
A,Annual,ITD4,Friuli-Venezia Giulia,VEHICFLEET,Vehicles fleet,1,Motor cars,2011,769832
A,Annual,ITD4,Friuli-Venezia Giulia,VEHICFLEET,Vehicles fleet,1,Motor cars,2012,769526
A,Annual,ITD4,Friuli-Venezia Giulia,VEHICFLEET,Vehicles fleet,1,Motor cars,2013,768021
A,Annual,ITD4,Friuli-Venezia Giulia,VEHICFLEET,Vehicles fleet,1,Motor cars,2014,769583
A,Annual,ITD4,Friuli-Venezia Giulia,VEHICFLEET,Vehicles fleet,1,Motor cars,2015,773619
A,Annual,ITD4,Friuli-Venezia Giulia,VEHICFLEET,Vehicles fleet,1,Motor cars,2016,781824
A,Annual,ITD4,Friuli-Venezia Giulia,VEHICFLEET,Vehicles fleet,1,Motor cars,2017,792485
A,Annual,ITD4,Friuli-Venezia Giulia,VEHICFLEET,Vehicles fleet,1,Motor cars,2018,800810
A,Annual,ITD4,Friuli-Venezia Giulia,VEHICFLEET,Vehicles fleet,1,Motor cars,2019,806858
A,Annual,ITD4,Friuli-Venezia Giulia,VEHICFLEET,Vehicles fleet,1,Motor cars,2020,808422
A,Annual,ITD4,Friuli-Venezia Giulia,VEHICFLEET,Vehicles fleet,1,Motor cars,2021,808518
A,Annual,ITD4,Friuli-Venezia Giulia,VEHICFLEET,Vehicles fleet,1,Motor cars,2022,812503
A,Annual,ITD4,Friuli-Venezia Giulia,VEHICFLEET,Vehicles fleet,1,Motor cars,2023,821675
A,Annual,ITD4,Friuli-Venezia Giulia,VEHICFLEET,Vehicles fleet,1,Motor cars,2024,828929
A,Annual,ITD4,Friuli-Venezia Giulia,VEHICFLEET,Vehicles fleet,2,Bus or trolley-bus,2010,1714
A,Annual,ITD4,Friuli-Venezia Giulia,VEHICFLEET,Vehicles fleet,2,Bus or trolley-bus,2011,1695
A,Annual,ITD4,Friuli-Venezia Giulia,VEHICFLEET,Vehicles fleet,2,Bus or trolley-bus,2012,1659
A,Annual,ITD4,Friuli-Venezia Giulia,VEHICFLEET,Vehicles fleet,2,Bus or trolley-bus,2013,1663
A,Annual,ITD4,Friuli-Venezia Giulia,VEHICFLEET,Vehicles fleet,2,Bus or trolley-bus,2014,1655
A,Annual,ITD4,Friuli-Venezia Giulia,VEHICFLEET,Vehicles fleet,2,Bus or trolley-bus,2015,1622
A,Annual,ITD4,Friuli-Venezia Giulia,VEHICFLEET,Vehicles fleet,2,Bus or trolley-bus,2016,1592
A,Annual,ITD4,Friuli-Venezia Giulia,VEHICFLEET,Vehicles fleet,2,Bus or trolley-bus,2017,1639
A,Annual,ITD4,Friuli-Venezia Giulia,VEHICFLEET,Vehicles fleet,2,Bus or trolley-bus,2018,1642
A,Annual,ITD4,Friuli-Venezia Giulia,VEHICFLEET,Vehicles fleet,2,Bus or trolley-bus,2019,1623
A,Annual,ITD4,Friuli-Venezia Giulia,VEHICFLEET,Vehicles fleet,2,Bus or trolley-bus,2020,1630
A,Annual,ITD4,Friuli-Venezia Giulia,VEHICFLEET,Vehicles fleet,2,Bus or trolley-bus,2021,1698
A,Annual,ITD4,Friuli-Venezia Giulia,VEHICFLEET,Vehicles fleet,2,Bus or trolley-bus,2022,1703
A,Annual,ITD4,Friuli-Venezia Giulia,VEHICFLEET,Vehicles fleet,2,Bus or trolley-bus,2023,1712
A,Annual,ITD4,Friuli-Venezia Giulia,VEHICFLEET,Vehicles fleet,2,Bus or trolley-bus,2024,1759
A,Annual,ITD4,Friuli-Venezia Giulia,VEHICFLEET,Vehicles fleet,10,Trucks,2010,90191
A,Annual,ITD4,Friuli-Venezia Giulia,VEHICFLEET,Vehicles fleet,10,Trucks,2011,90387
A,Annual,ITD4,Friuli-Venezia Giulia,VEHICFLEET,Vehicles fleet,10,Trucks,2012,89555
A,Annual,ITD4,Friuli-Venezia Giulia,VEHICFLEET,Vehicles fleet,10,Trucks,2013,88540
A,Annual,ITD4,Friuli-Venezia Giulia,VEHICFLEET,Vehicles fleet,10,Trucks,2014,88665
A,Annual,ITD4,Friuli-Venezia Giulia,VEHICFLEET,Vehicles fleet,10,Trucks,2015,89129
A,Annual,ITD4,Friuli-Venezia Giulia,VEHICFLEET,Vehicles fleet,10,Trucks,2016,90511
A,Annual,ITD4,Friuli-Venezia Giulia,VEHICFLEET,Vehicles fleet,10,Trucks,2017,92037
A,Annual,ITD4,Friuli-Venezia Giulia,VEHICFLEET,Vehicles fleet,10,Trucks,2018,93792
A,Annual,ITD4,Friuli-Venezia Giulia,VEHICFLEET,Vehicles fleet,10,Trucks,2019,95138
A,Annual,ITD4,Friuli-Venezia Giulia,VEHICFLEET,Vehicles fleet,10,Trucks,2020,96318
A,Annual,ITD4,Friuli-Venezia Giulia,VEHICFLEET,Vehicles fleet,10,Trucks,2021,98430
A,Annual,ITD4,Friuli-Venezia Giulia,VEHICFLEET,Vehicles fleet,10,Trucks,2022,100380
A,Annual,ITD4,Friuli-Venezia Giulia,VEHICFLEET,Vehicles fleet,10,Trucks,2023,102680
A,Annual,ITD4,Friuli-Venezia Giulia,VEHICFLEET,Vehicles fleet,10,Trucks,2024,105193
A,Annual,ITD4,Friuli-Venezia Giulia,VEHICFLEET,Vehicles fleet,11,Motor units,2010,3453
A,Annual,ITD4,Friuli-Venezia Giulia,VEHICFLEET,Vehicles fleet,11,Motor units,2011,3525
A,Annual,ITD4,Friuli-Venezia Giulia,VEHICFLEET,Vehicles fleet,11,Motor units,2012,3446
A,Annual,ITD4,Friuli-Venezia Giulia,VEHICFLEET,Vehicles fleet,11,Motor units,2013,3263
A,Annual,ITD4,Friuli-Venezia Giulia,VEHICFLEET,Vehicles fleet,11,Motor units,2014,3163
A,Annual,ITD4,Friuli-Venezia Giulia,VEHICFLEET,Vehicles fleet,11,Motor units,2015,3303
A,Annual,ITD4,Friuli-Venezia Giulia,VEHICFLEET,Vehicles fleet,11,Motor units,2016,3367
A,Annual,ITD4,Friuli-Venezia Giulia,VEHICFLEET,Vehicles fleet,11,Motor units,2017,3583
A,Annual,ITD4,Friuli-Venezia Giulia,VEHICFLEET,Vehicles fleet,11,Motor units,2018,3750
A,Annual,ITD4,Friuli-Venezia Giulia,VEHICFLEET,Vehicles fleet,11,Motor units,2019,3853
A,Annual,ITD4,Friuli-Venezia Giulia,VEHICFLEET,Vehicles fleet,11,Motor units,2020,3866
A,Annual,ITD4,Friuli-Venezia Giulia,VEHICFLEET,Vehicles fleet,11,Motor units,2021,3938
A,Annual,ITD4,Friuli-Venezia Giulia,VEHICFLEET,Vehicles fleet,11,Motor units,2022,4060
A,Annual,ITD4,Friuli-Venezia Giulia,VEHICFLEET,Vehicles fleet,11,Motor units,2023,4085
A,Annual,ITD4,Friuli-Venezia Giulia,VEHICFLEET,Vehicles fleet,11,Motor units,2024,4144
A,Annual,ITD4,Friuli-Venezia Giulia,VEHICFLEET,Vehicles fleet,12,Trailer,2010,7826
A,Annual,ITD4,Friuli-Venezia Giulia,VEHICFLEET,Vehicles fleet,12,Trailer,2011,7890
A,Annual,ITD4,Friuli-Venezia Giulia,VEHICFLEET,Vehicles fleet,12,Trailer,2012,7824
A,Annual,ITD4,Friuli-Venezia Giulia,VEHICFLEET,Vehicles fleet,12,Trailer,2013,7457
A,Annual,ITD4,Friuli-Venezia Giulia,VEHICFLEET,Vehicles fleet,12,Trailer,2014,7325
A,Annual,ITD4,Friuli-Venezia Giulia,VEHICFLEET,Vehicles fleet,12,Trailer,2015,7459
A,Annual,ITD4,Friuli-Venezia Giulia,VEHICFLEET,Vehicles fleet,12,Trailer,2016,7678
A,Annual,ITD4,Friuli-Venezia Giulia,VEHICFLEET,Vehicles fleet,12,Trailer,2017,7960
A,Annual,ITD4,Friuli-Venezia Giulia,VEHICFLEET,Vehicles fleet,12,Trailer,2018,8205
A,Annual,ITD4,Friuli-Venezia Giulia,VEHICFLEET,Vehicles fleet,12,Trailer,2019,8304
A,Annual,ITD4,Friuli-Venezia Giulia,VEHICFLEET,Vehicles fleet,12,Trailer,2020,8485
A,Annual,ITD4,Friuli-Venezia Giulia,VEHICFLEET,Vehicles fleet,12,Trailer,2021,8529
A,Annual,ITD4,Friuli-Venezia Giulia,VEHICFLEET,Vehicles fleet,12,Trailer,2022,8811
A,Annual,ITD4,Friuli-Venezia Giulia,VEHICFLEET,Vehicles fleet,12,Trailer,2023,8986
A,Annual,ITD4,Friuli-Venezia Giulia,VEHICFLEET,Vehicles fleet,12,Trailer,2024,9044
A,Annual,ITD4,Friuli-Venezia Giulia,VEHICFLEET,Vehicles fleet,7,Motorcycles,2010,128583
A,Annual,ITD4,Friuli-Venezia Giulia,VEHICFLEET,Vehicles fleet,7,Motorcycles,2011,131845
A,Annual,ITD4,Friuli-Venezia Giulia,VEHICFLEET,Vehicles fleet,7,Motorcycles,2012,133782
A,Annual,ITD4,Friuli-Venezia Giulia,VEHICFLEET,Vehicles fleet,7,Motorcycles,2013,134830
A,Annual,ITD4,Friuli-Venezia Giulia,VEHICFLEET,Vehicles fleet,7,Motorcycles,2014,136043
A,Annual,ITD4,Friuli-Venezia Giulia,VEHICFLEET,Vehicles fleet,7,Motorcycles,2015,137285
A,Annual,ITD4,Friuli-Venezia Giulia,VEHICFLEET,Vehicles fleet,7,Motorcycles,2016,139005
A,Annual,ITD4,Friuli-Venezia Giulia,VEHICFLEET,Vehicles fleet,7,Motorcycles,2017,140821
A,Annual,ITD4,Friuli-Venezia Giulia,VEHICFLEET,Vehicles fleet,7,Motorcycles,2018,142876
A,Annual,ITD4,Friuli-Venezia Giulia,VEHICFLEET,Vehicles fleet,7,Motorcycles,2019,145316
A,Annual,ITD4,Friuli-Venezia Giulia,VEHICFLEET,Vehicles fleet,7,Motorcycles,2020,148086
A,Annual,ITD4,Friuli-Venezia Giulia,VEHICFLEET,Vehicles fleet,7,Motorcycles,2021,151236
A,Annual,ITD4,Friuli-Venezia Giulia,VEHICFLEET,Vehicles fleet,7,Motorcycles,2022,154273
A,Annual,ITD4,Friuli-Venezia Giulia,VEHICFLEET,Vehicles fleet,7,Motorcycles,2023,157955
A,Annual,ITD4,Friuli-Venezia Giulia,VEHICFLEET,Vehicles fleet,7,Motorcycles,2024,161974
A,Annual,ITD4,Friuli-Venezia Giulia,VEHICFLEET,Vehicles fleet,8,Three-wheeler or motor-van,2010,4371
A,Annual,ITD4,Friuli-Venezia Giulia,VEHICFLEET,Vehicles fleet,8,Three-wheeler or motor-van,2011,4414
A,Annual,ITD4,Friuli-Venezia Giulia,VEHICFLEET,Vehicles fleet,8,Three-wheeler or motor-van,2012,4416
A,Annual,ITD4,Friuli-Venezia Giulia,VEHICFLEET,Vehicles fleet,8,Three-wheeler or motor-van,2013,4466
A,Annual,ITD4,Friuli-Venezia Giulia,VEHICFLEET,Vehicles fleet,8,Three-wheeler or motor-van,2014,4443
A,Annual,ITD4,Friuli-Venezia Giulia,VEHICFLEET,Vehicles fleet,8,Three-wheeler or motor-van,2015,4468
A,Annual,ITD4,Friuli-Venezia Giulia,VEHICFLEET,Vehicles fleet,8,Three-wheeler or motor-van,2016,4502
A,Annual,ITD4,Friuli-Venezia Giulia,VEHICFLEET,Vehicles fleet,8,Three-wheeler or motor-van,2017,4485
A,Annual,ITD4,Friuli-Venezia Giulia,VEHICFLEET,Vehicles fleet,8,Three-wheeler or motor-van,2018,4549
A,Annual,ITD4,Friuli-Venezia Giulia,VEHICFLEET,Vehicles fleet,8,Three-wheeler or motor-van,2019,4559
A,Annual,ITD4,Friuli-Venezia Giulia,VEHICFLEET,Vehicles fleet,8,Three-wheeler or motor-van,2020,4591
A,Annual,ITD4,Friuli-Venezia Giulia,VEHICFLEET,Vehicles fleet,8,Three-wheeler or motor-van,2021,4620
A,Annual,ITD4,Friuli-Venezia Giulia,VEHICFLEET,Vehicles fleet,8,Three-wheeler or motor-van,2022,4648
A,Annual,ITD4,Friuli-Venezia Giulia,VEHICFLEET,Vehicles fleet,8,Three-wheeler or motor-van,2023,4675
A,Annual,ITD4,Friuli-Venezia Giulia,VEHICFLEET,Vehicles fleet,8,Three-wheeler or motor-van,2024,4662
A,Annual,ITD4,Friuli-Venezia Giulia,VEHICFLEET,Vehicles fleet,9,Other vehicles,2010,1
A,Annual,ITD4,Friuli-Venezia Giulia,VEHICFLEET,Vehicles fleet,9,Other vehicles,2011,0
A,Annual,ITD4,Friuli-Venezia Giulia,VEHICFLEET,Vehicles fleet,9,Other vehicles,2012,0
A,Annual,ITD4,Friuli-Venezia Giulia,VEHICFLEET,Vehicles fleet,9,Other vehicles,2013,0
A,Annual,ITD4,Friuli-Venezia Giulia,VEHICFLEET,Vehicles fleet,9,Other vehicles,2014,0
A,Annual,ITD4,Friuli-Venezia Giulia,VEHICFLEET,Vehicles fleet,9,Other vehicles,2015,0
A,Annual,ITD4,Friuli-Venezia Giulia,VEHICFLEET,Vehicles fleet,9,Other vehicles,2016,0
A,Annual,ITD4,Friuli-Venezia Giulia,VEHICFLEET,Vehicles fleet,9,Other vehicles,2017,0
A,Annual,ITD4,Friuli-Venezia Giulia,VEHICFLEET,Vehicles fleet,9,Other vehicles,2018,0
A,Annual,ITD4,Friuli-Venezia Giulia,VEHICFLEET,Vehicles fleet,9,Other vehicles,2019,0
A,Annual,ITD4,Friuli-Venezia Giulia,VEHICFLEET,Vehicles fleet,9,Other vehicles,2020,0
A,Annual,ITD4,Friuli-Venezia Giulia,VEHICFLEET,Vehicles fleet,9,Other vehicles,2021,0
A,Annual,ITD4,Friuli-Venezia Giulia,VEHICFLEET,Vehicles fleet,9,Other vehicles,2022,0
A,Annual,ITD4,Friuli-Venezia Giulia,VEHICFLEET,Vehicles fleet,9,Other vehicles,2023,0
A,Annual,ITD4,Friuli-Venezia Giulia,VEHICFLEET,Vehicles fleet,9,Other vehicles,2024,0
A,Annual,ITD4,Friuli-Venezia Giulia,VEHICFLEET,Vehicles fleet,99,Totale,2010,999283
A,Annual,ITD4,Friuli-Venezia Giulia,VEHICFLEET,Vehicles fleet,99,Totale,2011,1009588
A,Annual,ITD4,Friuli-Venezia Giulia,VEHICFLEET,Vehicles fleet,99,Totale,2012,1010208
A,Annual,ITD4,Friuli-Venezia Giulia,VEHICFLEET,Vehicles fleet,99,Totale,2013,1008240
A,Annual,ITD4,Friuli-Venezia Giulia,VEHICFLEET,Vehicles fleet,99,Totale,2014,1010877
A,Annual,ITD4,Friuli-Venezia Giulia,VEHICFLEET,Vehicles fleet,99,Totale,2015,1016885
A,Annual,ITD4,Friuli-Venezia Giulia,VEHICFLEET,Vehicles fleet,99,Totale,2016,1028479
A,Annual,ITD4,Friuli-Venezia Giulia,VEHICFLEET,Vehicles fleet,99,Totale,2017,1043010
A,Annual,ITD4,Friuli-Venezia Giulia,VEHICFLEET,Vehicles fleet,99,Totale,2018,1055624
A,Annual,ITD4,Friuli-Venezia Giulia,VEHICFLEET,Vehicles fleet,99,Totale,2019,1065651
A,Annual,ITD4,Friuli-Venezia Giulia,VEHICFLEET,Vehicles fleet,99,Totale,2020,1071398
A,Annual,ITD4,Friuli-Venezia Giulia,VEHICFLEET,Vehicles fleet,99,Totale,2021,1076969
A,Annual,ITD4,Friuli-Venezia Giulia,VEHICFLEET,Vehicles fleet,99,Totale,2022,1086378
A,Annual,ITD4,Friuli-Venezia Giulia,VEHICFLEET,Vehicles fleet,99,Totale,2023,1101768
A,Annual,ITD4,Friuli-Venezia Giulia,VEHICFLEET,Vehicles fleet,99,Totale,2024,1115705
A,Annual,ITD5,Emilia-Romagna,VEHICFLEET,Vehicles fleet,1,Motor cars,2010,2699973
A,Annual,ITD5,Emilia-Romagna,VEHICFLEET,Vehicles fleet,1,Motor cars,2011,2733381
A,Annual,ITD5,Emilia-Romagna,VEHICFLEET,Vehicles fleet,1,Motor cars,2012,2740922
A,Annual,ITD5,Emilia-Romagna,VEHICFLEET,Vehicles fleet,1,Motor cars,2013,2740598
A,Annual,ITD5,Emilia-Romagna,VEHICFLEET,Vehicles fleet,1,Motor cars,2014,2754792
A,Annual,ITD5,Emilia-Romagna,VEHICFLEET,Vehicles fleet,1,Motor cars,2015,2774237
A,Annual,ITD5,Emilia-Romagna,VEHICFLEET,Vehicles fleet,1,Motor cars,2016,2806322
A,Annual,ITD5,Emilia-Romagna,VEHICFLEET,Vehicles fleet,1,Motor cars,2017,2846524
A,Annual,ITD5,Emilia-Romagna,VEHICFLEET,Vehicles fleet,1,Motor cars,2018,2879926
A,Annual,ITD5,Emilia-Romagna,VEHICFLEET,Vehicles fleet,1,Motor cars,2019,2918129
A,Annual,ITD5,Emilia-Romagna,VEHICFLEET,Vehicles fleet,1,Motor cars,2020,2930808
A,Annual,ITD5,Emilia-Romagna,VEHICFLEET,Vehicles fleet,1,Motor cars,2021,2933430
A,Annual,ITD5,Emilia-Romagna,VEHICFLEET,Vehicles fleet,1,Motor cars,2022,2961375
A,Annual,ITD5,Emilia-Romagna,VEHICFLEET,Vehicles fleet,1,Motor cars,2023,3031429
A,Annual,ITD5,Emilia-Romagna,VEHICFLEET,Vehicles fleet,1,Motor cars,2024,3082830
A,Annual,ITD5,Emilia-Romagna,VEHICFLEET,Vehicles fleet,2,Bus or trolley-bus,2010,6840
A,Annual,ITD5,Emilia-Romagna,VEHICFLEET,Vehicles fleet,2,Bus or trolley-bus,2011,6670
A,Annual,ITD5,Emilia-Romagna,VEHICFLEET,Vehicles fleet,2,Bus or trolley-bus,2012,6356
A,Annual,ITD5,Emilia-Romagna,VEHICFLEET,Vehicles fleet,2,Bus or trolley-bus,2013,6204
A,Annual,ITD5,Emilia-Romagna,VEHICFLEET,Vehicles fleet,2,Bus or trolley-bus,2014,6084
A,Annual,ITD5,Emilia-Romagna,VEHICFLEET,Vehicles fleet,2,Bus or trolley-bus,2015,6028
A,Annual,ITD5,Emilia-Romagna,VEHICFLEET,Vehicles fleet,2,Bus or trolley-bus,2016,6002
A,Annual,ITD5,Emilia-Romagna,VEHICFLEET,Vehicles fleet,2,Bus or trolley-bus,2017,6103
A,Annual,ITD5,Emilia-Romagna,VEHICFLEET,Vehicles fleet,2,Bus or trolley-bus,2018,6267
A,Annual,ITD5,Emilia-Romagna,VEHICFLEET,Vehicles fleet,2,Bus or trolley-bus,2019,6200
A,Annual,ITD5,Emilia-Romagna,VEHICFLEET,Vehicles fleet,2,Bus or trolley-bus,2020,6312
A,Annual,ITD5,Emilia-Romagna,VEHICFLEET,Vehicles fleet,2,Bus or trolley-bus,2021,6384
A,Annual,ITD5,Emilia-Romagna,VEHICFLEET,Vehicles fleet,2,Bus or trolley-bus,2022,6244
A,Annual,ITD5,Emilia-Romagna,VEHICFLEET,Vehicles fleet,2,Bus or trolley-bus,2023,6199
A,Annual,ITD5,Emilia-Romagna,VEHICFLEET,Vehicles fleet,2,Bus or trolley-bus,2024,6306
A,Annual,ITD5,Emilia-Romagna,VEHICFLEET,Vehicles fleet,10,Trucks,2010,400658
A,Annual,ITD5,Emilia-Romagna,VEHICFLEET,Vehicles fleet,10,Trucks,2011,404205
A,Annual,ITD5,Emilia-Romagna,VEHICFLEET,Vehicles fleet,10,Trucks,2012,401562
A,Annual,ITD5,Emilia-Romagna,VEHICFLEET,Vehicles fleet,10,Trucks,2013,397693
A,Annual,ITD5,Emilia-Romagna,VEHICFLEET,Vehicles fleet,10,Trucks,2014,396177
A,Annual,ITD5,Emilia-Romagna,VEHICFLEET,Vehicles fleet,10,Trucks,2015,395286
A,Annual,ITD5,Emilia-Romagna,VEHICFLEET,Vehicles fleet,10,Trucks,2016,399202
A,Annual,ITD5,Emilia-Romagna,VEHICFLEET,Vehicles fleet,10,Trucks,2017,401504
A,Annual,ITD5,Emilia-Romagna,VEHICFLEET,Vehicles fleet,10,Trucks,2018,403811
A,Annual,ITD5,Emilia-Romagna,VEHICFLEET,Vehicles fleet,10,Trucks,2019,404639
A,Annual,ITD5,Emilia-Romagna,VEHICFLEET,Vehicles fleet,10,Trucks,2020,405220
A,Annual,ITD5,Emilia-Romagna,VEHICFLEET,Vehicles fleet,10,Trucks,2021,408028
A,Annual,ITD5,Emilia-Romagna,VEHICFLEET,Vehicles fleet,10,Trucks,2022,415827
A,Annual,ITD5,Emilia-Romagna,VEHICFLEET,Vehicles fleet,10,Trucks,2023,434294
A,Annual,ITD5,Emilia-Romagna,VEHICFLEET,Vehicles fleet,10,Trucks,2024,449618
A,Annual,ITD5,Emilia-Romagna,VEHICFLEET,Vehicles fleet,11,Motor units,2010,14938
A,Annual,ITD5,Emilia-Romagna,VEHICFLEET,Vehicles fleet,11,Motor units,2011,14834
A,Annual,ITD5,Emilia-Romagna,VEHICFLEET,Vehicles fleet,11,Motor units,2012,14334
A,Annual,ITD5,Emilia-Romagna,VEHICFLEET,Vehicles fleet,11,Motor units,2013,13845
A,Annual,ITD5,Emilia-Romagna,VEHICFLEET,Vehicles fleet,11,Motor units,2014,13756
A,Annual,ITD5,Emilia-Romagna,VEHICFLEET,Vehicles fleet,11,Motor units,2015,13875
A,Annual,ITD5,Emilia-Romagna,VEHICFLEET,Vehicles fleet,11,Motor units,2016,14540
A,Annual,ITD5,Emilia-Romagna,VEHICFLEET,Vehicles fleet,11,Motor units,2017,15321
A,Annual,ITD5,Emilia-Romagna,VEHICFLEET,Vehicles fleet,11,Motor units,2018,16371
A,Annual,ITD5,Emilia-Romagna,VEHICFLEET,Vehicles fleet,11,Motor units,2019,16644
A,Annual,ITD5,Emilia-Romagna,VEHICFLEET,Vehicles fleet,11,Motor units,2020,16967
A,Annual,ITD5,Emilia-Romagna,VEHICFLEET,Vehicles fleet,11,Motor units,2021,17164
A,Annual,ITD5,Emilia-Romagna,VEHICFLEET,Vehicles fleet,11,Motor units,2022,17601
A,Annual,ITD5,Emilia-Romagna,VEHICFLEET,Vehicles fleet,11,Motor units,2023,18019
A,Annual,ITD5,Emilia-Romagna,VEHICFLEET,Vehicles fleet,11,Motor units,2024,18650
A,Annual,ITD5,Emilia-Romagna,VEHICFLEET,Vehicles fleet,12,Trailer,2010,33188
A,Annual,ITD5,Emilia-Romagna,VEHICFLEET,Vehicles fleet,12,Trailer,2011,33555
A,Annual,ITD5,Emilia-Romagna,VEHICFLEET,Vehicles fleet,12,Trailer,2012,32714
A,Annual,ITD5,Emilia-Romagna,VEHICFLEET,Vehicles fleet,12,Trailer,2013,31837
A,Annual,ITD5,Emilia-Romagna,VEHICFLEET,Vehicles fleet,12,Trailer,2014,31713
A,Annual,ITD5,Emilia-Romagna,VEHICFLEET,Vehicles fleet,12,Trailer,2015,31997
A,Annual,ITD5,Emilia-Romagna,VEHICFLEET,Vehicles fleet,12,Trailer,2016,32516
A,Annual,ITD5,Emilia-Romagna,VEHICFLEET,Vehicles fleet,12,Trailer,2017,33268
A,Annual,ITD5,Emilia-Romagna,VEHICFLEET,Vehicles fleet,12,Trailer,2018,34080
A,Annual,ITD5,Emilia-Romagna,VEHICFLEET,Vehicles fleet,12,Trailer,2019,34898
A,Annual,ITD5,Emilia-Romagna,VEHICFLEET,Vehicles fleet,12,Trailer,2020,35282
A,Annual,ITD5,Emilia-Romagna,VEHICFLEET,Vehicles fleet,12,Trailer,2021,35845
A,Annual,ITD5,Emilia-Romagna,VEHICFLEET,Vehicles fleet,12,Trailer,2022,36471
A,Annual,ITD5,Emilia-Romagna,VEHICFLEET,Vehicles fleet,12,Trailer,2023,37096
A,Annual,ITD5,Emilia-Romagna,VEHICFLEET,Vehicles fleet,12,Trailer,2024,37399
A,Annual,ITD5,Emilia-Romagna,VEHICFLEET,Vehicles fleet,7,Motorcycles,2010,486972
A,Annual,ITD5,Emilia-Romagna,VEHICFLEET,Vehicles fleet,7,Motorcycles,2011,498069
A,Annual,ITD5,Emilia-Romagna,VEHICFLEET,Vehicles fleet,7,Motorcycles,2012,504095
A,Annual,ITD5,Emilia-Romagna,VEHICFLEET,Vehicles fleet,7,Motorcycles,2013,505523
A,Annual,ITD5,Emilia-Romagna,VEHICFLEET,Vehicles fleet,7,Motorcycles,2014,509103
A,Annual,ITD5,Emilia-Romagna,VEHICFLEET,Vehicles fleet,7,Motorcycles,2015,512241
A,Annual,ITD5,Emilia-Romagna,VEHICFLEET,Vehicles fleet,7,Motorcycles,2016,517542
A,Annual,ITD5,Emilia-Romagna,VEHICFLEET,Vehicles fleet,7,Motorcycles,2017,524508
A,Annual,ITD5,Emilia-Romagna,VEHICFLEET,Vehicles fleet,7,Motorcycles,2018,531444
A,Annual,ITD5,Emilia-Romagna,VEHICFLEET,Vehicles fleet,7,Motorcycles,2019,540508
A,Annual,ITD5,Emilia-Romagna,VEHICFLEET,Vehicles fleet,7,Motorcycles,2020,546751
A,Annual,ITD5,Emilia-Romagna,VEHICFLEET,Vehicles fleet,7,Motorcycles,2021,556633
A,Annual,ITD5,Emilia-Romagna,VEHICFLEET,Vehicles fleet,7,Motorcycles,2022,565635
A,Annual,ITD5,Emilia-Romagna,VEHICFLEET,Vehicles fleet,7,Motorcycles,2023,578409
A,Annual,ITD5,Emilia-Romagna,VEHICFLEET,Vehicles fleet,7,Motorcycles,2024,594393
A,Annual,ITD5,Emilia-Romagna,VEHICFLEET,Vehicles fleet,8,Three-wheeler or motor-van,2010,13195
A,Annual,ITD5,Emilia-Romagna,VEHICFLEET,Vehicles fleet,8,Three-wheeler or motor-van,2011,13321
A,Annual,ITD5,Emilia-Romagna,VEHICFLEET,Vehicles fleet,8,Three-wheeler or motor-van,2012,13456
A,Annual,ITD5,Emilia-Romagna,VEHICFLEET,Vehicles fleet,8,Three-wheeler or motor-van,2013,13354
A,Annual,ITD5,Emilia-Romagna,VEHICFLEET,Vehicles fleet,8,Three-wheeler or motor-van,2014,13309
A,Annual,ITD5,Emilia-Romagna,VEHICFLEET,Vehicles fleet,8,Three-wheeler or motor-van,2015,13219
A,Annual,ITD5,Emilia-Romagna,VEHICFLEET,Vehicles fleet,8,Three-wheeler or motor-van,2016,13187
A,Annual,ITD5,Emilia-Romagna,VEHICFLEET,Vehicles fleet,8,Three-wheeler or motor-van,2017,13038
A,Annual,ITD5,Emilia-Romagna,VEHICFLEET,Vehicles fleet,8,Three-wheeler or motor-van,2018,13009
A,Annual,ITD5,Emilia-Romagna,VEHICFLEET,Vehicles fleet,8,Three-wheeler or motor-van,2019,12915
A,Annual,ITD5,Emilia-Romagna,VEHICFLEET,Vehicles fleet,8,Three-wheeler or motor-van,2020,12838
A,Annual,ITD5,Emilia-Romagna,VEHICFLEET,Vehicles fleet,8,Three-wheeler or motor-van,2021,12911
A,Annual,ITD5,Emilia-Romagna,VEHICFLEET,Vehicles fleet,8,Three-wheeler or motor-van,2022,12966
A,Annual,ITD5,Emilia-Romagna,VEHICFLEET,Vehicles fleet,8,Three-wheeler or motor-van,2023,13019
A,Annual,ITD5,Emilia-Romagna,VEHICFLEET,Vehicles fleet,8,Three-wheeler or motor-van,2024,13029
A,Annual,ITD5,Emilia-Romagna,VEHICFLEET,Vehicles fleet,9,Other vehicles,2010,98
A,Annual,ITD5,Emilia-Romagna,VEHICFLEET,Vehicles fleet,9,Other vehicles,2011,3
A,Annual,ITD5,Emilia-Romagna,VEHICFLEET,Vehicles fleet,9,Other vehicles,2012,3
A,Annual,ITD5,Emilia-Romagna,VEHICFLEET,Vehicles fleet,9,Other vehicles,2013,3
A,Annual,ITD5,Emilia-Romagna,VEHICFLEET,Vehicles fleet,9,Other vehicles,2014,3
A,Annual,ITD5,Emilia-Romagna,VEHICFLEET,Vehicles fleet,9,Other vehicles,2015,3
A,Annual,ITD5,Emilia-Romagna,VEHICFLEET,Vehicles fleet,9,Other vehicles,2016,3
A,Annual,ITD5,Emilia-Romagna,VEHICFLEET,Vehicles fleet,9,Other vehicles,2017,2
A,Annual,ITD5,Emilia-Romagna,VEHICFLEET,Vehicles fleet,9,Other vehicles,2018,2
A,Annual,ITD5,Emilia-Romagna,VEHICFLEET,Vehicles fleet,9,Other vehicles,2019,2
A,Annual,ITD5,Emilia-Romagna,VEHICFLEET,Vehicles fleet,9,Other vehicles,2020,2
A,Annual,ITD5,Emilia-Romagna,VEHICFLEET,Vehicles fleet,9,Other vehicles,2021,2
A,Annual,ITD5,Emilia-Romagna,VEHICFLEET,Vehicles fleet,9,Other vehicles,2022,2
A,Annual,ITD5,Emilia-Romagna,VEHICFLEET,Vehicles fleet,9,Other vehicles,2023,2
A,Annual,ITD5,Emilia-Romagna,VEHICFLEET,Vehicles fleet,9,Other vehicles,2024,2
A,Annual,ITD5,Emilia-Romagna,VEHICFLEET,Vehicles fleet,99,Totale,2010,3655862
A,Annual,ITD5,Emilia-Romagna,VEHICFLEET,Vehicles fleet,99,Totale,2011,3704038
A,Annual,ITD5,Emilia-Romagna,VEHICFLEET,Vehicles fleet,99,Totale,2012,3713442
A,Annual,ITD5,Emilia-Romagna,VEHICFLEET,Vehicles fleet,99,Totale,2013,3709057
A,Annual,ITD5,Emilia-Romagna,VEHICFLEET,Vehicles fleet,99,Totale,2014,3724937
A,Annual,ITD5,Emilia-Romagna,VEHICFLEET,Vehicles fleet,99,Totale,2015,3746886
A,Annual,ITD5,Emilia-Romagna,VEHICFLEET,Vehicles fleet,99,Totale,2016,3789314
A,Annual,ITD5,Emilia-Romagna,VEHICFLEET,Vehicles fleet,99,Totale,2017,3840268
A,Annual,ITD5,Emilia-Romagna,VEHICFLEET,Vehicles fleet,99,Totale,2018,3884910
A,Annual,ITD5,Emilia-Romagna,VEHICFLEET,Vehicles fleet,99,Totale,2019,3933935
A,Annual,ITD5,Emilia-Romagna,VEHICFLEET,Vehicles fleet,99,Totale,2020,3954180
A,Annual,ITD5,Emilia-Romagna,VEHICFLEET,Vehicles fleet,99,Totale,2021,3970397
A,Annual,ITD5,Emilia-Romagna,VEHICFLEET,Vehicles fleet,99,Totale,2022,4016121
A,Annual,ITD5,Emilia-Romagna,VEHICFLEET,Vehicles fleet,99,Totale,2023,4118467
A,Annual,ITD5,Emilia-Romagna,VEHICFLEET,Vehicles fleet,99,Totale,2024,4202227
A,Annual,ITE1,Toscana,VEHICFLEET,Vehicles fleet,1,Motor cars,2010,2383004
A,Annual,ITE1,Toscana,VEHICFLEET,Vehicles fleet,1,Motor cars,2011,2413414
A,Annual,ITE1,Toscana,VEHICFLEET,Vehicles fleet,1,Motor cars,2012,2379645
A,Annual,ITE1,Toscana,VEHICFLEET,Vehicles fleet,1,Motor cars,2013,2368345
A,Annual,ITE1,Toscana,VEHICFLEET,Vehicles fleet,1,Motor cars,2014,2378924
A,Annual,ITE1,Toscana,VEHICFLEET,Vehicles fleet,1,Motor cars,2015,2404912
A,Annual,ITE1,Toscana,VEHICFLEET,Vehicles fleet,1,Motor cars,2016,2450004
A,Annual,ITE1,Toscana,VEHICFLEET,Vehicles fleet,1,Motor cars,2017,2494972
A,Annual,ITE1,Toscana,VEHICFLEET,Vehicles fleet,1,Motor cars,2018,2533979
A,Annual,ITE1,Toscana,VEHICFLEET,Vehicles fleet,1,Motor cars,2019,2577918
A,Annual,ITE1,Toscana,VEHICFLEET,Vehicles fleet,1,Motor cars,2020,2597511
A,Annual,ITE1,Toscana,VEHICFLEET,Vehicles fleet,1,Motor cars,2021,2601701
A,Annual,ITE1,Toscana,VEHICFLEET,Vehicles fleet,1,Motor cars,2022,2634922
A,Annual,ITE1,Toscana,VEHICFLEET,Vehicles fleet,1,Motor cars,2023,2693948
A,Annual,ITE1,Toscana,VEHICFLEET,Vehicles fleet,1,Motor cars,2024,2722906
A,Annual,ITE1,Toscana,VEHICFLEET,Vehicles fleet,2,Bus or trolley-bus,2010,6032
A,Annual,ITE1,Toscana,VEHICFLEET,Vehicles fleet,2,Bus or trolley-bus,2011,5697
A,Annual,ITE1,Toscana,VEHICFLEET,Vehicles fleet,2,Bus or trolley-bus,2012,5663
A,Annual,ITE1,Toscana,VEHICFLEET,Vehicles fleet,2,Bus or trolley-bus,2013,5537
A,Annual,ITE1,Toscana,VEHICFLEET,Vehicles fleet,2,Bus or trolley-bus,2014,5531
A,Annual,ITE1,Toscana,VEHICFLEET,Vehicles fleet,2,Bus or trolley-bus,2015,5491
A,Annual,ITE1,Toscana,VEHICFLEET,Vehicles fleet,2,Bus or trolley-bus,2016,5558
A,Annual,ITE1,Toscana,VEHICFLEET,Vehicles fleet,2,Bus or trolley-bus,2017,5541
A,Annual,ITE1,Toscana,VEHICFLEET,Vehicles fleet,2,Bus or trolley-bus,2018,5611
A,Annual,ITE1,Toscana,VEHICFLEET,Vehicles fleet,2,Bus or trolley-bus,2019,5668
A,Annual,ITE1,Toscana,VEHICFLEET,Vehicles fleet,2,Bus or trolley-bus,2020,5637
A,Annual,ITE1,Toscana,VEHICFLEET,Vehicles fleet,2,Bus or trolley-bus,2021,5624
A,Annual,ITE1,Toscana,VEHICFLEET,Vehicles fleet,2,Bus or trolley-bus,2022,5840
A,Annual,ITE1,Toscana,VEHICFLEET,Vehicles fleet,2,Bus or trolley-bus,2023,5879
A,Annual,ITE1,Toscana,VEHICFLEET,Vehicles fleet,2,Bus or trolley-bus,2024,6176
A,Annual,ITE1,Toscana,VEHICFLEET,Vehicles fleet,10,Trucks,2010,340091
A,Annual,ITE1,Toscana,VEHICFLEET,Vehicles fleet,10,Trucks,2011,333810
A,Annual,ITE1,Toscana,VEHICFLEET,Vehicles fleet,10,Trucks,2012,323371
A,Annual,ITE1,Toscana,VEHICFLEET,Vehicles fleet,10,Trucks,2013,316452
A,Annual,ITE1,Toscana,VEHICFLEET,Vehicles fleet,10,Trucks,2014,318867
A,Annual,ITE1,Toscana,VEHICFLEET,Vehicles fleet,10,Trucks,2015,319960
A,Annual,ITE1,Toscana,VEHICFLEET,Vehicles fleet,10,Trucks,2016,333039
A,Annual,ITE1,Toscana,VEHICFLEET,Vehicles fleet,10,Trucks,2017,339561
A,Annual,ITE1,Toscana,VEHICFLEET,Vehicles fleet,10,Trucks,2018,345299
A,Annual,ITE1,Toscana,VEHICFLEET,Vehicles fleet,10,Trucks,2019,352845
A,Annual,ITE1,Toscana,VEHICFLEET,Vehicles fleet,10,Trucks,2020,356073
A,Annual,ITE1,Toscana,VEHICFLEET,Vehicles fleet,10,Trucks,2021,361448
A,Annual,ITE1,Toscana,VEHICFLEET,Vehicles fleet,10,Trucks,2022,358433
A,Annual,ITE1,Toscana,VEHICFLEET,Vehicles fleet,10,Trucks,2023,366709
A,Annual,ITE1,Toscana,VEHICFLEET,Vehicles fleet,10,Trucks,2024,372111
A,Annual,ITE1,Toscana,VEHICFLEET,Vehicles fleet,11,Motor units,2010,7032
A,Annual,ITE1,Toscana,VEHICFLEET,Vehicles fleet,11,Motor units,2011,7018
A,Annual,ITE1,Toscana,VEHICFLEET,Vehicles fleet,11,Motor units,2012,6643
A,Annual,ITE1,Toscana,VEHICFLEET,Vehicles fleet,11,Motor units,2013,6339
A,Annual,ITE1,Toscana,VEHICFLEET,Vehicles fleet,11,Motor units,2014,6287
A,Annual,ITE1,Toscana,VEHICFLEET,Vehicles fleet,11,Motor units,2015,6438
A,Annual,ITE1,Toscana,VEHICFLEET,Vehicles fleet,11,Motor units,2016,6801
A,Annual,ITE1,Toscana,VEHICFLEET,Vehicles fleet,11,Motor units,2017,7068
A,Annual,ITE1,Toscana,VEHICFLEET,Vehicles fleet,11,Motor units,2018,7371
A,Annual,ITE1,Toscana,VEHICFLEET,Vehicles fleet,11,Motor units,2019,7534
A,Annual,ITE1,Toscana,VEHICFLEET,Vehicles fleet,11,Motor units,2020,7679
A,Annual,ITE1,Toscana,VEHICFLEET,Vehicles fleet,11,Motor units,2021,8033
A,Annual,ITE1,Toscana,VEHICFLEET,Vehicles fleet,11,Motor units,2022,8313
A,Annual,ITE1,Toscana,VEHICFLEET,Vehicles fleet,11,Motor units,2023,8528
A,Annual,ITE1,Toscana,VEHICFLEET,Vehicles fleet,11,Motor units,2024,8642
A,Annual,ITE1,Toscana,VEHICFLEET,Vehicles fleet,12,Trailer,2010,16552
A,Annual,ITE1,Toscana,VEHICFLEET,Vehicles fleet,12,Trailer,2011,16883
A,Annual,ITE1,Toscana,VEHICFLEET,Vehicles fleet,12,Trailer,2012,16655
A,Annual,ITE1,Toscana,VEHICFLEET,Vehicles fleet,12,Trailer,2013,16152
A,Annual,ITE1,Toscana,VEHICFLEET,Vehicles fleet,12,Trailer,2014,15961
A,Annual,ITE1,Toscana,VEHICFLEET,Vehicles fleet,12,Trailer,2015,16357
A,Annual,ITE1,Toscana,VEHICFLEET,Vehicles fleet,12,Trailer,2016,16958
A,Annual,ITE1,Toscana,VEHICFLEET,Vehicles fleet,12,Trailer,2017,17467
A,Annual,ITE1,Toscana,VEHICFLEET,Vehicles fleet,12,Trailer,2018,17611
A,Annual,ITE1,Toscana,VEHICFLEET,Vehicles fleet,12,Trailer,2019,18040
A,Annual,ITE1,Toscana,VEHICFLEET,Vehicles fleet,12,Trailer,2020,18287
A,Annual,ITE1,Toscana,VEHICFLEET,Vehicles fleet,12,Trailer,2021,18790
A,Annual,ITE1,Toscana,VEHICFLEET,Vehicles fleet,12,Trailer,2022,19531
A,Annual,ITE1,Toscana,VEHICFLEET,Vehicles fleet,12,Trailer,2023,19710
A,Annual,ITE1,Toscana,VEHICFLEET,Vehicles fleet,12,Trailer,2024,19832
A,Annual,ITE1,Toscana,VEHICFLEET,Vehicles fleet,7,Motorcycles,2010,519366
A,Annual,ITE1,Toscana,VEHICFLEET,Vehicles fleet,7,Motorcycles,2011,529046
A,Annual,ITE1,Toscana,VEHICFLEET,Vehicles fleet,7,Motorcycles,2012,531654
A,Annual,ITE1,Toscana,VEHICFLEET,Vehicles fleet,7,Motorcycles,2013,532477
A,Annual,ITE1,Toscana,VEHICFLEET,Vehicles fleet,7,Motorcycles,2014,533472
A,Annual,ITE1,Toscana,VEHICFLEET,Vehicles fleet,7,Motorcycles,2015,535229
A,Annual,ITE1,Toscana,VEHICFLEET,Vehicles fleet,7,Motorcycles,2016,538943
A,Annual,ITE1,Toscana,VEHICFLEET,Vehicles fleet,7,Motorcycles,2017,543942
A,Annual,ITE1,Toscana,VEHICFLEET,Vehicles fleet,7,Motorcycles,2018,549834
A,Annual,ITE1,Toscana,VEHICFLEET,Vehicles fleet,7,Motorcycles,2019,557185
A,Annual,ITE1,Toscana,VEHICFLEET,Vehicles fleet,7,Motorcycles,2020,562654
A,Annual,ITE1,Toscana,VEHICFLEET,Vehicles fleet,7,Motorcycles,2021,569961
A,Annual,ITE1,Toscana,VEHICFLEET,Vehicles fleet,7,Motorcycles,2022,579139
A,Annual,ITE1,Toscana,VEHICFLEET,Vehicles fleet,7,Motorcycles,2023,592409
A,Annual,ITE1,Toscana,VEHICFLEET,Vehicles fleet,7,Motorcycles,2024,607096
A,Annual,ITE1,Toscana,VEHICFLEET,Vehicles fleet,8,Three-wheeler or motor-van,2010,31459
A,Annual,ITE1,Toscana,VEHICFLEET,Vehicles fleet,8,Three-wheeler or motor-van,2011,31141
A,Annual,ITE1,Toscana,VEHICFLEET,Vehicles fleet,8,Three-wheeler or motor-van,2012,30892
A,Annual,ITE1,Toscana,VEHICFLEET,Vehicles fleet,8,Three-wheeler or motor-van,2013,30342
A,Annual,ITE1,Toscana,VEHICFLEET,Vehicles fleet,8,Three-wheeler or motor-van,2014,29964
A,Annual,ITE1,Toscana,VEHICFLEET,Vehicles fleet,8,Three-wheeler or motor-van,2015,29873
A,Annual,ITE1,Toscana,VEHICFLEET,Vehicles fleet,8,Three-wheeler or motor-van,2016,30435
A,Annual,ITE1,Toscana,VEHICFLEET,Vehicles fleet,8,Three-wheeler or motor-van,2017,29975
A,Annual,ITE1,Toscana,VEHICFLEET,Vehicles fleet,8,Three-wheeler or motor-van,2018,29537
A,Annual,ITE1,Toscana,VEHICFLEET,Vehicles fleet,8,Three-wheeler or motor-van,2019,28861
A,Annual,ITE1,Toscana,VEHICFLEET,Vehicles fleet,8,Three-wheeler or motor-van,2020,28445
A,Annual,ITE1,Toscana,VEHICFLEET,Vehicles fleet,8,Three-wheeler or motor-van,2021,28008
A,Annual,ITE1,Toscana,VEHICFLEET,Vehicles fleet,8,Three-wheeler or motor-van,2022,27724
A,Annual,ITE1,Toscana,VEHICFLEET,Vehicles fleet,8,Three-wheeler or motor-van,2023,27283
A,Annual,ITE1,Toscana,VEHICFLEET,Vehicles fleet,8,Three-wheeler or motor-van,2024,26832
A,Annual,ITE1,Toscana,VEHICFLEET,Vehicles fleet,9,Other vehicles,2010,29
A,Annual,ITE1,Toscana,VEHICFLEET,Vehicles fleet,9,Other vehicles,2011,1
A,Annual,ITE1,Toscana,VEHICFLEET,Vehicles fleet,9,Other vehicles,2012,1
A,Annual,ITE1,Toscana,VEHICFLEET,Vehicles fleet,9,Other vehicles,2013,1
A,Annual,ITE1,Toscana,VEHICFLEET,Vehicles fleet,9,Other vehicles,2014,1
A,Annual,ITE1,Toscana,VEHICFLEET,Vehicles fleet,9,Other vehicles,2015,1
A,Annual,ITE1,Toscana,VEHICFLEET,Vehicles fleet,9,Other vehicles,2016,0
A,Annual,ITE1,Toscana,VEHICFLEET,Vehicles fleet,9,Other vehicles,2017,0
A,Annual,ITE1,Toscana,VEHICFLEET,Vehicles fleet,9,Other vehicles,2018,0
A,Annual,ITE1,Toscana,VEHICFLEET,Vehicles fleet,9,Other vehicles,2019,0
A,Annual,ITE1,Toscana,VEHICFLEET,Vehicles fleet,9,Other vehicles,2020,0
A,Annual,ITE1,Toscana,VEHICFLEET,Vehicles fleet,9,Other vehicles,2021,0
A,Annual,ITE1,Toscana,VEHICFLEET,Vehicles fleet,9,Other vehicles,2022,0
A,Annual,ITE1,Toscana,VEHICFLEET,Vehicles fleet,9,Other vehicles,2023,0
A,Annual,ITE1,Toscana,VEHICFLEET,Vehicles fleet,9,Other vehicles,2024,0
A,Annual,ITE1,Toscana,VEHICFLEET,Vehicles fleet,99,Totale,2010,3303565
A,Annual,ITE1,Toscana,VEHICFLEET,Vehicles fleet,99,Totale,2011,3337010
A,Annual,ITE1,Toscana,VEHICFLEET,Vehicles fleet,99,Totale,2012,3294524
A,Annual,ITE1,Toscana,VEHICFLEET,Vehicles fleet,99,Totale,2013,3275645
A,Annual,ITE1,Toscana,VEHICFLEET,Vehicles fleet,99,Totale,2014,3289007
A,Annual,ITE1,Toscana,VEHICFLEET,Vehicles fleet,99,Totale,2015,3318261
A,Annual,ITE1,Toscana,VEHICFLEET,Vehicles fleet,99,Totale,2016,3381738
A,Annual,ITE1,Toscana,VEHICFLEET,Vehicles fleet,99,Totale,2017,3438526
A,Annual,ITE1,Toscana,VEHICFLEET,Vehicles fleet,99,Totale,2018,3489242
A,Annual,ITE1,Toscana,VEHICFLEET,Vehicles fleet,99,Totale,2019,3548051
A,Annual,ITE1,Toscana,VEHICFLEET,Vehicles fleet,99,Totale,2020,3576286
A,Annual,ITE1,Toscana,VEHICFLEET,Vehicles fleet,99,Totale,2021,3593565
A,Annual,ITE1,Toscana,VEHICFLEET,Vehicles fleet,99,Totale,2022,3633902
A,Annual,ITE1,Toscana,VEHICFLEET,Vehicles fleet,99,Totale,2023,3714466
A,Annual,ITE1,Toscana,VEHICFLEET,Vehicles fleet,99,Totale,2024,3763595
A,Annual,ITE2,Umbria,VEHICFLEET,Vehicles fleet,1,Motor cars,2010,606957
A,Annual,ITE2,Umbria,VEHICFLEET,Vehicles fleet,1,Motor cars,2011,613164
A,Annual,ITE2,Umbria,VEHICFLEET,Vehicles fleet,1,Motor cars,2012,614309
A,Annual,ITE2,Umbria,VEHICFLEET,Vehicles fleet,1,Motor cars,2013,611955
A,Annual,ITE2,Umbria,VEHICFLEET,Vehicles fleet,1,Motor cars,2014,613739
A,Annual,ITE2,Umbria,VEHICFLEET,Vehicles fleet,1,Motor cars,2015,616747
A,Annual,ITE2,Umbria,VEHICFLEET,Vehicles fleet,1,Motor cars,2016,623516
A,Annual,ITE2,Umbria,VEHICFLEET,Vehicles fleet,1,Motor cars,2017,631281
A,Annual,ITE2,Umbria,VEHICFLEET,Vehicles fleet,1,Motor cars,2018,638625
A,Annual,ITE2,Umbria,VEHICFLEET,Vehicles fleet,1,Motor cars,2019,644296
A,Annual,ITE2,Umbria,VEHICFLEET,Vehicles fleet,1,Motor cars,2020,646746
A,Annual,ITE2,Umbria,VEHICFLEET,Vehicles fleet,1,Motor cars,2021,645183
A,Annual,ITE2,Umbria,VEHICFLEET,Vehicles fleet,1,Motor cars,2022,646307
A,Annual,ITE2,Umbria,VEHICFLEET,Vehicles fleet,1,Motor cars,2023,652771
A,Annual,ITE2,Umbria,VEHICFLEET,Vehicles fleet,1,Motor cars,2024,659203
A,Annual,ITE2,Umbria,VEHICFLEET,Vehicles fleet,2,Bus or trolley-bus,2010,1948
A,Annual,ITE2,Umbria,VEHICFLEET,Vehicles fleet,2,Bus or trolley-bus,2011,1882
A,Annual,ITE2,Umbria,VEHICFLEET,Vehicles fleet,2,Bus or trolley-bus,2012,1902
A,Annual,ITE2,Umbria,VEHICFLEET,Vehicles fleet,2,Bus or trolley-bus,2013,1907
A,Annual,ITE2,Umbria,VEHICFLEET,Vehicles fleet,2,Bus or trolley-bus,2014,1885
A,Annual,ITE2,Umbria,VEHICFLEET,Vehicles fleet,2,Bus or trolley-bus,2015,1890
A,Annual,ITE2,Umbria,VEHICFLEET,Vehicles fleet,2,Bus or trolley-bus,2016,1799
A,Annual,ITE2,Umbria,VEHICFLEET,Vehicles fleet,2,Bus or trolley-bus,2017,1821
A,Annual,ITE2,Umbria,VEHICFLEET,Vehicles fleet,2,Bus or trolley-bus,2018,1766
A,Annual,ITE2,Umbria,VEHICFLEET,Vehicles fleet,2,Bus or trolley-bus,2019,1687
A,Annual,ITE2,Umbria,VEHICFLEET,Vehicles fleet,2,Bus or trolley-bus,2020,1625
A,Annual,ITE2,Umbria,VEHICFLEET,Vehicles fleet,2,Bus or trolley-bus,2021,1601
A,Annual,ITE2,Umbria,VEHICFLEET,Vehicles fleet,2,Bus or trolley-bus,2022,1568
A,Annual,ITE2,Umbria,VEHICFLEET,Vehicles fleet,2,Bus or trolley-bus,2023,1502
A,Annual,ITE2,Umbria,VEHICFLEET,Vehicles fleet,2,Bus or trolley-bus,2024,1458
A,Annual,ITE2,Umbria,VEHICFLEET,Vehicles fleet,10,Trucks,2010,76186
A,Annual,ITE2,Umbria,VEHICFLEET,Vehicles fleet,10,Trucks,2011,77154
A,Annual,ITE2,Umbria,VEHICFLEET,Vehicles fleet,10,Trucks,2012,77236
A,Annual,ITE2,Umbria,VEHICFLEET,Vehicles fleet,10,Trucks,2013,76360
A,Annual,ITE2,Umbria,VEHICFLEET,Vehicles fleet,10,Trucks,2014,75652
A,Annual,ITE2,Umbria,VEHICFLEET,Vehicles fleet,10,Trucks,2015,75377
A,Annual,ITE2,Umbria,VEHICFLEET,Vehicles fleet,10,Trucks,2016,76161
A,Annual,ITE2,Umbria,VEHICFLEET,Vehicles fleet,10,Trucks,2017,77598
A,Annual,ITE2,Umbria,VEHICFLEET,Vehicles fleet,10,Trucks,2018,78450
A,Annual,ITE2,Umbria,VEHICFLEET,Vehicles fleet,10,Trucks,2019,79175
A,Annual,ITE2,Umbria,VEHICFLEET,Vehicles fleet,10,Trucks,2020,80045
A,Annual,ITE2,Umbria,VEHICFLEET,Vehicles fleet,10,Trucks,2021,81025
A,Annual,ITE2,Umbria,VEHICFLEET,Vehicles fleet,10,Trucks,2022,82051
A,Annual,ITE2,Umbria,VEHICFLEET,Vehicles fleet,10,Trucks,2023,83384
A,Annual,ITE2,Umbria,VEHICFLEET,Vehicles fleet,10,Trucks,2024,84968
A,Annual,ITE2,Umbria,VEHICFLEET,Vehicles fleet,11,Motor units,2010,3497
A,Annual,ITE2,Umbria,VEHICFLEET,Vehicles fleet,11,Motor units,2011,3426
A,Annual,ITE2,Umbria,VEHICFLEET,Vehicles fleet,11,Motor units,2012,3243
A,Annual,ITE2,Umbria,VEHICFLEET,Vehicles fleet,11,Motor units,2013,3102
A,Annual,ITE2,Umbria,VEHICFLEET,Vehicles fleet,11,Motor units,2014,3019
A,Annual,ITE2,Umbria,VEHICFLEET,Vehicles fleet,11,Motor units,2015,3046
A,Annual,ITE2,Umbria,VEHICFLEET,Vehicles fleet,11,Motor units,2016,3154
A,Annual,ITE2,Umbria,VEHICFLEET,Vehicles fleet,11,Motor units,2017,3366
A,Annual,ITE2,Umbria,VEHICFLEET,Vehicles fleet,11,Motor units,2018,3564
A,Annual,ITE2,Umbria,VEHICFLEET,Vehicles fleet,11,Motor units,2019,3658
A,Annual,ITE2,Umbria,VEHICFLEET,Vehicles fleet,11,Motor units,2020,3737
A,Annual,ITE2,Umbria,VEHICFLEET,Vehicles fleet,11,Motor units,2021,3908
A,Annual,ITE2,Umbria,VEHICFLEET,Vehicles fleet,11,Motor units,2022,4056
A,Annual,ITE2,Umbria,VEHICFLEET,Vehicles fleet,11,Motor units,2023,4199
A,Annual,ITE2,Umbria,VEHICFLEET,Vehicles fleet,11,Motor units,2024,4308
A,Annual,ITE2,Umbria,VEHICFLEET,Vehicles fleet,12,Trailer,2010,7703
A,Annual,ITE2,Umbria,VEHICFLEET,Vehicles fleet,12,Trailer,2011,7779
A,Annual,ITE2,Umbria,VEHICFLEET,Vehicles fleet,12,Trailer,2012,7654
A,Annual,ITE2,Umbria,VEHICFLEET,Vehicles fleet,12,Trailer,2013,7492
A,Annual,ITE2,Umbria,VEHICFLEET,Vehicles fleet,12,Trailer,2014,7345
A,Annual,ITE2,Umbria,VEHICFLEET,Vehicles fleet,12,Trailer,2015,7393
A,Annual,ITE2,Umbria,VEHICFLEET,Vehicles fleet,12,Trailer,2016,7457
A,Annual,ITE2,Umbria,VEHICFLEET,Vehicles fleet,12,Trailer,2017,7730
A,Annual,ITE2,Umbria,VEHICFLEET,Vehicles fleet,12,Trailer,2018,7973
A,Annual,ITE2,Umbria,VEHICFLEET,Vehicles fleet,12,Trailer,2019,8094
A,Annual,ITE2,Umbria,VEHICFLEET,Vehicles fleet,12,Trailer,2020,8216
A,Annual,ITE2,Umbria,VEHICFLEET,Vehicles fleet,12,Trailer,2021,8420
A,Annual,ITE2,Umbria,VEHICFLEET,Vehicles fleet,12,Trailer,2022,8647
A,Annual,ITE2,Umbria,VEHICFLEET,Vehicles fleet,12,Trailer,2023,8814
A,Annual,ITE2,Umbria,VEHICFLEET,Vehicles fleet,12,Trailer,2024,8996
A,Annual,ITE2,Umbria,VEHICFLEET,Vehicles fleet,7,Motorcycles,2010,88797
A,Annual,ITE2,Umbria,VEHICFLEET,Vehicles fleet,7,Motorcycles,2011,91301
A,Annual,ITE2,Umbria,VEHICFLEET,Vehicles fleet,7,Motorcycles,2012,92665
A,Annual,ITE2,Umbria,VEHICFLEET,Vehicles fleet,7,Motorcycles,2013,93454
A,Annual,ITE2,Umbria,VEHICFLEET,Vehicles fleet,7,Motorcycles,2014,94230
A,Annual,ITE2,Umbria,VEHICFLEET,Vehicles fleet,7,Motorcycles,2015,94632
A,Annual,ITE2,Umbria,VEHICFLEET,Vehicles fleet,7,Motorcycles,2016,95115
A,Annual,ITE2,Umbria,VEHICFLEET,Vehicles fleet,7,Motorcycles,2017,95822
A,Annual,ITE2,Umbria,VEHICFLEET,Vehicles fleet,7,Motorcycles,2018,96822
A,Annual,ITE2,Umbria,VEHICFLEET,Vehicles fleet,7,Motorcycles,2019,97641
A,Annual,ITE2,Umbria,VEHICFLEET,Vehicles fleet,7,Motorcycles,2020,98993
A,Annual,ITE2,Umbria,VEHICFLEET,Vehicles fleet,7,Motorcycles,2021,100371
A,Annual,ITE2,Umbria,VEHICFLEET,Vehicles fleet,7,Motorcycles,2022,101589
A,Annual,ITE2,Umbria,VEHICFLEET,Vehicles fleet,7,Motorcycles,2023,103401
A,Annual,ITE2,Umbria,VEHICFLEET,Vehicles fleet,7,Motorcycles,2024,105504
A,Annual,ITE2,Umbria,VEHICFLEET,Vehicles fleet,8,Three-wheeler or motor-van,2010,7956
A,Annual,ITE2,Umbria,VEHICFLEET,Vehicles fleet,8,Three-wheeler or motor-van,2011,7918
A,Annual,ITE2,Umbria,VEHICFLEET,Vehicles fleet,8,Three-wheeler or motor-van,2012,7869
A,Annual,ITE2,Umbria,VEHICFLEET,Vehicles fleet,8,Three-wheeler or motor-van,2013,7779
A,Annual,ITE2,Umbria,VEHICFLEET,Vehicles fleet,8,Three-wheeler or motor-van,2014,7654
A,Annual,ITE2,Umbria,VEHICFLEET,Vehicles fleet,8,Three-wheeler or motor-van,2015,7589
A,Annual,ITE2,Umbria,VEHICFLEET,Vehicles fleet,8,Three-wheeler or motor-van,2016,7490
A,Annual,ITE2,Umbria,VEHICFLEET,Vehicles fleet,8,Three-wheeler or motor-van,2017,7421
A,Annual,ITE2,Umbria,VEHICFLEET,Vehicles fleet,8,Three-wheeler or motor-van,2018,7339
A,Annual,ITE2,Umbria,VEHICFLEET,Vehicles fleet,8,Three-wheeler or motor-van,2019,7230
A,Annual,ITE2,Umbria,VEHICFLEET,Vehicles fleet,8,Three-wheeler or motor-van,2020,7158
A,Annual,ITE2,Umbria,VEHICFLEET,Vehicles fleet,8,Three-wheeler or motor-van,2021,7142
A,Annual,ITE2,Umbria,VEHICFLEET,Vehicles fleet,8,Three-wheeler or motor-van,2022,7029
A,Annual,ITE2,Umbria,VEHICFLEET,Vehicles fleet,8,Three-wheeler or motor-van,2023,7011
A,Annual,ITE2,Umbria,VEHICFLEET,Vehicles fleet,8,Three-wheeler or motor-van,2024,6972
A,Annual,ITE2,Umbria,VEHICFLEET,Vehicles fleet,9,Other vehicles,2010,6
A,Annual,ITE2,Umbria,VEHICFLEET,Vehicles fleet,9,Other vehicles,2011,1
A,Annual,ITE2,Umbria,VEHICFLEET,Vehicles fleet,9,Other vehicles,2012,1
A,Annual,ITE2,Umbria,VEHICFLEET,Vehicles fleet,9,Other vehicles,2013,1
A,Annual,ITE2,Umbria,VEHICFLEET,Vehicles fleet,9,Other vehicles,2014,1
A,Annual,ITE2,Umbria,VEHICFLEET,Vehicles fleet,9,Other vehicles,2015,1
A,Annual,ITE2,Umbria,VEHICFLEET,Vehicles fleet,9,Other vehicles,2016,1
A,Annual,ITE2,Umbria,VEHICFLEET,Vehicles fleet,9,Other vehicles,2017,1
A,Annual,ITE2,Umbria,VEHICFLEET,Vehicles fleet,9,Other vehicles,2018,1
A,Annual,ITE2,Umbria,VEHICFLEET,Vehicles fleet,9,Other vehicles,2019,1
A,Annual,ITE2,Umbria,VEHICFLEET,Vehicles fleet,9,Other vehicles,2020,1
A,Annual,ITE2,Umbria,VEHICFLEET,Vehicles fleet,9,Other vehicles,2021,1
A,Annual,ITE2,Umbria,VEHICFLEET,Vehicles fleet,9,Other vehicles,2022,1
A,Annual,ITE2,Umbria,VEHICFLEET,Vehicles fleet,9,Other vehicles,2023,1
A,Annual,ITE2,Umbria,VEHICFLEET,Vehicles fleet,9,Other vehicles,2024,1
A,Annual,ITE2,Umbria,VEHICFLEET,Vehicles fleet,99,Totale,2010,793050
A,Annual,ITE2,Umbria,VEHICFLEET,Vehicles fleet,99,Totale,2011,802625
A,Annual,ITE2,Umbria,VEHICFLEET,Vehicles fleet,99,Totale,2012,804879
A,Annual,ITE2,Umbria,VEHICFLEET,Vehicles fleet,99,Totale,2013,802050
A,Annual,ITE2,Umbria,VEHICFLEET,Vehicles fleet,99,Totale,2014,803525
A,Annual,ITE2,Umbria,VEHICFLEET,Vehicles fleet,99,Totale,2015,806675
A,Annual,ITE2,Umbria,VEHICFLEET,Vehicles fleet,99,Totale,2016,814693
A,Annual,ITE2,Umbria,VEHICFLEET,Vehicles fleet,99,Totale,2017,825040
A,Annual,ITE2,Umbria,VEHICFLEET,Vehicles fleet,99,Totale,2018,834540
A,Annual,ITE2,Umbria,VEHICFLEET,Vehicles fleet,99,Totale,2019,841782
A,Annual,ITE2,Umbria,VEHICFLEET,Vehicles fleet,99,Totale,2020,846521
A,Annual,ITE2,Umbria,VEHICFLEET,Vehicles fleet,99,Totale,2021,847651
A,Annual,ITE2,Umbria,VEHICFLEET,Vehicles fleet,99,Totale,2022,851248
A,Annual,ITE2,Umbria,VEHICFLEET,Vehicles fleet,99,Totale,2023,861083
A,Annual,ITE2,Umbria,VEHICFLEET,Vehicles fleet,99,Totale,2024,871410
A,Annual,ITE3,Marche,VEHICFLEET,Vehicles fleet,1,Motor cars,2010,990070
A,Annual,ITE3,Marche,VEHICFLEET,Vehicles fleet,1,Motor cars,2011,998154
A,Annual,ITE3,Marche,VEHICFLEET,Vehicles fleet,1,Motor cars,2012,997343
A,Annual,ITE3,Marche,VEHICFLEET,Vehicles fleet,1,Motor cars,2013,993407
A,Annual,ITE3,Marche,VEHICFLEET,Vehicles fleet,1,Motor cars,2014,993976
A,Annual,ITE3,Marche,VEHICFLEET,Vehicles fleet,1,Motor cars,2015,996765
A,Annual,ITE3,Marche,VEHICFLEET,Vehicles fleet,1,Motor cars,2016,1005066
A,Annual,ITE3,Marche,VEHICFLEET,Vehicles fleet,1,Motor cars,2017,1016165
A,Annual,ITE3,Marche,VEHICFLEET,Vehicles fleet,1,Motor cars,2018,1026949
A,Annual,ITE3,Marche,VEHICFLEET,Vehicles fleet,1,Motor cars,2019,1036604
A,Annual,ITE3,Marche,VEHICFLEET,Vehicles fleet,1,Motor cars,2020,1040940
A,Annual,ITE3,Marche,VEHICFLEET,Vehicles fleet,1,Motor cars,2021,1039819
A,Annual,ITE3,Marche,VEHICFLEET,Vehicles fleet,1,Motor cars,2022,1043160
A,Annual,ITE3,Marche,VEHICFLEET,Vehicles fleet,1,Motor cars,2023,1054742
A,Annual,ITE3,Marche,VEHICFLEET,Vehicles fleet,1,Motor cars,2024,1063668
A,Annual,ITE3,Marche,VEHICFLEET,Vehicles fleet,2,Bus or trolley-bus,2010,2753
A,Annual,ITE3,Marche,VEHICFLEET,Vehicles fleet,2,Bus or trolley-bus,2011,2810
A,Annual,ITE3,Marche,VEHICFLEET,Vehicles fleet,2,Bus or trolley-bus,2012,2793
A,Annual,ITE3,Marche,VEHICFLEET,Vehicles fleet,2,Bus or trolley-bus,2013,2764
A,Annual,ITE3,Marche,VEHICFLEET,Vehicles fleet,2,Bus or trolley-bus,2014,2751
A,Annual,ITE3,Marche,VEHICFLEET,Vehicles fleet,2,Bus or trolley-bus,2015,2741
A,Annual,ITE3,Marche,VEHICFLEET,Vehicles fleet,2,Bus or trolley-bus,2016,2726
A,Annual,ITE3,Marche,VEHICFLEET,Vehicles fleet,2,Bus or trolley-bus,2017,2768
A,Annual,ITE3,Marche,VEHICFLEET,Vehicles fleet,2,Bus or trolley-bus,2018,2780
A,Annual,ITE3,Marche,VEHICFLEET,Vehicles fleet,2,Bus or trolley-bus,2019,2832
A,Annual,ITE3,Marche,VEHICFLEET,Vehicles fleet,2,Bus or trolley-bus,2020,2797
A,Annual,ITE3,Marche,VEHICFLEET,Vehicles fleet,2,Bus or trolley-bus,2021,2824
A,Annual,ITE3,Marche,VEHICFLEET,Vehicles fleet,2,Bus or trolley-bus,2022,2877
A,Annual,ITE3,Marche,VEHICFLEET,Vehicles fleet,2,Bus or trolley-bus,2023,2826
A,Annual,ITE3,Marche,VEHICFLEET,Vehicles fleet,2,Bus or trolley-bus,2024,2823
A,Annual,ITE3,Marche,VEHICFLEET,Vehicles fleet,10,Trucks,2010,140351
A,Annual,ITE3,Marche,VEHICFLEET,Vehicles fleet,10,Trucks,2011,141168
A,Annual,ITE3,Marche,VEHICFLEET,Vehicles fleet,10,Trucks,2012,139771
A,Annual,ITE3,Marche,VEHICFLEET,Vehicles fleet,10,Trucks,2013,137148
A,Annual,ITE3,Marche,VEHICFLEET,Vehicles fleet,10,Trucks,2014,136087
A,Annual,ITE3,Marche,VEHICFLEET,Vehicles fleet,10,Trucks,2015,135730
A,Annual,ITE3,Marche,VEHICFLEET,Vehicles fleet,10,Trucks,2016,137229
A,Annual,ITE3,Marche,VEHICFLEET,Vehicles fleet,10,Trucks,2017,138770
A,Annual,ITE3,Marche,VEHICFLEET,Vehicles fleet,10,Trucks,2018,139430
A,Annual,ITE3,Marche,VEHICFLEET,Vehicles fleet,10,Trucks,2019,140109
A,Annual,ITE3,Marche,VEHICFLEET,Vehicles fleet,10,Trucks,2020,140342
A,Annual,ITE3,Marche,VEHICFLEET,Vehicles fleet,10,Trucks,2021,141213
A,Annual,ITE3,Marche,VEHICFLEET,Vehicles fleet,10,Trucks,2022,143274
A,Annual,ITE3,Marche,VEHICFLEET,Vehicles fleet,10,Trucks,2023,145298
A,Annual,ITE3,Marche,VEHICFLEET,Vehicles fleet,10,Trucks,2024,147195
A,Annual,ITE3,Marche,VEHICFLEET,Vehicles fleet,11,Motor units,2010,3487
A,Annual,ITE3,Marche,VEHICFLEET,Vehicles fleet,11,Motor units,2011,3505
A,Annual,ITE3,Marche,VEHICFLEET,Vehicles fleet,11,Motor units,2012,3316
A,Annual,ITE3,Marche,VEHICFLEET,Vehicles fleet,11,Motor units,2013,3113
A,Annual,ITE3,Marche,VEHICFLEET,Vehicles fleet,11,Motor units,2014,3183
A,Annual,ITE3,Marche,VEHICFLEET,Vehicles fleet,11,Motor units,2015,3247
A,Annual,ITE3,Marche,VEHICFLEET,Vehicles fleet,11,Motor units,2016,3395
A,Annual,ITE3,Marche,VEHICFLEET,Vehicles fleet,11,Motor units,2017,3676
A,Annual,ITE3,Marche,VEHICFLEET,Vehicles fleet,11,Motor units,2018,3973
A,Annual,ITE3,Marche,VEHICFLEET,Vehicles fleet,11,Motor units,2019,4090
A,Annual,ITE3,Marche,VEHICFLEET,Vehicles fleet,11,Motor units,2020,4179
A,Annual,ITE3,Marche,VEHICFLEET,Vehicles fleet,11,Motor units,2021,4374
A,Annual,ITE3,Marche,VEHICFLEET,Vehicles fleet,11,Motor units,2022,4505
A,Annual,ITE3,Marche,VEHICFLEET,Vehicles fleet,11,Motor units,2023,4561
A,Annual,ITE3,Marche,VEHICFLEET,Vehicles fleet,11,Motor units,2024,4593
A,Annual,ITE3,Marche,VEHICFLEET,Vehicles fleet,12,Trailer,2010,9247
A,Annual,ITE3,Marche,VEHICFLEET,Vehicles fleet,12,Trailer,2011,9263
A,Annual,ITE3,Marche,VEHICFLEET,Vehicles fleet,12,Trailer,2012,9022
A,Annual,ITE3,Marche,VEHICFLEET,Vehicles fleet,12,Trailer,2013,8670
A,Annual,ITE3,Marche,VEHICFLEET,Vehicles fleet,12,Trailer,2014,8566
A,Annual,ITE3,Marche,VEHICFLEET,Vehicles fleet,12,Trailer,2015,8555
A,Annual,ITE3,Marche,VEHICFLEET,Vehicles fleet,12,Trailer,2016,8612
A,Annual,ITE3,Marche,VEHICFLEET,Vehicles fleet,12,Trailer,2017,8767
A,Annual,ITE3,Marche,VEHICFLEET,Vehicles fleet,12,Trailer,2018,9043
A,Annual,ITE3,Marche,VEHICFLEET,Vehicles fleet,12,Trailer,2019,9248
A,Annual,ITE3,Marche,VEHICFLEET,Vehicles fleet,12,Trailer,2020,9410
A,Annual,ITE3,Marche,VEHICFLEET,Vehicles fleet,12,Trailer,2021,9677
A,Annual,ITE3,Marche,VEHICFLEET,Vehicles fleet,12,Trailer,2022,9885
A,Annual,ITE3,Marche,VEHICFLEET,Vehicles fleet,12,Trailer,2023,9983
A,Annual,ITE3,Marche,VEHICFLEET,Vehicles fleet,12,Trailer,2024,10053
A,Annual,ITE3,Marche,VEHICFLEET,Vehicles fleet,7,Motorcycles,2010,190162
A,Annual,ITE3,Marche,VEHICFLEET,Vehicles fleet,7,Motorcycles,2011,195239
A,Annual,ITE3,Marche,VEHICFLEET,Vehicles fleet,7,Motorcycles,2012,197682
A,Annual,ITE3,Marche,VEHICFLEET,Vehicles fleet,7,Motorcycles,2013,197969
A,Annual,ITE3,Marche,VEHICFLEET,Vehicles fleet,7,Motorcycles,2014,198517
A,Annual,ITE3,Marche,VEHICFLEET,Vehicles fleet,7,Motorcycles,2015,198934
A,Annual,ITE3,Marche,VEHICFLEET,Vehicles fleet,7,Motorcycles,2016,200512
A,Annual,ITE3,Marche,VEHICFLEET,Vehicles fleet,7,Motorcycles,2017,202111
A,Annual,ITE3,Marche,VEHICFLEET,Vehicles fleet,7,Motorcycles,2018,205639
A,Annual,ITE3,Marche,VEHICFLEET,Vehicles fleet,7,Motorcycles,2019,208072
A,Annual,ITE3,Marche,VEHICFLEET,Vehicles fleet,7,Motorcycles,2020,211065
A,Annual,ITE3,Marche,VEHICFLEET,Vehicles fleet,7,Motorcycles,2021,214726
A,Annual,ITE3,Marche,VEHICFLEET,Vehicles fleet,7,Motorcycles,2022,217620
A,Annual,ITE3,Marche,VEHICFLEET,Vehicles fleet,7,Motorcycles,2023,221757
A,Annual,ITE3,Marche,VEHICFLEET,Vehicles fleet,7,Motorcycles,2024,228332
A,Annual,ITE3,Marche,VEHICFLEET,Vehicles fleet,8,Three-wheeler or motor-van,2010,8297
A,Annual,ITE3,Marche,VEHICFLEET,Vehicles fleet,8,Three-wheeler or motor-van,2011,8190
A,Annual,ITE3,Marche,VEHICFLEET,Vehicles fleet,8,Three-wheeler or motor-van,2012,8091
A,Annual,ITE3,Marche,VEHICFLEET,Vehicles fleet,8,Three-wheeler or motor-van,2013,7885
A,Annual,ITE3,Marche,VEHICFLEET,Vehicles fleet,8,Three-wheeler or motor-van,2014,7733
A,Annual,ITE3,Marche,VEHICFLEET,Vehicles fleet,8,Three-wheeler or motor-van,2015,7605
A,Annual,ITE3,Marche,VEHICFLEET,Vehicles fleet,8,Three-wheeler or motor-van,2016,7485
A,Annual,ITE3,Marche,VEHICFLEET,Vehicles fleet,8,Three-wheeler or motor-van,2017,7290
A,Annual,ITE3,Marche,VEHICFLEET,Vehicles fleet,8,Three-wheeler or motor-van,2018,7126
A,Annual,ITE3,Marche,VEHICFLEET,Vehicles fleet,8,Three-wheeler or motor-van,2019,6972
A,Annual,ITE3,Marche,VEHICFLEET,Vehicles fleet,8,Three-wheeler or motor-van,2020,6828
A,Annual,ITE3,Marche,VEHICFLEET,Vehicles fleet,8,Three-wheeler or motor-van,2021,6701
A,Annual,ITE3,Marche,VEHICFLEET,Vehicles fleet,8,Three-wheeler or motor-van,2022,6713
A,Annual,ITE3,Marche,VEHICFLEET,Vehicles fleet,8,Three-wheeler or motor-van,2023,6645
A,Annual,ITE3,Marche,VEHICFLEET,Vehicles fleet,8,Three-wheeler or motor-van,2024,6552
A,Annual,ITE3,Marche,VEHICFLEET,Vehicles fleet,9,Other vehicles,2010,9
A,Annual,ITE3,Marche,VEHICFLEET,Vehicles fleet,9,Other vehicles,2011,0
A,Annual,ITE3,Marche,VEHICFLEET,Vehicles fleet,9,Other vehicles,2012,0
A,Annual,ITE3,Marche,VEHICFLEET,Vehicles fleet,9,Other vehicles,2013,1
A,Annual,ITE3,Marche,VEHICFLEET,Vehicles fleet,9,Other vehicles,2014,1
A,Annual,ITE3,Marche,VEHICFLEET,Vehicles fleet,9,Other vehicles,2015,2
A,Annual,ITE3,Marche,VEHICFLEET,Vehicles fleet,9,Other vehicles,2016,1
A,Annual,ITE3,Marche,VEHICFLEET,Vehicles fleet,9,Other vehicles,2017,1
A,Annual,ITE3,Marche,VEHICFLEET,Vehicles fleet,9,Other vehicles,2018,1
A,Annual,ITE3,Marche,VEHICFLEET,Vehicles fleet,9,Other vehicles,2019,0
A,Annual,ITE3,Marche,VEHICFLEET,Vehicles fleet,9,Other vehicles,2020,0
A,Annual,ITE3,Marche,VEHICFLEET,Vehicles fleet,9,Other vehicles,2021,0
A,Annual,ITE3,Marche,VEHICFLEET,Vehicles fleet,9,Other vehicles,2022,0
A,Annual,ITE3,Marche,VEHICFLEET,Vehicles fleet,9,Other vehicles,2023,0
A,Annual,ITE3,Marche,VEHICFLEET,Vehicles fleet,9,Other vehicles,2024,0
A,Annual,ITE3,Marche,VEHICFLEET,Vehicles fleet,99,Totale,2010,1344376
A,Annual,ITE3,Marche,VEHICFLEET,Vehicles fleet,99,Totale,2011,1358329
A,Annual,ITE3,Marche,VEHICFLEET,Vehicles fleet,99,Totale,2012,1358018
A,Annual,ITE3,Marche,VEHICFLEET,Vehicles fleet,99,Totale,2013,1350957
A,Annual,ITE3,Marche,VEHICFLEET,Vehicles fleet,99,Totale,2014,1350814
A,Annual,ITE3,Marche,VEHICFLEET,Vehicles fleet,99,Totale,2015,1353579
A,Annual,ITE3,Marche,VEHICFLEET,Vehicles fleet,99,Totale,2016,1365026
A,Annual,ITE3,Marche,VEHICFLEET,Vehicles fleet,99,Totale,2017,1379548
A,Annual,ITE3,Marche,VEHICFLEET,Vehicles fleet,99,Totale,2018,1394941
A,Annual,ITE3,Marche,VEHICFLEET,Vehicles fleet,99,Totale,2019,1407927
A,Annual,ITE3,Marche,VEHICFLEET,Vehicles fleet,99,Totale,2020,1415561
A,Annual,ITE3,Marche,VEHICFLEET,Vehicles fleet,99,Totale,2021,1419334
A,Annual,ITE3,Marche,VEHICFLEET,Vehicles fleet,99,Totale,2022,1428034
A,Annual,ITE3,Marche,VEHICFLEET,Vehicles fleet,99,Totale,2023,1445812
A,Annual,ITE3,Marche,VEHICFLEET,Vehicles fleet,99,Totale,2024,1463216
A,Annual,ITE4,Lazio,VEHICFLEET,Vehicles fleet,1,Motor cars,2010,3832999
A,Annual,ITE4,Lazio,VEHICFLEET,Vehicles fleet,1,Motor cars,2011,3883807
A,Annual,ITE4,Lazio,VEHICFLEET,Vehicles fleet,1,Motor cars,2012,3798721
A,Annual,ITE4,Lazio,VEHICFLEET,Vehicles fleet,1,Motor cars,2013,3740282
A,Annual,ITE4,Lazio,VEHICFLEET,Vehicles fleet,1,Motor cars,2014,3707456
A,Annual,ITE4,Lazio,VEHICFLEET,Vehicles fleet,1,Motor cars,2015,3702312
A,Annual,ITE4,Lazio,VEHICFLEET,Vehicles fleet,1,Motor cars,2016,3732449
A,Annual,ITE4,Lazio,VEHICFLEET,Vehicles fleet,1,Motor cars,2017,3761636
A,Annual,ITE4,Lazio,VEHICFLEET,Vehicles fleet,1,Motor cars,2018,3769957
A,Annual,ITE4,Lazio,VEHICFLEET,Vehicles fleet,1,Motor cars,2019,3818372
A,Annual,ITE4,Lazio,VEHICFLEET,Vehicles fleet,1,Motor cars,2020,3819488
A,Annual,ITE4,Lazio,VEHICFLEET,Vehicles fleet,1,Motor cars,2021,3814906
A,Annual,ITE4,Lazio,VEHICFLEET,Vehicles fleet,1,Motor cars,2022,3857390
A,Annual,ITE4,Lazio,VEHICFLEET,Vehicles fleet,1,Motor cars,2023,3937061
A,Annual,ITE4,Lazio,VEHICFLEET,Vehicles fleet,1,Motor cars,2024,4000575
A,Annual,ITE4,Lazio,VEHICFLEET,Vehicles fleet,2,Bus or trolley-bus,2010,11066
A,Annual,ITE4,Lazio,VEHICFLEET,Vehicles fleet,2,Bus or trolley-bus,2011,11974
A,Annual,ITE4,Lazio,VEHICFLEET,Vehicles fleet,2,Bus or trolley-bus,2012,12000
A,Annual,ITE4,Lazio,VEHICFLEET,Vehicles fleet,2,Bus or trolley-bus,2013,12118
A,Annual,ITE4,Lazio,VEHICFLEET,Vehicles fleet,2,Bus or trolley-bus,2014,11853
A,Annual,ITE4,Lazio,VEHICFLEET,Vehicles fleet,2,Bus or trolley-bus,2015,11578
A,Annual,ITE4,Lazio,VEHICFLEET,Vehicles fleet,2,Bus or trolley-bus,2016,11635
A,Annual,ITE4,Lazio,VEHICFLEET,Vehicles fleet,2,Bus or trolley-bus,2017,12010
A,Annual,ITE4,Lazio,VEHICFLEET,Vehicles fleet,2,Bus or trolley-bus,2018,11887
A,Annual,ITE4,Lazio,VEHICFLEET,Vehicles fleet,2,Bus or trolley-bus,2019,12132
A,Annual,ITE4,Lazio,VEHICFLEET,Vehicles fleet,2,Bus or trolley-bus,2020,12122
A,Annual,ITE4,Lazio,VEHICFLEET,Vehicles fleet,2,Bus or trolley-bus,2021,12463
A,Annual,ITE4,Lazio,VEHICFLEET,Vehicles fleet,2,Bus or trolley-bus,2022,12135
A,Annual,ITE4,Lazio,VEHICFLEET,Vehicles fleet,2,Bus or trolley-bus,2023,12004
A,Annual,ITE4,Lazio,VEHICFLEET,Vehicles fleet,2,Bus or trolley-bus,2024,12265
A,Annual,ITE4,Lazio,VEHICFLEET,Vehicles fleet,10,Trucks,2010,422761
A,Annual,ITE4,Lazio,VEHICFLEET,Vehicles fleet,10,Trucks,2011,437353
A,Annual,ITE4,Lazio,VEHICFLEET,Vehicles fleet,10,Trucks,2012,425973
A,Annual,ITE4,Lazio,VEHICFLEET,Vehicles fleet,10,Trucks,2013,415855
A,Annual,ITE4,Lazio,VEHICFLEET,Vehicles fleet,10,Trucks,2014,405199
A,Annual,ITE4,Lazio,VEHICFLEET,Vehicles fleet,10,Trucks,2015,398366
A,Annual,ITE4,Lazio,VEHICFLEET,Vehicles fleet,10,Trucks,2016,390264
A,Annual,ITE4,Lazio,VEHICFLEET,Vehicles fleet,10,Trucks,2017,380614
A,Annual,ITE4,Lazio,VEHICFLEET,Vehicles fleet,10,Trucks,2018,376474
A,Annual,ITE4,Lazio,VEHICFLEET,Vehicles fleet,10,Trucks,2019,380385
A,Annual,ITE4,Lazio,VEHICFLEET,Vehicles fleet,10,Trucks,2020,385514
A,Annual,ITE4,Lazio,VEHICFLEET,Vehicles fleet,10,Trucks,2021,391607
A,Annual,ITE4,Lazio,VEHICFLEET,Vehicles fleet,10,Trucks,2022,400655
A,Annual,ITE4,Lazio,VEHICFLEET,Vehicles fleet,10,Trucks,2023,413327
A,Annual,ITE4,Lazio,VEHICFLEET,Vehicles fleet,10,Trucks,2024,426532
A,Annual,ITE4,Lazio,VEHICFLEET,Vehicles fleet,11,Motor units,2010,11399
A,Annual,ITE4,Lazio,VEHICFLEET,Vehicles fleet,11,Motor units,2011,11717
A,Annual,ITE4,Lazio,VEHICFLEET,Vehicles fleet,11,Motor units,2012,11303
A,Annual,ITE4,Lazio,VEHICFLEET,Vehicles fleet,11,Motor units,2013,10969
A,Annual,ITE4,Lazio,VEHICFLEET,Vehicles fleet,11,Motor units,2014,11107
A,Annual,ITE4,Lazio,VEHICFLEET,Vehicles fleet,11,Motor units,2015,11323
A,Annual,ITE4,Lazio,VEHICFLEET,Vehicles fleet,11,Motor units,2016,11967
A,Annual,ITE4,Lazio,VEHICFLEET,Vehicles fleet,11,Motor units,2017,12878
A,Annual,ITE4,Lazio,VEHICFLEET,Vehicles fleet,11,Motor units,2018,13635
A,Annual,ITE4,Lazio,VEHICFLEET,Vehicles fleet,11,Motor units,2019,14177
A,Annual,ITE4,Lazio,VEHICFLEET,Vehicles fleet,11,Motor units,2020,14496
A,Annual,ITE4,Lazio,VEHICFLEET,Vehicles fleet,11,Motor units,2021,14988
A,Annual,ITE4,Lazio,VEHICFLEET,Vehicles fleet,11,Motor units,2022,15393
A,Annual,ITE4,Lazio,VEHICFLEET,Vehicles fleet,11,Motor units,2023,15826
A,Annual,ITE4,Lazio,VEHICFLEET,Vehicles fleet,11,Motor units,2024,16117
A,Annual,ITE4,Lazio,VEHICFLEET,Vehicles fleet,12,Trailer,2010,22018
A,Annual,ITE4,Lazio,VEHICFLEET,Vehicles fleet,12,Trailer,2011,23049
A,Annual,ITE4,Lazio,VEHICFLEET,Vehicles fleet,12,Trailer,2012,23036
A,Annual,ITE4,Lazio,VEHICFLEET,Vehicles fleet,12,Trailer,2013,22777
A,Annual,ITE4,Lazio,VEHICFLEET,Vehicles fleet,12,Trailer,2014,22881
A,Annual,ITE4,Lazio,VEHICFLEET,Vehicles fleet,12,Trailer,2015,23062
A,Annual,ITE4,Lazio,VEHICFLEET,Vehicles fleet,12,Trailer,2016,23568
A,Annual,ITE4,Lazio,VEHICFLEET,Vehicles fleet,12,Trailer,2017,24616
A,Annual,ITE4,Lazio,VEHICFLEET,Vehicles fleet,12,Trailer,2018,25130
A,Annual,ITE4,Lazio,VEHICFLEET,Vehicles fleet,12,Trailer,2019,25819
A,Annual,ITE4,Lazio,VEHICFLEET,Vehicles fleet,12,Trailer,2020,26448
A,Annual,ITE4,Lazio,VEHICFLEET,Vehicles fleet,12,Trailer,2021,27469
A,Annual,ITE4,Lazio,VEHICFLEET,Vehicles fleet,12,Trailer,2022,28195
A,Annual,ITE4,Lazio,VEHICFLEET,Vehicles fleet,12,Trailer,2023,29101
A,Annual,ITE4,Lazio,VEHICFLEET,Vehicles fleet,12,Trailer,2024,29593
A,Annual,ITE4,Lazio,VEHICFLEET,Vehicles fleet,7,Motorcycles,2010,677284
A,Annual,ITE4,Lazio,VEHICFLEET,Vehicles fleet,7,Motorcycles,2011,687140
A,Annual,ITE4,Lazio,VEHICFLEET,Vehicles fleet,7,Motorcycles,2012,695537
A,Annual,ITE4,Lazio,VEHICFLEET,Vehicles fleet,7,Motorcycles,2013,684054
A,Annual,ITE4,Lazio,VEHICFLEET,Vehicles fleet,7,Motorcycles,2014,680254
A,Annual,ITE4,Lazio,VEHICFLEET,Vehicles fleet,7,Motorcycles,2015,678103
A,Annual,ITE4,Lazio,VEHICFLEET,Vehicles fleet,7,Motorcycles,2016,678192
A,Annual,ITE4,Lazio,VEHICFLEET,Vehicles fleet,7,Motorcycles,2017,677481
A,Annual,ITE4,Lazio,VEHICFLEET,Vehicles fleet,7,Motorcycles,2018,672174
A,Annual,ITE4,Lazio,VEHICFLEET,Vehicles fleet,7,Motorcycles,2019,676341
A,Annual,ITE4,Lazio,VEHICFLEET,Vehicles fleet,7,Motorcycles,2020,678778
A,Annual,ITE4,Lazio,VEHICFLEET,Vehicles fleet,7,Motorcycles,2021,683142
A,Annual,ITE4,Lazio,VEHICFLEET,Vehicles fleet,7,Motorcycles,2022,689635
A,Annual,ITE4,Lazio,VEHICFLEET,Vehicles fleet,7,Motorcycles,2023,701231
A,Annual,ITE4,Lazio,VEHICFLEET,Vehicles fleet,7,Motorcycles,2024,716410
A,Annual,ITE4,Lazio,VEHICFLEET,Vehicles fleet,8,Three-wheeler or motor-van,2010,21268
A,Annual,ITE4,Lazio,VEHICFLEET,Vehicles fleet,8,Three-wheeler or motor-van,2011,21364
A,Annual,ITE4,Lazio,VEHICFLEET,Vehicles fleet,8,Three-wheeler or motor-van,2012,21405
A,Annual,ITE4,Lazio,VEHICFLEET,Vehicles fleet,8,Three-wheeler or motor-van,2013,21254
A,Annual,ITE4,Lazio,VEHICFLEET,Vehicles fleet,8,Three-wheeler or motor-van,2014,21197
A,Annual,ITE4,Lazio,VEHICFLEET,Vehicles fleet,8,Three-wheeler or motor-van,2015,21108
A,Annual,ITE4,Lazio,VEHICFLEET,Vehicles fleet,8,Three-wheeler or motor-van,2016,21170
A,Annual,ITE4,Lazio,VEHICFLEET,Vehicles fleet,8,Three-wheeler or motor-van,2017,20882
A,Annual,ITE4,Lazio,VEHICFLEET,Vehicles fleet,8,Three-wheeler or motor-van,2018,20406
A,Annual,ITE4,Lazio,VEHICFLEET,Vehicles fleet,8,Three-wheeler or motor-van,2019,20109
A,Annual,ITE4,Lazio,VEHICFLEET,Vehicles fleet,8,Three-wheeler or motor-van,2020,19949
A,Annual,ITE4,Lazio,VEHICFLEET,Vehicles fleet,8,Three-wheeler or motor-van,2021,19933
A,Annual,ITE4,Lazio,VEHICFLEET,Vehicles fleet,8,Three-wheeler or motor-van,2022,20317
A,Annual,ITE4,Lazio,VEHICFLEET,Vehicles fleet,8,Three-wheeler or motor-van,2023,20923
A,Annual,ITE4,Lazio,VEHICFLEET,Vehicles fleet,8,Three-wheeler or motor-van,2024,21364
A,Annual,ITE4,Lazio,VEHICFLEET,Vehicles fleet,9,Other vehicles,2010,19
A,Annual,ITE4,Lazio,VEHICFLEET,Vehicles fleet,9,Other vehicles,2011,3
A,Annual,ITE4,Lazio,VEHICFLEET,Vehicles fleet,9,Other vehicles,2012,3
A,Annual,ITE4,Lazio,VEHICFLEET,Vehicles fleet,9,Other vehicles,2013,3
A,Annual,ITE4,Lazio,VEHICFLEET,Vehicles fleet,9,Other vehicles,2014,3
A,Annual,ITE4,Lazio,VEHICFLEET,Vehicles fleet,9,Other vehicles,2015,3
A,Annual,ITE4,Lazio,VEHICFLEET,Vehicles fleet,9,Other vehicles,2016,3
A,Annual,ITE4,Lazio,VEHICFLEET,Vehicles fleet,9,Other vehicles,2017,3
A,Annual,ITE4,Lazio,VEHICFLEET,Vehicles fleet,9,Other vehicles,2018,3
A,Annual,ITE4,Lazio,VEHICFLEET,Vehicles fleet,9,Other vehicles,2019,3
A,Annual,ITE4,Lazio,VEHICFLEET,Vehicles fleet,9,Other vehicles,2020,3
A,Annual,ITE4,Lazio,VEHICFLEET,Vehicles fleet,9,Other vehicles,2021,3
A,Annual,ITE4,Lazio,VEHICFLEET,Vehicles fleet,9,Other vehicles,2022,3
A,Annual,ITE4,Lazio,VEHICFLEET,Vehicles fleet,9,Other vehicles,2023,2
A,Annual,ITE4,Lazio,VEHICFLEET,Vehicles fleet,9,Other vehicles,2024,1
A,Annual,ITE4,Lazio,VEHICFLEET,Vehicles fleet,99,Totale,2010,4998814
A,Annual,ITE4,Lazio,VEHICFLEET,Vehicles fleet,99,Totale,2011,5076407
A,Annual,ITE4,Lazio,VEHICFLEET,Vehicles fleet,99,Totale,2012,4987978
A,Annual,ITE4,Lazio,VEHICFLEET,Vehicles fleet,99,Totale,2013,4907312
A,Annual,ITE4,Lazio,VEHICFLEET,Vehicles fleet,99,Totale,2014,4859950
A,Annual,ITE4,Lazio,VEHICFLEET,Vehicles fleet,99,Totale,2015,4845855
A,Annual,ITE4,Lazio,VEHICFLEET,Vehicles fleet,99,Totale,2016,4869248
A,Annual,ITE4,Lazio,VEHICFLEET,Vehicles fleet,99,Totale,2017,4890120
A,Annual,ITE4,Lazio,VEHICFLEET,Vehicles fleet,99,Totale,2018,4889666
A,Annual,ITE4,Lazio,VEHICFLEET,Vehicles fleet,99,Totale,2019,4947338
A,Annual,ITE4,Lazio,VEHICFLEET,Vehicles fleet,99,Totale,2020,4956798
A,Annual,ITE4,Lazio,VEHICFLEET,Vehicles fleet,99,Totale,2021,4964511
A,Annual,ITE4,Lazio,VEHICFLEET,Vehicles fleet,99,Totale,2022,5023723
A,Annual,ITE4,Lazio,VEHICFLEET,Vehicles fleet,99,Totale,2023,5129475
A,Annual,ITE4,Lazio,VEHICFLEET,Vehicles fleet,99,Totale,2024,5222857
A,Annual,ITF1,Abruzzo,VEHICFLEET,Vehicles fleet,1,Motor cars,2010,840222
A,Annual,ITF1,Abruzzo,VEHICFLEET,Vehicles fleet,1,Motor cars,2011,851197
A,Annual,ITF1,Abruzzo,VEHICFLEET,Vehicles fleet,1,Motor cars,2012,851181
A,Annual,ITF1,Abruzzo,VEHICFLEET,Vehicles fleet,1,Motor cars,2013,846668
A,Annual,ITF1,Abruzzo,VEHICFLEET,Vehicles fleet,1,Motor cars,2014,847233
A,Annual,ITF1,Abruzzo,VEHICFLEET,Vehicles fleet,1,Motor cars,2015,850557
A,Annual,ITF1,Abruzzo,VEHICFLEET,Vehicles fleet,1,Motor cars,2016,858196
A,Annual,ITF1,Abruzzo,VEHICFLEET,Vehicles fleet,1,Motor cars,2017,870648
A,Annual,ITF1,Abruzzo,VEHICFLEET,Vehicles fleet,1,Motor cars,2018,881576
A,Annual,ITF1,Abruzzo,VEHICFLEET,Vehicles fleet,1,Motor cars,2019,891886
A,Annual,ITF1,Abruzzo,VEHICFLEET,Vehicles fleet,1,Motor cars,2020,898595
A,Annual,ITF1,Abruzzo,VEHICFLEET,Vehicles fleet,1,Motor cars,2021,899809
A,Annual,ITF1,Abruzzo,VEHICFLEET,Vehicles fleet,1,Motor cars,2022,903081
A,Annual,ITF1,Abruzzo,VEHICFLEET,Vehicles fleet,1,Motor cars,2023,913702
A,Annual,ITF1,Abruzzo,VEHICFLEET,Vehicles fleet,1,Motor cars,2024,923548
A,Annual,ITF1,Abruzzo,VEHICFLEET,Vehicles fleet,2,Bus or trolley-bus,2010,3259
A,Annual,ITF1,Abruzzo,VEHICFLEET,Vehicles fleet,2,Bus or trolley-bus,2011,3365
A,Annual,ITF1,Abruzzo,VEHICFLEET,Vehicles fleet,2,Bus or trolley-bus,2012,3293
A,Annual,ITF1,Abruzzo,VEHICFLEET,Vehicles fleet,2,Bus or trolley-bus,2013,3231
A,Annual,ITF1,Abruzzo,VEHICFLEET,Vehicles fleet,2,Bus or trolley-bus,2014,3175
A,Annual,ITF1,Abruzzo,VEHICFLEET,Vehicles fleet,2,Bus or trolley-bus,2015,3192
A,Annual,ITF1,Abruzzo,VEHICFLEET,Vehicles fleet,2,Bus or trolley-bus,2016,3241
A,Annual,ITF1,Abruzzo,VEHICFLEET,Vehicles fleet,2,Bus or trolley-bus,2017,3250
A,Annual,ITF1,Abruzzo,VEHICFLEET,Vehicles fleet,2,Bus or trolley-bus,2018,3243
A,Annual,ITF1,Abruzzo,VEHICFLEET,Vehicles fleet,2,Bus or trolley-bus,2019,3266
A,Annual,ITF1,Abruzzo,VEHICFLEET,Vehicles fleet,2,Bus or trolley-bus,2020,3284
A,Annual,ITF1,Abruzzo,VEHICFLEET,Vehicles fleet,2,Bus or trolley-bus,2021,3298
A,Annual,ITF1,Abruzzo,VEHICFLEET,Vehicles fleet,2,Bus or trolley-bus,2022,3205
A,Annual,ITF1,Abruzzo,VEHICFLEET,Vehicles fleet,2,Bus or trolley-bus,2023,3146
A,Annual,ITF1,Abruzzo,VEHICFLEET,Vehicles fleet,2,Bus or trolley-bus,2024,3165
A,Annual,ITF1,Abruzzo,VEHICFLEET,Vehicles fleet,10,Trucks,2010,115746
A,Annual,ITF1,Abruzzo,VEHICFLEET,Vehicles fleet,10,Trucks,2011,118125
A,Annual,ITF1,Abruzzo,VEHICFLEET,Vehicles fleet,10,Trucks,2012,118238
A,Annual,ITF1,Abruzzo,VEHICFLEET,Vehicles fleet,10,Trucks,2013,117512
A,Annual,ITF1,Abruzzo,VEHICFLEET,Vehicles fleet,10,Trucks,2014,117707
A,Annual,ITF1,Abruzzo,VEHICFLEET,Vehicles fleet,10,Trucks,2015,117993
A,Annual,ITF1,Abruzzo,VEHICFLEET,Vehicles fleet,10,Trucks,2016,119530
A,Annual,ITF1,Abruzzo,VEHICFLEET,Vehicles fleet,10,Trucks,2017,122154
A,Annual,ITF1,Abruzzo,VEHICFLEET,Vehicles fleet,10,Trucks,2018,123872
A,Annual,ITF1,Abruzzo,VEHICFLEET,Vehicles fleet,10,Trucks,2019,125572
A,Annual,ITF1,Abruzzo,VEHICFLEET,Vehicles fleet,10,Trucks,2020,127143
A,Annual,ITF1,Abruzzo,VEHICFLEET,Vehicles fleet,10,Trucks,2021,129391
A,Annual,ITF1,Abruzzo,VEHICFLEET,Vehicles fleet,10,Trucks,2022,131557
A,Annual,ITF1,Abruzzo,VEHICFLEET,Vehicles fleet,10,Trucks,2023,134214
A,Annual,ITF1,Abruzzo,VEHICFLEET,Vehicles fleet,10,Trucks,2024,137263
A,Annual,ITF1,Abruzzo,VEHICFLEET,Vehicles fleet,11,Motor units,2010,4056
A,Annual,ITF1,Abruzzo,VEHICFLEET,Vehicles fleet,11,Motor units,2011,4030
A,Annual,ITF1,Abruzzo,VEHICFLEET,Vehicles fleet,11,Motor units,2012,3790
A,Annual,ITF1,Abruzzo,VEHICFLEET,Vehicles fleet,11,Motor units,2013,3569
A,Annual,ITF1,Abruzzo,VEHICFLEET,Vehicles fleet,11,Motor units,2014,3542
A,Annual,ITF1,Abruzzo,VEHICFLEET,Vehicles fleet,11,Motor units,2015,3557
A,Annual,ITF1,Abruzzo,VEHICFLEET,Vehicles fleet,11,Motor units,2016,3681
A,Annual,ITF1,Abruzzo,VEHICFLEET,Vehicles fleet,11,Motor units,2017,3982
A,Annual,ITF1,Abruzzo,VEHICFLEET,Vehicles fleet,11,Motor units,2018,4191
A,Annual,ITF1,Abruzzo,VEHICFLEET,Vehicles fleet,11,Motor units,2019,4408
A,Annual,ITF1,Abruzzo,VEHICFLEET,Vehicles fleet,11,Motor units,2020,4570
A,Annual,ITF1,Abruzzo,VEHICFLEET,Vehicles fleet,11,Motor units,2021,4841
A,Annual,ITF1,Abruzzo,VEHICFLEET,Vehicles fleet,11,Motor units,2022,5080
A,Annual,ITF1,Abruzzo,VEHICFLEET,Vehicles fleet,11,Motor units,2023,5204
A,Annual,ITF1,Abruzzo,VEHICFLEET,Vehicles fleet,11,Motor units,2024,5396
A,Annual,ITF1,Abruzzo,VEHICFLEET,Vehicles fleet,12,Trailer,2010,8663
A,Annual,ITF1,Abruzzo,VEHICFLEET,Vehicles fleet,12,Trailer,2011,8869
A,Annual,ITF1,Abruzzo,VEHICFLEET,Vehicles fleet,12,Trailer,2012,8841
A,Annual,ITF1,Abruzzo,VEHICFLEET,Vehicles fleet,12,Trailer,2013,8690
A,Annual,ITF1,Abruzzo,VEHICFLEET,Vehicles fleet,12,Trailer,2014,8649
A,Annual,ITF1,Abruzzo,VEHICFLEET,Vehicles fleet,12,Trailer,2015,8568
A,Annual,ITF1,Abruzzo,VEHICFLEET,Vehicles fleet,12,Trailer,2016,8654
A,Annual,ITF1,Abruzzo,VEHICFLEET,Vehicles fleet,12,Trailer,2017,8947
A,Annual,ITF1,Abruzzo,VEHICFLEET,Vehicles fleet,12,Trailer,2018,9170
A,Annual,ITF1,Abruzzo,VEHICFLEET,Vehicles fleet,12,Trailer,2019,9482
A,Annual,ITF1,Abruzzo,VEHICFLEET,Vehicles fleet,12,Trailer,2020,9791
A,Annual,ITF1,Abruzzo,VEHICFLEET,Vehicles fleet,12,Trailer,2021,10117
A,Annual,ITF1,Abruzzo,VEHICFLEET,Vehicles fleet,12,Trailer,2022,10581
A,Annual,ITF1,Abruzzo,VEHICFLEET,Vehicles fleet,12,Trailer,2023,10937
A,Annual,ITF1,Abruzzo,VEHICFLEET,Vehicles fleet,12,Trailer,2024,11278
A,Annual,ITF1,Abruzzo,VEHICFLEET,Vehicles fleet,7,Motorcycles,2010,136608
A,Annual,ITF1,Abruzzo,VEHICFLEET,Vehicles fleet,7,Motorcycles,2011,140869
A,Annual,ITF1,Abruzzo,VEHICFLEET,Vehicles fleet,7,Motorcycles,2012,142578
A,Annual,ITF1,Abruzzo,VEHICFLEET,Vehicles fleet,7,Motorcycles,2013,142381
A,Annual,ITF1,Abruzzo,VEHICFLEET,Vehicles fleet,7,Motorcycles,2014,142478
A,Annual,ITF1,Abruzzo,VEHICFLEET,Vehicles fleet,7,Motorcycles,2015,142398
A,Annual,ITF1,Abruzzo,VEHICFLEET,Vehicles fleet,7,Motorcycles,2016,142321
A,Annual,ITF1,Abruzzo,VEHICFLEET,Vehicles fleet,7,Motorcycles,2017,143339
A,Annual,ITF1,Abruzzo,VEHICFLEET,Vehicles fleet,7,Motorcycles,2018,144463
A,Annual,ITF1,Abruzzo,VEHICFLEET,Vehicles fleet,7,Motorcycles,2019,145696
A,Annual,ITF1,Abruzzo,VEHICFLEET,Vehicles fleet,7,Motorcycles,2020,147733
A,Annual,ITF1,Abruzzo,VEHICFLEET,Vehicles fleet,7,Motorcycles,2021,150157
A,Annual,ITF1,Abruzzo,VEHICFLEET,Vehicles fleet,7,Motorcycles,2022,152672
A,Annual,ITF1,Abruzzo,VEHICFLEET,Vehicles fleet,7,Motorcycles,2023,156429
A,Annual,ITF1,Abruzzo,VEHICFLEET,Vehicles fleet,7,Motorcycles,2024,161499
A,Annual,ITF1,Abruzzo,VEHICFLEET,Vehicles fleet,8,Three-wheeler or motor-van,2010,8746
A,Annual,ITF1,Abruzzo,VEHICFLEET,Vehicles fleet,8,Three-wheeler or motor-van,2011,8786
A,Annual,ITF1,Abruzzo,VEHICFLEET,Vehicles fleet,8,Three-wheeler or motor-van,2012,8738
A,Annual,ITF1,Abruzzo,VEHICFLEET,Vehicles fleet,8,Three-wheeler or motor-van,2013,8611
A,Annual,ITF1,Abruzzo,VEHICFLEET,Vehicles fleet,8,Three-wheeler or motor-van,2014,8514
A,Annual,ITF1,Abruzzo,VEHICFLEET,Vehicles fleet,8,Three-wheeler or motor-van,2015,8457
A,Annual,ITF1,Abruzzo,VEHICFLEET,Vehicles fleet,8,Three-wheeler or motor-van,2016,8379
A,Annual,ITF1,Abruzzo,VEHICFLEET,Vehicles fleet,8,Three-wheeler or motor-van,2017,8287
A,Annual,ITF1,Abruzzo,VEHICFLEET,Vehicles fleet,8,Three-wheeler or motor-van,2018,8201
A,Annual,ITF1,Abruzzo,VEHICFLEET,Vehicles fleet,8,Three-wheeler or motor-van,2019,8121
A,Annual,ITF1,Abruzzo,VEHICFLEET,Vehicles fleet,8,Three-wheeler or motor-van,2020,8048
A,Annual,ITF1,Abruzzo,VEHICFLEET,Vehicles fleet,8,Three-wheeler or motor-van,2021,7971
A,Annual,ITF1,Abruzzo,VEHICFLEET,Vehicles fleet,8,Three-wheeler or motor-van,2022,7920
A,Annual,ITF1,Abruzzo,VEHICFLEET,Vehicles fleet,8,Three-wheeler or motor-van,2023,7900
A,Annual,ITF1,Abruzzo,VEHICFLEET,Vehicles fleet,8,Three-wheeler or motor-van,2024,7937
A,Annual,ITF1,Abruzzo,VEHICFLEET,Vehicles fleet,9,Other vehicles,2010,2
A,Annual,ITF1,Abruzzo,VEHICFLEET,Vehicles fleet,9,Other vehicles,2011,1
A,Annual,ITF1,Abruzzo,VEHICFLEET,Vehicles fleet,9,Other vehicles,2012,1
A,Annual,ITF1,Abruzzo,VEHICFLEET,Vehicles fleet,9,Other vehicles,2013,1
A,Annual,ITF1,Abruzzo,VEHICFLEET,Vehicles fleet,9,Other vehicles,2014,1
A,Annual,ITF1,Abruzzo,VEHICFLEET,Vehicles fleet,9,Other vehicles,2015,1
A,Annual,ITF1,Abruzzo,VEHICFLEET,Vehicles fleet,9,Other vehicles,2016,1
A,Annual,ITF1,Abruzzo,VEHICFLEET,Vehicles fleet,9,Other vehicles,2017,1
A,Annual,ITF1,Abruzzo,VEHICFLEET,Vehicles fleet,9,Other vehicles,2018,1
A,Annual,ITF1,Abruzzo,VEHICFLEET,Vehicles fleet,9,Other vehicles,2019,1
A,Annual,ITF1,Abruzzo,VEHICFLEET,Vehicles fleet,9,Other vehicles,2020,1
A,Annual,ITF1,Abruzzo,VEHICFLEET,Vehicles fleet,9,Other vehicles,2021,1
A,Annual,ITF1,Abruzzo,VEHICFLEET,Vehicles fleet,9,Other vehicles,2022,1
A,Annual,ITF1,Abruzzo,VEHICFLEET,Vehicles fleet,9,Other vehicles,2023,1
A,Annual,ITF1,Abruzzo,VEHICFLEET,Vehicles fleet,9,Other vehicles,2024,1
A,Annual,ITF1,Abruzzo,VEHICFLEET,Vehicles fleet,99,Totale,2010,1117302
A,Annual,ITF1,Abruzzo,VEHICFLEET,Vehicles fleet,99,Totale,2011,1135242
A,Annual,ITF1,Abruzzo,VEHICFLEET,Vehicles fleet,99,Totale,2012,1136660
A,Annual,ITF1,Abruzzo,VEHICFLEET,Vehicles fleet,99,Totale,2013,1130663
A,Annual,ITF1,Abruzzo,VEHICFLEET,Vehicles fleet,99,Totale,2014,1131299
A,Annual,ITF1,Abruzzo,VEHICFLEET,Vehicles fleet,99,Totale,2015,1134723
A,Annual,ITF1,Abruzzo,VEHICFLEET,Vehicles fleet,99,Totale,2016,1144003
A,Annual,ITF1,Abruzzo,VEHICFLEET,Vehicles fleet,99,Totale,2017,1160608
A,Annual,ITF1,Abruzzo,VEHICFLEET,Vehicles fleet,99,Totale,2018,1174717
A,Annual,ITF1,Abruzzo,VEHICFLEET,Vehicles fleet,99,Totale,2019,1188432
A,Annual,ITF1,Abruzzo,VEHICFLEET,Vehicles fleet,99,Totale,2020,1199165
A,Annual,ITF1,Abruzzo,VEHICFLEET,Vehicles fleet,99,Totale,2021,1205585
A,Annual,ITF1,Abruzzo,VEHICFLEET,Vehicles fleet,99,Totale,2022,1214097
A,Annual,ITF1,Abruzzo,VEHICFLEET,Vehicles fleet,99,Totale,2023,1231533
A,Annual,ITF1,Abruzzo,VEHICFLEET,Vehicles fleet,99,Totale,2024,1250087
A,Annual,ITF2,Molise,VEHICFLEET,Vehicles fleet,1,Motor cars,2010,198311
A,Annual,ITF2,Molise,VEHICFLEET,Vehicles fleet,1,Motor cars,2011,201199
A,Annual,ITF2,Molise,VEHICFLEET,Vehicles fleet,1,Motor cars,2012,201954
A,Annual,ITF2,Molise,VEHICFLEET,Vehicles fleet,1,Motor cars,2013,202427
A,Annual,ITF2,Molise,VEHICFLEET,Vehicles fleet,1,Motor cars,2014,202873
A,Annual,ITF2,Molise,VEHICFLEET,Vehicles fleet,1,Motor cars,2015,204479
A,Annual,ITF2,Molise,VEHICFLEET,Vehicles fleet,1,Motor cars,2016,207167
A,Annual,ITF2,Molise,VEHICFLEET,Vehicles fleet,1,Motor cars,2017,210310
A,Annual,ITF2,Molise,VEHICFLEET,Vehicles fleet,1,Motor cars,2018,213230
A,Annual,ITF2,Molise,VEHICFLEET,Vehicles fleet,1,Motor cars,2019,214785
A,Annual,ITF2,Molise,VEHICFLEET,Vehicles fleet,1,Motor cars,2020,215398
A,Annual,ITF2,Molise,VEHICFLEET,Vehicles fleet,1,Motor cars,2021,215383
A,Annual,ITF2,Molise,VEHICFLEET,Vehicles fleet,1,Motor cars,2022,215043
A,Annual,ITF2,Molise,VEHICFLEET,Vehicles fleet,1,Motor cars,2023,217621
A,Annual,ITF2,Molise,VEHICFLEET,Vehicles fleet,1,Motor cars,2024,220815
A,Annual,ITF2,Molise,VEHICFLEET,Vehicles fleet,2,Bus or trolley-bus,2010,985
A,Annual,ITF2,Molise,VEHICFLEET,Vehicles fleet,2,Bus or trolley-bus,2011,983
A,Annual,ITF2,Molise,VEHICFLEET,Vehicles fleet,2,Bus or trolley-bus,2012,1002
A,Annual,ITF2,Molise,VEHICFLEET,Vehicles fleet,2,Bus or trolley-bus,2013,989
A,Annual,ITF2,Molise,VEHICFLEET,Vehicles fleet,2,Bus or trolley-bus,2014,1034
A,Annual,ITF2,Molise,VEHICFLEET,Vehicles fleet,2,Bus or trolley-bus,2015,1081
A,Annual,ITF2,Molise,VEHICFLEET,Vehicles fleet,2,Bus or trolley-bus,2016,1138
A,Annual,ITF2,Molise,VEHICFLEET,Vehicles fleet,2,Bus or trolley-bus,2017,1201
A,Annual,ITF2,Molise,VEHICFLEET,Vehicles fleet,2,Bus or trolley-bus,2018,1233
A,Annual,ITF2,Molise,VEHICFLEET,Vehicles fleet,2,Bus or trolley-bus,2019,1218
A,Annual,ITF2,Molise,VEHICFLEET,Vehicles fleet,2,Bus or trolley-bus,2020,1209
A,Annual,ITF2,Molise,VEHICFLEET,Vehicles fleet,2,Bus or trolley-bus,2021,1188
A,Annual,ITF2,Molise,VEHICFLEET,Vehicles fleet,2,Bus or trolley-bus,2022,1210
A,Annual,ITF2,Molise,VEHICFLEET,Vehicles fleet,2,Bus or trolley-bus,2023,1158
A,Annual,ITF2,Molise,VEHICFLEET,Vehicles fleet,2,Bus or trolley-bus,2024,1130
A,Annual,ITF2,Molise,VEHICFLEET,Vehicles fleet,10,Trucks,2010,31620
A,Annual,ITF2,Molise,VEHICFLEET,Vehicles fleet,10,Trucks,2011,32402
A,Annual,ITF2,Molise,VEHICFLEET,Vehicles fleet,10,Trucks,2012,32660
A,Annual,ITF2,Molise,VEHICFLEET,Vehicles fleet,10,Trucks,2013,33115
A,Annual,ITF2,Molise,VEHICFLEET,Vehicles fleet,10,Trucks,2014,33690
A,Annual,ITF2,Molise,VEHICFLEET,Vehicles fleet,10,Trucks,2015,34394
A,Annual,ITF2,Molise,VEHICFLEET,Vehicles fleet,10,Trucks,2016,35351
A,Annual,ITF2,Molise,VEHICFLEET,Vehicles fleet,10,Trucks,2017,36239
A,Annual,ITF2,Molise,VEHICFLEET,Vehicles fleet,10,Trucks,2018,36992
A,Annual,ITF2,Molise,VEHICFLEET,Vehicles fleet,10,Trucks,2019,37520
A,Annual,ITF2,Molise,VEHICFLEET,Vehicles fleet,10,Trucks,2020,38009
A,Annual,ITF2,Molise,VEHICFLEET,Vehicles fleet,10,Trucks,2021,38519
A,Annual,ITF2,Molise,VEHICFLEET,Vehicles fleet,10,Trucks,2022,38890
A,Annual,ITF2,Molise,VEHICFLEET,Vehicles fleet,10,Trucks,2023,39393
A,Annual,ITF2,Molise,VEHICFLEET,Vehicles fleet,10,Trucks,2024,40460
A,Annual,ITF2,Molise,VEHICFLEET,Vehicles fleet,11,Motor units,2010,833
A,Annual,ITF2,Molise,VEHICFLEET,Vehicles fleet,11,Motor units,2011,876
A,Annual,ITF2,Molise,VEHICFLEET,Vehicles fleet,11,Motor units,2012,881
A,Annual,ITF2,Molise,VEHICFLEET,Vehicles fleet,11,Motor units,2013,896
A,Annual,ITF2,Molise,VEHICFLEET,Vehicles fleet,11,Motor units,2014,968
A,Annual,ITF2,Molise,VEHICFLEET,Vehicles fleet,11,Motor units,2015,1051
A,Annual,ITF2,Molise,VEHICFLEET,Vehicles fleet,11,Motor units,2016,1139
A,Annual,ITF2,Molise,VEHICFLEET,Vehicles fleet,11,Motor units,2017,1237
A,Annual,ITF2,Molise,VEHICFLEET,Vehicles fleet,11,Motor units,2018,1317
A,Annual,ITF2,Molise,VEHICFLEET,Vehicles fleet,11,Motor units,2019,1404
A,Annual,ITF2,Molise,VEHICFLEET,Vehicles fleet,11,Motor units,2020,1458
A,Annual,ITF2,Molise,VEHICFLEET,Vehicles fleet,11,Motor units,2021,1558
A,Annual,ITF2,Molise,VEHICFLEET,Vehicles fleet,11,Motor units,2022,1592
A,Annual,ITF2,Molise,VEHICFLEET,Vehicles fleet,11,Motor units,2023,1671
A,Annual,ITF2,Molise,VEHICFLEET,Vehicles fleet,11,Motor units,2024,1717
A,Annual,ITF2,Molise,VEHICFLEET,Vehicles fleet,12,Trailer,2010,1896
A,Annual,ITF2,Molise,VEHICFLEET,Vehicles fleet,12,Trailer,2011,1982
A,Annual,ITF2,Molise,VEHICFLEET,Vehicles fleet,12,Trailer,2012,2003
A,Annual,ITF2,Molise,VEHICFLEET,Vehicles fleet,12,Trailer,2013,2035
A,Annual,ITF2,Molise,VEHICFLEET,Vehicles fleet,12,Trailer,2014,2155
A,Annual,ITF2,Molise,VEHICFLEET,Vehicles fleet,12,Trailer,2015,2305
A,Annual,ITF2,Molise,VEHICFLEET,Vehicles fleet,12,Trailer,2016,2402
A,Annual,ITF2,Molise,VEHICFLEET,Vehicles fleet,12,Trailer,2017,2562
A,Annual,ITF2,Molise,VEHICFLEET,Vehicles fleet,12,Trailer,2018,2704
A,Annual,ITF2,Molise,VEHICFLEET,Vehicles fleet,12,Trailer,2019,2779
A,Annual,ITF2,Molise,VEHICFLEET,Vehicles fleet,12,Trailer,2020,2863
A,Annual,ITF2,Molise,VEHICFLEET,Vehicles fleet,12,Trailer,2021,2976
A,Annual,ITF2,Molise,VEHICFLEET,Vehicles fleet,12,Trailer,2022,3041
A,Annual,ITF2,Molise,VEHICFLEET,Vehicles fleet,12,Trailer,2023,3117
A,Annual,ITF2,Molise,VEHICFLEET,Vehicles fleet,12,Trailer,2024,3187
A,Annual,ITF2,Molise,VEHICFLEET,Vehicles fleet,7,Motorcycles,2010,26346
A,Annual,ITF2,Molise,VEHICFLEET,Vehicles fleet,7,Motorcycles,2011,27416
A,Annual,ITF2,Molise,VEHICFLEET,Vehicles fleet,7,Motorcycles,2012,28226
A,Annual,ITF2,Molise,VEHICFLEET,Vehicles fleet,7,Motorcycles,2013,28856
A,Annual,ITF2,Molise,VEHICFLEET,Vehicles fleet,7,Motorcycles,2014,29359
A,Annual,ITF2,Molise,VEHICFLEET,Vehicles fleet,7,Motorcycles,2015,29893
A,Annual,ITF2,Molise,VEHICFLEET,Vehicles fleet,7,Motorcycles,2016,30458
A,Annual,ITF2,Molise,VEHICFLEET,Vehicles fleet,7,Motorcycles,2017,31058
A,Annual,ITF2,Molise,VEHICFLEET,Vehicles fleet,7,Motorcycles,2018,31525
A,Annual,ITF2,Molise,VEHICFLEET,Vehicles fleet,7,Motorcycles,2019,31975
A,Annual,ITF2,Molise,VEHICFLEET,Vehicles fleet,7,Motorcycles,2020,32495
A,Annual,ITF2,Molise,VEHICFLEET,Vehicles fleet,7,Motorcycles,2021,33163
A,Annual,ITF2,Molise,VEHICFLEET,Vehicles fleet,7,Motorcycles,2022,33569
A,Annual,ITF2,Molise,VEHICFLEET,Vehicles fleet,7,Motorcycles,2023,34352
A,Annual,ITF2,Molise,VEHICFLEET,Vehicles fleet,7,Motorcycles,2024,35404
A,Annual,ITF2,Molise,VEHICFLEET,Vehicles fleet,8,Three-wheeler or motor-van,2010,2816
A,Annual,ITF2,Molise,VEHICFLEET,Vehicles fleet,8,Three-wheeler or motor-van,2011,2836
A,Annual,ITF2,Molise,VEHICFLEET,Vehicles fleet,8,Three-wheeler or motor-van,2012,2832
A,Annual,ITF2,Molise,VEHICFLEET,Vehicles fleet,8,Three-wheeler or motor-van,2013,2826
A,Annual,ITF2,Molise,VEHICFLEET,Vehicles fleet,8,Three-wheeler or motor-van,2014,2804
A,Annual,ITF2,Molise,VEHICFLEET,Vehicles fleet,8,Three-wheeler or motor-van,2015,2794
A,Annual,ITF2,Molise,VEHICFLEET,Vehicles fleet,8,Three-wheeler or motor-van,2016,2805
A,Annual,ITF2,Molise,VEHICFLEET,Vehicles fleet,8,Three-wheeler or motor-van,2017,2802
A,Annual,ITF2,Molise,VEHICFLEET,Vehicles fleet,8,Three-wheeler or motor-van,2018,2769
A,Annual,ITF2,Molise,VEHICFLEET,Vehicles fleet,8,Three-wheeler or motor-van,2019,2717
A,Annual,ITF2,Molise,VEHICFLEET,Vehicles fleet,8,Three-wheeler or motor-van,2020,2691
A,Annual,ITF2,Molise,VEHICFLEET,Vehicles fleet,8,Three-wheeler or motor-van,2021,2691
A,Annual,ITF2,Molise,VEHICFLEET,Vehicles fleet,8,Three-wheeler or motor-van,2022,2672
A,Annual,ITF2,Molise,VEHICFLEET,Vehicles fleet,8,Three-wheeler or motor-van,2023,2662
A,Annual,ITF2,Molise,VEHICFLEET,Vehicles fleet,8,Three-wheeler or motor-van,2024,2659
A,Annual,ITF2,Molise,VEHICFLEET,Vehicles fleet,9,Other vehicles,2010,2
A,Annual,ITF2,Molise,VEHICFLEET,Vehicles fleet,9,Other vehicles,2011,0
A,Annual,ITF2,Molise,VEHICFLEET,Vehicles fleet,9,Other vehicles,2012,0
A,Annual,ITF2,Molise,VEHICFLEET,Vehicles fleet,9,Other vehicles,2013,0
A,Annual,ITF2,Molise,VEHICFLEET,Vehicles fleet,9,Other vehicles,2014,0
A,Annual,ITF2,Molise,VEHICFLEET,Vehicles fleet,9,Other vehicles,2015,0
A,Annual,ITF2,Molise,VEHICFLEET,Vehicles fleet,9,Other vehicles,2016,0
A,Annual,ITF2,Molise,VEHICFLEET,Vehicles fleet,9,Other vehicles,2017,0
A,Annual,ITF2,Molise,VEHICFLEET,Vehicles fleet,9,Other vehicles,2018,0
A,Annual,ITF2,Molise,VEHICFLEET,Vehicles fleet,9,Other vehicles,2019,0
A,Annual,ITF2,Molise,VEHICFLEET,Vehicles fleet,9,Other vehicles,2020,0
A,Annual,ITF2,Molise,VEHICFLEET,Vehicles fleet,9,Other vehicles,2021,0
A,Annual,ITF2,Molise,VEHICFLEET,Vehicles fleet,9,Other vehicles,2022,0
A,Annual,ITF2,Molise,VEHICFLEET,Vehicles fleet,9,Other vehicles,2023,0
A,Annual,ITF2,Molise,VEHICFLEET,Vehicles fleet,9,Other vehicles,2024,0
A,Annual,ITF2,Molise,VEHICFLEET,Vehicles fleet,99,Totale,2010,262809
A,Annual,ITF2,Molise,VEHICFLEET,Vehicles fleet,99,Totale,2011,267694
A,Annual,ITF2,Molise,VEHICFLEET,Vehicles fleet,99,Totale,2012,269558
A,Annual,ITF2,Molise,VEHICFLEET,Vehicles fleet,99,Totale,2013,271144
A,Annual,ITF2,Molise,VEHICFLEET,Vehicles fleet,99,Totale,2014,272883
A,Annual,ITF2,Molise,VEHICFLEET,Vehicles fleet,99,Totale,2015,275997
A,Annual,ITF2,Molise,VEHICFLEET,Vehicles fleet,99,Totale,2016,280460
A,Annual,ITF2,Molise,VEHICFLEET,Vehicles fleet,99,Totale,2017,285409
A,Annual,ITF2,Molise,VEHICFLEET,Vehicles fleet,99,Totale,2018,289770
A,Annual,ITF2,Molise,VEHICFLEET,Vehicles fleet,99,Totale,2019,292398
A,Annual,ITF2,Molise,VEHICFLEET,Vehicles fleet,99,Totale,2020,294123
A,Annual,ITF2,Molise,VEHICFLEET,Vehicles fleet,99,Totale,2021,295478
A,Annual,ITF2,Molise,VEHICFLEET,Vehicles fleet,99,Totale,2022,296017
A,Annual,ITF2,Molise,VEHICFLEET,Vehicles fleet,99,Totale,2023,299974
A,Annual,ITF2,Molise,VEHICFLEET,Vehicles fleet,99,Totale,2024,305372
A,Annual,ITF3,Campania,VEHICFLEET,Vehicles fleet,1,Motor cars,2010,3404842
A,Annual,ITF3,Campania,VEHICFLEET,Vehicles fleet,1,Motor cars,2011,3409386
A,Annual,ITF3,Campania,VEHICFLEET,Vehicles fleet,1,Motor cars,2012,3376309
A,Annual,ITF3,Campania,VEHICFLEET,Vehicles fleet,1,Motor cars,2013,3343161
A,Annual,ITF3,Campania,VEHICFLEET,Vehicles fleet,1,Motor cars,2014,3335372
A,Annual,ITF3,Campania,VEHICFLEET,Vehicles fleet,1,Motor cars,2015,3346960
A,Annual,ITF3,Campania,VEHICFLEET,Vehicles fleet,1,Motor cars,2016,3386389
A,Annual,ITF3,Campania,VEHICFLEET,Vehicles fleet,1,Motor cars,2017,3438004
A,Annual,ITF3,Campania,VEHICFLEET,Vehicles fleet,1,Motor cars,2018,3489496
A,Annual,ITF3,Campania,VEHICFLEET,Vehicles fleet,1,Motor cars,2019,3542042
A,Annual,ITF3,Campania,VEHICFLEET,Vehicles fleet,1,Motor cars,2020,3572920
A,Annual,ITF3,Campania,VEHICFLEET,Vehicles fleet,1,Motor cars,2021,3583649
A,Annual,ITF3,Campania,VEHICFLEET,Vehicles fleet,1,Motor cars,2022,3612878
A,Annual,ITF3,Campania,VEHICFLEET,Vehicles fleet,1,Motor cars,2023,3672772
A,Annual,ITF3,Campania,VEHICFLEET,Vehicles fleet,1,Motor cars,2024,3725175
A,Annual,ITF3,Campania,VEHICFLEET,Vehicles fleet,2,Bus or trolley-bus,2010,10712
A,Annual,ITF3,Campania,VEHICFLEET,Vehicles fleet,2,Bus or trolley-bus,2011,10656
A,Annual,ITF3,Campania,VEHICFLEET,Vehicles fleet,2,Bus or trolley-bus,2012,10642
A,Annual,ITF3,Campania,VEHICFLEET,Vehicles fleet,2,Bus or trolley-bus,2013,10691
A,Annual,ITF3,Campania,VEHICFLEET,Vehicles fleet,2,Bus or trolley-bus,2014,10737
A,Annual,ITF3,Campania,VEHICFLEET,Vehicles fleet,2,Bus or trolley-bus,2015,10834
A,Annual,ITF3,Campania,VEHICFLEET,Vehicles fleet,2,Bus or trolley-bus,2016,10846
A,Annual,ITF3,Campania,VEHICFLEET,Vehicles fleet,2,Bus or trolley-bus,2017,11049
A,Annual,ITF3,Campania,VEHICFLEET,Vehicles fleet,2,Bus or trolley-bus,2018,10956
A,Annual,ITF3,Campania,VEHICFLEET,Vehicles fleet,2,Bus or trolley-bus,2019,10885
A,Annual,ITF3,Campania,VEHICFLEET,Vehicles fleet,2,Bus or trolley-bus,2020,10812
A,Annual,ITF3,Campania,VEHICFLEET,Vehicles fleet,2,Bus or trolley-bus,2021,10754
A,Annual,ITF3,Campania,VEHICFLEET,Vehicles fleet,2,Bus or trolley-bus,2022,10887
A,Annual,ITF3,Campania,VEHICFLEET,Vehicles fleet,2,Bus or trolley-bus,2023,10941
A,Annual,ITF3,Campania,VEHICFLEET,Vehicles fleet,2,Bus or trolley-bus,2024,11224
A,Annual,ITF3,Campania,VEHICFLEET,Vehicles fleet,10,Trucks,2010,358474
A,Annual,ITF3,Campania,VEHICFLEET,Vehicles fleet,10,Trucks,2011,364057
A,Annual,ITF3,Campania,VEHICFLEET,Vehicles fleet,10,Trucks,2012,360033
A,Annual,ITF3,Campania,VEHICFLEET,Vehicles fleet,10,Trucks,2013,354772
A,Annual,ITF3,Campania,VEHICFLEET,Vehicles fleet,10,Trucks,2014,353539
A,Annual,ITF3,Campania,VEHICFLEET,Vehicles fleet,10,Trucks,2015,356852
A,Annual,ITF3,Campania,VEHICFLEET,Vehicles fleet,10,Trucks,2016,363240
A,Annual,ITF3,Campania,VEHICFLEET,Vehicles fleet,10,Trucks,2017,369903
A,Annual,ITF3,Campania,VEHICFLEET,Vehicles fleet,10,Trucks,2018,374761
A,Annual,ITF3,Campania,VEHICFLEET,Vehicles fleet,10,Trucks,2019,380497
A,Annual,ITF3,Campania,VEHICFLEET,Vehicles fleet,10,Trucks,2020,386315
A,Annual,ITF3,Campania,VEHICFLEET,Vehicles fleet,10,Trucks,2021,392304
A,Annual,ITF3,Campania,VEHICFLEET,Vehicles fleet,10,Trucks,2022,399184
A,Annual,ITF3,Campania,VEHICFLEET,Vehicles fleet,10,Trucks,2023,408441
A,Annual,ITF3,Campania,VEHICFLEET,Vehicles fleet,10,Trucks,2024,418827
A,Annual,ITF3,Campania,VEHICFLEET,Vehicles fleet,11,Motor units,2010,17959
A,Annual,ITF3,Campania,VEHICFLEET,Vehicles fleet,11,Motor units,2011,18540
A,Annual,ITF3,Campania,VEHICFLEET,Vehicles fleet,11,Motor units,2012,18202
A,Annual,ITF3,Campania,VEHICFLEET,Vehicles fleet,11,Motor units,2013,17815
A,Annual,ITF3,Campania,VEHICFLEET,Vehicles fleet,11,Motor units,2014,18076
A,Annual,ITF3,Campania,VEHICFLEET,Vehicles fleet,11,Motor units,2015,18976
A,Annual,ITF3,Campania,VEHICFLEET,Vehicles fleet,11,Motor units,2016,20532
A,Annual,ITF3,Campania,VEHICFLEET,Vehicles fleet,11,Motor units,2017,22107
A,Annual,ITF3,Campania,VEHICFLEET,Vehicles fleet,11,Motor units,2018,23689
A,Annual,ITF3,Campania,VEHICFLEET,Vehicles fleet,11,Motor units,2019,24899
A,Annual,ITF3,Campania,VEHICFLEET,Vehicles fleet,11,Motor units,2020,25911
A,Annual,ITF3,Campania,VEHICFLEET,Vehicles fleet,11,Motor units,2021,27654
A,Annual,ITF3,Campania,VEHICFLEET,Vehicles fleet,11,Motor units,2022,29181
A,Annual,ITF3,Campania,VEHICFLEET,Vehicles fleet,11,Motor units,2023,30540
A,Annual,ITF3,Campania,VEHICFLEET,Vehicles fleet,11,Motor units,2024,31290
A,Annual,ITF3,Campania,VEHICFLEET,Vehicles fleet,12,Trailer,2010,34282
A,Annual,ITF3,Campania,VEHICFLEET,Vehicles fleet,12,Trailer,2011,35986
A,Annual,ITF3,Campania,VEHICFLEET,Vehicles fleet,12,Trailer,2012,36258
A,Annual,ITF3,Campania,VEHICFLEET,Vehicles fleet,12,Trailer,2013,36751
A,Annual,ITF3,Campania,VEHICFLEET,Vehicles fleet,12,Trailer,2014,37577
A,Annual,ITF3,Campania,VEHICFLEET,Vehicles fleet,12,Trailer,2015,39308
A,Annual,ITF3,Campania,VEHICFLEET,Vehicles fleet,12,Trailer,2016,41757
A,Annual,ITF3,Campania,VEHICFLEET,Vehicles fleet,12,Trailer,2017,44163
A,Annual,ITF3,Campania,VEHICFLEET,Vehicles fleet,12,Trailer,2018,46717
A,Annual,ITF3,Campania,VEHICFLEET,Vehicles fleet,12,Trailer,2019,49011
A,Annual,ITF3,Campania,VEHICFLEET,Vehicles fleet,12,Trailer,2020,50879
A,Annual,ITF3,Campania,VEHICFLEET,Vehicles fleet,12,Trailer,2021,53146
A,Annual,ITF3,Campania,VEHICFLEET,Vehicles fleet,12,Trailer,2022,55601
A,Annual,ITF3,Campania,VEHICFLEET,Vehicles fleet,12,Trailer,2023,57873
A,Annual,ITF3,Campania,VEHICFLEET,Vehicles fleet,12,Trailer,2024,60070
A,Annual,ITF3,Campania,VEHICFLEET,Vehicles fleet,7,Motorcycles,2010,581868
A,Annual,ITF3,Campania,VEHICFLEET,Vehicles fleet,7,Motorcycles,2011,577761
A,Annual,ITF3,Campania,VEHICFLEET,Vehicles fleet,7,Motorcycles,2012,567626
A,Annual,ITF3,Campania,VEHICFLEET,Vehicles fleet,7,Motorcycles,2013,557371
A,Annual,ITF3,Campania,VEHICFLEET,Vehicles fleet,7,Motorcycles,2014,552206
A,Annual,ITF3,Campania,VEHICFLEET,Vehicles fleet,7,Motorcycles,2015,551875
A,Annual,ITF3,Campania,VEHICFLEET,Vehicles fleet,7,Motorcycles,2016,556887
A,Annual,ITF3,Campania,VEHICFLEET,Vehicles fleet,7,Motorcycles,2017,569709
A,Annual,ITF3,Campania,VEHICFLEET,Vehicles fleet,7,Motorcycles,2018,580616
A,Annual,ITF3,Campania,VEHICFLEET,Vehicles fleet,7,Motorcycles,2019,595761
A,Annual,ITF3,Campania,VEHICFLEET,Vehicles fleet,7,Motorcycles,2020,612294
A,Annual,ITF3,Campania,VEHICFLEET,Vehicles fleet,7,Motorcycles,2021,634142
A,Annual,ITF3,Campania,VEHICFLEET,Vehicles fleet,7,Motorcycles,2022,653582
A,Annual,ITF3,Campania,VEHICFLEET,Vehicles fleet,7,Motorcycles,2023,676154
A,Annual,ITF3,Campania,VEHICFLEET,Vehicles fleet,7,Motorcycles,2024,699564
A,Annual,ITF3,Campania,VEHICFLEET,Vehicles fleet,8,Three-wheeler or motor-van,2010,46422
A,Annual,ITF3,Campania,VEHICFLEET,Vehicles fleet,8,Three-wheeler or motor-van,2011,46102
A,Annual,ITF3,Campania,VEHICFLEET,Vehicles fleet,8,Three-wheeler or motor-van,2012,45442
A,Annual,ITF3,Campania,VEHICFLEET,Vehicles fleet,8,Three-wheeler or motor-van,2013,44091
A,Annual,ITF3,Campania,VEHICFLEET,Vehicles fleet,8,Three-wheeler or motor-van,2014,42937
A,Annual,ITF3,Campania,VEHICFLEET,Vehicles fleet,8,Three-wheeler or motor-van,2015,42156
A,Annual,ITF3,Campania,VEHICFLEET,Vehicles fleet,8,Three-wheeler or motor-van,2016,41254
A,Annual,ITF3,Campania,VEHICFLEET,Vehicles fleet,8,Three-wheeler or motor-van,2017,40786
A,Annual,ITF3,Campania,VEHICFLEET,Vehicles fleet,8,Three-wheeler or motor-van,2018,40091
A,Annual,ITF3,Campania,VEHICFLEET,Vehicles fleet,8,Three-wheeler or motor-van,2019,39376
A,Annual,ITF3,Campania,VEHICFLEET,Vehicles fleet,8,Three-wheeler or motor-van,2020,38928
A,Annual,ITF3,Campania,VEHICFLEET,Vehicles fleet,8,Three-wheeler or motor-van,2021,38503
A,Annual,ITF3,Campania,VEHICFLEET,Vehicles fleet,8,Three-wheeler or motor-van,2022,38180
A,Annual,ITF3,Campania,VEHICFLEET,Vehicles fleet,8,Three-wheeler or motor-van,2023,37890
A,Annual,ITF3,Campania,VEHICFLEET,Vehicles fleet,8,Three-wheeler or motor-van,2024,37625
A,Annual,ITF3,Campania,VEHICFLEET,Vehicles fleet,9,Other vehicles,2010,15
A,Annual,ITF3,Campania,VEHICFLEET,Vehicles fleet,9,Other vehicles,2011,3
A,Annual,ITF3,Campania,VEHICFLEET,Vehicles fleet,9,Other vehicles,2012,3
A,Annual,ITF3,Campania,VEHICFLEET,Vehicles fleet,9,Other vehicles,2013,3
A,Annual,ITF3,Campania,VEHICFLEET,Vehicles fleet,9,Other vehicles,2014,3
A,Annual,ITF3,Campania,VEHICFLEET,Vehicles fleet,9,Other vehicles,2015,3
A,Annual,ITF3,Campania,VEHICFLEET,Vehicles fleet,9,Other vehicles,2016,3
A,Annual,ITF3,Campania,VEHICFLEET,Vehicles fleet,9,Other vehicles,2017,3
A,Annual,ITF3,Campania,VEHICFLEET,Vehicles fleet,9,Other vehicles,2018,3
A,Annual,ITF3,Campania,VEHICFLEET,Vehicles fleet,9,Other vehicles,2019,3
A,Annual,ITF3,Campania,VEHICFLEET,Vehicles fleet,9,Other vehicles,2020,3
A,Annual,ITF3,Campania,VEHICFLEET,Vehicles fleet,9,Other vehicles,2021,3
A,Annual,ITF3,Campania,VEHICFLEET,Vehicles fleet,9,Other vehicles,2022,3
A,Annual,ITF3,Campania,VEHICFLEET,Vehicles fleet,9,Other vehicles,2023,3
A,Annual,ITF3,Campania,VEHICFLEET,Vehicles fleet,9,Other vehicles,2024,3
A,Annual,ITF3,Campania,VEHICFLEET,Vehicles fleet,99,Totale,2010,4454574
A,Annual,ITF3,Campania,VEHICFLEET,Vehicles fleet,99,Totale,2011,4462491
A,Annual,ITF3,Campania,VEHICFLEET,Vehicles fleet,99,Totale,2012,4414515
A,Annual,ITF3,Campania,VEHICFLEET,Vehicles fleet,99,Totale,2013,4364655
A,Annual,ITF3,Campania,VEHICFLEET,Vehicles fleet,99,Totale,2014,4350447
A,Annual,ITF3,Campania,VEHICFLEET,Vehicles fleet,99,Totale,2015,4366964
A,Annual,ITF3,Campania,VEHICFLEET,Vehicles fleet,99,Totale,2016,4420908
A,Annual,ITF3,Campania,VEHICFLEET,Vehicles fleet,99,Totale,2017,4495724
A,Annual,ITF3,Campania,VEHICFLEET,Vehicles fleet,99,Totale,2018,4566329
A,Annual,ITF3,Campania,VEHICFLEET,Vehicles fleet,99,Totale,2019,4642474
A,Annual,ITF3,Campania,VEHICFLEET,Vehicles fleet,99,Totale,2020,4698062
A,Annual,ITF3,Campania,VEHICFLEET,Vehicles fleet,99,Totale,2021,4740155
A,Annual,ITF3,Campania,VEHICFLEET,Vehicles fleet,99,Totale,2022,4799496
A,Annual,ITF3,Campania,VEHICFLEET,Vehicles fleet,99,Totale,2023,4894614
A,Annual,ITF3,Campania,VEHICFLEET,Vehicles fleet,99,Totale,2024,4983778
A,Annual,ITF4,Puglia,VEHICFLEET,Vehicles fleet,1,Motor cars,2010,2279824
A,Annual,ITF4,Puglia,VEHICFLEET,Vehicles fleet,1,Motor cars,2011,2287369
A,Annual,ITF4,Puglia,VEHICFLEET,Vehicles fleet,1,Motor cars,2012,2268965
A,Annual,ITF4,Puglia,VEHICFLEET,Vehicles fleet,1,Motor cars,2013,2249319
A,Annual,ITF4,Puglia,VEHICFLEET,Vehicles fleet,1,Motor cars,2014,2247602
A,Annual,ITF4,Puglia,VEHICFLEET,Vehicles fleet,1,Motor cars,2015,2259932
A,Annual,ITF4,Puglia,VEHICFLEET,Vehicles fleet,1,Motor cars,2016,2291398
A,Annual,ITF4,Puglia,VEHICFLEET,Vehicles fleet,1,Motor cars,2017,2329173
A,Annual,ITF4,Puglia,VEHICFLEET,Vehicles fleet,1,Motor cars,2018,2369601
A,Annual,ITF4,Puglia,VEHICFLEET,Vehicles fleet,1,Motor cars,2019,2403021
A,Annual,ITF4,Puglia,VEHICFLEET,Vehicles fleet,1,Motor cars,2020,2424306
A,Annual,ITF4,Puglia,VEHICFLEET,Vehicles fleet,1,Motor cars,2021,2435650
A,Annual,ITF4,Puglia,VEHICFLEET,Vehicles fleet,1,Motor cars,2022,2451311
A,Annual,ITF4,Puglia,VEHICFLEET,Vehicles fleet,1,Motor cars,2023,2487037
A,Annual,ITF4,Puglia,VEHICFLEET,Vehicles fleet,1,Motor cars,2024,2515558
A,Annual,ITF4,Puglia,VEHICFLEET,Vehicles fleet,2,Bus or trolley-bus,2010,6128
A,Annual,ITF4,Puglia,VEHICFLEET,Vehicles fleet,2,Bus or trolley-bus,2011,6626
A,Annual,ITF4,Puglia,VEHICFLEET,Vehicles fleet,2,Bus or trolley-bus,2012,6688
A,Annual,ITF4,Puglia,VEHICFLEET,Vehicles fleet,2,Bus or trolley-bus,2013,6796
A,Annual,ITF4,Puglia,VEHICFLEET,Vehicles fleet,2,Bus or trolley-bus,2014,6866
A,Annual,ITF4,Puglia,VEHICFLEET,Vehicles fleet,2,Bus or trolley-bus,2015,6947
A,Annual,ITF4,Puglia,VEHICFLEET,Vehicles fleet,2,Bus or trolley-bus,2016,7018
A,Annual,ITF4,Puglia,VEHICFLEET,Vehicles fleet,2,Bus or trolley-bus,2017,7110
A,Annual,ITF4,Puglia,VEHICFLEET,Vehicles fleet,2,Bus or trolley-bus,2018,7414
A,Annual,ITF4,Puglia,VEHICFLEET,Vehicles fleet,2,Bus or trolley-bus,2019,7603
A,Annual,ITF4,Puglia,VEHICFLEET,Vehicles fleet,2,Bus or trolley-bus,2020,7587
A,Annual,ITF4,Puglia,VEHICFLEET,Vehicles fleet,2,Bus or trolley-bus,2021,7574
A,Annual,ITF4,Puglia,VEHICFLEET,Vehicles fleet,2,Bus or trolley-bus,2022,7698
A,Annual,ITF4,Puglia,VEHICFLEET,Vehicles fleet,2,Bus or trolley-bus,2023,7847
A,Annual,ITF4,Puglia,VEHICFLEET,Vehicles fleet,2,Bus or trolley-bus,2024,7793
A,Annual,ITF4,Puglia,VEHICFLEET,Vehicles fleet,10,Trucks,2010,249104
A,Annual,ITF4,Puglia,VEHICFLEET,Vehicles fleet,10,Trucks,2011,252557
A,Annual,ITF4,Puglia,VEHICFLEET,Vehicles fleet,10,Trucks,2012,252176
A,Annual,ITF4,Puglia,VEHICFLEET,Vehicles fleet,10,Trucks,2013,250896
A,Annual,ITF4,Puglia,VEHICFLEET,Vehicles fleet,10,Trucks,2014,251882
A,Annual,ITF4,Puglia,VEHICFLEET,Vehicles fleet,10,Trucks,2015,253946
A,Annual,ITF4,Puglia,VEHICFLEET,Vehicles fleet,10,Trucks,2016,259861
A,Annual,ITF4,Puglia,VEHICFLEET,Vehicles fleet,10,Trucks,2017,265945
A,Annual,ITF4,Puglia,VEHICFLEET,Vehicles fleet,10,Trucks,2018,270936
A,Annual,ITF4,Puglia,VEHICFLEET,Vehicles fleet,10,Trucks,2019,275548
A,Annual,ITF4,Puglia,VEHICFLEET,Vehicles fleet,10,Trucks,2020,279553
A,Annual,ITF4,Puglia,VEHICFLEET,Vehicles fleet,10,Trucks,2021,285650
A,Annual,ITF4,Puglia,VEHICFLEET,Vehicles fleet,10,Trucks,2022,291469
A,Annual,ITF4,Puglia,VEHICFLEET,Vehicles fleet,10,Trucks,2023,298298
A,Annual,ITF4,Puglia,VEHICFLEET,Vehicles fleet,10,Trucks,2024,305932
A,Annual,ITF4,Puglia,VEHICFLEET,Vehicles fleet,11,Motor units,2010,9337
A,Annual,ITF4,Puglia,VEHICFLEET,Vehicles fleet,11,Motor units,2011,9781
A,Annual,ITF4,Puglia,VEHICFLEET,Vehicles fleet,11,Motor units,2012,9601
A,Annual,ITF4,Puglia,VEHICFLEET,Vehicles fleet,11,Motor units,2013,9158
A,Annual,ITF4,Puglia,VEHICFLEET,Vehicles fleet,11,Motor units,2014,9220
A,Annual,ITF4,Puglia,VEHICFLEET,Vehicles fleet,11,Motor units,2015,9432
A,Annual,ITF4,Puglia,VEHICFLEET,Vehicles fleet,11,Motor units,2016,10056
A,Annual,ITF4,Puglia,VEHICFLEET,Vehicles fleet,11,Motor units,2017,10766
A,Annual,ITF4,Puglia,VEHICFLEET,Vehicles fleet,11,Motor units,2018,11246
A,Annual,ITF4,Puglia,VEHICFLEET,Vehicles fleet,11,Motor units,2019,11574
A,Annual,ITF4,Puglia,VEHICFLEET,Vehicles fleet,11,Motor units,2020,12034
A,Annual,ITF4,Puglia,VEHICFLEET,Vehicles fleet,11,Motor units,2021,12651
A,Annual,ITF4,Puglia,VEHICFLEET,Vehicles fleet,11,Motor units,2022,13025
A,Annual,ITF4,Puglia,VEHICFLEET,Vehicles fleet,11,Motor units,2023,13444
A,Annual,ITF4,Puglia,VEHICFLEET,Vehicles fleet,11,Motor units,2024,13579
A,Annual,ITF4,Puglia,VEHICFLEET,Vehicles fleet,12,Trailer,2010,19537
A,Annual,ITF4,Puglia,VEHICFLEET,Vehicles fleet,12,Trailer,2011,20385
A,Annual,ITF4,Puglia,VEHICFLEET,Vehicles fleet,12,Trailer,2012,20451
A,Annual,ITF4,Puglia,VEHICFLEET,Vehicles fleet,12,Trailer,2013,20290
A,Annual,ITF4,Puglia,VEHICFLEET,Vehicles fleet,12,Trailer,2014,20340
A,Annual,ITF4,Puglia,VEHICFLEET,Vehicles fleet,12,Trailer,2015,20562
A,Annual,ITF4,Puglia,VEHICFLEET,Vehicles fleet,12,Trailer,2016,21113
A,Annual,ITF4,Puglia,VEHICFLEET,Vehicles fleet,12,Trailer,2017,21973
A,Annual,ITF4,Puglia,VEHICFLEET,Vehicles fleet,12,Trailer,2018,22485
A,Annual,ITF4,Puglia,VEHICFLEET,Vehicles fleet,12,Trailer,2019,23151
A,Annual,ITF4,Puglia,VEHICFLEET,Vehicles fleet,12,Trailer,2020,23784
A,Annual,ITF4,Puglia,VEHICFLEET,Vehicles fleet,12,Trailer,2021,24608
A,Annual,ITF4,Puglia,VEHICFLEET,Vehicles fleet,12,Trailer,2022,25433
A,Annual,ITF4,Puglia,VEHICFLEET,Vehicles fleet,12,Trailer,2023,26128
A,Annual,ITF4,Puglia,VEHICFLEET,Vehicles fleet,12,Trailer,2024,26633
A,Annual,ITF4,Puglia,VEHICFLEET,Vehicles fleet,7,Motorcycles,2010,290199
A,Annual,ITF4,Puglia,VEHICFLEET,Vehicles fleet,7,Motorcycles,2011,293582
A,Annual,ITF4,Puglia,VEHICFLEET,Vehicles fleet,7,Motorcycles,2012,293240
A,Annual,ITF4,Puglia,VEHICFLEET,Vehicles fleet,7,Motorcycles,2013,291063
A,Annual,ITF4,Puglia,VEHICFLEET,Vehicles fleet,7,Motorcycles,2014,290401
A,Annual,ITF4,Puglia,VEHICFLEET,Vehicles fleet,7,Motorcycles,2015,291047
A,Annual,ITF4,Puglia,VEHICFLEET,Vehicles fleet,7,Motorcycles,2016,293522
A,Annual,ITF4,Puglia,VEHICFLEET,Vehicles fleet,7,Motorcycles,2017,296957
A,Annual,ITF4,Puglia,VEHICFLEET,Vehicles fleet,7,Motorcycles,2018,301610
A,Annual,ITF4,Puglia,VEHICFLEET,Vehicles fleet,7,Motorcycles,2019,306496
A,Annual,ITF4,Puglia,VEHICFLEET,Vehicles fleet,7,Motorcycles,2020,314448
A,Annual,ITF4,Puglia,VEHICFLEET,Vehicles fleet,7,Motorcycles,2021,326850
A,Annual,ITF4,Puglia,VEHICFLEET,Vehicles fleet,7,Motorcycles,2022,338705
A,Annual,ITF4,Puglia,VEHICFLEET,Vehicles fleet,7,Motorcycles,2023,353275
A,Annual,ITF4,Puglia,VEHICFLEET,Vehicles fleet,7,Motorcycles,2024,368611
A,Annual,ITF4,Puglia,VEHICFLEET,Vehicles fleet,8,Three-wheeler or motor-van,2010,39057
A,Annual,ITF4,Puglia,VEHICFLEET,Vehicles fleet,8,Three-wheeler or motor-van,2011,38490
A,Annual,ITF4,Puglia,VEHICFLEET,Vehicles fleet,8,Three-wheeler or motor-van,2012,37823
A,Annual,ITF4,Puglia,VEHICFLEET,Vehicles fleet,8,Three-wheeler or motor-van,2013,36998
A,Annual,ITF4,Puglia,VEHICFLEET,Vehicles fleet,8,Three-wheeler or motor-van,2014,36347
A,Annual,ITF4,Puglia,VEHICFLEET,Vehicles fleet,8,Three-wheeler or motor-van,2015,35672
A,Annual,ITF4,Puglia,VEHICFLEET,Vehicles fleet,8,Three-wheeler or motor-van,2016,35103
A,Annual,ITF4,Puglia,VEHICFLEET,Vehicles fleet,8,Three-wheeler or motor-van,2017,34509
A,Annual,ITF4,Puglia,VEHICFLEET,Vehicles fleet,8,Three-wheeler or motor-van,2018,33792
A,Annual,ITF4,Puglia,VEHICFLEET,Vehicles fleet,8,Three-wheeler or motor-van,2019,32872
A,Annual,ITF4,Puglia,VEHICFLEET,Vehicles fleet,8,Three-wheeler or motor-van,2020,32194
A,Annual,ITF4,Puglia,VEHICFLEET,Vehicles fleet,8,Three-wheeler or motor-van,2021,31619
A,Annual,ITF4,Puglia,VEHICFLEET,Vehicles fleet,8,Three-wheeler or motor-van,2022,31093
A,Annual,ITF4,Puglia,VEHICFLEET,Vehicles fleet,8,Three-wheeler or motor-van,2023,30651
A,Annual,ITF4,Puglia,VEHICFLEET,Vehicles fleet,8,Three-wheeler or motor-van,2024,30119
A,Annual,ITF4,Puglia,VEHICFLEET,Vehicles fleet,9,Other vehicles,2010,16
A,Annual,ITF4,Puglia,VEHICFLEET,Vehicles fleet,9,Other vehicles,2011,2
A,Annual,ITF4,Puglia,VEHICFLEET,Vehicles fleet,9,Other vehicles,2012,2
A,Annual,ITF4,Puglia,VEHICFLEET,Vehicles fleet,9,Other vehicles,2013,2
A,Annual,ITF4,Puglia,VEHICFLEET,Vehicles fleet,9,Other vehicles,2014,1
A,Annual,ITF4,Puglia,VEHICFLEET,Vehicles fleet,9,Other vehicles,2015,1
A,Annual,ITF4,Puglia,VEHICFLEET,Vehicles fleet,9,Other vehicles,2016,1
A,Annual,ITF4,Puglia,VEHICFLEET,Vehicles fleet,9,Other vehicles,2017,1
A,Annual,ITF4,Puglia,VEHICFLEET,Vehicles fleet,9,Other vehicles,2018,1
A,Annual,ITF4,Puglia,VEHICFLEET,Vehicles fleet,9,Other vehicles,2019,1
A,Annual,ITF4,Puglia,VEHICFLEET,Vehicles fleet,9,Other vehicles,2020,1
A,Annual,ITF4,Puglia,VEHICFLEET,Vehicles fleet,9,Other vehicles,2021,1
A,Annual,ITF4,Puglia,VEHICFLEET,Vehicles fleet,9,Other vehicles,2022,1
A,Annual,ITF4,Puglia,VEHICFLEET,Vehicles fleet,9,Other vehicles,2023,1
A,Annual,ITF4,Puglia,VEHICFLEET,Vehicles fleet,9,Other vehicles,2024,1
A,Annual,ITF4,Puglia,VEHICFLEET,Vehicles fleet,99,Totale,2010,2893202
A,Annual,ITF4,Puglia,VEHICFLEET,Vehicles fleet,99,Totale,2011,2908792
A,Annual,ITF4,Puglia,VEHICFLEET,Vehicles fleet,99,Totale,2012,2888946
A,Annual,ITF4,Puglia,VEHICFLEET,Vehicles fleet,99,Totale,2013,2864522
A,Annual,ITF4,Puglia,VEHICFLEET,Vehicles fleet,99,Totale,2014,2862659
A,Annual,ITF4,Puglia,VEHICFLEET,Vehicles fleet,99,Totale,2015,2877539
A,Annual,ITF4,Puglia,VEHICFLEET,Vehicles fleet,99,Totale,2016,2918072
A,Annual,ITF4,Puglia,VEHICFLEET,Vehicles fleet,99,Totale,2017,2966434
A,Annual,ITF4,Puglia,VEHICFLEET,Vehicles fleet,99,Totale,2018,3017085
A,Annual,ITF4,Puglia,VEHICFLEET,Vehicles fleet,99,Totale,2019,3060266
A,Annual,ITF4,Puglia,VEHICFLEET,Vehicles fleet,99,Totale,2020,3093907
A,Annual,ITF4,Puglia,VEHICFLEET,Vehicles fleet,99,Totale,2021,3124603
A,Annual,ITF4,Puglia,VEHICFLEET,Vehicles fleet,99,Totale,2022,3158735
A,Annual,ITF4,Puglia,VEHICFLEET,Vehicles fleet,99,Totale,2023,3216681
A,Annual,ITF4,Puglia,VEHICFLEET,Vehicles fleet,99,Totale,2024,3268226
A,Annual,ITF5,Basilicata,VEHICFLEET,Vehicles fleet,1,Motor cars,2010,350021
A,Annual,ITF5,Basilicata,VEHICFLEET,Vehicles fleet,1,Motor cars,2011,354416
A,Annual,ITF5,Basilicata,VEHICFLEET,Vehicles fleet,1,Motor cars,2012,355734
A,Annual,ITF5,Basilicata,VEHICFLEET,Vehicles fleet,1,Motor cars,2013,355948
A,Annual,ITF5,Basilicata,VEHICFLEET,Vehicles fleet,1,Motor cars,2014,357465
A,Annual,ITF5,Basilicata,VEHICFLEET,Vehicles fleet,1,Motor cars,2015,361041
A,Annual,ITF5,Basilicata,VEHICFLEET,Vehicles fleet,1,Motor cars,2016,365648
A,Annual,ITF5,Basilicata,VEHICFLEET,Vehicles fleet,1,Motor cars,2017,371041
A,Annual,ITF5,Basilicata,VEHICFLEET,Vehicles fleet,1,Motor cars,2018,376469
A,Annual,ITF5,Basilicata,VEHICFLEET,Vehicles fleet,1,Motor cars,2019,378819
A,Annual,ITF5,Basilicata,VEHICFLEET,Vehicles fleet,1,Motor cars,2020,381127
A,Annual,ITF5,Basilicata,VEHICFLEET,Vehicles fleet,1,Motor cars,2021,382469
A,Annual,ITF5,Basilicata,VEHICFLEET,Vehicles fleet,1,Motor cars,2022,383305
A,Annual,ITF5,Basilicata,VEHICFLEET,Vehicles fleet,1,Motor cars,2023,386908
A,Annual,ITF5,Basilicata,VEHICFLEET,Vehicles fleet,1,Motor cars,2024,391305
A,Annual,ITF5,Basilicata,VEHICFLEET,Vehicles fleet,2,Bus or trolley-bus,2010,1928
A,Annual,ITF5,Basilicata,VEHICFLEET,Vehicles fleet,2,Bus or trolley-bus,2011,1738
A,Annual,ITF5,Basilicata,VEHICFLEET,Vehicles fleet,2,Bus or trolley-bus,2012,1767
A,Annual,ITF5,Basilicata,VEHICFLEET,Vehicles fleet,2,Bus or trolley-bus,2013,1717
A,Annual,ITF5,Basilicata,VEHICFLEET,Vehicles fleet,2,Bus or trolley-bus,2014,1773
A,Annual,ITF5,Basilicata,VEHICFLEET,Vehicles fleet,2,Bus or trolley-bus,2015,1810
A,Annual,ITF5,Basilicata,VEHICFLEET,Vehicles fleet,2,Bus or trolley-bus,2016,1919
A,Annual,ITF5,Basilicata,VEHICFLEET,Vehicles fleet,2,Bus or trolley-bus,2017,1942
A,Annual,ITF5,Basilicata,VEHICFLEET,Vehicles fleet,2,Bus or trolley-bus,2018,1936
A,Annual,ITF5,Basilicata,VEHICFLEET,Vehicles fleet,2,Bus or trolley-bus,2019,1929
A,Annual,ITF5,Basilicata,VEHICFLEET,Vehicles fleet,2,Bus or trolley-bus,2020,1905
A,Annual,ITF5,Basilicata,VEHICFLEET,Vehicles fleet,2,Bus or trolley-bus,2021,1966
A,Annual,ITF5,Basilicata,VEHICFLEET,Vehicles fleet,2,Bus or trolley-bus,2022,1979
A,Annual,ITF5,Basilicata,VEHICFLEET,Vehicles fleet,2,Bus or trolley-bus,2023,1997
A,Annual,ITF5,Basilicata,VEHICFLEET,Vehicles fleet,2,Bus or trolley-bus,2024,2000
A,Annual,ITF5,Basilicata,VEHICFLEET,Vehicles fleet,10,Trucks,2010,48619
A,Annual,ITF5,Basilicata,VEHICFLEET,Vehicles fleet,10,Trucks,2011,49896
A,Annual,ITF5,Basilicata,VEHICFLEET,Vehicles fleet,10,Trucks,2012,50511
A,Annual,ITF5,Basilicata,VEHICFLEET,Vehicles fleet,10,Trucks,2013,50707
A,Annual,ITF5,Basilicata,VEHICFLEET,Vehicles fleet,10,Trucks,2014,51329
A,Annual,ITF5,Basilicata,VEHICFLEET,Vehicles fleet,10,Trucks,2015,51933
A,Annual,ITF5,Basilicata,VEHICFLEET,Vehicles fleet,10,Trucks,2016,53080
A,Annual,ITF5,Basilicata,VEHICFLEET,Vehicles fleet,10,Trucks,2017,54468
A,Annual,ITF5,Basilicata,VEHICFLEET,Vehicles fleet,10,Trucks,2018,55546
A,Annual,ITF5,Basilicata,VEHICFLEET,Vehicles fleet,10,Trucks,2019,56531
A,Annual,ITF5,Basilicata,VEHICFLEET,Vehicles fleet,10,Trucks,2020,57589
A,Annual,ITF5,Basilicata,VEHICFLEET,Vehicles fleet,10,Trucks,2021,58588
A,Annual,ITF5,Basilicata,VEHICFLEET,Vehicles fleet,10,Trucks,2022,59297
A,Annual,ITF5,Basilicata,VEHICFLEET,Vehicles fleet,10,Trucks,2023,60353
A,Annual,ITF5,Basilicata,VEHICFLEET,Vehicles fleet,10,Trucks,2024,61693
A,Annual,ITF5,Basilicata,VEHICFLEET,Vehicles fleet,11,Motor units,2010,2020
A,Annual,ITF5,Basilicata,VEHICFLEET,Vehicles fleet,11,Motor units,2011,2077
A,Annual,ITF5,Basilicata,VEHICFLEET,Vehicles fleet,11,Motor units,2012,1992
A,Annual,ITF5,Basilicata,VEHICFLEET,Vehicles fleet,11,Motor units,2013,2001
A,Annual,ITF5,Basilicata,VEHICFLEET,Vehicles fleet,11,Motor units,2014,1996
A,Annual,ITF5,Basilicata,VEHICFLEET,Vehicles fleet,11,Motor units,2015,2078
A,Annual,ITF5,Basilicata,VEHICFLEET,Vehicles fleet,11,Motor units,2016,2216
A,Annual,ITF5,Basilicata,VEHICFLEET,Vehicles fleet,11,Motor units,2017,2354
A,Annual,ITF5,Basilicata,VEHICFLEET,Vehicles fleet,11,Motor units,2018,2495
A,Annual,ITF5,Basilicata,VEHICFLEET,Vehicles fleet,11,Motor units,2019,2686
A,Annual,ITF5,Basilicata,VEHICFLEET,Vehicles fleet,11,Motor units,2020,2777
A,Annual,ITF5,Basilicata,VEHICFLEET,Vehicles fleet,11,Motor units,2021,2947
A,Annual,ITF5,Basilicata,VEHICFLEET,Vehicles fleet,11,Motor units,2022,2957
A,Annual,ITF5,Basilicata,VEHICFLEET,Vehicles fleet,11,Motor units,2023,3019
A,Annual,ITF5,Basilicata,VEHICFLEET,Vehicles fleet,11,Motor units,2024,3073
A,Annual,ITF5,Basilicata,VEHICFLEET,Vehicles fleet,12,Trailer,2010,3969
A,Annual,ITF5,Basilicata,VEHICFLEET,Vehicles fleet,12,Trailer,2011,4107
A,Annual,ITF5,Basilicata,VEHICFLEET,Vehicles fleet,12,Trailer,2012,4122
A,Annual,ITF5,Basilicata,VEHICFLEET,Vehicles fleet,12,Trailer,2013,4175
A,Annual,ITF5,Basilicata,VEHICFLEET,Vehicles fleet,12,Trailer,2014,4229
A,Annual,ITF5,Basilicata,VEHICFLEET,Vehicles fleet,12,Trailer,2015,4389
A,Annual,ITF5,Basilicata,VEHICFLEET,Vehicles fleet,12,Trailer,2016,4609
A,Annual,ITF5,Basilicata,VEHICFLEET,Vehicles fleet,12,Trailer,2017,4791
A,Annual,ITF5,Basilicata,VEHICFLEET,Vehicles fleet,12,Trailer,2018,5012
A,Annual,ITF5,Basilicata,VEHICFLEET,Vehicles fleet,12,Trailer,2019,5206
A,Annual,ITF5,Basilicata,VEHICFLEET,Vehicles fleet,12,Trailer,2020,5399
A,Annual,ITF5,Basilicata,VEHICFLEET,Vehicles fleet,12,Trailer,2021,5615
A,Annual,ITF5,Basilicata,VEHICFLEET,Vehicles fleet,12,Trailer,2022,5774
A,Annual,ITF5,Basilicata,VEHICFLEET,Vehicles fleet,12,Trailer,2023,5911
A,Annual,ITF5,Basilicata,VEHICFLEET,Vehicles fleet,12,Trailer,2024,6049
A,Annual,ITF5,Basilicata,VEHICFLEET,Vehicles fleet,7,Motorcycles,2010,33919
A,Annual,ITF5,Basilicata,VEHICFLEET,Vehicles fleet,7,Motorcycles,2011,34959
A,Annual,ITF5,Basilicata,VEHICFLEET,Vehicles fleet,7,Motorcycles,2012,35641
A,Annual,ITF5,Basilicata,VEHICFLEET,Vehicles fleet,7,Motorcycles,2013,35865
A,Annual,ITF5,Basilicata,VEHICFLEET,Vehicles fleet,7,Motorcycles,2014,36104
A,Annual,ITF5,Basilicata,VEHICFLEET,Vehicles fleet,7,Motorcycles,2015,36485
A,Annual,ITF5,Basilicata,VEHICFLEET,Vehicles fleet,7,Motorcycles,2016,36971
A,Annual,ITF5,Basilicata,VEHICFLEET,Vehicles fleet,7,Motorcycles,2017,37507
A,Annual,ITF5,Basilicata,VEHICFLEET,Vehicles fleet,7,Motorcycles,2018,38072
A,Annual,ITF5,Basilicata,VEHICFLEET,Vehicles fleet,7,Motorcycles,2019,38556
A,Annual,ITF5,Basilicata,VEHICFLEET,Vehicles fleet,7,Motorcycles,2020,39389
A,Annual,ITF5,Basilicata,VEHICFLEET,Vehicles fleet,7,Motorcycles,2021,40692
A,Annual,ITF5,Basilicata,VEHICFLEET,Vehicles fleet,7,Motorcycles,2022,41810
A,Annual,ITF5,Basilicata,VEHICFLEET,Vehicles fleet,7,Motorcycles,2023,43212
A,Annual,ITF5,Basilicata,VEHICFLEET,Vehicles fleet,7,Motorcycles,2024,45206
A,Annual,ITF5,Basilicata,VEHICFLEET,Vehicles fleet,8,Three-wheeler or motor-van,2010,4749
A,Annual,ITF5,Basilicata,VEHICFLEET,Vehicles fleet,8,Three-wheeler or motor-van,2011,4701
A,Annual,ITF5,Basilicata,VEHICFLEET,Vehicles fleet,8,Three-wheeler or motor-van,2012,4605
A,Annual,ITF5,Basilicata,VEHICFLEET,Vehicles fleet,8,Three-wheeler or motor-van,2013,4549
A,Annual,ITF5,Basilicata,VEHICFLEET,Vehicles fleet,8,Three-wheeler or motor-van,2014,4480
A,Annual,ITF5,Basilicata,VEHICFLEET,Vehicles fleet,8,Three-wheeler or motor-van,2015,4401
A,Annual,ITF5,Basilicata,VEHICFLEET,Vehicles fleet,8,Three-wheeler or motor-van,2016,4358
A,Annual,ITF5,Basilicata,VEHICFLEET,Vehicles fleet,8,Three-wheeler or motor-van,2017,4296
A,Annual,ITF5,Basilicata,VEHICFLEET,Vehicles fleet,8,Three-wheeler or motor-van,2018,4214
A,Annual,ITF5,Basilicata,VEHICFLEET,Vehicles fleet,8,Three-wheeler or motor-van,2019,4134
A,Annual,ITF5,Basilicata,VEHICFLEET,Vehicles fleet,8,Three-wheeler or motor-van,2020,4070
A,Annual,ITF5,Basilicata,VEHICFLEET,Vehicles fleet,8,Three-wheeler or motor-van,2021,4070
A,Annual,ITF5,Basilicata,VEHICFLEET,Vehicles fleet,8,Three-wheeler or motor-van,2022,4036
A,Annual,ITF5,Basilicata,VEHICFLEET,Vehicles fleet,8,Three-wheeler or motor-van,2023,3986
A,Annual,ITF5,Basilicata,VEHICFLEET,Vehicles fleet,8,Three-wheeler or motor-van,2024,3971
A,Annual,ITF5,Basilicata,VEHICFLEET,Vehicles fleet,9,Other vehicles,2010,1
A,Annual,ITF5,Basilicata,VEHICFLEET,Vehicles fleet,9,Other vehicles,2011,0
A,Annual,ITF5,Basilicata,VEHICFLEET,Vehicles fleet,9,Other vehicles,2012,0
A,Annual,ITF5,Basilicata,VEHICFLEET,Vehicles fleet,9,Other vehicles,2013,0
A,Annual,ITF5,Basilicata,VEHICFLEET,Vehicles fleet,9,Other vehicles,2014,0
A,Annual,ITF5,Basilicata,VEHICFLEET,Vehicles fleet,9,Other vehicles,2015,0
A,Annual,ITF5,Basilicata,VEHICFLEET,Vehicles fleet,9,Other vehicles,2016,0
A,Annual,ITF5,Basilicata,VEHICFLEET,Vehicles fleet,9,Other vehicles,2017,0
A,Annual,ITF5,Basilicata,VEHICFLEET,Vehicles fleet,9,Other vehicles,2018,0
A,Annual,ITF5,Basilicata,VEHICFLEET,Vehicles fleet,9,Other vehicles,2019,0
A,Annual,ITF5,Basilicata,VEHICFLEET,Vehicles fleet,9,Other vehicles,2020,0
A,Annual,ITF5,Basilicata,VEHICFLEET,Vehicles fleet,9,Other vehicles,2021,0
A,Annual,ITF5,Basilicata,VEHICFLEET,Vehicles fleet,9,Other vehicles,2022,0
A,Annual,ITF5,Basilicata,VEHICFLEET,Vehicles fleet,9,Other vehicles,2023,0
A,Annual,ITF5,Basilicata,VEHICFLEET,Vehicles fleet,9,Other vehicles,2024,0
A,Annual,ITF5,Basilicata,VEHICFLEET,Vehicles fleet,99,Totale,2010,445226
A,Annual,ITF5,Basilicata,VEHICFLEET,Vehicles fleet,99,Totale,2011,451894
A,Annual,ITF5,Basilicata,VEHICFLEET,Vehicles fleet,99,Totale,2012,454372
A,Annual,ITF5,Basilicata,VEHICFLEET,Vehicles fleet,99,Totale,2013,454962
A,Annual,ITF5,Basilicata,VEHICFLEET,Vehicles fleet,99,Totale,2014,457376
A,Annual,ITF5,Basilicata,VEHICFLEET,Vehicles fleet,99,Totale,2015,462137
A,Annual,ITF5,Basilicata,VEHICFLEET,Vehicles fleet,99,Totale,2016,468801
A,Annual,ITF5,Basilicata,VEHICFLEET,Vehicles fleet,99,Totale,2017,476399
A,Annual,ITF5,Basilicata,VEHICFLEET,Vehicles fleet,99,Totale,2018,483744
A,Annual,ITF5,Basilicata,VEHICFLEET,Vehicles fleet,99,Totale,2019,487861
A,Annual,ITF5,Basilicata,VEHICFLEET,Vehicles fleet,99,Totale,2020,492256
A,Annual,ITF5,Basilicata,VEHICFLEET,Vehicles fleet,99,Totale,2021,496347
A,Annual,ITF5,Basilicata,VEHICFLEET,Vehicles fleet,99,Totale,2022,499158
A,Annual,ITF5,Basilicata,VEHICFLEET,Vehicles fleet,99,Totale,2023,505386
A,Annual,ITF5,Basilicata,VEHICFLEET,Vehicles fleet,99,Totale,2024,513297
A,Annual,ITF6,Calabria,VEHICFLEET,Vehicles fleet,1,Motor cars,2010,1195069
A,Annual,ITF6,Calabria,VEHICFLEET,Vehicles fleet,1,Motor cars,2011,1210086
A,Annual,ITF6,Calabria,VEHICFLEET,Vehicles fleet,1,Motor cars,2012,1211113
A,Annual,ITF6,Calabria,VEHICFLEET,Vehicles fleet,1,Motor cars,2013,1211292
A,Annual,ITF6,Calabria,VEHICFLEET,Vehicles fleet,1,Motor cars,2014,1215172
A,Annual,ITF6,Calabria,VEHICFLEET,Vehicles fleet,1,Motor cars,2015,1222913
A,Annual,ITF6,Calabria,VEHICFLEET,Vehicles fleet,1,Motor cars,2016,1238336
A,Annual,ITF6,Calabria,VEHICFLEET,Vehicles fleet,1,Motor cars,2017,1259697
A,Annual,ITF6,Calabria,VEHICFLEET,Vehicles fleet,1,Motor cars,2018,1280935
A,Annual,ITF6,Calabria,VEHICFLEET,Vehicles fleet,1,Motor cars,2019,1302302
A,Annual,ITF6,Calabria,VEHICFLEET,Vehicles fleet,1,Motor cars,2020,1319074
A,Annual,ITF6,Calabria,VEHICFLEET,Vehicles fleet,1,Motor cars,2021,1329395
A,Annual,ITF6,Calabria,VEHICFLEET,Vehicles fleet,1,Motor cars,2022,1338121
A,Annual,ITF6,Calabria,VEHICFLEET,Vehicles fleet,1,Motor cars,2023,1357152
A,Annual,ITF6,Calabria,VEHICFLEET,Vehicles fleet,1,Motor cars,2024,1376514
A,Annual,ITF6,Calabria,VEHICFLEET,Vehicles fleet,2,Bus or trolley-bus,2010,4856
A,Annual,ITF6,Calabria,VEHICFLEET,Vehicles fleet,2,Bus or trolley-bus,2011,4963
A,Annual,ITF6,Calabria,VEHICFLEET,Vehicles fleet,2,Bus or trolley-bus,2012,4947
A,Annual,ITF6,Calabria,VEHICFLEET,Vehicles fleet,2,Bus or trolley-bus,2013,4948
A,Annual,ITF6,Calabria,VEHICFLEET,Vehicles fleet,2,Bus or trolley-bus,2014,4927
A,Annual,ITF6,Calabria,VEHICFLEET,Vehicles fleet,2,Bus or trolley-bus,2015,4874
A,Annual,ITF6,Calabria,VEHICFLEET,Vehicles fleet,2,Bus or trolley-bus,2016,4848
A,Annual,ITF6,Calabria,VEHICFLEET,Vehicles fleet,2,Bus or trolley-bus,2017,4825
A,Annual,ITF6,Calabria,VEHICFLEET,Vehicles fleet,2,Bus or trolley-bus,2018,4882
A,Annual,ITF6,Calabria,VEHICFLEET,Vehicles fleet,2,Bus or trolley-bus,2019,4785
A,Annual,ITF6,Calabria,VEHICFLEET,Vehicles fleet,2,Bus or trolley-bus,2020,4797
A,Annual,ITF6,Calabria,VEHICFLEET,Vehicles fleet,2,Bus or trolley-bus,2021,4800
A,Annual,ITF6,Calabria,VEHICFLEET,Vehicles fleet,2,Bus or trolley-bus,2022,4801
A,Annual,ITF6,Calabria,VEHICFLEET,Vehicles fleet,2,Bus or trolley-bus,2023,4901
A,Annual,ITF6,Calabria,VEHICFLEET,Vehicles fleet,2,Bus or trolley-bus,2024,5026
A,Annual,ITF6,Calabria,VEHICFLEET,Vehicles fleet,10,Trucks,2010,156655
A,Annual,ITF6,Calabria,VEHICFLEET,Vehicles fleet,10,Trucks,2011,160253
A,Annual,ITF6,Calabria,VEHICFLEET,Vehicles fleet,10,Trucks,2012,161500
A,Annual,ITF6,Calabria,VEHICFLEET,Vehicles fleet,10,Trucks,2013,161534
A,Annual,ITF6,Calabria,VEHICFLEET,Vehicles fleet,10,Trucks,2014,162040
A,Annual,ITF6,Calabria,VEHICFLEET,Vehicles fleet,10,Trucks,2015,163207
A,Annual,ITF6,Calabria,VEHICFLEET,Vehicles fleet,10,Trucks,2016,165990
A,Annual,ITF6,Calabria,VEHICFLEET,Vehicles fleet,10,Trucks,2017,169055
A,Annual,ITF6,Calabria,VEHICFLEET,Vehicles fleet,10,Trucks,2018,171533
A,Annual,ITF6,Calabria,VEHICFLEET,Vehicles fleet,10,Trucks,2019,174185
A,Annual,ITF6,Calabria,VEHICFLEET,Vehicles fleet,10,Trucks,2020,177293
A,Annual,ITF6,Calabria,VEHICFLEET,Vehicles fleet,10,Trucks,2021,180182
A,Annual,ITF6,Calabria,VEHICFLEET,Vehicles fleet,10,Trucks,2022,183044
A,Annual,ITF6,Calabria,VEHICFLEET,Vehicles fleet,10,Trucks,2023,185748
A,Annual,ITF6,Calabria,VEHICFLEET,Vehicles fleet,10,Trucks,2024,189881
A,Annual,ITF6,Calabria,VEHICFLEET,Vehicles fleet,11,Motor units,2010,5717
A,Annual,ITF6,Calabria,VEHICFLEET,Vehicles fleet,11,Motor units,2011,5779
A,Annual,ITF6,Calabria,VEHICFLEET,Vehicles fleet,11,Motor units,2012,5639
A,Annual,ITF6,Calabria,VEHICFLEET,Vehicles fleet,11,Motor units,2013,5447
A,Annual,ITF6,Calabria,VEHICFLEET,Vehicles fleet,11,Motor units,2014,5420
A,Annual,ITF6,Calabria,VEHICFLEET,Vehicles fleet,11,Motor units,2015,5496
A,Annual,ITF6,Calabria,VEHICFLEET,Vehicles fleet,11,Motor units,2016,5773
A,Annual,ITF6,Calabria,VEHICFLEET,Vehicles fleet,11,Motor units,2017,6137
A,Annual,ITF6,Calabria,VEHICFLEET,Vehicles fleet,11,Motor units,2018,6560
A,Annual,ITF6,Calabria,VEHICFLEET,Vehicles fleet,11,Motor units,2019,6810
A,Annual,ITF6,Calabria,VEHICFLEET,Vehicles fleet,11,Motor units,2020,7039
A,Annual,ITF6,Calabria,VEHICFLEET,Vehicles fleet,11,Motor units,2021,7269
A,Annual,ITF6,Calabria,VEHICFLEET,Vehicles fleet,11,Motor units,2022,7489
A,Annual,ITF6,Calabria,VEHICFLEET,Vehicles fleet,11,Motor units,2023,7761
A,Annual,ITF6,Calabria,VEHICFLEET,Vehicles fleet,11,Motor units,2024,8063
A,Annual,ITF6,Calabria,VEHICFLEET,Vehicles fleet,12,Trailer,2010,10476
A,Annual,ITF6,Calabria,VEHICFLEET,Vehicles fleet,12,Trailer,2011,10642
A,Annual,ITF6,Calabria,VEHICFLEET,Vehicles fleet,12,Trailer,2012,10665
A,Annual,ITF6,Calabria,VEHICFLEET,Vehicles fleet,12,Trailer,2013,10537
A,Annual,ITF6,Calabria,VEHICFLEET,Vehicles fleet,12,Trailer,2014,10590
A,Annual,ITF6,Calabria,VEHICFLEET,Vehicles fleet,12,Trailer,2015,10677
A,Annual,ITF6,Calabria,VEHICFLEET,Vehicles fleet,12,Trailer,2016,10916
A,Annual,ITF6,Calabria,VEHICFLEET,Vehicles fleet,12,Trailer,2017,11218
A,Annual,ITF6,Calabria,VEHICFLEET,Vehicles fleet,12,Trailer,2018,11613
A,Annual,ITF6,Calabria,VEHICFLEET,Vehicles fleet,12,Trailer,2019,11863
A,Annual,ITF6,Calabria,VEHICFLEET,Vehicles fleet,12,Trailer,2020,12173
A,Annual,ITF6,Calabria,VEHICFLEET,Vehicles fleet,12,Trailer,2021,12553
A,Annual,ITF6,Calabria,VEHICFLEET,Vehicles fleet,12,Trailer,2022,12967
A,Annual,ITF6,Calabria,VEHICFLEET,Vehicles fleet,12,Trailer,2023,13239
A,Annual,ITF6,Calabria,VEHICFLEET,Vehicles fleet,12,Trailer,2024,13544
A,Annual,ITF6,Calabria,VEHICFLEET,Vehicles fleet,7,Motorcycles,2010,139032
A,Annual,ITF6,Calabria,VEHICFLEET,Vehicles fleet,7,Motorcycles,2011,141245
A,Annual,ITF6,Calabria,VEHICFLEET,Vehicles fleet,7,Motorcycles,2012,141345
A,Annual,ITF6,Calabria,VEHICFLEET,Vehicles fleet,7,Motorcycles,2013,141058
A,Annual,ITF6,Calabria,VEHICFLEET,Vehicles fleet,7,Motorcycles,2014,140915
A,Annual,ITF6,Calabria,VEHICFLEET,Vehicles fleet,7,Motorcycles,2015,140945
A,Annual,ITF6,Calabria,VEHICFLEET,Vehicles fleet,7,Motorcycles,2016,141436
A,Annual,ITF6,Calabria,VEHICFLEET,Vehicles fleet,7,Motorcycles,2017,142561
A,Annual,ITF6,Calabria,VEHICFLEET,Vehicles fleet,7,Motorcycles,2018,144061
A,Annual,ITF6,Calabria,VEHICFLEET,Vehicles fleet,7,Motorcycles,2019,145647
A,Annual,ITF6,Calabria,VEHICFLEET,Vehicles fleet,7,Motorcycles,2020,148882
A,Annual,ITF6,Calabria,VEHICFLEET,Vehicles fleet,7,Motorcycles,2021,153542
A,Annual,ITF6,Calabria,VEHICFLEET,Vehicles fleet,7,Motorcycles,2022,158350
A,Annual,ITF6,Calabria,VEHICFLEET,Vehicles fleet,7,Motorcycles,2023,164602
A,Annual,ITF6,Calabria,VEHICFLEET,Vehicles fleet,7,Motorcycles,2024,171781
A,Annual,ITF6,Calabria,VEHICFLEET,Vehicles fleet,8,Three-wheeler or motor-van,2010,27119
A,Annual,ITF6,Calabria,VEHICFLEET,Vehicles fleet,8,Three-wheeler or motor-van,2011,27097
A,Annual,ITF6,Calabria,VEHICFLEET,Vehicles fleet,8,Three-wheeler or motor-van,2012,26816
A,Annual,ITF6,Calabria,VEHICFLEET,Vehicles fleet,8,Three-wheeler or motor-van,2013,26478
A,Annual,ITF6,Calabria,VEHICFLEET,Vehicles fleet,8,Three-wheeler or motor-van,2014,26231
A,Annual,ITF6,Calabria,VEHICFLEET,Vehicles fleet,8,Three-wheeler or motor-van,2015,25979
A,Annual,ITF6,Calabria,VEHICFLEET,Vehicles fleet,8,Three-wheeler or motor-van,2016,25798
A,Annual,ITF6,Calabria,VEHICFLEET,Vehicles fleet,8,Three-wheeler or motor-van,2017,25580
A,Annual,ITF6,Calabria,VEHICFLEET,Vehicles fleet,8,Three-wheeler or motor-van,2018,25313
A,Annual,ITF6,Calabria,VEHICFLEET,Vehicles fleet,8,Three-wheeler or motor-van,2019,25074
A,Annual,ITF6,Calabria,VEHICFLEET,Vehicles fleet,8,Three-wheeler or motor-van,2020,24975
A,Annual,ITF6,Calabria,VEHICFLEET,Vehicles fleet,8,Three-wheeler or motor-van,2021,24872
A,Annual,ITF6,Calabria,VEHICFLEET,Vehicles fleet,8,Three-wheeler or motor-van,2022,24829
A,Annual,ITF6,Calabria,VEHICFLEET,Vehicles fleet,8,Three-wheeler or motor-van,2023,24794
A,Annual,ITF6,Calabria,VEHICFLEET,Vehicles fleet,8,Three-wheeler or motor-van,2024,24748
A,Annual,ITF6,Calabria,VEHICFLEET,Vehicles fleet,9,Other vehicles,2010,15
A,Annual,ITF6,Calabria,VEHICFLEET,Vehicles fleet,9,Other vehicles,2011,2
A,Annual,ITF6,Calabria,VEHICFLEET,Vehicles fleet,9,Other vehicles,2012,1
A,Annual,ITF6,Calabria,VEHICFLEET,Vehicles fleet,9,Other vehicles,2013,1
A,Annual,ITF6,Calabria,VEHICFLEET,Vehicles fleet,9,Other vehicles,2014,1
A,Annual,ITF6,Calabria,VEHICFLEET,Vehicles fleet,9,Other vehicles,2015,1
A,Annual,ITF6,Calabria,VEHICFLEET,Vehicles fleet,9,Other vehicles,2016,1
A,Annual,ITF6,Calabria,VEHICFLEET,Vehicles fleet,9,Other vehicles,2017,1
A,Annual,ITF6,Calabria,VEHICFLEET,Vehicles fleet,9,Other vehicles,2018,1
A,Annual,ITF6,Calabria,VEHICFLEET,Vehicles fleet,9,Other vehicles,2019,1
A,Annual,ITF6,Calabria,VEHICFLEET,Vehicles fleet,9,Other vehicles,2020,0
A,Annual,ITF6,Calabria,VEHICFLEET,Vehicles fleet,9,Other vehicles,2021,0
A,Annual,ITF6,Calabria,VEHICFLEET,Vehicles fleet,9,Other vehicles,2022,0
A,Annual,ITF6,Calabria,VEHICFLEET,Vehicles fleet,9,Other vehicles,2023,0
A,Annual,ITF6,Calabria,VEHICFLEET,Vehicles fleet,9,Other vehicles,2024,0
A,Annual,ITF6,Calabria,VEHICFLEET,Vehicles fleet,99,Totale,2010,1538939
A,Annual,ITF6,Calabria,VEHICFLEET,Vehicles fleet,99,Totale,2011,1560067
A,Annual,ITF6,Calabria,VEHICFLEET,Vehicles fleet,99,Totale,2012,1562026
A,Annual,ITF6,Calabria,VEHICFLEET,Vehicles fleet,99,Totale,2013,1561295
A,Annual,ITF6,Calabria,VEHICFLEET,Vehicles fleet,99,Totale,2014,1565296
A,Annual,ITF6,Calabria,VEHICFLEET,Vehicles fleet,99,Totale,2015,1574092
A,Annual,ITF6,Calabria,VEHICFLEET,Vehicles fleet,99,Totale,2016,1593098
A,Annual,ITF6,Calabria,VEHICFLEET,Vehicles fleet,99,Totale,2017,1619074
A,Annual,ITF6,Calabria,VEHICFLEET,Vehicles fleet,99,Totale,2018,1644898
A,Annual,ITF6,Calabria,VEHICFLEET,Vehicles fleet,99,Totale,2019,1670667
A,Annual,ITF6,Calabria,VEHICFLEET,Vehicles fleet,99,Totale,2020,1694233
A,Annual,ITF6,Calabria,VEHICFLEET,Vehicles fleet,99,Totale,2021,1712613
A,Annual,ITF6,Calabria,VEHICFLEET,Vehicles fleet,99,Totale,2022,1729601
A,Annual,ITF6,Calabria,VEHICFLEET,Vehicles fleet,99,Totale,2023,1758197
A,Annual,ITF6,Calabria,VEHICFLEET,Vehicles fleet,99,Totale,2024,1789557
A,Annual,ITG1,Sicilia,VEHICFLEET,Vehicles fleet,1,Motor cars,2010,3113289
A,Annual,ITG1,Sicilia,VEHICFLEET,Vehicles fleet,1,Motor cars,2011,3145777
A,Annual,ITG1,Sicilia,VEHICFLEET,Vehicles fleet,1,Motor cars,2012,3142254
A,Annual,ITG1,Sicilia,VEHICFLEET,Vehicles fleet,1,Motor cars,2013,3138552
A,Annual,ITG1,Sicilia,VEHICFLEET,Vehicles fleet,1,Motor cars,2014,3146197
A,Annual,ITG1,Sicilia,VEHICFLEET,Vehicles fleet,1,Motor cars,2015,3169439
A,Annual,ITG1,Sicilia,VEHICFLEET,Vehicles fleet,1,Motor cars,2016,3209347
A,Annual,ITG1,Sicilia,VEHICFLEET,Vehicles fleet,1,Motor cars,2017,3258041
A,Annual,ITG1,Sicilia,VEHICFLEET,Vehicles fleet,1,Motor cars,2018,3306796
A,Annual,ITG1,Sicilia,VEHICFLEET,Vehicles fleet,1,Motor cars,2019,3354491
A,Annual,ITG1,Sicilia,VEHICFLEET,Vehicles fleet,1,Motor cars,2020,3389773
A,Annual,ITG1,Sicilia,VEHICFLEET,Vehicles fleet,1,Motor cars,2021,3418030
A,Annual,ITG1,Sicilia,VEHICFLEET,Vehicles fleet,1,Motor cars,2022,3438078
A,Annual,ITG1,Sicilia,VEHICFLEET,Vehicles fleet,1,Motor cars,2023,3473139
A,Annual,ITG1,Sicilia,VEHICFLEET,Vehicles fleet,1,Motor cars,2024,3508207
A,Annual,ITG1,Sicilia,VEHICFLEET,Vehicles fleet,2,Bus or trolley-bus,2010,7762
A,Annual,ITG1,Sicilia,VEHICFLEET,Vehicles fleet,2,Bus or trolley-bus,2011,7692
A,Annual,ITG1,Sicilia,VEHICFLEET,Vehicles fleet,2,Bus or trolley-bus,2012,7691
A,Annual,ITG1,Sicilia,VEHICFLEET,Vehicles fleet,2,Bus or trolley-bus,2013,7555
A,Annual,ITG1,Sicilia,VEHICFLEET,Vehicles fleet,2,Bus or trolley-bus,2014,7530
A,Annual,ITG1,Sicilia,VEHICFLEET,Vehicles fleet,2,Bus or trolley-bus,2015,7447
A,Annual,ITG1,Sicilia,VEHICFLEET,Vehicles fleet,2,Bus or trolley-bus,2016,7387
A,Annual,ITG1,Sicilia,VEHICFLEET,Vehicles fleet,2,Bus or trolley-bus,2017,7474
A,Annual,ITG1,Sicilia,VEHICFLEET,Vehicles fleet,2,Bus or trolley-bus,2018,7578
A,Annual,ITG1,Sicilia,VEHICFLEET,Vehicles fleet,2,Bus or trolley-bus,2019,7566
A,Annual,ITG1,Sicilia,VEHICFLEET,Vehicles fleet,2,Bus or trolley-bus,2020,7542
A,Annual,ITG1,Sicilia,VEHICFLEET,Vehicles fleet,2,Bus or trolley-bus,2021,7399
A,Annual,ITG1,Sicilia,VEHICFLEET,Vehicles fleet,2,Bus or trolley-bus,2022,7424
A,Annual,ITG1,Sicilia,VEHICFLEET,Vehicles fleet,2,Bus or trolley-bus,2023,7591
A,Annual,ITG1,Sicilia,VEHICFLEET,Vehicles fleet,2,Bus or trolley-bus,2024,7935
A,Annual,ITG1,Sicilia,VEHICFLEET,Vehicles fleet,10,Trucks,2010,361539
A,Annual,ITG1,Sicilia,VEHICFLEET,Vehicles fleet,10,Trucks,2011,369723
A,Annual,ITG1,Sicilia,VEHICFLEET,Vehicles fleet,10,Trucks,2012,372526
A,Annual,ITG1,Sicilia,VEHICFLEET,Vehicles fleet,10,Trucks,2013,373648
A,Annual,ITG1,Sicilia,VEHICFLEET,Vehicles fleet,10,Trucks,2014,377286
A,Annual,ITG1,Sicilia,VEHICFLEET,Vehicles fleet,10,Trucks,2015,381772
A,Annual,ITG1,Sicilia,VEHICFLEET,Vehicles fleet,10,Trucks,2016,389681
A,Annual,ITG1,Sicilia,VEHICFLEET,Vehicles fleet,10,Trucks,2017,397677
A,Annual,ITG1,Sicilia,VEHICFLEET,Vehicles fleet,10,Trucks,2018,404580
A,Annual,ITG1,Sicilia,VEHICFLEET,Vehicles fleet,10,Trucks,2019,410727
A,Annual,ITG1,Sicilia,VEHICFLEET,Vehicles fleet,10,Trucks,2020,417484
A,Annual,ITG1,Sicilia,VEHICFLEET,Vehicles fleet,10,Trucks,2021,425770
A,Annual,ITG1,Sicilia,VEHICFLEET,Vehicles fleet,10,Trucks,2022,431107
A,Annual,ITG1,Sicilia,VEHICFLEET,Vehicles fleet,10,Trucks,2023,436642
A,Annual,ITG1,Sicilia,VEHICFLEET,Vehicles fleet,10,Trucks,2024,445133
A,Annual,ITG1,Sicilia,VEHICFLEET,Vehicles fleet,11,Motor units,2010,12129
A,Annual,ITG1,Sicilia,VEHICFLEET,Vehicles fleet,11,Motor units,2011,12487
A,Annual,ITG1,Sicilia,VEHICFLEET,Vehicles fleet,11,Motor units,2012,12202
A,Annual,ITG1,Sicilia,VEHICFLEET,Vehicles fleet,11,Motor units,2013,11927
A,Annual,ITG1,Sicilia,VEHICFLEET,Vehicles fleet,11,Motor units,2014,11966
A,Annual,ITG1,Sicilia,VEHICFLEET,Vehicles fleet,11,Motor units,2015,12282
A,Annual,ITG1,Sicilia,VEHICFLEET,Vehicles fleet,11,Motor units,2016,12807
A,Annual,ITG1,Sicilia,VEHICFLEET,Vehicles fleet,11,Motor units,2017,13586
A,Annual,ITG1,Sicilia,VEHICFLEET,Vehicles fleet,11,Motor units,2018,14313
A,Annual,ITG1,Sicilia,VEHICFLEET,Vehicles fleet,11,Motor units,2019,14951
A,Annual,ITG1,Sicilia,VEHICFLEET,Vehicles fleet,11,Motor units,2020,15375
A,Annual,ITG1,Sicilia,VEHICFLEET,Vehicles fleet,11,Motor units,2021,16163
A,Annual,ITG1,Sicilia,VEHICFLEET,Vehicles fleet,11,Motor units,2022,16709
A,Annual,ITG1,Sicilia,VEHICFLEET,Vehicles fleet,11,Motor units,2023,17095
A,Annual,ITG1,Sicilia,VEHICFLEET,Vehicles fleet,11,Motor units,2024,17620
A,Annual,ITG1,Sicilia,VEHICFLEET,Vehicles fleet,12,Trailer,2010,26876
A,Annual,ITG1,Sicilia,VEHICFLEET,Vehicles fleet,12,Trailer,2011,28001
A,Annual,ITG1,Sicilia,VEHICFLEET,Vehicles fleet,12,Trailer,2012,28369
A,Annual,ITG1,Sicilia,VEHICFLEET,Vehicles fleet,12,Trailer,2013,28468
A,Annual,ITG1,Sicilia,VEHICFLEET,Vehicles fleet,12,Trailer,2014,28997
A,Annual,ITG1,Sicilia,VEHICFLEET,Vehicles fleet,12,Trailer,2015,30171
A,Annual,ITG1,Sicilia,VEHICFLEET,Vehicles fleet,12,Trailer,2016,31315
A,Annual,ITG1,Sicilia,VEHICFLEET,Vehicles fleet,12,Trailer,2017,32844
A,Annual,ITG1,Sicilia,VEHICFLEET,Vehicles fleet,12,Trailer,2018,34049
A,Annual,ITG1,Sicilia,VEHICFLEET,Vehicles fleet,12,Trailer,2019,35426
A,Annual,ITG1,Sicilia,VEHICFLEET,Vehicles fleet,12,Trailer,2020,36459
A,Annual,ITG1,Sicilia,VEHICFLEET,Vehicles fleet,12,Trailer,2021,38063
A,Annual,ITG1,Sicilia,VEHICFLEET,Vehicles fleet,12,Trailer,2022,39566
A,Annual,ITG1,Sicilia,VEHICFLEET,Vehicles fleet,12,Trailer,2023,40826
A,Annual,ITG1,Sicilia,VEHICFLEET,Vehicles fleet,12,Trailer,2024,42223
A,Annual,ITG1,Sicilia,VEHICFLEET,Vehicles fleet,7,Motorcycles,2010,624862
A,Annual,ITG1,Sicilia,VEHICFLEET,Vehicles fleet,7,Motorcycles,2011,637214
A,Annual,ITG1,Sicilia,VEHICFLEET,Vehicles fleet,7,Motorcycles,2012,641453
A,Annual,ITG1,Sicilia,VEHICFLEET,Vehicles fleet,7,Motorcycles,2013,641505
A,Annual,ITG1,Sicilia,VEHICFLEET,Vehicles fleet,7,Motorcycles,2014,642122
A,Annual,ITG1,Sicilia,VEHICFLEET,Vehicles fleet,7,Motorcycles,2015,645240
A,Annual,ITG1,Sicilia,VEHICFLEET,Vehicles fleet,7,Motorcycles,2016,650798
A,Annual,ITG1,Sicilia,VEHICFLEET,Vehicles fleet,7,Motorcycles,2017,657749
A,Annual,ITG1,Sicilia,VEHICFLEET,Vehicles fleet,7,Motorcycles,2018,664901
A,Annual,ITG1,Sicilia,VEHICFLEET,Vehicles fleet,7,Motorcycles,2019,672803
A,Annual,ITG1,Sicilia,VEHICFLEET,Vehicles fleet,7,Motorcycles,2020,684678
A,Annual,ITG1,Sicilia,VEHICFLEET,Vehicles fleet,7,Motorcycles,2021,703751
A,Annual,ITG1,Sicilia,VEHICFLEET,Vehicles fleet,7,Motorcycles,2022,719592
A,Annual,ITG1,Sicilia,VEHICFLEET,Vehicles fleet,7,Motorcycles,2023,738874
A,Annual,ITG1,Sicilia,VEHICFLEET,Vehicles fleet,7,Motorcycles,2024,763467
A,Annual,ITG1,Sicilia,VEHICFLEET,Vehicles fleet,8,Three-wheeler or motor-van,2010,45205
A,Annual,ITG1,Sicilia,VEHICFLEET,Vehicles fleet,8,Three-wheeler or motor-van,2011,44993
A,Annual,ITG1,Sicilia,VEHICFLEET,Vehicles fleet,8,Three-wheeler or motor-van,2012,44631
A,Annual,ITG1,Sicilia,VEHICFLEET,Vehicles fleet,8,Three-wheeler or motor-van,2013,44180
A,Annual,ITG1,Sicilia,VEHICFLEET,Vehicles fleet,8,Three-wheeler or motor-van,2014,43826
A,Annual,ITG1,Sicilia,VEHICFLEET,Vehicles fleet,8,Three-wheeler or motor-van,2015,43571
A,Annual,ITG1,Sicilia,VEHICFLEET,Vehicles fleet,8,Three-wheeler or motor-van,2016,43434
A,Annual,ITG1,Sicilia,VEHICFLEET,Vehicles fleet,8,Three-wheeler or motor-van,2017,43102
A,Annual,ITG1,Sicilia,VEHICFLEET,Vehicles fleet,8,Three-wheeler or motor-van,2018,42783
A,Annual,ITG1,Sicilia,VEHICFLEET,Vehicles fleet,8,Three-wheeler or motor-van,2019,42338
A,Annual,ITG1,Sicilia,VEHICFLEET,Vehicles fleet,8,Three-wheeler or motor-van,2020,41997
A,Annual,ITG1,Sicilia,VEHICFLEET,Vehicles fleet,8,Three-wheeler or motor-van,2021,41732
A,Annual,ITG1,Sicilia,VEHICFLEET,Vehicles fleet,8,Three-wheeler or motor-van,2022,41155
A,Annual,ITG1,Sicilia,VEHICFLEET,Vehicles fleet,8,Three-wheeler or motor-van,2023,40739
A,Annual,ITG1,Sicilia,VEHICFLEET,Vehicles fleet,8,Three-wheeler or motor-van,2024,40547
A,Annual,ITG1,Sicilia,VEHICFLEET,Vehicles fleet,9,Other vehicles,2010,43
A,Annual,ITG1,Sicilia,VEHICFLEET,Vehicles fleet,9,Other vehicles,2011,4
A,Annual,ITG1,Sicilia,VEHICFLEET,Vehicles fleet,9,Other vehicles,2012,4
A,Annual,ITG1,Sicilia,VEHICFLEET,Vehicles fleet,9,Other vehicles,2013,4
A,Annual,ITG1,Sicilia,VEHICFLEET,Vehicles fleet,9,Other vehicles,2014,4
A,Annual,ITG1,Sicilia,VEHICFLEET,Vehicles fleet,9,Other vehicles,2015,4
A,Annual,ITG1,Sicilia,VEHICFLEET,Vehicles fleet,9,Other vehicles,2016,4
A,Annual,ITG1,Sicilia,VEHICFLEET,Vehicles fleet,9,Other vehicles,2017,4
A,Annual,ITG1,Sicilia,VEHICFLEET,Vehicles fleet,9,Other vehicles,2018,3
A,Annual,ITG1,Sicilia,VEHICFLEET,Vehicles fleet,9,Other vehicles,2019,3
A,Annual,ITG1,Sicilia,VEHICFLEET,Vehicles fleet,9,Other vehicles,2020,4
A,Annual,ITG1,Sicilia,VEHICFLEET,Vehicles fleet,9,Other vehicles,2021,4
A,Annual,ITG1,Sicilia,VEHICFLEET,Vehicles fleet,9,Other vehicles,2022,4
A,Annual,ITG1,Sicilia,VEHICFLEET,Vehicles fleet,9,Other vehicles,2023,3
A,Annual,ITG1,Sicilia,VEHICFLEET,Vehicles fleet,9,Other vehicles,2024,3
A,Annual,ITG1,Sicilia,VEHICFLEET,Vehicles fleet,99,Totale,2010,4191705
A,Annual,ITG1,Sicilia,VEHICFLEET,Vehicles fleet,99,Totale,2011,4245891
A,Annual,ITG1,Sicilia,VEHICFLEET,Vehicles fleet,99,Totale,2012,4249130
A,Annual,ITG1,Sicilia,VEHICFLEET,Vehicles fleet,99,Totale,2013,4245839
A,Annual,ITG1,Sicilia,VEHICFLEET,Vehicles fleet,99,Totale,2014,4257928
A,Annual,ITG1,Sicilia,VEHICFLEET,Vehicles fleet,99,Totale,2015,4289926
A,Annual,ITG1,Sicilia,VEHICFLEET,Vehicles fleet,99,Totale,2016,4344773
A,Annual,ITG1,Sicilia,VEHICFLEET,Vehicles fleet,99,Totale,2017,4410477
A,Annual,ITG1,Sicilia,VEHICFLEET,Vehicles fleet,99,Totale,2018,4475003
A,Annual,ITG1,Sicilia,VEHICFLEET,Vehicles fleet,99,Totale,2019,4538305
A,Annual,ITG1,Sicilia,VEHICFLEET,Vehicles fleet,99,Totale,2020,4593312
A,Annual,ITG1,Sicilia,VEHICFLEET,Vehicles fleet,99,Totale,2021,4650912
A,Annual,ITG1,Sicilia,VEHICFLEET,Vehicles fleet,99,Totale,2022,4693635
A,Annual,ITG1,Sicilia,VEHICFLEET,Vehicles fleet,99,Totale,2023,4754909
A,Annual,ITG1,Sicilia,VEHICFLEET,Vehicles fleet,99,Totale,2024,4825135
A,Annual,ITG2,Sardegna,VEHICFLEET,Vehicles fleet,1,Motor cars,2010,992959
A,Annual,ITG2,Sardegna,VEHICFLEET,Vehicles fleet,1,Motor cars,2011,1003338
A,Annual,ITG2,Sardegna,VEHICFLEET,Vehicles fleet,1,Motor cars,2012,1004388
A,Annual,ITG2,Sardegna,VEHICFLEET,Vehicles fleet,1,Motor cars,2013,1004731
A,Annual,ITG2,Sardegna,VEHICFLEET,Vehicles fleet,1,Motor cars,2014,1005914
A,Annual,ITG2,Sardegna,VEHICFLEET,Vehicles fleet,1,Motor cars,2015,1011519
A,Annual,ITG2,Sardegna,VEHICFLEET,Vehicles fleet,1,Motor cars,2016,1023462
A,Annual,ITG2,Sardegna,VEHICFLEET,Vehicles fleet,1,Motor cars,2017,1037785
A,Annual,ITG2,Sardegna,VEHICFLEET,Vehicles fleet,1,Motor cars,2018,1053639
A,Annual,ITG2,Sardegna,VEHICFLEET,Vehicles fleet,1,Motor cars,2019,1070678
A,Annual,ITG2,Sardegna,VEHICFLEET,Vehicles fleet,1,Motor cars,2020,1080370
A,Annual,ITG2,Sardegna,VEHICFLEET,Vehicles fleet,1,Motor cars,2021,1089897
A,Annual,ITG2,Sardegna,VEHICFLEET,Vehicles fleet,1,Motor cars,2022,1097782
A,Annual,ITG2,Sardegna,VEHICFLEET,Vehicles fleet,1,Motor cars,2023,1111711
A,Annual,ITG2,Sardegna,VEHICFLEET,Vehicles fleet,1,Motor cars,2024,1122826
A,Annual,ITG2,Sardegna,VEHICFLEET,Vehicles fleet,2,Bus or trolley-bus,2010,3275
A,Annual,ITG2,Sardegna,VEHICFLEET,Vehicles fleet,2,Bus or trolley-bus,2011,3399
A,Annual,ITG2,Sardegna,VEHICFLEET,Vehicles fleet,2,Bus or trolley-bus,2012,3330
A,Annual,ITG2,Sardegna,VEHICFLEET,Vehicles fleet,2,Bus or trolley-bus,2013,3264
A,Annual,ITG2,Sardegna,VEHICFLEET,Vehicles fleet,2,Bus or trolley-bus,2014,3232
A,Annual,ITG2,Sardegna,VEHICFLEET,Vehicles fleet,2,Bus or trolley-bus,2015,3226
A,Annual,ITG2,Sardegna,VEHICFLEET,Vehicles fleet,2,Bus or trolley-bus,2016,3254
A,Annual,ITG2,Sardegna,VEHICFLEET,Vehicles fleet,2,Bus or trolley-bus,2017,3343
A,Annual,ITG2,Sardegna,VEHICFLEET,Vehicles fleet,2,Bus or trolley-bus,2018,3371
A,Annual,ITG2,Sardegna,VEHICFLEET,Vehicles fleet,2,Bus or trolley-bus,2019,3474
A,Annual,ITG2,Sardegna,VEHICFLEET,Vehicles fleet,2,Bus or trolley-bus,2020,3490
A,Annual,ITG2,Sardegna,VEHICFLEET,Vehicles fleet,2,Bus or trolley-bus,2021,3512
A,Annual,ITG2,Sardegna,VEHICFLEET,Vehicles fleet,2,Bus or trolley-bus,2022,3649
A,Annual,ITG2,Sardegna,VEHICFLEET,Vehicles fleet,2,Bus or trolley-bus,2023,3781
A,Annual,ITG2,Sardegna,VEHICFLEET,Vehicles fleet,2,Bus or trolley-bus,2024,3744
A,Annual,ITG2,Sardegna,VEHICFLEET,Vehicles fleet,10,Trucks,2010,135841
A,Annual,ITG2,Sardegna,VEHICFLEET,Vehicles fleet,10,Trucks,2011,138744
A,Annual,ITG2,Sardegna,VEHICFLEET,Vehicles fleet,10,Trucks,2012,140230
A,Annual,ITG2,Sardegna,VEHICFLEET,Vehicles fleet,10,Trucks,2013,140985
A,Annual,ITG2,Sardegna,VEHICFLEET,Vehicles fleet,10,Trucks,2014,142315
A,Annual,ITG2,Sardegna,VEHICFLEET,Vehicles fleet,10,Trucks,2015,144480
A,Annual,ITG2,Sardegna,VEHICFLEET,Vehicles fleet,10,Trucks,2016,147728
A,Annual,ITG2,Sardegna,VEHICFLEET,Vehicles fleet,10,Trucks,2017,151014
A,Annual,ITG2,Sardegna,VEHICFLEET,Vehicles fleet,10,Trucks,2018,154444
A,Annual,ITG2,Sardegna,VEHICFLEET,Vehicles fleet,10,Trucks,2019,158205
A,Annual,ITG2,Sardegna,VEHICFLEET,Vehicles fleet,10,Trucks,2020,161697
A,Annual,ITG2,Sardegna,VEHICFLEET,Vehicles fleet,10,Trucks,2021,166176
A,Annual,ITG2,Sardegna,VEHICFLEET,Vehicles fleet,10,Trucks,2022,169998
A,Annual,ITG2,Sardegna,VEHICFLEET,Vehicles fleet,10,Trucks,2023,173640
A,Annual,ITG2,Sardegna,VEHICFLEET,Vehicles fleet,10,Trucks,2024,177243
A,Annual,ITG2,Sardegna,VEHICFLEET,Vehicles fleet,11,Motor units,2010,4787
A,Annual,ITG2,Sardegna,VEHICFLEET,Vehicles fleet,11,Motor units,2011,4749
A,Annual,ITG2,Sardegna,VEHICFLEET,Vehicles fleet,11,Motor units,2012,4562
A,Annual,ITG2,Sardegna,VEHICFLEET,Vehicles fleet,11,Motor units,2013,4328
A,Annual,ITG2,Sardegna,VEHICFLEET,Vehicles fleet,11,Motor units,2014,4257
A,Annual,ITG2,Sardegna,VEHICFLEET,Vehicles fleet,11,Motor units,2015,4299
A,Annual,ITG2,Sardegna,VEHICFLEET,Vehicles fleet,11,Motor units,2016,4427
A,Annual,ITG2,Sardegna,VEHICFLEET,Vehicles fleet,11,Motor units,2017,4599
A,Annual,ITG2,Sardegna,VEHICFLEET,Vehicles fleet,11,Motor units,2018,4791
A,Annual,ITG2,Sardegna,VEHICFLEET,Vehicles fleet,11,Motor units,2019,4876
A,Annual,ITG2,Sardegna,VEHICFLEET,Vehicles fleet,11,Motor units,2020,4987
A,Annual,ITG2,Sardegna,VEHICFLEET,Vehicles fleet,11,Motor units,2021,5156
A,Annual,ITG2,Sardegna,VEHICFLEET,Vehicles fleet,11,Motor units,2022,5323
A,Annual,ITG2,Sardegna,VEHICFLEET,Vehicles fleet,11,Motor units,2023,5437
A,Annual,ITG2,Sardegna,VEHICFLEET,Vehicles fleet,11,Motor units,2024,5538
A,Annual,ITG2,Sardegna,VEHICFLEET,Vehicles fleet,12,Trailer,2010,13138
A,Annual,ITG2,Sardegna,VEHICFLEET,Vehicles fleet,12,Trailer,2011,13287
A,Annual,ITG2,Sardegna,VEHICFLEET,Vehicles fleet,12,Trailer,2012,13335
A,Annual,ITG2,Sardegna,VEHICFLEET,Vehicles fleet,12,Trailer,2013,13288
A,Annual,ITG2,Sardegna,VEHICFLEET,Vehicles fleet,12,Trailer,2014,13361
A,Annual,ITG2,Sardegna,VEHICFLEET,Vehicles fleet,12,Trailer,2015,13423
A,Annual,ITG2,Sardegna,VEHICFLEET,Vehicles fleet,12,Trailer,2016,13710
A,Annual,ITG2,Sardegna,VEHICFLEET,Vehicles fleet,12,Trailer,2017,14137
A,Annual,ITG2,Sardegna,VEHICFLEET,Vehicles fleet,12,Trailer,2018,14525
A,Annual,ITG2,Sardegna,VEHICFLEET,Vehicles fleet,12,Trailer,2019,14795
A,Annual,ITG2,Sardegna,VEHICFLEET,Vehicles fleet,12,Trailer,2020,15135
A,Annual,ITG2,Sardegna,VEHICFLEET,Vehicles fleet,12,Trailer,2021,15468
A,Annual,ITG2,Sardegna,VEHICFLEET,Vehicles fleet,12,Trailer,2022,15760
A,Annual,ITG2,Sardegna,VEHICFLEET,Vehicles fleet,12,Trailer,2023,16218
A,Annual,ITG2,Sardegna,VEHICFLEET,Vehicles fleet,12,Trailer,2024,16412
A,Annual,ITG2,Sardegna,VEHICFLEET,Vehicles fleet,7,Motorcycles,2010,114370
A,Annual,ITG2,Sardegna,VEHICFLEET,Vehicles fleet,7,Motorcycles,2011,116950
A,Annual,ITG2,Sardegna,VEHICFLEET,Vehicles fleet,7,Motorcycles,2012,118382
A,Annual,ITG2,Sardegna,VEHICFLEET,Vehicles fleet,7,Motorcycles,2013,118831
A,Annual,ITG2,Sardegna,VEHICFLEET,Vehicles fleet,7,Motorcycles,2014,119583
A,Annual,ITG2,Sardegna,VEHICFLEET,Vehicles fleet,7,Motorcycles,2015,120419
A,Annual,ITG2,Sardegna,VEHICFLEET,Vehicles fleet,7,Motorcycles,2016,121664
A,Annual,ITG2,Sardegna,VEHICFLEET,Vehicles fleet,7,Motorcycles,2017,123239
A,Annual,ITG2,Sardegna,VEHICFLEET,Vehicles fleet,7,Motorcycles,2018,125231
A,Annual,ITG2,Sardegna,VEHICFLEET,Vehicles fleet,7,Motorcycles,2019,127814
A,Annual,ITG2,Sardegna,VEHICFLEET,Vehicles fleet,7,Motorcycles,2020,130399
A,Annual,ITG2,Sardegna,VEHICFLEET,Vehicles fleet,7,Motorcycles,2021,134173
A,Annual,ITG2,Sardegna,VEHICFLEET,Vehicles fleet,7,Motorcycles,2022,138564
A,Annual,ITG2,Sardegna,VEHICFLEET,Vehicles fleet,7,Motorcycles,2023,143706
A,Annual,ITG2,Sardegna,VEHICFLEET,Vehicles fleet,7,Motorcycles,2024,149022
A,Annual,ITG2,Sardegna,VEHICFLEET,Vehicles fleet,8,Three-wheeler or motor-van,2010,15099
A,Annual,ITG2,Sardegna,VEHICFLEET,Vehicles fleet,8,Three-wheeler or motor-van,2011,15061
A,Annual,ITG2,Sardegna,VEHICFLEET,Vehicles fleet,8,Three-wheeler or motor-van,2012,14995
A,Annual,ITG2,Sardegna,VEHICFLEET,Vehicles fleet,8,Three-wheeler or motor-van,2013,14938
A,Annual,ITG2,Sardegna,VEHICFLEET,Vehicles fleet,8,Three-wheeler or motor-van,2014,14801
A,Annual,ITG2,Sardegna,VEHICFLEET,Vehicles fleet,8,Three-wheeler or motor-van,2015,14753
A,Annual,ITG2,Sardegna,VEHICFLEET,Vehicles fleet,8,Three-wheeler or motor-van,2016,14673
A,Annual,ITG2,Sardegna,VEHICFLEET,Vehicles fleet,8,Three-wheeler or motor-van,2017,14567
A,Annual,ITG2,Sardegna,VEHICFLEET,Vehicles fleet,8,Three-wheeler or motor-van,2018,14444
A,Annual,ITG2,Sardegna,VEHICFLEET,Vehicles fleet,8,Three-wheeler or motor-van,2019,14321
A,Annual,ITG2,Sardegna,VEHICFLEET,Vehicles fleet,8,Three-wheeler or motor-van,2020,14237
A,Annual,ITG2,Sardegna,VEHICFLEET,Vehicles fleet,8,Three-wheeler or motor-van,2021,14246
A,Annual,ITG2,Sardegna,VEHICFLEET,Vehicles fleet,8,Three-wheeler or motor-van,2022,14308
A,Annual,ITG2,Sardegna,VEHICFLEET,Vehicles fleet,8,Three-wheeler or motor-van,2023,14320
A,Annual,ITG2,Sardegna,VEHICFLEET,Vehicles fleet,8,Three-wheeler or motor-van,2024,14137
A,Annual,ITG2,Sardegna,VEHICFLEET,Vehicles fleet,9,Other vehicles,2010,7
A,Annual,ITG2,Sardegna,VEHICFLEET,Vehicles fleet,9,Other vehicles,2011,1
A,Annual,ITG2,Sardegna,VEHICFLEET,Vehicles fleet,9,Other vehicles,2012,2
A,Annual,ITG2,Sardegna,VEHICFLEET,Vehicles fleet,9,Other vehicles,2013,2
A,Annual,ITG2,Sardegna,VEHICFLEET,Vehicles fleet,9,Other vehicles,2014,1
A,Annual,ITG2,Sardegna,VEHICFLEET,Vehicles fleet,9,Other vehicles,2015,1
A,Annual,ITG2,Sardegna,VEHICFLEET,Vehicles fleet,9,Other vehicles,2016,1
A,Annual,ITG2,Sardegna,VEHICFLEET,Vehicles fleet,9,Other vehicles,2017,1
A,Annual,ITG2,Sardegna,VEHICFLEET,Vehicles fleet,9,Other vehicles,2018,1
A,Annual,ITG2,Sardegna,VEHICFLEET,Vehicles fleet,9,Other vehicles,2019,1
A,Annual,ITG2,Sardegna,VEHICFLEET,Vehicles fleet,9,Other vehicles,2020,1
A,Annual,ITG2,Sardegna,VEHICFLEET,Vehicles fleet,9,Other vehicles,2021,1
A,Annual,ITG2,Sardegna,VEHICFLEET,Vehicles fleet,9,Other vehicles,2022,1
A,Annual,ITG2,Sardegna,VEHICFLEET,Vehicles fleet,9,Other vehicles,2023,1
A,Annual,ITG2,Sardegna,VEHICFLEET,Vehicles fleet,9,Other vehicles,2024,1
A,Annual,ITG2,Sardegna,VEHICFLEET,Vehicles fleet,99,Totale,2010,1279476
A,Annual,ITG2,Sardegna,VEHICFLEET,Vehicles fleet,99,Totale,2011,1295529
A,Annual,ITG2,Sardegna,VEHICFLEET,Vehicles fleet,99,Totale,2012,1299224
A,Annual,ITG2,Sardegna,VEHICFLEET,Vehicles fleet,99,Totale,2013,1300367
A,Annual,ITG2,Sardegna,VEHICFLEET,Vehicles fleet,99,Totale,2014,1303464
A,Annual,ITG2,Sardegna,VEHICFLEET,Vehicles fleet,99,Totale,2015,1312120
A,Annual,ITG2,Sardegna,VEHICFLEET,Vehicles fleet,99,Totale,2016,1328919
A,Annual,ITG2,Sardegna,VEHICFLEET,Vehicles fleet,99,Totale,2017,1348685
A,Annual,ITG2,Sardegna,VEHICFLEET,Vehicles fleet,99,Totale,2018,1370446
A,Annual,ITG2,Sardegna,VEHICFLEET,Vehicles fleet,99,Totale,2019,1394164
A,Annual,ITG2,Sardegna,VEHICFLEET,Vehicles fleet,99,Totale,2020,1410316
A,Annual,ITG2,Sardegna,VEHICFLEET,Vehicles fleet,99,Totale,2021,1428629
A,Annual,ITG2,Sardegna,VEHICFLEET,Vehicles fleet,99,Totale,2022,1445385
A,Annual,ITG2,Sardegna,VEHICFLEET,Vehicles fleet,99,Totale,2023,1468814
A,Annual,ITG2,Sardegna,VEHICFLEET,Vehicles fleet,99,Totale,2024,1488923
A,Annual,ITTOT,Total,VEHICFLEET,Vehicles fleet,1,Motor cars,2010,36751311
A,Annual,ITTOT,Total,VEHICFLEET,Vehicles fleet,1,Motor cars,2011,37113300
A,Annual,ITTOT,Total,VEHICFLEET,Vehicles fleet,1,Motor cars,2012,37078274
A,Annual,ITTOT,Total,VEHICFLEET,Vehicles fleet,1,Motor cars,2013,36962934
A,Annual,ITTOT,Total,VEHICFLEET,Vehicles fleet,1,Motor cars,2014,37080753
A,Annual,ITTOT,Total,VEHICFLEET,Vehicles fleet,1,Motor cars,2015,37351233
A,Annual,ITTOT,Total,VEHICFLEET,Vehicles fleet,1,Motor cars,2016,37876138
A,Annual,ITTOT,Total,VEHICFLEET,Vehicles fleet,1,Motor cars,2017,38520321
A,Annual,ITTOT,Total,VEHICFLEET,Vehicles fleet,1,Motor cars,2018,39018170
A,Annual,ITTOT,Total,VEHICFLEET,Vehicles fleet,1,Motor cars,2019,39545232
A,Annual,ITTOT,Total,VEHICFLEET,Vehicles fleet,1,Motor cars,2020,39717874
A,Annual,ITTOT,Total,VEHICFLEET,Vehicles fleet,1,Motor cars,2021,39822723
A,Annual,ITTOT,Total,VEHICFLEET,Vehicles fleet,1,Motor cars,2022,40213061
A,Annual,ITTOT,Total,VEHICFLEET,Vehicles fleet,1,Motor cars,2023,40915229
A,Annual,ITTOT,Total,VEHICFLEET,Vehicles fleet,1,Motor cars,2024,41340516
A,Annual,ITTOT,Total,VEHICFLEET,Vehicles fleet,2,Bus or trolley-bus,2010,99895
A,Annual,ITTOT,Total,VEHICFLEET,Vehicles fleet,2,Bus or trolley-bus,2011,100438
A,Annual,ITTOT,Total,VEHICFLEET,Vehicles fleet,2,Bus or trolley-bus,2012,99537
A,Annual,ITTOT,Total,VEHICFLEET,Vehicles fleet,2,Bus or trolley-bus,2013,98551
A,Annual,ITTOT,Total,VEHICFLEET,Vehicles fleet,2,Bus or trolley-bus,2014,97914
A,Annual,ITTOT,Total,VEHICFLEET,Vehicles fleet,2,Bus or trolley-bus,2015,97991
A,Annual,ITTOT,Total,VEHICFLEET,Vehicles fleet,2,Bus or trolley-bus,2016,97817
A,Annual,ITTOT,Total,VEHICFLEET,Vehicles fleet,2,Bus or trolley-bus,2017,99100
A,Annual,ITTOT,Total,VEHICFLEET,Vehicles fleet,2,Bus or trolley-bus,2018,100042
A,Annual,ITTOT,Total,VEHICFLEET,Vehicles fleet,2,Bus or trolley-bus,2019,100149
A,Annual,ITTOT,Total,VEHICFLEET,Vehicles fleet,2,Bus or trolley-bus,2020,99883
A,Annual,ITTOT,Total,VEHICFLEET,Vehicles fleet,2,Bus or trolley-bus,2021,100199
A,Annual,ITTOT,Total,VEHICFLEET,Vehicles fleet,2,Bus or trolley-bus,2022,100014
A,Annual,ITTOT,Total,VEHICFLEET,Vehicles fleet,2,Bus or trolley-bus,2023,100078
A,Annual,ITTOT,Total,VEHICFLEET,Vehicles fleet,2,Bus or trolley-bus,2024,101303
A,Annual,ITTOT,Total,VEHICFLEET,Vehicles fleet,10,Trucks,2010,4640382
A,Annual,ITTOT,Total,VEHICFLEET,Vehicles fleet,10,Trucks,2011,4693574
A,Annual,ITTOT,Total,VEHICFLEET,Vehicles fleet,10,Trucks,2012,4667418
A,Annual,ITTOT,Total,VEHICFLEET,Vehicles fleet,10,Trucks,2013,4618886
A,Annual,ITTOT,Total,VEHICFLEET,Vehicles fleet,10,Trucks,2014,4617167
A,Annual,ITTOT,Total,VEHICFLEET,Vehicles fleet,10,Trucks,2015,4638852
A,Annual,ITTOT,Total,VEHICFLEET,Vehicles fleet,10,Trucks,2016,4725999
A,Annual,ITTOT,Total,VEHICFLEET,Vehicles fleet,10,Trucks,2017,4805437
A,Annual,ITTOT,Total,VEHICFLEET,Vehicles fleet,10,Trucks,2018,4866782
A,Annual,ITTOT,Total,VEHICFLEET,Vehicles fleet,10,Trucks,2019,4929071
A,Annual,ITTOT,Total,VEHICFLEET,Vehicles fleet,10,Trucks,2020,4986455
A,Annual,ITTOT,Total,VEHICFLEET,Vehicles fleet,10,Trucks,2021,5074038
A,Annual,ITTOT,Total,VEHICFLEET,Vehicles fleet,10,Trucks,2022,5159187
A,Annual,ITTOT,Total,VEHICFLEET,Vehicles fleet,10,Trucks,2023,5290551
A,Annual,ITTOT,Total,VEHICFLEET,Vehicles fleet,10,Trucks,2024,5403732
A,Annual,ITTOT,Total,VEHICFLEET,Vehicles fleet,11,Motor units,2010,158289
A,Annual,ITTOT,Total,VEHICFLEET,Vehicles fleet,11,Motor units,2011,159766
A,Annual,ITTOT,Total,VEHICFLEET,Vehicles fleet,11,Motor units,2012,154757
A,Annual,ITTOT,Total,VEHICFLEET,Vehicles fleet,11,Motor units,2013,149563
A,Annual,ITTOT,Total,VEHICFLEET,Vehicles fleet,11,Motor units,2014,150086
A,Annual,ITTOT,Total,VEHICFLEET,Vehicles fleet,11,Motor units,2015,153858
A,Annual,ITTOT,Total,VEHICFLEET,Vehicles fleet,11,Motor units,2016,162092
A,Annual,ITTOT,Total,VEHICFLEET,Vehicles fleet,11,Motor units,2017,173057
A,Annual,ITTOT,Total,VEHICFLEET,Vehicles fleet,11,Motor units,2018,183732
A,Annual,ITTOT,Total,VEHICFLEET,Vehicles fleet,11,Motor units,2019,190303
A,Annual,ITTOT,Total,VEHICFLEET,Vehicles fleet,11,Motor units,2020,195469
A,Annual,ITTOT,Total,VEHICFLEET,Vehicles fleet,11,Motor units,2021,205086
A,Annual,ITTOT,Total,VEHICFLEET,Vehicles fleet,11,Motor units,2022,213731
A,Annual,ITTOT,Total,VEHICFLEET,Vehicles fleet,11,Motor units,2023,221071
A,Annual,ITTOT,Total,VEHICFLEET,Vehicles fleet,11,Motor units,2024,227265
A,Annual,ITTOT,Total,VEHICFLEET,Vehicles fleet,12,Trailer,2010,345618
A,Annual,ITTOT,Total,VEHICFLEET,Vehicles fleet,12,Trailer,2011,353376
A,Annual,ITTOT,Total,VEHICFLEET,Vehicles fleet,12,Trailer,2012,351665
A,Annual,ITTOT,Total,VEHICFLEET,Vehicles fleet,12,Trailer,2013,347108
A,Annual,ITTOT,Total,VEHICFLEET,Vehicles fleet,12,Trailer,2014,348007
A,Annual,ITTOT,Total,VEHICFLEET,Vehicles fleet,12,Trailer,2015,354457
A,Annual,ITTOT,Total,VEHICFLEET,Vehicles fleet,12,Trailer,2016,365401
A,Annual,ITTOT,Total,VEHICFLEET,Vehicles fleet,12,Trailer,2017,379540
A,Annual,ITTOT,Total,VEHICFLEET,Vehicles fleet,12,Trailer,2018,393278
A,Annual,ITTOT,Total,VEHICFLEET,Vehicles fleet,12,Trailer,2019,405398
A,Annual,ITTOT,Total,VEHICFLEET,Vehicles fleet,12,Trailer,2020,414798
A,Annual,ITTOT,Total,VEHICFLEET,Vehicles fleet,12,Trailer,2021,429230
A,Annual,ITTOT,Total,VEHICFLEET,Vehicles fleet,12,Trailer,2022,444730
A,Annual,ITTOT,Total,VEHICFLEET,Vehicles fleet,12,Trailer,2023,458174
A,Annual,ITTOT,Total,VEHICFLEET,Vehicles fleet,12,Trailer,2024,468113
A,Annual,ITTOT,Total,VEHICFLEET,Vehicles fleet,7,Motorcycles,2010,6305032
A,Annual,ITTOT,Total,VEHICFLEET,Vehicles fleet,7,Motorcycles,2011,6428476
A,Annual,ITTOT,Total,VEHICFLEET,Vehicles fleet,7,Motorcycles,2012,6482796
A,Annual,ITTOT,Total,VEHICFLEET,Vehicles fleet,7,Motorcycles,2013,6481770
A,Annual,ITTOT,Total,VEHICFLEET,Vehicles fleet,7,Motorcycles,2014,6505620
A,Annual,ITTOT,Total,VEHICFLEET,Vehicles fleet,7,Motorcycles,2015,6543612
A,Annual,ITTOT,Total,VEHICFLEET,Vehicles fleet,7,Motorcycles,2016,6606844
A,Annual,ITTOT,Total,VEHICFLEET,Vehicles fleet,7,Motorcycles,2017,6689911
A,Annual,ITTOT,Total,VEHICFLEET,Vehicles fleet,7,Motorcycles,2018,6780733
A,Annual,ITTOT,Total,VEHICFLEET,Vehicles fleet,7,Motorcycles,2019,6896048
A,Annual,ITTOT,Total,VEHICFLEET,Vehicles fleet,7,Motorcycles,2020,7003618
A,Annual,ITTOT,Total,VEHICFLEET,Vehicles fleet,7,Motorcycles,2021,7152760
A,Annual,ITTOT,Total,VEHICFLEET,Vehicles fleet,7,Motorcycles,2022,7302597
A,Annual,ITTOT,Total,VEHICFLEET,Vehicles fleet,7,Motorcycles,2023,7498908
A,Annual,ITTOT,Total,VEHICFLEET,Vehicles fleet,7,Motorcycles,2024,7721022
A,Annual,ITTOT,Total,VEHICFLEET,Vehicles fleet,8,Three-wheeler or motor-van,2010,361481
A,Annual,ITTOT,Total,VEHICFLEET,Vehicles fleet,8,Three-wheeler or motor-van,2011,360743
A,Annual,ITTOT,Total,VEHICFLEET,Vehicles fleet,8,Three-wheeler or motor-van,2012,358768
A,Annual,ITTOT,Total,VEHICFLEET,Vehicles fleet,8,Three-wheeler or motor-van,2013,354299
A,Annual,ITTOT,Total,VEHICFLEET,Vehicles fleet,8,Three-wheeler or motor-van,2014,350892
A,Annual,ITTOT,Total,VEHICFLEET,Vehicles fleet,8,Three-wheeler or motor-van,2015,348461
A,Annual,ITTOT,Total,VEHICFLEET,Vehicles fleet,8,Three-wheeler or motor-van,2016,347558
A,Annual,ITTOT,Total,VEHICFLEET,Vehicles fleet,8,Three-wheeler or motor-van,2017,343957
A,Annual,ITTOT,Total,VEHICFLEET,Vehicles fleet,8,Three-wheeler or motor-van,2018,339609
A,Annual,ITTOT,Total,VEHICFLEET,Vehicles fleet,8,Three-wheeler or motor-van,2019,335075
A,Annual,ITTOT,Total,VEHICFLEET,Vehicles fleet,8,Three-wheeler or motor-van,2020,332220
A,Annual,ITTOT,Total,VEHICFLEET,Vehicles fleet,8,Three-wheeler or motor-van,2021,330421
A,Annual,ITTOT,Total,VEHICFLEET,Vehicles fleet,8,Three-wheeler or motor-van,2022,330100
A,Annual,ITTOT,Total,VEHICFLEET,Vehicles fleet,8,Three-wheeler or motor-van,2023,329575
A,Annual,ITTOT,Total,VEHICFLEET,Vehicles fleet,8,Three-wheeler or motor-van,2024,328213
A,Annual,ITTOT,Total,VEHICFLEET,Vehicles fleet,9,Other vehicles,2010,393
A,Annual,ITTOT,Total,VEHICFLEET,Vehicles fleet,9,Other vehicles,2011,28
A,Annual,ITTOT,Total,VEHICFLEET,Vehicles fleet,9,Other vehicles,2012,27
A,Annual,ITTOT,Total,VEHICFLEET,Vehicles fleet,9,Other vehicles,2013,29
A,Annual,ITTOT,Total,VEHICFLEET,Vehicles fleet,9,Other vehicles,2014,27
A,Annual,ITTOT,Total,VEHICFLEET,Vehicles fleet,9,Other vehicles,2015,29
A,Annual,ITTOT,Total,VEHICFLEET,Vehicles fleet,9,Other vehicles,2016,26
A,Annual,ITTOT,Total,VEHICFLEET,Vehicles fleet,9,Other vehicles,2017,24
A,Annual,ITTOT,Total,VEHICFLEET,Vehicles fleet,9,Other vehicles,2018,24
A,Annual,ITTOT,Total,VEHICFLEET,Vehicles fleet,9,Other vehicles,2019,23
A,Annual,ITTOT,Total,VEHICFLEET,Vehicles fleet,9,Other vehicles,2020,22
A,Annual,ITTOT,Total,VEHICFLEET,Vehicles fleet,9,Other vehicles,2021,22
A,Annual,ITTOT,Total,VEHICFLEET,Vehicles fleet,9,Other vehicles,2022,21
A,Annual,ITTOT,Total,VEHICFLEET,Vehicles fleet,9,Other vehicles,2023,20
A,Annual,ITTOT,Total,VEHICFLEET,Vehicles fleet,9,Other vehicles,2024,18
A,Annual,ITTOT,Total,VEHICFLEET,Vehicles fleet,99,Totale,2010,48662401
A,Annual,ITTOT,Total,VEHICFLEET,Vehicles fleet,99,Totale,2011,49209701
A,Annual,ITTOT,Total,VEHICFLEET,Vehicles fleet,99,Totale,2012,49193242
A,Annual,ITTOT,Total,VEHICFLEET,Vehicles fleet,99,Totale,2013,49013140
A,Annual,ITTOT,Total,VEHICFLEET,Vehicles fleet,99,Totale,2014,49150466
A,Annual,ITTOT,Total,VEHICFLEET,Vehicles fleet,99,Totale,2015,49488493
A,Annual,ITTOT,Total,VEHICFLEET,Vehicles fleet,99,Totale,2016,50181875
A,Annual,ITTOT,Total,VEHICFLEET,Vehicles fleet,99,Totale,2017,51011347
A,Annual,ITTOT,Total,VEHICFLEET,Vehicles fleet,99,Totale,2018,51682370
A,Annual,ITTOT,Total,VEHICFLEET,Vehicles fleet,99,Totale,2019,52401299
A,Annual,ITTOT,Total,VEHICFLEET,Vehicles fleet,99,Totale,2020,52750339
A,Annual,ITTOT,Total,VEHICFLEET,Vehicles fleet,99,Totale,2021,53114479
A,Annual,ITTOT,Total,VEHICFLEET,Vehicles fleet,99,Totale,2022,53763441
A,Annual,ITTOT,Total,VEHICFLEET,Vehicles fleet,99,Totale,2023,54813606
A,Annual,ITTOT,Total,VEHICFLEET,Vehicles fleet,99,Totale,2024,55590182
